2026-03-29 20:18:30,994 [INFO] Activator:176 - 


2026-03-29 20:18:30,995 [INFO] Activator:177 - !SESSION log4j initialized
2026-03-29 20:18:34,532 [INFO] LogOutputStream:77 - [STDOUT_REDIRECT] 
2026-03-29 20:18:41,677 [INFO] ApplicationProperties:184 - Using Application install path: D:\05_Desarrollo_y_Codigo\03_Recursos_y_Config\CubeIDESTM32\STM32CubeIDE_1.19.0\STM32CubeIDE\plugins\com.st.stm32cube.common.mx_6.15.0.202507011659
2026-03-29 20:18:41,689 [INFO] DbMcusXml:78 - Set database path to: D:\05_Desarrollo_y_Codigo\03_Recursos_y_Config\CubeIDESTM32\STM32CubeIDE_1.19.0\STM32CubeIDE\plugins\com.st.stm32cube.common.mx_6.15.0.202507011659\\db\/mcu/
2026-03-29 20:18:41,689 [INFO] ApiDb:274 - Set plugin database path to: D:\05_Desarrollo_y_Codigo\03_Recursos_y_Config\CubeIDESTM32\STM32CubeIDE_1.19.0\STM32CubeIDE\plugins\com.st.stm32cube.common.mx_6.15.0.202507011659\\db\/plugins/boardmanager/
2026-03-29 20:18:41,689 [WARN] ApiDb:259 - Overriding images path with different value:  => D:\05_Desarrollo_y_Codigo\03_Recursos_y_Config\CubeIDESTM32\STM32CubeIDE_1.19.0\STM32CubeIDE\plugins\com.st.stm32cube.common.mx_6.15.0.202507011659\\db\/plugins/mcufinder/images/
2026-03-29 20:18:41,692 [INFO] ApiDb:250 - Set database path to: C:\Users\jaloz\.stmcufinder\plugins\mcufinder//mcu/
2026-03-29 20:18:41,693 [INFO] DbMcusAds:125 - Set database path to: C:\Users\jaloz\.stmcufinder\plugins\mcufinder//mcu/
2026-03-29 20:18:41,694 [INFO] CrossReferenceDbSqlite:203 - Set database path to: C:\Users\jaloz\.stmcufinder\plugins\mcufinder//mcu/cs/
2026-03-29 20:18:41,808 [INFO] RulesReader:64 - Compatibility file has been processed (317 Rules)
2026-03-29 20:18:41,900 [INFO] DbMcusXml:78 - Set database path to: D:\05_Desarrollo_y_Codigo\03_Recursos_y_Config\CubeIDESTM32\STM32CubeIDE_1.19.0\STM32CubeIDE\plugins\com.st.stm32cube.common.mx_6.15.0.202507011659\\db\/mcu/
2026-03-29 20:18:41,901 [INFO] ApiDb:274 - Set plugin database path to: D:\05_Desarrollo_y_Codigo\03_Recursos_y_Config\CubeIDESTM32\STM32CubeIDE_1.19.0\STM32CubeIDE\plugins\com.st.stm32cube.common.mx_6.15.0.202507011659\\db\/plugins/boardmanager/
2026-03-29 20:18:41,901 [INFO] ApiDb:261 - Set plugin images path to: D:\05_Desarrollo_y_Codigo\03_Recursos_y_Config\CubeIDESTM32\STM32CubeIDE_1.19.0\STM32CubeIDE\plugins\com.st.stm32cube.common.mx_6.15.0.202507011659\\db\/plugins/mcufinder/images/
2026-03-29 20:18:41,901 [WARN] DbFile:41 - Overriding database path with different value: C:\Users\jaloz\.stmcufinder\plugins\mcufinder/ => C:\Users\jaloz\.stmcufinder\plugins\mcufinder
2026-03-29 20:18:41,901 [INFO] ApiDb:250 - Set database path to: C:\Users\jaloz\.stmcufinder\plugins\mcufinder//mcu/
2026-03-29 20:18:41,901 [WARN] DbFile:41 - Overriding database path with different value: C:\Users\jaloz\.stmcufinder\plugins\mcufinder/ => C:\Users\jaloz\.stmcufinder\plugins\mcufinder
2026-03-29 20:18:41,901 [INFO] DbMcusAds:125 - Set database path to: C:\Users\jaloz\.stmcufinder\plugins\mcufinder//mcu/
2026-03-29 20:18:41,901 [WARN] DbFile:41 - Overriding database path with different value: C:\Users\jaloz\.stmcufinder\plugins\mcufinder/ => C:\Users\jaloz\.stmcufinder\plugins\mcufinder
2026-03-29 20:18:41,901 [WARN] DbFile:41 - Overriding database path with different value: C:\Users\jaloz\.stmcufinder\plugins\mcufinder/ => C:\Users\jaloz\.stmcufinder\plugins\mcufinder
2026-03-29 20:18:41,901 [INFO] CrossReferenceDbSqlite:203 - Set database path to: C:\Users\jaloz\.stmcufinder\plugins\mcufinder//mcu/cs/
2026-03-29 20:18:41,956 [INFO] MainPanel:274 - HeapMemory: 268435456
2026-03-29 20:18:42,017 [INFO] DbMcusXml:78 - Set database path to: D:\05_Desarrollo_y_Codigo\03_Recursos_y_Config\CubeIDESTM32\STM32CubeIDE_1.19.0\STM32CubeIDE\plugins\com.st.stm32cube.common.mx_6.15.0.202507011659\\db\/mcu/
2026-03-29 20:18:42,018 [INFO] ApiDb:274 - Set plugin database path to: D:\05_Desarrollo_y_Codigo\03_Recursos_y_Config\CubeIDESTM32\STM32CubeIDE_1.19.0\STM32CubeIDE\plugins\com.st.stm32cube.common.mx_6.15.0.202507011659\\db\/plugins/boardmanager/
2026-03-29 20:18:42,018 [INFO] ApiDb:261 - Set plugin images path to: D:\05_Desarrollo_y_Codigo\03_Recursos_y_Config\CubeIDESTM32\STM32CubeIDE_1.19.0\STM32CubeIDE\plugins\com.st.stm32cube.common.mx_6.15.0.202507011659\\db\/plugins/mcufinder/images/
2026-03-29 20:18:42,018 [WARN] DbFile:41 - Overriding database path with different value: C:\Users\jaloz\.stmcufinder\plugins\mcufinder/ => C:\Users\jaloz\.stmcufinder\plugins\mcufinder
2026-03-29 20:18:42,018 [INFO] ApiDb:250 - Set database path to: C:\Users\jaloz\.stmcufinder\plugins\mcufinder//mcu/
2026-03-29 20:18:42,018 [WARN] DbFile:41 - Overriding database path with different value: C:\Users\jaloz\.stmcufinder\plugins\mcufinder/ => C:\Users\jaloz\.stmcufinder\plugins\mcufinder
2026-03-29 20:18:42,018 [INFO] DbMcusAds:125 - Set database path to: C:\Users\jaloz\.stmcufinder\plugins\mcufinder//mcu/
2026-03-29 20:18:42,018 [WARN] DbFile:41 - Overriding database path with different value: C:\Users\jaloz\.stmcufinder\plugins\mcufinder/ => C:\Users\jaloz\.stmcufinder\plugins\mcufinder
2026-03-29 20:18:42,018 [WARN] DbFile:41 - Overriding database path with different value: C:\Users\jaloz\.stmcufinder\plugins\mcufinder/ => C:\Users\jaloz\.stmcufinder\plugins\mcufinder
2026-03-29 20:18:42,018 [INFO] CrossReferenceDbSqlite:203 - Set database path to: C:\Users\jaloz\.stmcufinder\plugins\mcufinder//mcu/cs/
2026-03-29 20:18:42,035 [INFO] ApplicationProperties:184 - Using Application install path: D:\05_Desarrollo_y_Codigo\03_Recursos_y_Config\CubeIDESTM32\STM32CubeIDE_1.19.0\STM32CubeIDE\plugins\com.st.stm32cube.common.mx_6.15.0.202507011659
2026-03-29 20:18:42,037 [INFO] PluginManage:196 - Search for loadable plugins [exclusion list=, ]
2026-03-29 20:18:42,038 [INFO] PluginManage:310 - Check plugin analytics
2026-03-29 20:18:47,144 [INFO] AnalyticsPlugin:253 - Accepted Software Licenses: 
2026-03-29 20:18:47,145 [INFO] AnalyticsPlugin:255 - Accepted CMSIS Pack Licenses: 
2026-03-29 20:18:47,145 [INFO] AnalyticsPlugin:257 - Accepted Firmware Licenses: FW.L4.1.18.0
2026-03-29 20:18:47,149 [INFO] PluginManage:359 - Loaded plugin analytics (category:tool,tabindex:-1)
2026-03-29 20:18:47,149 [INFO] PluginManage:310 - Check plugin cadmodel
2026-03-29 20:18:47,154 [INFO] CADModel:105 - Init CAD model plugin
2026-03-29 20:18:47,154 [INFO] PluginManage:359 - Loaded plugin cadmodel (category:power,tabindex:5)
2026-03-29 20:18:47,154 [INFO] PluginManage:310 - Check plugin clock
2026-03-29 20:18:47,161 [INFO] PluginManage:359 - Loaded plugin clock (category:base,tabindex:2)
2026-03-29 20:18:47,161 [INFO] PluginManage:310 - Check plugin ddr
2026-03-29 20:18:47,163 [INFO] PluginManage:359 - Loaded plugin ddr (category:tool,tabindex:6)
2026-03-29 20:18:47,163 [INFO] PluginManage:310 - Check plugin filemanager
2026-03-29 20:18:47,265 [INFO] PluginManage:359 - Loaded plugin filemanager (category:base,tabindex:10)
2026-03-29 20:18:47,265 [INFO] PluginManage:310 - Check plugin ipmanager
2026-03-29 20:18:47,270 [INFO] PluginManage:359 - Loaded plugin ipmanager (category:base,tabindex:5)
2026-03-29 20:18:47,270 [INFO] PluginManage:310 - Check plugin lpbam
2026-03-29 20:18:47,276 [INFO] PluginManage:359 - Loaded plugin lpbam (category:base,tabindex:0)
2026-03-29 20:18:47,276 [INFO] PluginManage:310 - Check plugin memorymap
2026-03-29 20:18:47,284 [INFO] PluginManage:359 - Loaded plugin memorymap (category:base,tabindex:4)
2026-03-29 20:18:47,284 [INFO] PluginManage:310 - Check plugin pinoutandconfiguration
2026-03-29 20:18:47,289 [INFO] PluginManage:359 - Loaded plugin pinoutandconfiguration (category:base,tabindex:1)
2026-03-29 20:18:47,289 [INFO] PluginManage:310 - Check plugin pinoutconfig
2026-03-29 20:18:47,362 [WARN] SupportedApi:132 - Cannot load RTOS API schema: s4s-elt-must-match.1: The content of 'definitions' must match (annotation?, (simpleType | complexType)?, (unique | key | keyref)*)). A problem was found starting at: attribute.
2026-03-29 20:18:47,457 [INFO] PluginManage:359 - Loaded plugin pinoutconfig (category:base,tabindex:0)
2026-03-29 20:18:47,457 [INFO] PluginManage:310 - Check plugin power
2026-03-29 20:18:47,463 [INFO] PluginManage:359 - Loaded plugin power (category:power,tabindex:4)
2026-03-29 20:18:47,463 [INFO] PluginManage:310 - Check plugin projectmanager
2026-03-29 20:18:47,475 [INFO] PluginManage:359 - Loaded plugin projectmanager (category:projectmanager,tabindex:4)
2026-03-29 20:18:47,475 [INFO] PluginManage:310 - Check plugin rif
2026-03-29 20:18:47,482 [INFO] PluginManage:359 - Loaded plugin rif (category:base,tabindex:3)
2026-03-29 20:18:47,482 [INFO] PluginManage:310 - Check plugin thirdparty
2026-03-29 20:18:47,579 [INFO] PluginManage:359 - Loaded plugin thirdparty (category:base,tabindex:-1)
2026-03-29 20:18:47,578 [WARN] IntegrityCheckThread:84 - waiting for thirdparty lock release [integrity check]
2026-03-29 20:18:47,579 [INFO] PluginManage:310 - Check plugin tools
2026-03-29 20:18:47,579 [INFO] IntegrityCheckThread:86 - entering critical section [integrity check]
2026-03-29 20:18:47,580 [INFO] ThirdPartyUpdaterWithRetryManager:70 - Updater plugin not ready yet. [1/15]
2026-03-29 20:18:47,582 [INFO] PluginManage:359 - Loaded plugin tools (category:base,tabindex:7)
2026-03-29 20:18:47,582 [INFO] PluginManage:310 - Check plugin tutovideos
2026-03-29 20:18:47,710 [INFO] PluginManage:359 - Loaded plugin tutovideos (category:base,tabindex:-1)
2026-03-29 20:18:47,711 [INFO] PluginManage:310 - Check plugin updater
2026-03-29 20:18:47,727 [INFO] PluginManage:359 - Loaded plugin updater (category:base,tabindex:12)
2026-03-29 20:18:47,727 [INFO] PluginManage:310 - Check plugin userauth
2026-03-29 20:18:47,729 [INFO] UserAuth:118 - Init User Auth plugin
2026-03-29 20:18:47,731 [INFO] PluginManage:359 - Loaded plugin userauth (category:base,tabindex:14)
2026-03-29 20:18:47,731 [INFO] PluginManage:283 - PluginManage : Loaded plugins [18]
2026-03-29 20:18:47,882 [INFO] PinOutPanel:1589 - setPackage(No Configuration,No Configuration)
2026-03-29 20:18:47,951 [INFO] CADModel:165 - CPN selected for project level
2026-03-29 20:18:47,951 [INFO] CADModel:114 - Register for checkConnection events
2026-03-29 20:18:47,964 [INFO] IPUIPlugin:80 - create IPUIPlugin
2026-03-29 20:18:47,964 [INFO] PluginManager:220 - loadIPPluginJar : add adc
2026-03-29 20:18:47,966 [INFO] IPUIPlugin:80 - create IPUIPlugin
2026-03-29 20:18:47,966 [INFO] PluginManager:220 - loadIPPluginJar : add aes
2026-03-29 20:18:47,968 [INFO] IPUIPlugin:80 - create IPUIPlugin
2026-03-29 20:18:47,968 [INFO] PluginManager:220 - loadIPPluginJar : add can
2026-03-29 20:18:47,969 [INFO] IPUIPlugin:80 - create IPUIPlugin
2026-03-29 20:18:47,969 [INFO] PluginManager:220 - loadIPPluginJar : add comp
2026-03-29 20:18:47,971 [INFO] IPUIPlugin:80 - create IPUIPlugin
2026-03-29 20:18:47,971 [INFO] PluginManager:220 - loadIPPluginJar : add cryp
2026-03-29 20:18:47,973 [INFO] IPUIPlugin:80 - create IPUIPlugin
2026-03-29 20:18:47,973 [INFO] PluginManager:220 - loadIPPluginJar : add ddr_ctrl_phy
2026-03-29 20:18:47,974 [INFO] IPUIPlugin:80 - create IPUIPlugin
2026-03-29 20:18:47,975 [INFO] PluginManager:220 - loadIPPluginJar : add dfsdm
2026-03-29 20:18:47,979 [INFO] IPUIPlugin:80 - create IPUIPlugin
2026-03-29 20:18:47,979 [INFO] PluginManager:220 - loadIPPluginJar : add dma
2026-03-29 20:18:47,981 [INFO] IPUIPlugin:80 - create IPUIPlugin
2026-03-29 20:18:47,981 [INFO] PluginManager:220 - loadIPPluginJar : add dma3
2026-03-29 20:18:47,983 [INFO] IPUIPlugin:80 - create IPUIPlugin
2026-03-29 20:18:47,983 [INFO] PluginManager:220 - loadIPPluginJar : add extmemmanager
2026-03-29 20:18:47,984 [INFO] IPUIPlugin:80 - create IPUIPlugin
2026-03-29 20:18:47,984 [INFO] PluginManager:220 - loadIPPluginJar : add fatfs
2026-03-29 20:18:47,987 [INFO] IPUIPlugin:80 - create IPUIPlugin
2026-03-29 20:18:47,987 [INFO] PluginManager:220 - loadIPPluginJar : add fmc
2026-03-29 20:18:47,991 [INFO] IPUIPlugin:80 - create IPUIPlugin
2026-03-29 20:18:47,992 [INFO] PluginManager:220 - loadIPPluginJar : add freertos
2026-03-29 20:18:47,993 [INFO] IPUIPlugin:80 - create IPUIPlugin
2026-03-29 20:18:47,993 [INFO] PluginManager:220 - loadIPPluginJar : add genericplugin
2026-03-29 20:18:47,994 [INFO] IPUIPlugin:80 - create IPUIPlugin
2026-03-29 20:18:47,994 [INFO] PluginManager:220 - loadIPPluginJar : add gfxmmu
2026-03-29 20:18:47,998 [INFO] IPUIPlugin:80 - create IPUIPlugin
2026-03-29 20:18:47,998 [INFO] PluginManager:220 - loadIPPluginJar : add gic
2026-03-29 20:18:48,001 [INFO] IPUIPlugin:80 - create IPUIPlugin
2026-03-29 20:18:48,001 [INFO] PluginManager:220 - loadIPPluginJar : add gpio
2026-03-29 20:18:48,003 [INFO] IPUIPlugin:80 - create IPUIPlugin
2026-03-29 20:18:48,003 [INFO] PluginManager:220 - loadIPPluginJar : add gtzc
2026-03-29 20:18:48,005 [INFO] IPUIPlugin:80 - create IPUIPlugin
2026-03-29 20:18:48,005 [INFO] PluginManager:220 - loadIPPluginJar : add hash
2026-03-29 20:18:48,006 [INFO] IPUIPlugin:80 - create IPUIPlugin
2026-03-29 20:18:48,007 [INFO] PluginManager:220 - loadIPPluginJar : add i2c
2026-03-29 20:18:48,008 [INFO] IPUIPlugin:80 - create IPUIPlugin
2026-03-29 20:18:48,008 [INFO] PluginManager:220 - loadIPPluginJar : add i2s
2026-03-29 20:18:48,011 [INFO] IPUIPlugin:80 - create IPUIPlugin
2026-03-29 20:18:48,011 [INFO] PluginManager:220 - loadIPPluginJar : add i3c
2026-03-29 20:18:48,013 [INFO] IPUIPlugin:80 - create IPUIPlugin
2026-03-29 20:18:48,014 [INFO] PluginManager:220 - loadIPPluginJar : add ipddr
2026-03-29 20:18:48,019 [INFO] IPUIPlugin:80 - create IPUIPlugin
2026-03-29 20:18:48,019 [INFO] PluginManager:220 - loadIPPluginJar : add linkedlist
2026-03-29 20:18:48,022 [INFO] IPUIPlugin:80 - create IPUIPlugin
2026-03-29 20:18:48,022 [INFO] PluginManager:220 - loadIPPluginJar : add lorawan
2026-03-29 20:18:48,024 [INFO] IPUIPlugin:80 - create IPUIPlugin
2026-03-29 20:18:48,024 [INFO] PluginManager:220 - loadIPPluginJar : add ltdc
2026-03-29 20:18:48,029 [INFO] IPUIPlugin:80 - create IPUIPlugin
2026-03-29 20:18:48,029 [INFO] PluginManager:220 - loadIPPluginJar : add mdma
2026-03-29 20:18:48,032 [INFO] IPUIPlugin:80 - create IPUIPlugin
2026-03-29 20:18:48,033 [INFO] PluginManager:220 - loadIPPluginJar : add nvic
2026-03-29 20:18:48,034 [INFO] IPUIPlugin:80 - create IPUIPlugin
2026-03-29 20:18:48,035 [INFO] PluginManager:220 - loadIPPluginJar : add opamp
2026-03-29 20:18:48,037 [INFO] IPUIPlugin:80 - create IPUIPlugin
2026-03-29 20:18:48,037 [INFO] PluginManager:220 - loadIPPluginJar : add openamp
2026-03-29 20:18:48,040 [INFO] IPUIPlugin:80 - create IPUIPlugin
2026-03-29 20:18:48,040 [INFO] PluginManager:220 - loadIPPluginJar : add pdm2pcm
2026-03-29 20:18:48,044 [INFO] IPUIPlugin:80 - create IPUIPlugin
2026-03-29 20:18:48,046 [INFO] PluginManager:220 - loadIPPluginJar : add plateformsettings
2026-03-29 20:18:48,047 [INFO] IPUIPlugin:80 - create IPUIPlugin
2026-03-29 20:18:48,048 [INFO] PluginManager:220 - loadIPPluginJar : add quadspi
2026-03-29 20:18:48,049 [INFO] IPUIPlugin:80 - create IPUIPlugin
2026-03-29 20:18:48,050 [INFO] PluginManager:220 - loadIPPluginJar : add radio
2026-03-29 20:18:48,052 [INFO] IPUIPlugin:80 - create IPUIPlugin
2026-03-29 20:18:48,052 [INFO] PluginManager:220 - loadIPPluginJar : add resmgrutility
2026-03-29 20:18:48,054 [INFO] IPUIPlugin:80 - create IPUIPlugin
2026-03-29 20:18:48,055 [INFO] PluginManager:220 - loadIPPluginJar : add sai
2026-03-29 20:18:48,056 [INFO] IPUIPlugin:80 - create IPUIPlugin
2026-03-29 20:18:48,056 [INFO] PluginManager:220 - loadIPPluginJar : add spi
2026-03-29 20:18:48,061 [INFO] IPUIPlugin:80 - create IPUIPlugin
2026-03-29 20:18:48,061 [INFO] PluginManager:220 - loadIPPluginJar : add stm32_wpan
2026-03-29 20:18:48,062 [INFO] IPUIPlugin:80 - create IPUIPlugin
2026-03-29 20:18:48,063 [INFO] PluginManager:220 - loadIPPluginJar : add tim
2026-03-29 20:18:48,065 [INFO] IPUIPlugin:80 - create IPUIPlugin
2026-03-29 20:18:48,065 [INFO] PluginManager:220 - loadIPPluginJar : add touchsensing
2026-03-29 20:18:48,067 [INFO] IPUIPlugin:80 - create IPUIPlugin
2026-03-29 20:18:48,068 [INFO] PluginManager:220 - loadIPPluginJar : add tracer_emb
2026-03-29 20:18:48,069 [INFO] IPUIPlugin:80 - create IPUIPlugin
2026-03-29 20:18:48,069 [INFO] PluginManager:220 - loadIPPluginJar : add ts
2026-03-29 20:18:48,070 [INFO] IPUIPlugin:80 - create IPUIPlugin
2026-03-29 20:18:48,071 [INFO] PluginManager:220 - loadIPPluginJar : add tsc
2026-03-29 20:18:48,073 [INFO] IPUIPlugin:80 - create IPUIPlugin
2026-03-29 20:18:48,073 [INFO] PluginManager:220 - loadIPPluginJar : add ucpd
2026-03-29 20:18:48,075 [INFO] IPUIPlugin:80 - create IPUIPlugin
2026-03-29 20:18:48,075 [INFO] PluginManager:220 - loadIPPluginJar : add usart
2026-03-29 20:18:48,077 [INFO] IPUIPlugin:80 - create IPUIPlugin
2026-03-29 20:18:48,077 [INFO] PluginManager:220 - loadIPPluginJar : add usbx
2026-03-29 20:18:48,198 [FATAL] Updater:351 - Updater called before beeing initialized
2026-03-29 20:18:48,229 [INFO] RulesReader:64 - Compatibility file has been processed (317 Rules)
2026-03-29 20:18:48,240 [INFO] RulesReader:64 - Compatibility file has been processed (317 Rules)
2026-03-29 20:18:48,249 [INFO] CADModel:165 - CPN selected for project level
2026-03-29 20:18:48,250 [INFO] CADModel:114 - Register for checkConnection events
2026-03-29 20:18:48,250 [FATAL] Updater:351 - Updater called before beeing initialized
2026-03-29 20:18:48,250 [ERROR] CADModel:125 - Updater not yet initialized, retry later 
2026-03-29 20:18:48,351 [FATAL] Updater:351 - Updater called before beeing initialized
2026-03-29 20:18:48,352 [INFO] CADModel:165 - CPN selected for project level
2026-03-29 20:18:48,352 [INFO] CADModel:114 - Register for checkConnection events
2026-03-29 20:18:48,352 [FATAL] Updater:351 - Updater called before beeing initialized
2026-03-29 20:18:48,352 [ERROR] CADModel:125 - Updater not yet initialized, retry later 
2026-03-29 20:18:48,355 [FATAL] Updater:351 - Updater called before beeing initialized
2026-03-29 20:18:48,429 [FATAL] Updater:351 - Updater called before beeing initialized
2026-03-29 20:18:48,432 [INFO] DbMcusAds:53 - JSON generation date=Thu Mar 05 15:32:52 CET 2026 (1772721172610)
2026-03-29 20:18:48,433 [FATAL] Updater:351 - Updater called before beeing initialized
2026-03-29 20:18:48,452 [WARN] DetailPanel:346 - Failed to get advertising image, set to default
2026-03-29 20:18:48,518 [FATAL] Updater:351 - Updater called before beeing initialized
2026-03-29 20:18:48,519 [FATAL] Updater:351 - Updater called before beeing initialized
2026-03-29 20:18:48,519 [FATAL] Updater:351 - Updater called before beeing initialized
2026-03-29 20:18:48,519 [WARN] DetailPanel:346 - Failed to get advertising image, set to default
2026-03-29 20:18:48,520 [FATAL] Updater:351 - Updater called before beeing initialized
2026-03-29 20:18:48,549 [ERROR] Updater:1198 - MainUpdater not yet initialized. External WinMGr cannot be set.
2026-03-29 20:18:48,550 [INFO] Updater:1134 - Updater Version found : 6.15.0
2026-03-29 20:18:48,562 [INFO] ApplicationProperties:184 - Using Application install path: D:\05_Desarrollo_y_Codigo\03_Recursos_y_Config\CubeIDESTM32\STM32CubeIDE_1.19.0\STM32CubeIDE\plugins\com.st.stm32cube.common.mx_6.15.0.202507011659
2026-03-29 20:18:50,133 [ERROR] LogOutputStream:75 - [STDERR_REDIRECT] Mar 29, 2026 8:18:50 PM java.util.prefs.WindowsPreferences <init>
2026-03-29 20:18:50,135 [ERROR] LogOutputStream:75 - [STDERR_REDIRECT] WARNING: Could not open/create prefs root node Software\JavaSoft\Prefs at root 0xffffffff80000002. Windows RegCreateKeyEx(...) returned error code 5.
2026-03-29 20:18:50,135 [ERROR] LogOutputStream:75 - [STDERR_REDIRECT] 
2026-03-29 20:18:50,580 [INFO] ThirdPartyUpdaterWithRetryManager:70 - Updater plugin not ready yet. [2/15]
2026-03-29 20:18:51,311 [INFO] MainUpdater:2872 - connection check result : 10
2026-03-29 20:18:51,313 [INFO] MainUpdater:289 - Updater Check For Update Now.
2026-03-29 20:18:51,313 [INFO] MicroXplorer:498 - Change Database Version : DB.6.0.150
2026-03-29 20:18:51,322 [INFO] McuFinderGlobals:63 - Set McuFinder mode to 2 (CubeIDE integrated)
2026-03-29 20:18:51,323 [INFO] UserAuth:171 - activating auth plugin
2026-03-29 20:18:51,329 [INFO] UserAuth:487 - Internet connection configuration mode: 1
2026-03-29 20:18:51,377 [INFO] JxBrowserEngine:152 - Initiate JxBrowser Engine with user profile folder
2026-03-29 20:18:51,521 [INFO] CheckServerUpdateThread:120 - End of CheckServer Thread
2026-03-29 20:18:51,946 [INFO] WebApp:169 - Instantiating new browser for Auth
2026-03-29 20:18:52,693 [INFO] WebApp:463 - Apply proxy settings
2026-03-29 20:18:52,693 [INFO] WebApp:548 - Chromium requires no authentication
2026-03-29 20:18:52,703 [INFO] WebApp:491 - Direct internet connection detected
2026-03-29 20:18:52,751 [INFO] WebApp:900 - Register for checkConnection events
2026-03-29 20:18:52,752 [INFO] WebApp:463 - Apply proxy settings
2026-03-29 20:18:52,752 [INFO] WebApp:548 - Chromium requires no authentication
2026-03-29 20:18:52,753 [INFO] WebApp:491 - Direct internet connection detected
2026-03-29 20:18:52,872 [INFO] WebApp:225 - Starting web application
2026-03-29 20:18:52,872 [INFO] WebApp:593 - Web application path used D:\05_Desarrollo_y_Codigo\03_Recursos_y_Config\CubeIDESTM32\STM32CubeIDE_1.19.0\STM32CubeIDE\plugins\com.st.stm32cube.common.mx_6.15.0.202507011659\db\plugins\mcufinder\reactClient1\index.html
2026-03-29 20:18:53,037 [ERROR] LogOutputStream:75 - [STDERR_REDIRECT] [Fatal Error] :1:1: Premature end of file.
2026-03-29 20:18:53,037 [ERROR] LogOutputStream:75 - [STDERR_REDIRECT] 
2026-03-29 20:18:53,805 [WARN] PackLoader:240 - Cannot read IP mode file for STMicroelectronics.X-CUBE-AZRTOS-H7.3.5.0
2026-03-29 20:18:53,815 [WARN] PackLoader:240 - Cannot read IP mode file for STMicroelectronics.FP-SNS-MOTENVWB1.1.4.0
2026-03-29 20:18:53,822 [WARN] PackLoader:240 - Cannot read IP mode file for STMicroelectronics.FP-ATR-ASTRA1.2.0.2
2026-03-29 20:18:53,834 [WARN] PackLoader:240 - Cannot read IP mode file for STMicroelectronics.X-CUBE-SMBUS.2.1.0
2026-03-29 20:18:53,857 [WARN] PackLoader:240 - Cannot read IP mode file for STMicroelectronics.X-CUBE-AZRTOS-F7.1.1.0
2026-03-29 20:18:53,867 [WARN] PackLoader:240 - Cannot read IP mode file for STMicroelectronics.FP-SNS-MOTENV1.5.1.0
2026-03-29 20:18:53,878 [WARN] PackLoader:240 - Cannot read IP mode file for WES.I-CUBE-Cesium.1.4.0
2026-03-29 20:18:53,895 [WARN] PackLoader:240 - Cannot read IP mode file for STMicroelectronics.X-CUBE-AZRTOS-H7.3.4.0
2026-03-29 20:18:53,903 [WARN] PackLoader:240 - Cannot read IP mode file for STMicroelectronics.X-CUBE-DISPLAY.3.0.0
2026-03-29 20:18:53,908 [WARN] PackLoader:240 - Cannot read IP mode file for STMicroelectronics.FP-SNS-MOTENVWB1.1.5.0
2026-03-29 20:18:53,916 [WARN] PackLoader:240 - Cannot read IP mode file for STMicroelectronics.X-CUBE-NFC10.1.0.0
2026-03-29 20:18:53,920 [WARN] PackLoader:240 - Cannot read IP mode file for STMicroelectronics.X-CUBE-ST60.1.1.0
2026-03-29 20:18:53,924 [WARN] PackLoader:240 - Cannot read IP mode file for emotas.I-CUBE-CANOPEN.1.3.0
2026-03-29 20:18:53,928 [WARN] PackLoader:240 - Cannot read IP mode file for STMicroelectronics.X-CUBE-GNSS1.7.1.0
2026-03-29 20:18:53,936 [WARN] PackLoader:240 - Cannot read IP mode file for STMicroelectronics.FP-SNS-STBOX1.2.1.0
2026-03-29 20:18:53,940 [WARN] PackLoader:240 - Cannot read IP mode file for STMicroelectronics.FP-SNS-SMARTAG2.1.2.0
2026-03-29 20:18:53,943 [WARN] PackLoader:240 - Cannot read IP mode file for STMicroelectronics.FP-SNS-FLIGHT1.5.1.0
2026-03-29 20:18:53,950 [INFO] LogOutputStream:77 - [STDOUT_REDIRECT] 1 : Invalid condition id : UX_CORESTACK_Condition cause : null
2026-03-29 20:18:53,950 [INFO] LogOutputStream:77 - [STDOUT_REDIRECT] 1 : Invalid condition id : UX_CORESTACK_Condition cause : null
2026-03-29 20:18:53,951 [INFO] LogOutputStream:77 - [STDOUT_REDIRECT] 1 : Invalid condition id : UX_CORESTACK_Condition cause : null
2026-03-29 20:18:53,952 [INFO] LogOutputStream:77 - [STDOUT_REDIRECT] 1 : Invalid condition id : UX_CORESTACK_Condition cause : null
2026-03-29 20:18:53,953 [INFO] LogOutputStream:77 - [STDOUT_REDIRECT] 1 : Invalid condition id : UX_CORESTACK_Condition cause : null
2026-03-29 20:18:53,954 [WARN] PackLoader:240 - Cannot read IP mode file for STMicroelectronics.X-CUBE-AZRTOS-WL.2.0.0
2026-03-29 20:18:53,980 [WARN] PackLoader:240 - Cannot read IP mode file for STMicroelectronics.X-CUBE-AZRTOS-H7RS.1.2.0
2026-03-29 20:18:53,988 [WARN] PackLoader:240 - Cannot read IP mode file for STMicroelectronics.X-CUBE-BLE2.3.3.0
2026-03-29 20:18:54,026 [WARN] PackLoader:240 - Cannot read IP mode file for Infineon.AIROC-Wi-Fi-Bluetooth-STM32.1.8.0
2026-03-29 20:18:54,036 [WARN] PackLoader:240 - Cannot read IP mode file for STMicroelectronics.X-CUBE-NFC9.1.0.0
2026-03-29 20:18:54,041 [ERROR] LogOutputStream:75 - [STDERR_REDIRECT] [Fatal Error] :1:1: Premature end of file.
2026-03-29 20:18:54,041 [ERROR] LogOutputStream:75 - [STDERR_REDIRECT] 
2026-03-29 20:18:54,044 [WARN] PackLoader:240 - Cannot read IP mode file for STMicroelectronics.X-CUBE-BLE1.7.1.0
2026-03-29 20:18:54,050 [WARN] PackLoader:240 - Cannot read IP mode file for wolfSSL.I-CUBE-wolfMQTT.1.19.2
2026-03-29 20:18:54,057 [WARN] PackLoader:240 - Cannot read IP mode file for STMicroelectronics.X-CUBE-FREERTOS.1.4.0
2026-03-29 20:18:54,062 [WARN] PackLoader:240 - Cannot read IP mode file for STMicroelectronics.X-CUBE-EEPRMA1.5.2.0
2026-03-29 20:18:54,068 [WARN] PackLoader:240 - Cannot read IP mode file for wolfSSL.I-CUBE-wolfSSL.5.8.4
2026-03-29 20:18:54,072 [WARN] PackLoader:240 - Cannot read IP mode file for Cesanta.I-CUBE-Mongoose.7.20.0
2026-03-29 20:18:54,094 [WARN] PackLoader:240 - Cannot read IP mode file for STMicroelectronics.X-CUBE-MEMS1.12.0.0
2026-03-29 20:18:54,151 [WARN] PackLoader:240 - Cannot read IP mode file for STMicroelectronics.X-CUBE-AZRTOS-G0.1.1.0
2026-03-29 20:18:54,158 [WARN] PackLoader:240 - Cannot read IP mode file for STMicroelectronics.X-CUBE-NFC4.3.0.0
2026-03-29 20:18:54,170 [WARN] PackLoader:240 - Cannot read IP mode file for EmbeddedOffice.I-CUBE-FS-RTOS.1.0.1
2026-03-29 20:18:54,176 [WARN] PackLoader:240 - Cannot read IP mode file for STMicroelectronics.X-CUBE-WB05N.2.0.0
2026-03-29 20:18:54,183 [WARN] PackLoader:240 - Cannot read IP mode file for wolfSSL.I-CUBE-wolfTPM.3.8.0
2026-03-29 20:18:54,187 [WARN] PackLoader:240 - Cannot read IP mode file for STMicroelectronics.X-CUBE-TCPP.4.2.0
2026-03-29 20:18:54,191 [WARN] PackLoader:240 - Cannot read IP mode file for RealThread.X-CUBE-RT-Thread_Nano.4.1.1
2026-03-29 20:18:54,213 [WARN] PackLoader:240 - Cannot read IP mode file for STMicroelectronics.FP-ATR-SIGFOX1.3.2.0
2026-03-29 20:18:54,224 [WARN] PackLoader:240 - Cannot read IP mode file for STMicroelectronics.X-CUBE-FREERTOS.1.5.0
2026-03-29 20:18:54,237 [WARN] PackLoader:240 - Cannot read IP mode file for ITTIA_DB.I-CUBE-ITTIADB.8.9.0
2026-03-29 20:18:54,249 [WARN] PackLoader:240 - Cannot read IP mode file for STMicroelectronics.X-CUBE-NFC6.3.2.0
2026-03-29 20:18:54,298 [WARN] PackLoader:240 - Cannot read IP mode file for STMicroelectronics.X-CUBE-AI.10.2.0
2026-03-29 20:18:54,327 [WARN] PackLoader:240 - Cannot read IP mode file for SEGGER.I-CUBE-embOS.1.3.1
2026-03-29 20:18:54,366 [WARN] PackLoader:240 - Cannot read IP mode file for STMicroelectronics.X-CUBE-ALGOBUILD.1.4.0
2026-03-29 20:18:54,372 [WARN] PackLoader:240 - Cannot read IP mode file for STMicroelectronics.X-CUBE-PM33A1.1.0.0
2026-03-29 20:18:54,385 [WARN] PackLoader:240 - Cannot read IP mode file for STMicroelectronics.X-CUBE-AZRTOS-F4.1.1.0
2026-03-29 20:18:54,391 [WARN] PackLoader:240 - Cannot read IP mode file for STMicroelectronics.X-CUBE-ISPU.2.1.0
2026-03-29 20:18:54,405 [WARN] PackLoader:240 - Cannot read IP mode file for STMicroelectronics.X-CUBE-IPS.3.2.0
2026-03-29 20:18:54,415 [WARN] PackLoader:240 - Cannot read IP mode file for STMicroelectronics.X-CUBE-NFC12.1.0.0
2026-03-29 20:18:54,425 [WARN] PackLoader:240 - Cannot read IP mode file for STMicroelectronics.X-CUBE-AZRTOS-L5.2.0.0
2026-03-29 20:18:54,434 [WARN] PackLoader:240 - Cannot read IP mode file for STMicroelectronics.X-CUBE-TOUCHGFX.4.26.0
2026-03-29 20:18:54,438 [WARN] PackLoader:240 - Cannot read IP mode file for STMicroelectronics.X-CUBE-TOUCHGFX.4.26.1
2026-03-29 20:18:54,446 [WARN] PackLoader:240 - Cannot read IP mode file for STMicroelectronics.FP-SNS-STAIOTCFT.1.0.0
2026-03-29 20:18:54,454 [WARN] PackLoader:240 - Cannot read IP mode file for STMicroelectronics.X-CUBE-DPower.1.3.0
2026-03-29 20:18:54,463 [WARN] ConditionMgr:438 - getConditionDescription Invalid condition id : LAN8742 Phy interface Condition cause : null
2026-03-29 20:18:54,464 [WARN] PackLoader:240 - Cannot read IP mode file for STMicroelectronics.X-CUBE-AZRTOS-L4.2.0.0
2026-03-29 20:18:54,465 [WARN] ConditionMgr:1044 - genDependencies : Invalid condition id : LAN8742 Phy interface Condition cause : null
2026-03-29 20:18:54,465 [WARN] ConditionMgr:1044 - genDependencies : Invalid condition id : LAN8742 Phy interface Condition cause : null
2026-03-29 20:18:54,465 [WARN] ConditionMgr:1044 - genDependencies : Invalid condition id : LAN8742 Phy interface Condition cause : null
2026-03-29 20:18:54,470 [WARN] PackLoader:240 - Cannot read IP mode file for STMicroelectronics.X-CUBE-SFXS2LP1.4.0.0
2026-03-29 20:18:54,475 [WARN] PackLoader:240 - Cannot read IP mode file for STMicroelectronics.X-CUBE-ST67W61.1.2.0
2026-03-29 20:18:54,482 [WARN] PackLoader:240 - Cannot read IP mode file for STMicroelectronics.X-CUBE-BLEMGR.4.1.0
2026-03-29 20:18:54,491 [WARN] ConditionMgr:438 - getConditionDescription Invalid condition id : UX DEVICE CLASS RTOS Condition cause : null
2026-03-29 20:18:54,491 [WARN] ConditionMgr:438 - getConditionDescription Invalid condition id : UX DEVICE CLASS RTOS Condition cause : null
2026-03-29 20:18:54,492 [WARN] PackLoader:240 - Cannot read IP mode file for STMicroelectronics.X-CUBE-AZRTOS-WB.2.0.0
2026-03-29 20:18:54,492 [WARN] ConditionMgr:1044 - genDependencies : Invalid condition id : UX DEVICE CLASS RTOS Condition cause : null
2026-03-29 20:18:54,493 [WARN] ConditionMgr:1044 - genDependencies : Invalid condition id : UX DEVICE CLASS RTOS Condition cause : null
2026-03-29 20:18:54,493 [WARN] ConditionMgr:1044 - genDependencies : Invalid condition id : UX DEVICE CLASS RTOS Condition cause : null
2026-03-29 20:18:54,493 [WARN] ConditionMgr:1044 - genDependencies : Invalid condition id : UX DEVICE CLASS RTOS Condition cause : null
2026-03-29 20:18:54,493 [WARN] ConditionMgr:1044 - genDependencies : Invalid condition id : UX DEVICE CLASS RTOS Condition cause : null
2026-03-29 20:18:54,497 [WARN] ConditionMgr:438 - getConditionDescription Invalid condition id : Cortex-A Device cause : null
2026-03-29 20:18:54,574 [WARN] ConditionMgr:1044 - genDependencies : Invalid condition id : Cortex-A Device cause : null
2026-03-29 20:18:54,574 [WARN] ConditionMgr:1044 - genDependencies : Invalid condition id : Cortex-A Device cause : null
2026-03-29 20:18:54,575 [WARN] ConditionMgr:1044 - genDependencies : Invalid condition id : Cortex-A Device cause : null
2026-03-29 20:18:54,587 [WARN] PackLoader:240 - Cannot read IP mode file for STMicroelectronics.X-CUBE-STSE01.2.0.0
2026-03-29 20:18:54,596 [WARN] PackLoader:240 - Cannot read IP mode file for STMicroelectronics.X-CUBE-SUBG2.5.0.0
2026-03-29 20:18:54,614 [WARN] PackLoader:240 - Cannot read IP mode file for STMicroelectronics.X-CUBE-AZRTOS-G4.2.0.0
2026-03-29 20:18:54,624 [WARN] PackLoader:240 - Cannot read IP mode file for wolfSSL.I-CUBE-wolfSSH.1.4.20
2026-03-29 20:18:54,632 [WARN] PackLoader:240 - Cannot read IP mode file for STMicroelectronics.X-CUBE-NFC7.2.0.0
2026-03-29 20:18:54,639 [WARN] PackLoader:240 - Cannot read IP mode file for STMicroelectronics.X-CUBE-ALS.1.0.2
2026-03-29 20:18:54,651 [WARN] PackLoader:240 - Cannot read IP mode file for STMicroelectronics.X-CUBE-TOF1.3.4.3
2026-03-29 20:18:54,658 [INFO] ThirdParty:978 - Integrity check success = true
2026-03-29 20:18:54,660 [INFO] IntegrityCheckThread:100 - exiting critical section [integrity check]
2026-03-29 20:18:54,660 [INFO] IntegrityCheckThread:103 - End integrity checks thread
2026-03-29 20:18:55,030 [ERROR] LogOutputStream:75 - [STDERR_REDIRECT] [Fatal Error] :1:1: Premature end of file.
2026-03-29 20:18:55,030 [ERROR] LogOutputStream:75 - [STDERR_REDIRECT] 
2026-03-29 20:18:55,231 [INFO] WebApp:191 - Connection restablished
2026-03-29 20:18:56,037 [ERROR] LogOutputStream:75 - [STDERR_REDIRECT] [Fatal Error] :1:1: Premature end of file.
2026-03-29 20:18:56,037 [ERROR] LogOutputStream:75 - [STDERR_REDIRECT] 
2026-03-29 20:18:57,029 [ERROR] LogOutputStream:75 - [STDERR_REDIRECT] [Fatal Error] :1:1: Premature end of file.
2026-03-29 20:18:57,030 [ERROR] LogOutputStream:75 - [STDERR_REDIRECT] 
2026-03-29 20:18:58,024 [ERROR] LogOutputStream:75 - [STDERR_REDIRECT] [Fatal Error] :1:1: Premature end of file.
2026-03-29 20:18:58,024 [ERROR] LogOutputStream:75 - [STDERR_REDIRECT] 
2026-03-29 20:18:59,028 [ERROR] LogOutputStream:75 - [STDERR_REDIRECT] [Fatal Error] :1:1: Premature end of file.
2026-03-29 20:18:59,029 [ERROR] LogOutputStream:75 - [STDERR_REDIRECT] 
2026-03-29 20:19:00,046 [ERROR] LogOutputStream:75 - [STDERR_REDIRECT] [Fatal Error] :1:1: Premature end of file.
2026-03-29 20:19:00,046 [ERROR] LogOutputStream:75 - [STDERR_REDIRECT] 
2026-03-29 20:19:01,038 [ERROR] LogOutputStream:75 - [STDERR_REDIRECT] [Fatal Error] :1:1: Premature end of file.
2026-03-29 20:19:01,039 [ERROR] LogOutputStream:75 - [STDERR_REDIRECT] 
2026-03-29 20:19:02,032 [ERROR] LogOutputStream:75 - [STDERR_REDIRECT] [Fatal Error] :1:1: Premature end of file.
2026-03-29 20:19:02,032 [ERROR] LogOutputStream:75 - [STDERR_REDIRECT] 
2026-03-29 20:19:03,036 [ERROR] LogOutputStream:75 - [STDERR_REDIRECT] [Fatal Error] :1:1: Premature end of file.
2026-03-29 20:19:03,036 [ERROR] LogOutputStream:75 - [STDERR_REDIRECT] 
2026-03-29 20:19:04,038 [ERROR] LogOutputStream:75 - [STDERR_REDIRECT] [Fatal Error] :1:1: Premature end of file.
2026-03-29 20:19:04,038 [ERROR] LogOutputStream:75 - [STDERR_REDIRECT] 
2026-03-29 20:19:05,027 [ERROR] LogOutputStream:75 - [STDERR_REDIRECT] [Fatal Error] :1:1: Premature end of file.
2026-03-29 20:19:05,027 [ERROR] LogOutputStream:75 - [STDERR_REDIRECT] 
2026-03-29 20:19:06,035 [ERROR] LogOutputStream:75 - [STDERR_REDIRECT] [Fatal Error] :1:1: Premature end of file.
2026-03-29 20:19:06,036 [ERROR] LogOutputStream:75 - [STDERR_REDIRECT] 
2026-03-29 20:19:07,038 [ERROR] LogOutputStream:75 - [STDERR_REDIRECT] [Fatal Error] :1:1: Premature end of file.
2026-03-29 20:19:07,038 [ERROR] LogOutputStream:75 - [STDERR_REDIRECT] 
2026-03-29 20:19:08,038 [ERROR] LogOutputStream:75 - [STDERR_REDIRECT] [Fatal Error] :1:1: Premature end of file.
2026-03-29 20:19:08,038 [ERROR] LogOutputStream:75 - [STDERR_REDIRECT] 
2026-03-29 20:19:09,034 [ERROR] LogOutputStream:75 - [STDERR_REDIRECT] [Fatal Error] :1:1: Premature end of file.
2026-03-29 20:19:09,034 [ERROR] LogOutputStream:75 - [STDERR_REDIRECT] 
2026-03-29 20:19:10,031 [ERROR] LogOutputStream:75 - [STDERR_REDIRECT] [Fatal Error] :1:1: Premature end of file.
2026-03-29 20:19:10,031 [ERROR] LogOutputStream:75 - [STDERR_REDIRECT] 
2026-03-29 20:19:11,041 [ERROR] LogOutputStream:75 - [STDERR_REDIRECT] [Fatal Error] :1:1: Premature end of file.
2026-03-29 20:19:11,041 [ERROR] LogOutputStream:75 - [STDERR_REDIRECT] 
2026-03-29 20:19:12,034 [ERROR] LogOutputStream:75 - [STDERR_REDIRECT] [Fatal Error] :1:1: Premature end of file.
2026-03-29 20:19:12,035 [ERROR] LogOutputStream:75 - [STDERR_REDIRECT] 
2026-03-29 20:19:13,022 [ERROR] LogOutputStream:75 - [STDERR_REDIRECT] [Fatal Error] :1:1: Premature end of file.
2026-03-29 20:19:13,022 [ERROR] LogOutputStream:75 - [STDERR_REDIRECT] 
2026-03-29 20:19:14,036 [ERROR] LogOutputStream:75 - [STDERR_REDIRECT] [Fatal Error] :1:1: Premature end of file.
2026-03-29 20:19:14,036 [ERROR] LogOutputStream:75 - [STDERR_REDIRECT] 
2026-03-29 20:19:15,034 [ERROR] LogOutputStream:75 - [STDERR_REDIRECT] [Fatal Error] :1:1: Premature end of file.
2026-03-29 20:19:15,035 [ERROR] LogOutputStream:75 - [STDERR_REDIRECT] 
2026-03-29 20:19:16,032 [ERROR] LogOutputStream:75 - [STDERR_REDIRECT] [Fatal Error] :1:1: Premature end of file.
2026-03-29 20:19:16,033 [ERROR] LogOutputStream:75 - [STDERR_REDIRECT] 
2026-03-29 20:19:17,035 [ERROR] LogOutputStream:75 - [STDERR_REDIRECT] [Fatal Error] :1:1: Premature end of file.
2026-03-29 20:19:17,035 [ERROR] LogOutputStream:75 - [STDERR_REDIRECT] 
2026-03-29 20:19:18,037 [ERROR] LogOutputStream:75 - [STDERR_REDIRECT] [Fatal Error] :1:1: Premature end of file.
2026-03-29 20:19:18,037 [ERROR] LogOutputStream:75 - [STDERR_REDIRECT] 
2026-03-29 20:19:19,022 [ERROR] LogOutputStream:75 - [STDERR_REDIRECT] [Fatal Error] :1:1: Premature end of file.
2026-03-29 20:19:19,022 [ERROR] LogOutputStream:75 - [STDERR_REDIRECT] 
2026-03-29 20:19:20,032 [ERROR] LogOutputStream:75 - [STDERR_REDIRECT] [Fatal Error] :1:1: Premature end of file.
2026-03-29 20:19:20,032 [ERROR] LogOutputStream:75 - [STDERR_REDIRECT] 
2026-03-29 20:19:21,034 [ERROR] LogOutputStream:75 - [STDERR_REDIRECT] [Fatal Error] :1:1: Premature end of file.
2026-03-29 20:19:21,035 [ERROR] LogOutputStream:75 - [STDERR_REDIRECT] 
2026-03-29 20:19:22,038 [ERROR] LogOutputStream:75 - [STDERR_REDIRECT] [Fatal Error] :1:1: Premature end of file.
2026-03-29 20:19:22,039 [ERROR] LogOutputStream:75 - [STDERR_REDIRECT] 
2026-03-29 20:19:23,036 [ERROR] LogOutputStream:75 - [STDERR_REDIRECT] [Fatal Error] :1:1: Premature end of file.
2026-03-29 20:19:23,036 [ERROR] LogOutputStream:75 - [STDERR_REDIRECT] 
2026-03-29 20:19:24,034 [ERROR] LogOutputStream:75 - [STDERR_REDIRECT] [Fatal Error] :1:1: Premature end of file.
2026-03-29 20:19:24,034 [ERROR] LogOutputStream:75 - [STDERR_REDIRECT] 
2026-03-29 20:19:25,038 [ERROR] LogOutputStream:75 - [STDERR_REDIRECT] [Fatal Error] :1:1: Premature end of file.
2026-03-29 20:19:25,039 [ERROR] LogOutputStream:75 - [STDERR_REDIRECT] 
2026-03-29 20:19:26,035 [ERROR] LogOutputStream:75 - [STDERR_REDIRECT] [Fatal Error] :1:1: Premature end of file.
2026-03-29 20:19:26,035 [ERROR] LogOutputStream:75 - [STDERR_REDIRECT] 
2026-03-29 20:19:27,035 [ERROR] LogOutputStream:75 - [STDERR_REDIRECT] [Fatal Error] :1:1: Premature end of file.
2026-03-29 20:19:27,036 [ERROR] LogOutputStream:75 - [STDERR_REDIRECT] 
2026-03-29 20:19:28,056 [ERROR] LogOutputStream:75 - [STDERR_REDIRECT] [Fatal Error] :1:1: Premature end of file.
2026-03-29 20:19:28,057 [ERROR] LogOutputStream:75 - [STDERR_REDIRECT] 
2026-03-29 20:19:29,040 [ERROR] LogOutputStream:75 - [STDERR_REDIRECT] [Fatal Error] :1:1: Premature end of file.
2026-03-29 20:19:29,041 [ERROR] LogOutputStream:75 - [STDERR_REDIRECT] 
2026-03-29 20:19:30,028 [ERROR] LogOutputStream:75 - [STDERR_REDIRECT] [Fatal Error] :1:1: Premature end of file.
2026-03-29 20:19:30,029 [ERROR] LogOutputStream:75 - [STDERR_REDIRECT] 
2026-03-29 20:19:31,041 [ERROR] LogOutputStream:75 - [STDERR_REDIRECT] [Fatal Error] :1:1: Premature end of file.
2026-03-29 20:19:31,041 [ERROR] LogOutputStream:75 - [STDERR_REDIRECT] 
2026-03-29 20:19:32,032 [ERROR] LogOutputStream:75 - [STDERR_REDIRECT] [Fatal Error] :1:1: Premature end of file.
2026-03-29 20:19:32,032 [ERROR] LogOutputStream:75 - [STDERR_REDIRECT] 
2026-03-29 20:19:33,023 [ERROR] LogOutputStream:75 - [STDERR_REDIRECT] [Fatal Error] :1:1: Premature end of file.
2026-03-29 20:19:33,023 [ERROR] LogOutputStream:75 - [STDERR_REDIRECT] 
2026-03-29 20:19:34,033 [ERROR] LogOutputStream:75 - [STDERR_REDIRECT] [Fatal Error] :1:1: Premature end of file.
2026-03-29 20:19:34,034 [ERROR] LogOutputStream:75 - [STDERR_REDIRECT] 
2026-03-29 20:19:35,028 [ERROR] LogOutputStream:75 - [STDERR_REDIRECT] [Fatal Error] :1:1: Premature end of file.
2026-03-29 20:19:35,029 [ERROR] LogOutputStream:75 - [STDERR_REDIRECT] 
2026-03-29 20:19:36,055 [ERROR] LogOutputStream:75 - [STDERR_REDIRECT] [Fatal Error] :1:1: Premature end of file.
2026-03-29 20:19:36,055 [ERROR] LogOutputStream:75 - [STDERR_REDIRECT] 
2026-03-29 20:19:37,032 [ERROR] LogOutputStream:75 - [STDERR_REDIRECT] [Fatal Error] :1:1: Premature end of file.
2026-03-29 20:19:37,032 [ERROR] LogOutputStream:75 - [STDERR_REDIRECT] 
2026-03-29 20:19:38,028 [ERROR] LogOutputStream:75 - [STDERR_REDIRECT] [Fatal Error] :1:1: Premature end of file.
2026-03-29 20:19:38,028 [ERROR] LogOutputStream:75 - [STDERR_REDIRECT] 
2026-03-29 20:19:39,040 [ERROR] LogOutputStream:75 - [STDERR_REDIRECT] [Fatal Error] :1:1: Premature end of file.
2026-03-29 20:19:39,040 [ERROR] LogOutputStream:75 - [STDERR_REDIRECT] 
2026-03-29 20:19:40,044 [ERROR] LogOutputStream:75 - [STDERR_REDIRECT] [Fatal Error] :1:1: Premature end of file.
2026-03-29 20:19:40,045 [ERROR] LogOutputStream:75 - [STDERR_REDIRECT] 
2026-03-29 20:19:41,027 [ERROR] LogOutputStream:75 - [STDERR_REDIRECT] [Fatal Error] :1:1: Premature end of file.
2026-03-29 20:19:41,027 [ERROR] LogOutputStream:75 - [STDERR_REDIRECT] 
2026-03-29 20:19:42,036 [ERROR] LogOutputStream:75 - [STDERR_REDIRECT] [Fatal Error] :1:1: Premature end of file.
2026-03-29 20:19:42,037 [ERROR] LogOutputStream:75 - [STDERR_REDIRECT] 
2026-03-29 20:19:43,039 [ERROR] LogOutputStream:75 - [STDERR_REDIRECT] [Fatal Error] :1:1: Premature end of file.
2026-03-29 20:19:43,039 [ERROR] LogOutputStream:75 - [STDERR_REDIRECT] 
2026-03-29 20:19:44,021 [ERROR] LogOutputStream:75 - [STDERR_REDIRECT] [Fatal Error] :1:1: Premature end of file.
2026-03-29 20:19:44,022 [ERROR] LogOutputStream:75 - [STDERR_REDIRECT] 
2026-03-29 20:19:45,036 [ERROR] LogOutputStream:75 - [STDERR_REDIRECT] [Fatal Error] :1:1: Premature end of file.
2026-03-29 20:19:45,036 [ERROR] LogOutputStream:75 - [STDERR_REDIRECT] 
2026-03-29 20:19:46,035 [ERROR] LogOutputStream:75 - [STDERR_REDIRECT] [Fatal Error] :1:1: Premature end of file.
2026-03-29 20:19:46,035 [ERROR] LogOutputStream:75 - [STDERR_REDIRECT] 
2026-03-29 20:19:47,036 [ERROR] LogOutputStream:75 - [STDERR_REDIRECT] [Fatal Error] :1:1: Premature end of file.
2026-03-29 20:19:47,037 [ERROR] LogOutputStream:75 - [STDERR_REDIRECT] 
2026-03-29 20:19:48,037 [ERROR] LogOutputStream:75 - [STDERR_REDIRECT] [Fatal Error] :1:1: Premature end of file.
2026-03-29 20:19:48,037 [ERROR] LogOutputStream:75 - [STDERR_REDIRECT] 
2026-03-29 20:19:49,037 [ERROR] LogOutputStream:75 - [STDERR_REDIRECT] [Fatal Error] :1:1: Premature end of file.
2026-03-29 20:19:49,037 [ERROR] LogOutputStream:75 - [STDERR_REDIRECT] 
2026-03-29 20:19:50,025 [ERROR] LogOutputStream:75 - [STDERR_REDIRECT] [Fatal Error] :1:1: Premature end of file.
2026-03-29 20:19:50,025 [ERROR] LogOutputStream:75 - [STDERR_REDIRECT] 
2026-03-29 20:19:51,033 [ERROR] LogOutputStream:75 - [STDERR_REDIRECT] [Fatal Error] :1:1: Premature end of file.
2026-03-29 20:19:51,034 [ERROR] LogOutputStream:75 - [STDERR_REDIRECT] 
2026-03-29 20:19:52,037 [ERROR] LogOutputStream:75 - [STDERR_REDIRECT] [Fatal Error] :1:1: Premature end of file.
2026-03-29 20:19:52,037 [ERROR] LogOutputStream:75 - [STDERR_REDIRECT] 
2026-03-29 20:19:53,027 [ERROR] LogOutputStream:75 - [STDERR_REDIRECT] [Fatal Error] :1:1: Premature end of file.
2026-03-29 20:19:53,027 [ERROR] LogOutputStream:75 - [STDERR_REDIRECT] 
2026-03-29 20:19:54,039 [ERROR] LogOutputStream:75 - [STDERR_REDIRECT] [Fatal Error] :1:1: Premature end of file.
2026-03-29 20:19:54,040 [ERROR] LogOutputStream:75 - [STDERR_REDIRECT] 
2026-03-29 20:19:55,036 [ERROR] LogOutputStream:75 - [STDERR_REDIRECT] [Fatal Error] :1:1: Premature end of file.
2026-03-29 20:19:55,037 [ERROR] LogOutputStream:75 - [STDERR_REDIRECT] 
2026-03-29 20:19:56,035 [ERROR] LogOutputStream:75 - [STDERR_REDIRECT] [Fatal Error] :1:1: Premature end of file.
2026-03-29 20:19:56,035 [ERROR] LogOutputStream:75 - [STDERR_REDIRECT] 
2026-03-29 20:19:57,032 [ERROR] LogOutputStream:75 - [STDERR_REDIRECT] [Fatal Error] :1:1: Premature end of file.
2026-03-29 20:19:57,032 [ERROR] LogOutputStream:75 - [STDERR_REDIRECT] 
2026-03-29 20:19:58,041 [ERROR] LogOutputStream:75 - [STDERR_REDIRECT] [Fatal Error] :1:1: Premature end of file.
2026-03-29 20:19:58,041 [ERROR] LogOutputStream:75 - [STDERR_REDIRECT] 
2026-03-29 20:19:59,037 [ERROR] LogOutputStream:75 - [STDERR_REDIRECT] [Fatal Error] :1:1: Premature end of file.
2026-03-29 20:19:59,037 [ERROR] LogOutputStream:75 - [STDERR_REDIRECT] 
2026-03-29 20:20:00,033 [ERROR] LogOutputStream:75 - [STDERR_REDIRECT] [Fatal Error] :1:1: Premature end of file.
2026-03-29 20:20:00,033 [ERROR] LogOutputStream:75 - [STDERR_REDIRECT] 
2026-03-29 20:20:01,035 [ERROR] LogOutputStream:75 - [STDERR_REDIRECT] [Fatal Error] :1:1: Premature end of file.
2026-03-29 20:20:01,036 [ERROR] LogOutputStream:75 - [STDERR_REDIRECT] 
2026-03-29 20:20:02,026 [ERROR] LogOutputStream:75 - [STDERR_REDIRECT] [Fatal Error] :1:1: Premature end of file.
2026-03-29 20:20:02,026 [ERROR] LogOutputStream:75 - [STDERR_REDIRECT] 
2026-03-29 20:20:03,025 [ERROR] LogOutputStream:75 - [STDERR_REDIRECT] [Fatal Error] :1:1: Premature end of file.
2026-03-29 20:20:03,026 [ERROR] LogOutputStream:75 - [STDERR_REDIRECT] 
2026-03-29 20:20:04,026 [ERROR] LogOutputStream:75 - [STDERR_REDIRECT] [Fatal Error] :1:1: Premature end of file.
2026-03-29 20:20:04,026 [ERROR] LogOutputStream:75 - [STDERR_REDIRECT] 
2026-03-29 20:20:05,039 [ERROR] LogOutputStream:75 - [STDERR_REDIRECT] [Fatal Error] :1:1: Premature end of file.
2026-03-29 20:20:05,040 [ERROR] LogOutputStream:75 - [STDERR_REDIRECT] 
2026-03-29 20:20:06,056 [ERROR] LogOutputStream:75 - [STDERR_REDIRECT] [Fatal Error] :1:1: Premature end of file.
2026-03-29 20:20:06,056 [ERROR] LogOutputStream:75 - [STDERR_REDIRECT] 
2026-03-29 20:20:07,024 [ERROR] LogOutputStream:75 - [STDERR_REDIRECT] [Fatal Error] :1:1: Premature end of file.
2026-03-29 20:20:07,024 [ERROR] LogOutputStream:75 - [STDERR_REDIRECT] 
2026-03-29 20:20:08,025 [ERROR] LogOutputStream:75 - [STDERR_REDIRECT] [Fatal Error] :1:1: Premature end of file.
2026-03-29 20:20:08,025 [ERROR] LogOutputStream:75 - [STDERR_REDIRECT] 
2026-03-29 20:20:09,024 [ERROR] LogOutputStream:75 - [STDERR_REDIRECT] [Fatal Error] :1:1: Premature end of file.
2026-03-29 20:20:09,024 [ERROR] LogOutputStream:75 - [STDERR_REDIRECT] 
2026-03-29 20:20:10,040 [ERROR] LogOutputStream:75 - [STDERR_REDIRECT] [Fatal Error] :1:1: Premature end of file.
2026-03-29 20:20:10,040 [ERROR] LogOutputStream:75 - [STDERR_REDIRECT] 
2026-03-29 20:20:11,024 [ERROR] LogOutputStream:75 - [STDERR_REDIRECT] [Fatal Error] :1:1: Premature end of file.
2026-03-29 20:20:11,024 [ERROR] LogOutputStream:75 - [STDERR_REDIRECT] 
2026-03-29 20:20:12,031 [ERROR] LogOutputStream:75 - [STDERR_REDIRECT] [Fatal Error] :1:1: Premature end of file.
2026-03-29 20:20:12,031 [ERROR] LogOutputStream:75 - [STDERR_REDIRECT] 
2026-03-29 20:20:13,038 [ERROR] LogOutputStream:75 - [STDERR_REDIRECT] [Fatal Error] :1:1: Premature end of file.
2026-03-29 20:20:13,038 [ERROR] LogOutputStream:75 - [STDERR_REDIRECT] 
2026-03-29 20:20:14,031 [ERROR] LogOutputStream:75 - [STDERR_REDIRECT] [Fatal Error] :1:1: Premature end of file.
2026-03-29 20:20:14,031 [ERROR] LogOutputStream:75 - [STDERR_REDIRECT] 
2026-03-29 20:20:15,034 [ERROR] LogOutputStream:75 - [STDERR_REDIRECT] [Fatal Error] :1:1: Premature end of file.
2026-03-29 20:20:15,034 [ERROR] LogOutputStream:75 - [STDERR_REDIRECT] 
2026-03-29 20:20:16,036 [ERROR] LogOutputStream:75 - [STDERR_REDIRECT] [Fatal Error] :1:1: Premature end of file.
2026-03-29 20:20:16,036 [ERROR] LogOutputStream:75 - [STDERR_REDIRECT] 
2026-03-29 20:20:17,050 [ERROR] LogOutputStream:75 - [STDERR_REDIRECT] [Fatal Error] :1:1: Premature end of file.
2026-03-29 20:20:17,050 [ERROR] LogOutputStream:75 - [STDERR_REDIRECT] 
2026-03-29 20:20:18,034 [ERROR] LogOutputStream:75 - [STDERR_REDIRECT] [Fatal Error] :1:1: Premature end of file.
2026-03-29 20:20:18,034 [ERROR] LogOutputStream:75 - [STDERR_REDIRECT] 
2026-03-29 20:20:19,041 [ERROR] LogOutputStream:75 - [STDERR_REDIRECT] [Fatal Error] :1:1: Premature end of file.
2026-03-29 20:20:19,042 [ERROR] LogOutputStream:75 - [STDERR_REDIRECT] 
2026-03-29 20:20:20,040 [ERROR] LogOutputStream:75 - [STDERR_REDIRECT] [Fatal Error] :1:1: Premature end of file.
2026-03-29 20:20:20,040 [ERROR] LogOutputStream:75 - [STDERR_REDIRECT] 
2026-03-29 20:20:21,074 [ERROR] LogOutputStream:75 - [STDERR_REDIRECT] [Fatal Error] :1:1: Premature end of file.
2026-03-29 20:20:21,075 [ERROR] LogOutputStream:75 - [STDERR_REDIRECT] 
2026-03-29 20:20:22,034 [ERROR] LogOutputStream:75 - [STDERR_REDIRECT] [Fatal Error] :1:1: Premature end of file.
2026-03-29 20:20:22,034 [ERROR] LogOutputStream:75 - [STDERR_REDIRECT] 
2026-03-29 20:20:23,034 [ERROR] LogOutputStream:75 - [STDERR_REDIRECT] [Fatal Error] :1:1: Premature end of file.
2026-03-29 20:20:23,034 [ERROR] LogOutputStream:75 - [STDERR_REDIRECT] 
2026-03-29 20:20:24,032 [ERROR] LogOutputStream:75 - [STDERR_REDIRECT] [Fatal Error] :1:1: Premature end of file.
2026-03-29 20:20:24,032 [ERROR] LogOutputStream:75 - [STDERR_REDIRECT] 
2026-03-29 20:20:25,038 [ERROR] LogOutputStream:75 - [STDERR_REDIRECT] [Fatal Error] :1:1: Premature end of file.
2026-03-29 20:20:25,038 [ERROR] LogOutputStream:75 - [STDERR_REDIRECT] 
2026-03-29 20:20:26,040 [ERROR] LogOutputStream:75 - [STDERR_REDIRECT] [Fatal Error] :1:1: Premature end of file.
2026-03-29 20:20:26,041 [ERROR] LogOutputStream:75 - [STDERR_REDIRECT] 
2026-03-29 20:20:27,024 [ERROR] LogOutputStream:75 - [STDERR_REDIRECT] [Fatal Error] :1:1: Premature end of file.
2026-03-29 20:20:27,025 [ERROR] LogOutputStream:75 - [STDERR_REDIRECT] 
2026-03-29 20:20:28,034 [ERROR] LogOutputStream:75 - [STDERR_REDIRECT] [Fatal Error] :1:1: Premature end of file.
2026-03-29 20:20:28,034 [ERROR] LogOutputStream:75 - [STDERR_REDIRECT] 
2026-03-29 20:20:29,025 [ERROR] LogOutputStream:75 - [STDERR_REDIRECT] [Fatal Error] :1:1: Premature end of file.
2026-03-29 20:20:29,026 [ERROR] LogOutputStream:75 - [STDERR_REDIRECT] 
2026-03-29 20:20:30,033 [ERROR] LogOutputStream:75 - [STDERR_REDIRECT] [Fatal Error] :1:1: Premature end of file.
2026-03-29 20:20:30,034 [ERROR] LogOutputStream:75 - [STDERR_REDIRECT] 
2026-03-29 20:20:31,023 [ERROR] LogOutputStream:75 - [STDERR_REDIRECT] [Fatal Error] :1:1: Premature end of file.
2026-03-29 20:20:31,024 [ERROR] LogOutputStream:75 - [STDERR_REDIRECT] 
2026-03-29 20:20:32,035 [ERROR] LogOutputStream:75 - [STDERR_REDIRECT] [Fatal Error] :1:1: Premature end of file.
2026-03-29 20:20:32,035 [ERROR] LogOutputStream:75 - [STDERR_REDIRECT] 
2026-03-29 20:20:33,036 [ERROR] LogOutputStream:75 - [STDERR_REDIRECT] [Fatal Error] :1:1: Premature end of file.
2026-03-29 20:20:33,036 [ERROR] LogOutputStream:75 - [STDERR_REDIRECT] 
2026-03-29 20:20:34,040 [ERROR] LogOutputStream:75 - [STDERR_REDIRECT] [Fatal Error] :1:1: Premature end of file.
2026-03-29 20:20:34,041 [ERROR] LogOutputStream:75 - [STDERR_REDIRECT] 
2026-03-29 20:20:35,031 [ERROR] LogOutputStream:75 - [STDERR_REDIRECT] [Fatal Error] :1:1: Premature end of file.
2026-03-29 20:20:35,031 [ERROR] LogOutputStream:75 - [STDERR_REDIRECT] 
2026-03-29 20:20:36,020 [ERROR] LogOutputStream:75 - [STDERR_REDIRECT] [Fatal Error] :1:1: Premature end of file.
2026-03-29 20:20:36,020 [ERROR] LogOutputStream:75 - [STDERR_REDIRECT] 
2026-03-29 20:20:37,037 [ERROR] LogOutputStream:75 - [STDERR_REDIRECT] [Fatal Error] :1:1: Premature end of file.
2026-03-29 20:20:37,038 [ERROR] LogOutputStream:75 - [STDERR_REDIRECT] 
2026-03-29 20:20:38,031 [ERROR] LogOutputStream:75 - [STDERR_REDIRECT] [Fatal Error] :1:1: Premature end of file.
2026-03-29 20:20:38,032 [ERROR] LogOutputStream:75 - [STDERR_REDIRECT] 
2026-03-29 20:20:39,026 [ERROR] LogOutputStream:75 - [STDERR_REDIRECT] [Fatal Error] :1:1: Premature end of file.
2026-03-29 20:20:39,026 [ERROR] LogOutputStream:75 - [STDERR_REDIRECT] 
2026-03-29 20:20:40,040 [ERROR] LogOutputStream:75 - [STDERR_REDIRECT] [Fatal Error] :1:1: Premature end of file.
2026-03-29 20:20:40,041 [ERROR] LogOutputStream:75 - [STDERR_REDIRECT] 
2026-03-29 20:20:41,025 [ERROR] LogOutputStream:75 - [STDERR_REDIRECT] [Fatal Error] :1:1: Premature end of file.
2026-03-29 20:20:41,025 [ERROR] LogOutputStream:75 - [STDERR_REDIRECT] 
2026-03-29 20:20:42,032 [ERROR] LogOutputStream:75 - [STDERR_REDIRECT] [Fatal Error] :1:1: Premature end of file.
2026-03-29 20:20:42,033 [ERROR] LogOutputStream:75 - [STDERR_REDIRECT] 
2026-03-29 20:20:43,048 [ERROR] LogOutputStream:75 - [STDERR_REDIRECT] [Fatal Error] :1:1: Premature end of file.
2026-03-29 20:20:43,048 [ERROR] LogOutputStream:75 - [STDERR_REDIRECT] 
2026-03-29 20:20:44,043 [ERROR] LogOutputStream:75 - [STDERR_REDIRECT] [Fatal Error] :1:1: Premature end of file.
2026-03-29 20:20:44,043 [ERROR] LogOutputStream:75 - [STDERR_REDIRECT] 
2026-03-29 20:20:45,034 [ERROR] LogOutputStream:75 - [STDERR_REDIRECT] [Fatal Error] :1:1: Premature end of file.
2026-03-29 20:20:45,049 [ERROR] LogOutputStream:75 - [STDERR_REDIRECT] 
2026-03-29 20:20:46,036 [ERROR] LogOutputStream:75 - [STDERR_REDIRECT] [Fatal Error] :1:1: Premature end of file.
2026-03-29 20:20:46,036 [ERROR] LogOutputStream:75 - [STDERR_REDIRECT] 
2026-03-29 20:20:47,034 [ERROR] LogOutputStream:75 - [STDERR_REDIRECT] [Fatal Error] :1:1: Premature end of file.
2026-03-29 20:20:47,034 [ERROR] LogOutputStream:75 - [STDERR_REDIRECT] 
2026-03-29 20:20:48,034 [ERROR] LogOutputStream:75 - [STDERR_REDIRECT] [Fatal Error] :1:1: Premature end of file.
2026-03-29 20:20:48,034 [ERROR] LogOutputStream:75 - [STDERR_REDIRECT] 
2026-03-29 20:20:49,035 [ERROR] LogOutputStream:75 - [STDERR_REDIRECT] [Fatal Error] :1:1: Premature end of file.
2026-03-29 20:20:49,035 [ERROR] LogOutputStream:75 - [STDERR_REDIRECT] 
2026-03-29 20:20:50,034 [ERROR] LogOutputStream:75 - [STDERR_REDIRECT] [Fatal Error] :1:1: Premature end of file.
2026-03-29 20:20:50,034 [ERROR] LogOutputStream:75 - [STDERR_REDIRECT] 
2026-03-29 20:20:51,040 [ERROR] LogOutputStream:75 - [STDERR_REDIRECT] [Fatal Error] :1:1: Premature end of file.
2026-03-29 20:20:51,041 [ERROR] LogOutputStream:75 - [STDERR_REDIRECT] 
2026-03-29 20:20:52,030 [ERROR] LogOutputStream:75 - [STDERR_REDIRECT] [Fatal Error] :1:1: Premature end of file.
2026-03-29 20:20:52,030 [ERROR] LogOutputStream:75 - [STDERR_REDIRECT] 
2026-03-29 20:20:53,022 [ERROR] LogOutputStream:75 - [STDERR_REDIRECT] [Fatal Error] :1:1: Premature end of file.
2026-03-29 20:20:53,023 [ERROR] LogOutputStream:75 - [STDERR_REDIRECT] 
2026-03-29 20:20:54,024 [ERROR] LogOutputStream:75 - [STDERR_REDIRECT] [Fatal Error] :1:1: Premature end of file.
2026-03-29 20:20:54,024 [ERROR] LogOutputStream:75 - [STDERR_REDIRECT] 
2026-03-29 20:20:55,037 [ERROR] LogOutputStream:75 - [STDERR_REDIRECT] [Fatal Error] :1:1: Premature end of file.
2026-03-29 20:20:55,037 [ERROR] LogOutputStream:75 - [STDERR_REDIRECT] 
2026-03-29 20:20:56,031 [ERROR] LogOutputStream:75 - [STDERR_REDIRECT] [Fatal Error] :1:1: Premature end of file.
2026-03-29 20:20:56,031 [ERROR] LogOutputStream:75 - [STDERR_REDIRECT] 
2026-03-29 20:20:57,032 [ERROR] LogOutputStream:75 - [STDERR_REDIRECT] [Fatal Error] :1:1: Premature end of file.
2026-03-29 20:20:57,032 [ERROR] LogOutputStream:75 - [STDERR_REDIRECT] 
2026-03-29 20:20:58,030 [ERROR] LogOutputStream:75 - [STDERR_REDIRECT] [Fatal Error] :1:1: Premature end of file.
2026-03-29 20:20:58,030 [ERROR] LogOutputStream:75 - [STDERR_REDIRECT] 
2026-03-29 20:20:59,038 [ERROR] LogOutputStream:75 - [STDERR_REDIRECT] [Fatal Error] :1:1: Premature end of file.
2026-03-29 20:20:59,038 [ERROR] LogOutputStream:75 - [STDERR_REDIRECT] 
2026-03-29 20:21:00,045 [ERROR] LogOutputStream:75 - [STDERR_REDIRECT] [Fatal Error] :1:1: Premature end of file.
2026-03-29 20:21:00,046 [ERROR] LogOutputStream:75 - [STDERR_REDIRECT] 
2026-03-29 20:21:01,026 [ERROR] LogOutputStream:75 - [STDERR_REDIRECT] [Fatal Error] :1:1: Premature end of file.
2026-03-29 20:21:01,027 [ERROR] LogOutputStream:75 - [STDERR_REDIRECT] 
2026-03-29 20:21:02,021 [ERROR] LogOutputStream:75 - [STDERR_REDIRECT] [Fatal Error] :1:1: Premature end of file.
2026-03-29 20:21:02,021 [ERROR] LogOutputStream:75 - [STDERR_REDIRECT] 
2026-03-29 20:21:03,040 [ERROR] LogOutputStream:75 - [STDERR_REDIRECT] [Fatal Error] :1:1: Premature end of file.
2026-03-29 20:21:03,041 [ERROR] LogOutputStream:75 - [STDERR_REDIRECT] 
2026-03-29 20:21:04,037 [ERROR] LogOutputStream:75 - [STDERR_REDIRECT] [Fatal Error] :1:1: Premature end of file.
2026-03-29 20:21:04,037 [ERROR] LogOutputStream:75 - [STDERR_REDIRECT] 
2026-03-29 20:21:05,036 [ERROR] LogOutputStream:75 - [STDERR_REDIRECT] [Fatal Error] :1:1: Premature end of file.
2026-03-29 20:21:05,036 [ERROR] LogOutputStream:75 - [STDERR_REDIRECT] 
2026-03-29 20:21:06,039 [ERROR] LogOutputStream:75 - [STDERR_REDIRECT] [Fatal Error] :1:1: Premature end of file.
2026-03-29 20:21:06,040 [ERROR] LogOutputStream:75 - [STDERR_REDIRECT] 
2026-03-29 20:21:07,039 [ERROR] LogOutputStream:75 - [STDERR_REDIRECT] [Fatal Error] :1:1: Premature end of file.
2026-03-29 20:21:07,039 [ERROR] LogOutputStream:75 - [STDERR_REDIRECT] 
2026-03-29 20:21:08,021 [ERROR] LogOutputStream:75 - [STDERR_REDIRECT] [Fatal Error] :1:1: Premature end of file.
2026-03-29 20:21:08,021 [ERROR] LogOutputStream:75 - [STDERR_REDIRECT] 
2026-03-29 20:21:09,039 [ERROR] LogOutputStream:75 - [STDERR_REDIRECT] [Fatal Error] :1:1: Premature end of file.
2026-03-29 20:21:09,039 [ERROR] LogOutputStream:75 - [STDERR_REDIRECT] 
2026-03-29 20:21:10,039 [ERROR] LogOutputStream:75 - [STDERR_REDIRECT] [Fatal Error] :1:1: Premature end of file.
2026-03-29 20:21:10,040 [ERROR] LogOutputStream:75 - [STDERR_REDIRECT] 
2026-03-29 20:21:11,033 [ERROR] LogOutputStream:75 - [STDERR_REDIRECT] [Fatal Error] :1:1: Premature end of file.
2026-03-29 20:21:11,034 [ERROR] LogOutputStream:75 - [STDERR_REDIRECT] 
2026-03-29 20:21:12,032 [ERROR] LogOutputStream:75 - [STDERR_REDIRECT] [Fatal Error] :1:1: Premature end of file.
2026-03-29 20:21:12,032 [ERROR] LogOutputStream:75 - [STDERR_REDIRECT] 
2026-03-29 20:21:13,032 [ERROR] LogOutputStream:75 - [STDERR_REDIRECT] [Fatal Error] :1:1: Premature end of file.
2026-03-29 20:21:13,033 [ERROR] LogOutputStream:75 - [STDERR_REDIRECT] 
2026-03-29 20:21:14,035 [ERROR] LogOutputStream:75 - [STDERR_REDIRECT] [Fatal Error] :1:1: Premature end of file.
2026-03-29 20:21:14,035 [ERROR] LogOutputStream:75 - [STDERR_REDIRECT] 
2026-03-29 20:21:15,036 [ERROR] LogOutputStream:75 - [STDERR_REDIRECT] [Fatal Error] :1:1: Premature end of file.
2026-03-29 20:21:15,036 [ERROR] LogOutputStream:75 - [STDERR_REDIRECT] 
2026-03-29 20:21:16,032 [ERROR] LogOutputStream:75 - [STDERR_REDIRECT] [Fatal Error] :1:1: Premature end of file.
2026-03-29 20:21:16,033 [ERROR] LogOutputStream:75 - [STDERR_REDIRECT] 
2026-03-29 20:21:17,032 [ERROR] LogOutputStream:75 - [STDERR_REDIRECT] [Fatal Error] :1:1: Premature end of file.
2026-03-29 20:21:17,032 [ERROR] LogOutputStream:75 - [STDERR_REDIRECT] 
2026-03-29 20:21:18,036 [ERROR] LogOutputStream:75 - [STDERR_REDIRECT] [Fatal Error] :1:1: Premature end of file.
2026-03-29 20:21:18,036 [ERROR] LogOutputStream:75 - [STDERR_REDIRECT] 
2026-03-29 20:21:19,043 [ERROR] LogOutputStream:75 - [STDERR_REDIRECT] [Fatal Error] :1:1: Premature end of file.
2026-03-29 20:21:19,043 [ERROR] LogOutputStream:75 - [STDERR_REDIRECT] 
2026-03-29 20:21:20,037 [ERROR] LogOutputStream:75 - [STDERR_REDIRECT] [Fatal Error] :1:1: Premature end of file.
2026-03-29 20:21:20,038 [ERROR] LogOutputStream:75 - [STDERR_REDIRECT] 
2026-03-29 20:21:21,036 [ERROR] LogOutputStream:75 - [STDERR_REDIRECT] [Fatal Error] :1:1: Premature end of file.
2026-03-29 20:21:21,036 [ERROR] LogOutputStream:75 - [STDERR_REDIRECT] 
2026-03-29 20:21:22,036 [ERROR] LogOutputStream:75 - [STDERR_REDIRECT] [Fatal Error] :1:1: Premature end of file.
2026-03-29 20:21:22,036 [ERROR] LogOutputStream:75 - [STDERR_REDIRECT] 
2026-03-29 20:21:23,038 [ERROR] LogOutputStream:75 - [STDERR_REDIRECT] [Fatal Error] :1:1: Premature end of file.
2026-03-29 20:21:23,038 [ERROR] LogOutputStream:75 - [STDERR_REDIRECT] 
2026-03-29 20:21:24,044 [ERROR] LogOutputStream:75 - [STDERR_REDIRECT] [Fatal Error] :1:1: Premature end of file.
2026-03-29 20:21:24,044 [ERROR] LogOutputStream:75 - [STDERR_REDIRECT] 
2026-03-29 20:21:25,032 [ERROR] LogOutputStream:75 - [STDERR_REDIRECT] [Fatal Error] :1:1: Premature end of file.
2026-03-29 20:21:25,033 [ERROR] LogOutputStream:75 - [STDERR_REDIRECT] 
2026-03-29 20:21:26,025 [ERROR] LogOutputStream:75 - [STDERR_REDIRECT] [Fatal Error] :1:1: Premature end of file.
2026-03-29 20:21:26,025 [ERROR] LogOutputStream:75 - [STDERR_REDIRECT] 
2026-03-29 20:21:27,036 [ERROR] LogOutputStream:75 - [STDERR_REDIRECT] [Fatal Error] :1:1: Premature end of file.
2026-03-29 20:21:27,036 [ERROR] LogOutputStream:75 - [STDERR_REDIRECT] 
2026-03-29 20:21:28,043 [ERROR] LogOutputStream:75 - [STDERR_REDIRECT] [Fatal Error] :1:1: Premature end of file.
2026-03-29 20:21:28,044 [ERROR] LogOutputStream:75 - [STDERR_REDIRECT] 
2026-03-29 20:21:29,062 [ERROR] LogOutputStream:75 - [STDERR_REDIRECT] [Fatal Error] :1:1: Premature end of file.
2026-03-29 20:21:29,064 [ERROR] LogOutputStream:75 - [STDERR_REDIRECT] 
2026-03-29 20:21:30,042 [ERROR] LogOutputStream:75 - [STDERR_REDIRECT] [Fatal Error] :1:1: Premature end of file.
2026-03-29 20:21:30,042 [ERROR] LogOutputStream:75 - [STDERR_REDIRECT] 
2026-03-29 20:21:31,039 [ERROR] LogOutputStream:75 - [STDERR_REDIRECT] [Fatal Error] :1:1: Premature end of file.
2026-03-29 20:21:31,039 [ERROR] LogOutputStream:75 - [STDERR_REDIRECT] 
2026-03-29 20:21:32,035 [ERROR] LogOutputStream:75 - [STDERR_REDIRECT] [Fatal Error] :1:1: Premature end of file.
2026-03-29 20:21:32,036 [ERROR] LogOutputStream:75 - [STDERR_REDIRECT] 
2026-03-29 20:21:33,040 [ERROR] LogOutputStream:75 - [STDERR_REDIRECT] [Fatal Error] :1:1: Premature end of file.
2026-03-29 20:21:33,040 [ERROR] LogOutputStream:75 - [STDERR_REDIRECT] 
2026-03-29 20:21:34,035 [ERROR] LogOutputStream:75 - [STDERR_REDIRECT] [Fatal Error] :1:1: Premature end of file.
2026-03-29 20:21:34,035 [ERROR] LogOutputStream:75 - [STDERR_REDIRECT] 
2026-03-29 20:21:35,038 [ERROR] LogOutputStream:75 - [STDERR_REDIRECT] [Fatal Error] :1:1: Premature end of file.
2026-03-29 20:21:35,039 [ERROR] LogOutputStream:75 - [STDERR_REDIRECT] 
2026-03-29 20:21:36,020 [ERROR] LogOutputStream:75 - [STDERR_REDIRECT] [Fatal Error] :1:1: Premature end of file.
2026-03-29 20:21:36,021 [ERROR] LogOutputStream:75 - [STDERR_REDIRECT] 
2026-03-29 20:21:37,054 [ERROR] LogOutputStream:75 - [STDERR_REDIRECT] [Fatal Error] :1:1: Premature end of file.
2026-03-29 20:21:37,055 [ERROR] LogOutputStream:75 - [STDERR_REDIRECT] 
2026-03-29 20:21:38,021 [ERROR] LogOutputStream:75 - [STDERR_REDIRECT] [Fatal Error] :1:1: Premature end of file.
2026-03-29 20:21:38,021 [ERROR] LogOutputStream:75 - [STDERR_REDIRECT] 
2026-03-29 20:21:39,028 [ERROR] LogOutputStream:75 - [STDERR_REDIRECT] [Fatal Error] :1:1: Premature end of file.
2026-03-29 20:21:39,029 [ERROR] LogOutputStream:75 - [STDERR_REDIRECT] 
2026-03-29 20:21:40,021 [ERROR] LogOutputStream:75 - [STDERR_REDIRECT] [Fatal Error] :1:1: Premature end of file.
2026-03-29 20:21:40,021 [ERROR] LogOutputStream:75 - [STDERR_REDIRECT] 
2026-03-29 20:21:41,021 [ERROR] LogOutputStream:75 - [STDERR_REDIRECT] [Fatal Error] :1:1: Premature end of file.
2026-03-29 20:21:41,022 [ERROR] LogOutputStream:75 - [STDERR_REDIRECT] 
2026-03-29 20:21:42,040 [ERROR] LogOutputStream:75 - [STDERR_REDIRECT] [Fatal Error] :1:1: Premature end of file.
2026-03-29 20:21:42,040 [ERROR] LogOutputStream:75 - [STDERR_REDIRECT] 
2026-03-29 20:21:43,019 [ERROR] LogOutputStream:75 - [STDERR_REDIRECT] [Fatal Error] :1:1: Premature end of file.
2026-03-29 20:21:43,020 [ERROR] LogOutputStream:75 - [STDERR_REDIRECT] 
2026-03-29 20:21:44,034 [ERROR] LogOutputStream:75 - [STDERR_REDIRECT] [Fatal Error] :1:1: Premature end of file.
2026-03-29 20:21:44,035 [ERROR] LogOutputStream:75 - [STDERR_REDIRECT] 
2026-03-29 20:21:45,034 [ERROR] LogOutputStream:75 - [STDERR_REDIRECT] [Fatal Error] :1:1: Premature end of file.
2026-03-29 20:21:45,034 [ERROR] LogOutputStream:75 - [STDERR_REDIRECT] 
2026-03-29 20:21:46,032 [ERROR] LogOutputStream:75 - [STDERR_REDIRECT] [Fatal Error] :1:1: Premature end of file.
2026-03-29 20:21:46,032 [ERROR] LogOutputStream:75 - [STDERR_REDIRECT] 
2026-03-29 20:21:47,038 [ERROR] LogOutputStream:75 - [STDERR_REDIRECT] [Fatal Error] :1:1: Premature end of file.
2026-03-29 20:21:47,038 [ERROR] LogOutputStream:75 - [STDERR_REDIRECT] 
2026-03-29 20:21:48,034 [ERROR] LogOutputStream:75 - [STDERR_REDIRECT] [Fatal Error] :1:1: Premature end of file.
2026-03-29 20:21:48,034 [ERROR] LogOutputStream:75 - [STDERR_REDIRECT] 
2026-03-29 20:21:49,028 [ERROR] LogOutputStream:75 - [STDERR_REDIRECT] [Fatal Error] :1:1: Premature end of file.
2026-03-29 20:21:49,029 [ERROR] LogOutputStream:75 - [STDERR_REDIRECT] 
2026-03-29 20:21:50,034 [ERROR] LogOutputStream:75 - [STDERR_REDIRECT] [Fatal Error] :1:1: Premature end of file.
2026-03-29 20:21:50,035 [ERROR] LogOutputStream:75 - [STDERR_REDIRECT] 
2026-03-29 20:21:51,030 [ERROR] LogOutputStream:75 - [STDERR_REDIRECT] [Fatal Error] :1:1: Premature end of file.
2026-03-29 20:21:51,031 [ERROR] LogOutputStream:75 - [STDERR_REDIRECT] 
2026-03-29 20:21:52,037 [ERROR] LogOutputStream:75 - [STDERR_REDIRECT] [Fatal Error] :1:1: Premature end of file.
2026-03-29 20:21:52,037 [ERROR] LogOutputStream:75 - [STDERR_REDIRECT] 
2026-03-29 20:21:53,033 [ERROR] LogOutputStream:75 - [STDERR_REDIRECT] [Fatal Error] :1:1: Premature end of file.
2026-03-29 20:21:53,034 [ERROR] LogOutputStream:75 - [STDERR_REDIRECT] 
2026-03-29 20:21:54,034 [ERROR] LogOutputStream:75 - [STDERR_REDIRECT] [Fatal Error] :1:1: Premature end of file.
2026-03-29 20:21:54,035 [ERROR] LogOutputStream:75 - [STDERR_REDIRECT] 
2026-03-29 20:21:55,039 [ERROR] LogOutputStream:75 - [STDERR_REDIRECT] [Fatal Error] :1:1: Premature end of file.
2026-03-29 20:21:55,039 [ERROR] LogOutputStream:75 - [STDERR_REDIRECT] 
2026-03-29 20:21:56,036 [ERROR] LogOutputStream:75 - [STDERR_REDIRECT] [Fatal Error] :1:1: Premature end of file.
2026-03-29 20:21:56,036 [ERROR] LogOutputStream:75 - [STDERR_REDIRECT] 
2026-03-29 20:21:57,038 [ERROR] LogOutputStream:75 - [STDERR_REDIRECT] [Fatal Error] :1:1: Premature end of file.
2026-03-29 20:21:57,038 [ERROR] LogOutputStream:75 - [STDERR_REDIRECT] 
2026-03-29 20:21:58,040 [ERROR] LogOutputStream:75 - [STDERR_REDIRECT] [Fatal Error] :1:1: Premature end of file.
2026-03-29 20:21:58,040 [ERROR] LogOutputStream:75 - [STDERR_REDIRECT] 
2026-03-29 20:21:59,039 [ERROR] LogOutputStream:75 - [STDERR_REDIRECT] [Fatal Error] :1:1: Premature end of file.
2026-03-29 20:21:59,039 [ERROR] LogOutputStream:75 - [STDERR_REDIRECT] 
2026-03-29 20:22:00,044 [ERROR] LogOutputStream:75 - [STDERR_REDIRECT] [Fatal Error] :1:1: Premature end of file.
2026-03-29 20:22:00,045 [ERROR] LogOutputStream:75 - [STDERR_REDIRECT] 
2026-03-29 20:22:01,030 [ERROR] LogOutputStream:75 - [STDERR_REDIRECT] [Fatal Error] :1:1: Premature end of file.
2026-03-29 20:22:01,031 [ERROR] LogOutputStream:75 - [STDERR_REDIRECT] 
2026-03-29 20:22:02,047 [ERROR] LogOutputStream:75 - [STDERR_REDIRECT] [Fatal Error] :1:1: Premature end of file.
2026-03-29 20:22:02,048 [ERROR] LogOutputStream:75 - [STDERR_REDIRECT] 
2026-03-29 20:22:03,042 [ERROR] LogOutputStream:75 - [STDERR_REDIRECT] [Fatal Error] :1:1: Premature end of file.
2026-03-29 20:22:03,042 [ERROR] LogOutputStream:75 - [STDERR_REDIRECT] 
2026-03-29 20:22:04,041 [ERROR] LogOutputStream:75 - [STDERR_REDIRECT] [Fatal Error] :1:1: Premature end of file.
2026-03-29 20:22:04,041 [ERROR] LogOutputStream:75 - [STDERR_REDIRECT] 
2026-03-29 20:22:05,035 [ERROR] LogOutputStream:75 - [STDERR_REDIRECT] [Fatal Error] :1:1: Premature end of file.
2026-03-29 20:22:05,035 [ERROR] LogOutputStream:75 - [STDERR_REDIRECT] 
2026-03-29 20:22:06,032 [ERROR] LogOutputStream:75 - [STDERR_REDIRECT] [Fatal Error] :1:1: Premature end of file.
2026-03-29 20:22:06,032 [ERROR] LogOutputStream:75 - [STDERR_REDIRECT] 
2026-03-29 20:22:07,029 [ERROR] LogOutputStream:75 - [STDERR_REDIRECT] [Fatal Error] :1:1: Premature end of file.
2026-03-29 20:22:07,029 [ERROR] LogOutputStream:75 - [STDERR_REDIRECT] 
2026-03-29 20:22:08,033 [ERROR] LogOutputStream:75 - [STDERR_REDIRECT] [Fatal Error] :1:1: Premature end of file.
2026-03-29 20:22:08,033 [ERROR] LogOutputStream:75 - [STDERR_REDIRECT] 
2026-03-29 20:22:09,036 [ERROR] LogOutputStream:75 - [STDERR_REDIRECT] [Fatal Error] :1:1: Premature end of file.
2026-03-29 20:22:09,036 [ERROR] LogOutputStream:75 - [STDERR_REDIRECT] 
2026-03-29 20:22:10,037 [ERROR] LogOutputStream:75 - [STDERR_REDIRECT] [Fatal Error] :1:1: Premature end of file.
2026-03-29 20:22:10,037 [ERROR] LogOutputStream:75 - [STDERR_REDIRECT] 
2026-03-29 20:22:11,033 [ERROR] LogOutputStream:75 - [STDERR_REDIRECT] [Fatal Error] :1:1: Premature end of file.
2026-03-29 20:22:11,033 [ERROR] LogOutputStream:75 - [STDERR_REDIRECT] 
2026-03-29 20:22:12,026 [ERROR] LogOutputStream:75 - [STDERR_REDIRECT] [Fatal Error] :1:1: Premature end of file.
2026-03-29 20:22:12,027 [ERROR] LogOutputStream:75 - [STDERR_REDIRECT] 
2026-03-29 20:22:13,041 [ERROR] LogOutputStream:75 - [STDERR_REDIRECT] [Fatal Error] :1:1: Premature end of file.
2026-03-29 20:22:13,041 [ERROR] LogOutputStream:75 - [STDERR_REDIRECT] 
2026-03-29 20:22:14,039 [ERROR] LogOutputStream:75 - [STDERR_REDIRECT] [Fatal Error] :1:1: Premature end of file.
2026-03-29 20:22:14,039 [ERROR] LogOutputStream:75 - [STDERR_REDIRECT] 
2026-03-29 20:22:15,042 [ERROR] LogOutputStream:75 - [STDERR_REDIRECT] [Fatal Error] :1:1: Premature end of file.
2026-03-29 20:22:15,043 [ERROR] LogOutputStream:75 - [STDERR_REDIRECT] 
2026-03-29 20:22:16,033 [ERROR] LogOutputStream:75 - [STDERR_REDIRECT] [Fatal Error] :1:1: Premature end of file.
2026-03-29 20:22:16,033 [ERROR] LogOutputStream:75 - [STDERR_REDIRECT] 
2026-03-29 20:22:17,037 [ERROR] LogOutputStream:75 - [STDERR_REDIRECT] [Fatal Error] :1:1: Premature end of file.
2026-03-29 20:22:17,037 [ERROR] LogOutputStream:75 - [STDERR_REDIRECT] 
2026-03-29 20:22:18,039 [ERROR] LogOutputStream:75 - [STDERR_REDIRECT] [Fatal Error] :1:1: Premature end of file.
2026-03-29 20:22:18,039 [ERROR] LogOutputStream:75 - [STDERR_REDIRECT] 
2026-03-29 20:22:19,034 [ERROR] LogOutputStream:75 - [STDERR_REDIRECT] [Fatal Error] :1:1: Premature end of file.
2026-03-29 20:22:19,035 [ERROR] LogOutputStream:75 - [STDERR_REDIRECT] 
2026-03-29 20:22:20,036 [ERROR] LogOutputStream:75 - [STDERR_REDIRECT] [Fatal Error] :1:1: Premature end of file.
2026-03-29 20:22:20,036 [ERROR] LogOutputStream:75 - [STDERR_REDIRECT] 
2026-03-29 20:22:21,037 [ERROR] LogOutputStream:75 - [STDERR_REDIRECT] [Fatal Error] :1:1: Premature end of file.
2026-03-29 20:22:21,037 [ERROR] LogOutputStream:75 - [STDERR_REDIRECT] 
2026-03-29 20:22:22,032 [ERROR] LogOutputStream:75 - [STDERR_REDIRECT] [Fatal Error] :1:1: Premature end of file.
2026-03-29 20:22:22,032 [ERROR] LogOutputStream:75 - [STDERR_REDIRECT] 
2026-03-29 20:22:23,031 [ERROR] LogOutputStream:75 - [STDERR_REDIRECT] [Fatal Error] :1:1: Premature end of file.
2026-03-29 20:22:23,032 [ERROR] LogOutputStream:75 - [STDERR_REDIRECT] 
2026-03-29 20:22:24,033 [ERROR] LogOutputStream:75 - [STDERR_REDIRECT] [Fatal Error] :1:1: Premature end of file.
2026-03-29 20:22:24,033 [ERROR] LogOutputStream:75 - [STDERR_REDIRECT] 
2026-03-29 20:22:25,035 [ERROR] LogOutputStream:75 - [STDERR_REDIRECT] [Fatal Error] :1:1: Premature end of file.
2026-03-29 20:22:25,035 [ERROR] LogOutputStream:75 - [STDERR_REDIRECT] 
2026-03-29 20:22:26,040 [ERROR] LogOutputStream:75 - [STDERR_REDIRECT] [Fatal Error] :1:1: Premature end of file.
2026-03-29 20:22:26,041 [ERROR] LogOutputStream:75 - [STDERR_REDIRECT] 
2026-03-29 20:22:27,034 [ERROR] LogOutputStream:75 - [STDERR_REDIRECT] [Fatal Error] :1:1: Premature end of file.
2026-03-29 20:22:27,035 [ERROR] LogOutputStream:75 - [STDERR_REDIRECT] 
2026-03-29 20:22:28,053 [ERROR] LogOutputStream:75 - [STDERR_REDIRECT] [Fatal Error] :1:1: Premature end of file.
2026-03-29 20:22:28,053 [ERROR] LogOutputStream:75 - [STDERR_REDIRECT] 
2026-03-29 20:22:29,067 [ERROR] LogOutputStream:75 - [STDERR_REDIRECT] [Fatal Error] :1:1: Premature end of file.
2026-03-29 20:22:29,067 [ERROR] LogOutputStream:75 - [STDERR_REDIRECT] 
2026-03-29 20:22:30,041 [ERROR] LogOutputStream:75 - [STDERR_REDIRECT] [Fatal Error] :1:1: Premature end of file.
2026-03-29 20:22:30,041 [ERROR] LogOutputStream:75 - [STDERR_REDIRECT] 
2026-03-29 20:22:31,046 [ERROR] LogOutputStream:75 - [STDERR_REDIRECT] [Fatal Error] :1:1: Premature end of file.
2026-03-29 20:22:31,047 [ERROR] LogOutputStream:75 - [STDERR_REDIRECT] 
2026-03-29 20:22:32,072 [ERROR] LogOutputStream:75 - [STDERR_REDIRECT] [Fatal Error] :1:1: Premature end of file.
2026-03-29 20:22:32,073 [ERROR] LogOutputStream:75 - [STDERR_REDIRECT] 
2026-03-29 20:22:33,070 [ERROR] LogOutputStream:75 - [STDERR_REDIRECT] [Fatal Error] :1:1: Premature end of file.
2026-03-29 20:22:33,072 [ERROR] LogOutputStream:75 - [STDERR_REDIRECT] 
2026-03-29 20:22:34,042 [ERROR] LogOutputStream:75 - [STDERR_REDIRECT] [Fatal Error] :1:1: Premature end of file.
2026-03-29 20:22:34,043 [ERROR] LogOutputStream:75 - [STDERR_REDIRECT] 
2026-03-29 20:22:35,037 [ERROR] LogOutputStream:75 - [STDERR_REDIRECT] [Fatal Error] :1:1: Premature end of file.
2026-03-29 20:22:35,038 [ERROR] LogOutputStream:75 - [STDERR_REDIRECT] 
2026-03-29 20:22:36,048 [ERROR] LogOutputStream:75 - [STDERR_REDIRECT] [Fatal Error] :1:1: Premature end of file.
2026-03-29 20:22:36,049 [ERROR] LogOutputStream:75 - [STDERR_REDIRECT] 
2026-03-29 20:22:37,037 [ERROR] LogOutputStream:75 - [STDERR_REDIRECT] [Fatal Error] :1:1: Premature end of file.
2026-03-29 20:22:37,037 [ERROR] LogOutputStream:75 - [STDERR_REDIRECT] 
2026-03-29 20:22:38,037 [ERROR] LogOutputStream:75 - [STDERR_REDIRECT] [Fatal Error] :1:1: Premature end of file.
2026-03-29 20:22:38,037 [ERROR] LogOutputStream:75 - [STDERR_REDIRECT] 
2026-03-29 20:22:39,040 [ERROR] LogOutputStream:75 - [STDERR_REDIRECT] [Fatal Error] :1:1: Premature end of file.
2026-03-29 20:22:39,040 [ERROR] LogOutputStream:75 - [STDERR_REDIRECT] 
2026-03-29 20:22:40,034 [ERROR] LogOutputStream:75 - [STDERR_REDIRECT] [Fatal Error] :1:1: Premature end of file.
2026-03-29 20:22:40,034 [ERROR] LogOutputStream:75 - [STDERR_REDIRECT] 
2026-03-29 20:22:41,037 [ERROR] LogOutputStream:75 - [STDERR_REDIRECT] [Fatal Error] :1:1: Premature end of file.
2026-03-29 20:22:41,037 [ERROR] LogOutputStream:75 - [STDERR_REDIRECT] 
2026-03-29 20:22:42,037 [ERROR] LogOutputStream:75 - [STDERR_REDIRECT] [Fatal Error] :1:1: Premature end of file.
2026-03-29 20:22:42,037 [ERROR] LogOutputStream:75 - [STDERR_REDIRECT] 
2026-03-29 20:22:43,031 [ERROR] LogOutputStream:75 - [STDERR_REDIRECT] [Fatal Error] :1:1: Premature end of file.
2026-03-29 20:22:43,031 [ERROR] LogOutputStream:75 - [STDERR_REDIRECT] 
2026-03-29 20:22:44,036 [ERROR] LogOutputStream:75 - [STDERR_REDIRECT] [Fatal Error] :1:1: Premature end of file.
2026-03-29 20:22:44,037 [ERROR] LogOutputStream:75 - [STDERR_REDIRECT] 
2026-03-29 20:22:45,045 [ERROR] LogOutputStream:75 - [STDERR_REDIRECT] [Fatal Error] :1:1: Premature end of file.
2026-03-29 20:22:45,046 [ERROR] LogOutputStream:75 - [STDERR_REDIRECT] 
2026-03-29 20:22:46,046 [ERROR] LogOutputStream:75 - [STDERR_REDIRECT] [Fatal Error] :1:1: Premature end of file.
2026-03-29 20:22:46,047 [ERROR] LogOutputStream:75 - [STDERR_REDIRECT] 
2026-03-29 20:22:47,030 [ERROR] LogOutputStream:75 - [STDERR_REDIRECT] [Fatal Error] :1:1: Premature end of file.
2026-03-29 20:22:47,030 [ERROR] LogOutputStream:75 - [STDERR_REDIRECT] 
2026-03-29 20:22:48,034 [ERROR] LogOutputStream:75 - [STDERR_REDIRECT] [Fatal Error] :1:1: Premature end of file.
2026-03-29 20:22:48,034 [ERROR] LogOutputStream:75 - [STDERR_REDIRECT] 
2026-03-29 20:22:49,019 [ERROR] LogOutputStream:75 - [STDERR_REDIRECT] [Fatal Error] :1:1: Premature end of file.
2026-03-29 20:22:49,019 [ERROR] LogOutputStream:75 - [STDERR_REDIRECT] 
2026-03-29 20:22:50,034 [ERROR] LogOutputStream:75 - [STDERR_REDIRECT] [Fatal Error] :1:1: Premature end of file.
2026-03-29 20:22:50,035 [ERROR] LogOutputStream:75 - [STDERR_REDIRECT] 
2026-03-29 20:22:51,041 [ERROR] LogOutputStream:75 - [STDERR_REDIRECT] [Fatal Error] :1:1: Premature end of file.
2026-03-29 20:22:51,041 [ERROR] LogOutputStream:75 - [STDERR_REDIRECT] 
2026-03-29 20:22:52,041 [ERROR] LogOutputStream:75 - [STDERR_REDIRECT] [Fatal Error] :1:1: Premature end of file.
2026-03-29 20:22:52,041 [ERROR] LogOutputStream:75 - [STDERR_REDIRECT] 
2026-03-29 20:22:53,036 [ERROR] LogOutputStream:75 - [STDERR_REDIRECT] [Fatal Error] :1:1: Premature end of file.
2026-03-29 20:22:53,036 [ERROR] LogOutputStream:75 - [STDERR_REDIRECT] 
2026-03-29 20:22:54,024 [ERROR] LogOutputStream:75 - [STDERR_REDIRECT] [Fatal Error] :1:1: Premature end of file.
2026-03-29 20:22:54,025 [ERROR] LogOutputStream:75 - [STDERR_REDIRECT] 
2026-03-29 20:22:55,055 [ERROR] LogOutputStream:75 - [STDERR_REDIRECT] [Fatal Error] :1:1: Premature end of file.
2026-03-29 20:22:55,057 [ERROR] LogOutputStream:75 - [STDERR_REDIRECT] 
2026-03-29 20:22:56,056 [ERROR] LogOutputStream:75 - [STDERR_REDIRECT] [Fatal Error] :1:1: Premature end of file.
2026-03-29 20:22:56,056 [ERROR] LogOutputStream:75 - [STDERR_REDIRECT] 
2026-03-29 20:22:57,030 [ERROR] LogOutputStream:75 - [STDERR_REDIRECT] [Fatal Error] :1:1: Premature end of file.
2026-03-29 20:22:57,031 [ERROR] LogOutputStream:75 - [STDERR_REDIRECT] 
2026-03-29 20:22:58,052 [ERROR] LogOutputStream:75 - [STDERR_REDIRECT] [Fatal Error] :1:1: Premature end of file.
2026-03-29 20:22:58,052 [ERROR] LogOutputStream:75 - [STDERR_REDIRECT] 
2026-03-29 20:22:59,031 [ERROR] LogOutputStream:75 - [STDERR_REDIRECT] [Fatal Error] :1:1: Premature end of file.
2026-03-29 20:22:59,032 [ERROR] LogOutputStream:75 - [STDERR_REDIRECT] 
2026-03-29 20:23:00,046 [ERROR] LogOutputStream:75 - [STDERR_REDIRECT] [Fatal Error] :1:1: Premature end of file.
2026-03-29 20:23:00,047 [ERROR] LogOutputStream:75 - [STDERR_REDIRECT] 
2026-03-29 20:23:01,038 [ERROR] LogOutputStream:75 - [STDERR_REDIRECT] [Fatal Error] :1:1: Premature end of file.
2026-03-29 20:23:01,038 [ERROR] LogOutputStream:75 - [STDERR_REDIRECT] 
2026-03-29 20:23:02,072 [ERROR] LogOutputStream:75 - [STDERR_REDIRECT] [Fatal Error] :1:1: Premature end of file.
2026-03-29 20:23:02,074 [ERROR] LogOutputStream:75 - [STDERR_REDIRECT] 
2026-03-29 20:23:03,046 [ERROR] LogOutputStream:75 - [STDERR_REDIRECT] [Fatal Error] :1:1: Premature end of file.
2026-03-29 20:23:03,047 [ERROR] LogOutputStream:75 - [STDERR_REDIRECT] 
2026-03-29 20:23:04,043 [ERROR] LogOutputStream:75 - [STDERR_REDIRECT] [Fatal Error] :1:1: Premature end of file.
2026-03-29 20:23:04,044 [ERROR] LogOutputStream:75 - [STDERR_REDIRECT] 
2026-03-29 20:23:05,046 [ERROR] LogOutputStream:75 - [STDERR_REDIRECT] [Fatal Error] :1:1: Premature end of file.
2026-03-29 20:23:05,046 [ERROR] LogOutputStream:75 - [STDERR_REDIRECT] 
2026-03-29 20:23:06,032 [ERROR] LogOutputStream:75 - [STDERR_REDIRECT] [Fatal Error] :1:1: Premature end of file.
2026-03-29 20:23:06,032 [ERROR] LogOutputStream:75 - [STDERR_REDIRECT] 
2026-03-29 20:23:07,039 [ERROR] LogOutputStream:75 - [STDERR_REDIRECT] [Fatal Error] :1:1: Premature end of file.
2026-03-29 20:23:07,040 [ERROR] LogOutputStream:75 - [STDERR_REDIRECT] 
2026-03-29 20:23:08,032 [ERROR] LogOutputStream:75 - [STDERR_REDIRECT] [Fatal Error] :1:1: Premature end of file.
2026-03-29 20:23:08,032 [ERROR] LogOutputStream:75 - [STDERR_REDIRECT] 
2026-03-29 20:23:09,033 [ERROR] LogOutputStream:75 - [STDERR_REDIRECT] [Fatal Error] :1:1: Premature end of file.
2026-03-29 20:23:09,033 [ERROR] LogOutputStream:75 - [STDERR_REDIRECT] 
2026-03-29 20:23:10,045 [ERROR] LogOutputStream:75 - [STDERR_REDIRECT] [Fatal Error] :1:1: Premature end of file.
2026-03-29 20:23:10,045 [ERROR] LogOutputStream:75 - [STDERR_REDIRECT] 
2026-03-29 20:23:11,035 [ERROR] LogOutputStream:75 - [STDERR_REDIRECT] [Fatal Error] :1:1: Premature end of file.
2026-03-29 20:23:11,035 [ERROR] LogOutputStream:75 - [STDERR_REDIRECT] 
2026-03-29 20:23:12,054 [ERROR] LogOutputStream:75 - [STDERR_REDIRECT] [Fatal Error] :1:1: Premature end of file.
2026-03-29 20:23:12,054 [ERROR] LogOutputStream:75 - [STDERR_REDIRECT] 
2026-03-29 20:23:13,036 [ERROR] LogOutputStream:75 - [STDERR_REDIRECT] [Fatal Error] :1:1: Premature end of file.
2026-03-29 20:23:13,036 [ERROR] LogOutputStream:75 - [STDERR_REDIRECT] 
2026-03-29 20:23:14,027 [ERROR] LogOutputStream:75 - [STDERR_REDIRECT] [Fatal Error] :1:1: Premature end of file.
2026-03-29 20:23:14,028 [ERROR] LogOutputStream:75 - [STDERR_REDIRECT] 
2026-03-29 20:23:15,026 [ERROR] LogOutputStream:75 - [STDERR_REDIRECT] [Fatal Error] :1:1: Premature end of file.
2026-03-29 20:23:15,026 [ERROR] LogOutputStream:75 - [STDERR_REDIRECT] 
2026-03-29 20:23:16,037 [ERROR] LogOutputStream:75 - [STDERR_REDIRECT] [Fatal Error] :1:1: Premature end of file.
2026-03-29 20:23:16,037 [ERROR] LogOutputStream:75 - [STDERR_REDIRECT] 
2026-03-29 20:23:17,034 [ERROR] LogOutputStream:75 - [STDERR_REDIRECT] [Fatal Error] :1:1: Premature end of file.
2026-03-29 20:23:17,035 [ERROR] LogOutputStream:75 - [STDERR_REDIRECT] 
2026-03-29 20:23:18,045 [ERROR] LogOutputStream:75 - [STDERR_REDIRECT] [Fatal Error] :1:1: Premature end of file.
2026-03-29 20:23:18,046 [ERROR] LogOutputStream:75 - [STDERR_REDIRECT] 
2026-03-29 20:23:19,045 [ERROR] LogOutputStream:75 - [STDERR_REDIRECT] [Fatal Error] :1:1: Premature end of file.
2026-03-29 20:23:19,045 [ERROR] LogOutputStream:75 - [STDERR_REDIRECT] 
2026-03-29 20:23:20,039 [ERROR] LogOutputStream:75 - [STDERR_REDIRECT] [Fatal Error] :1:1: Premature end of file.
2026-03-29 20:23:20,040 [ERROR] LogOutputStream:75 - [STDERR_REDIRECT] 
2026-03-29 20:23:21,041 [ERROR] LogOutputStream:75 - [STDERR_REDIRECT] [Fatal Error] :1:1: Premature end of file.
2026-03-29 20:23:21,041 [ERROR] LogOutputStream:75 - [STDERR_REDIRECT] 
2026-03-29 20:23:22,034 [ERROR] LogOutputStream:75 - [STDERR_REDIRECT] [Fatal Error] :1:1: Premature end of file.
2026-03-29 20:23:22,034 [ERROR] LogOutputStream:75 - [STDERR_REDIRECT] 
2026-03-29 20:23:23,038 [ERROR] LogOutputStream:75 - [STDERR_REDIRECT] [Fatal Error] :1:1: Premature end of file.
2026-03-29 20:23:23,039 [ERROR] LogOutputStream:75 - [STDERR_REDIRECT] 
2026-03-29 20:23:24,044 [ERROR] LogOutputStream:75 - [STDERR_REDIRECT] [Fatal Error] :1:1: Premature end of file.
2026-03-29 20:23:24,045 [ERROR] LogOutputStream:75 - [STDERR_REDIRECT] 
2026-03-29 20:23:25,034 [ERROR] LogOutputStream:75 - [STDERR_REDIRECT] [Fatal Error] :1:1: Premature end of file.
2026-03-29 20:23:25,034 [ERROR] LogOutputStream:75 - [STDERR_REDIRECT] 
2026-03-29 20:23:26,034 [ERROR] LogOutputStream:75 - [STDERR_REDIRECT] [Fatal Error] :1:1: Premature end of file.
2026-03-29 20:23:26,034 [ERROR] LogOutputStream:75 - [STDERR_REDIRECT] 
2026-03-29 20:23:27,036 [ERROR] LogOutputStream:75 - [STDERR_REDIRECT] [Fatal Error] :1:1: Premature end of file.
2026-03-29 20:23:27,037 [ERROR] LogOutputStream:75 - [STDERR_REDIRECT] 
2026-03-29 20:23:28,032 [ERROR] LogOutputStream:75 - [STDERR_REDIRECT] [Fatal Error] :1:1: Premature end of file.
2026-03-29 20:23:28,033 [ERROR] LogOutputStream:75 - [STDERR_REDIRECT] 
2026-03-29 20:23:29,055 [ERROR] LogOutputStream:75 - [STDERR_REDIRECT] [Fatal Error] :1:1: Premature end of file.
2026-03-29 20:23:29,055 [ERROR] LogOutputStream:75 - [STDERR_REDIRECT] 
2026-03-29 20:23:30,030 [ERROR] LogOutputStream:75 - [STDERR_REDIRECT] [Fatal Error] :1:1: Premature end of file.
2026-03-29 20:23:30,031 [ERROR] LogOutputStream:75 - [STDERR_REDIRECT] 
2026-03-29 20:23:31,038 [ERROR] LogOutputStream:75 - [STDERR_REDIRECT] [Fatal Error] :1:1: Premature end of file.
2026-03-29 20:23:31,038 [ERROR] LogOutputStream:75 - [STDERR_REDIRECT] 
2026-03-29 20:23:32,026 [ERROR] LogOutputStream:75 - [STDERR_REDIRECT] [Fatal Error] :1:1: Premature end of file.
2026-03-29 20:23:32,027 [ERROR] LogOutputStream:75 - [STDERR_REDIRECT] 
2026-03-29 20:23:33,060 [ERROR] LogOutputStream:75 - [STDERR_REDIRECT] [Fatal Error] :1:1: Premature end of file.
2026-03-29 20:23:33,061 [ERROR] LogOutputStream:75 - [STDERR_REDIRECT] 
2026-03-29 20:23:34,036 [ERROR] LogOutputStream:75 - [STDERR_REDIRECT] [Fatal Error] :1:1: Premature end of file.
2026-03-29 20:23:34,036 [ERROR] LogOutputStream:75 - [STDERR_REDIRECT] 
2026-03-29 20:23:35,036 [ERROR] LogOutputStream:75 - [STDERR_REDIRECT] [Fatal Error] :1:1: Premature end of file.
2026-03-29 20:23:35,036 [ERROR] LogOutputStream:75 - [STDERR_REDIRECT] 
2026-03-29 20:23:36,033 [ERROR] LogOutputStream:75 - [STDERR_REDIRECT] [Fatal Error] :1:1: Premature end of file.
2026-03-29 20:23:36,034 [ERROR] LogOutputStream:75 - [STDERR_REDIRECT] 
2026-03-29 20:23:37,037 [ERROR] LogOutputStream:75 - [STDERR_REDIRECT] [Fatal Error] :1:1: Premature end of file.
2026-03-29 20:23:37,038 [ERROR] LogOutputStream:75 - [STDERR_REDIRECT] 
2026-03-29 20:23:38,035 [ERROR] LogOutputStream:75 - [STDERR_REDIRECT] [Fatal Error] :1:1: Premature end of file.
2026-03-29 20:23:38,035 [ERROR] LogOutputStream:75 - [STDERR_REDIRECT] 
2026-03-29 20:23:39,039 [ERROR] LogOutputStream:75 - [STDERR_REDIRECT] [Fatal Error] :1:1: Premature end of file.
2026-03-29 20:23:39,040 [ERROR] LogOutputStream:75 - [STDERR_REDIRECT] 
2026-03-29 20:23:40,041 [ERROR] LogOutputStream:75 - [STDERR_REDIRECT] [Fatal Error] :1:1: Premature end of file.
2026-03-29 20:23:40,041 [ERROR] LogOutputStream:75 - [STDERR_REDIRECT] 
2026-03-29 20:23:41,045 [ERROR] LogOutputStream:75 - [STDERR_REDIRECT] [Fatal Error] :1:1: Premature end of file.
2026-03-29 20:23:41,045 [ERROR] LogOutputStream:75 - [STDERR_REDIRECT] 
2026-03-29 20:23:42,038 [ERROR] LogOutputStream:75 - [STDERR_REDIRECT] [Fatal Error] :1:1: Premature end of file.
2026-03-29 20:23:42,038 [ERROR] LogOutputStream:75 - [STDERR_REDIRECT] 
2026-03-29 20:23:43,034 [ERROR] LogOutputStream:75 - [STDERR_REDIRECT] [Fatal Error] :1:1: Premature end of file.
2026-03-29 20:23:43,034 [ERROR] LogOutputStream:75 - [STDERR_REDIRECT] 
2026-03-29 20:23:44,032 [ERROR] LogOutputStream:75 - [STDERR_REDIRECT] [Fatal Error] :1:1: Premature end of file.
2026-03-29 20:23:44,032 [ERROR] LogOutputStream:75 - [STDERR_REDIRECT] 
2026-03-29 20:23:45,037 [ERROR] LogOutputStream:75 - [STDERR_REDIRECT] [Fatal Error] :1:1: Premature end of file.
2026-03-29 20:23:45,037 [ERROR] LogOutputStream:75 - [STDERR_REDIRECT] 
2026-03-29 20:23:46,036 [ERROR] LogOutputStream:75 - [STDERR_REDIRECT] [Fatal Error] :1:1: Premature end of file.
2026-03-29 20:23:46,037 [ERROR] LogOutputStream:75 - [STDERR_REDIRECT] 
2026-03-29 20:23:47,034 [ERROR] LogOutputStream:75 - [STDERR_REDIRECT] [Fatal Error] :1:1: Premature end of file.
2026-03-29 20:23:47,034 [ERROR] LogOutputStream:75 - [STDERR_REDIRECT] 
2026-03-29 20:23:48,037 [ERROR] LogOutputStream:75 - [STDERR_REDIRECT] [Fatal Error] :1:1: Premature end of file.
2026-03-29 20:23:48,037 [ERROR] LogOutputStream:75 - [STDERR_REDIRECT] 
2026-03-29 20:23:49,041 [ERROR] LogOutputStream:75 - [STDERR_REDIRECT] [Fatal Error] :1:1: Premature end of file.
2026-03-29 20:23:49,041 [ERROR] LogOutputStream:75 - [STDERR_REDIRECT] 
2026-03-29 20:23:50,037 [ERROR] LogOutputStream:75 - [STDERR_REDIRECT] [Fatal Error] :1:1: Premature end of file.
2026-03-29 20:23:50,037 [ERROR] LogOutputStream:75 - [STDERR_REDIRECT] 
2026-03-29 20:23:51,023 [ERROR] LogOutputStream:75 - [STDERR_REDIRECT] [Fatal Error] :1:1: Premature end of file.
2026-03-29 20:23:51,023 [ERROR] LogOutputStream:75 - [STDERR_REDIRECT] 
2026-03-29 20:23:52,031 [ERROR] LogOutputStream:75 - [STDERR_REDIRECT] [Fatal Error] :1:1: Premature end of file.
2026-03-29 20:23:52,031 [ERROR] LogOutputStream:75 - [STDERR_REDIRECT] 
2026-03-29 20:23:53,023 [ERROR] LogOutputStream:75 - [STDERR_REDIRECT] [Fatal Error] :1:1: Premature end of file.
2026-03-29 20:23:53,023 [ERROR] LogOutputStream:75 - [STDERR_REDIRECT] 
2026-03-29 20:23:54,022 [ERROR] LogOutputStream:75 - [STDERR_REDIRECT] [Fatal Error] :1:1: Premature end of file.
2026-03-29 20:23:54,023 [ERROR] LogOutputStream:75 - [STDERR_REDIRECT] 
2026-03-29 20:23:55,030 [ERROR] LogOutputStream:75 - [STDERR_REDIRECT] [Fatal Error] :1:1: Premature end of file.
2026-03-29 20:23:55,030 [ERROR] LogOutputStream:75 - [STDERR_REDIRECT] 
2026-03-29 20:23:56,021 [ERROR] LogOutputStream:75 - [STDERR_REDIRECT] [Fatal Error] :1:1: Premature end of file.
2026-03-29 20:23:56,022 [ERROR] LogOutputStream:75 - [STDERR_REDIRECT] 
2026-03-29 20:23:57,036 [ERROR] LogOutputStream:75 - [STDERR_REDIRECT] [Fatal Error] :1:1: Premature end of file.
2026-03-29 20:23:57,036 [ERROR] LogOutputStream:75 - [STDERR_REDIRECT] 
2026-03-29 20:23:58,040 [ERROR] LogOutputStream:75 - [STDERR_REDIRECT] [Fatal Error] :1:1: Premature end of file.
2026-03-29 20:23:58,040 [ERROR] LogOutputStream:75 - [STDERR_REDIRECT] 
2026-03-29 20:23:59,037 [ERROR] LogOutputStream:75 - [STDERR_REDIRECT] [Fatal Error] :1:1: Premature end of file.
2026-03-29 20:23:59,037 [ERROR] LogOutputStream:75 - [STDERR_REDIRECT] 
2026-03-29 20:24:00,031 [ERROR] LogOutputStream:75 - [STDERR_REDIRECT] [Fatal Error] :1:1: Premature end of file.
2026-03-29 20:24:00,032 [ERROR] LogOutputStream:75 - [STDERR_REDIRECT] 
2026-03-29 20:24:01,039 [ERROR] LogOutputStream:75 - [STDERR_REDIRECT] [Fatal Error] :1:1: Premature end of file.
2026-03-29 20:24:01,039 [ERROR] LogOutputStream:75 - [STDERR_REDIRECT] 
2026-03-29 20:24:02,041 [ERROR] LogOutputStream:75 - [STDERR_REDIRECT] [Fatal Error] :1:1: Premature end of file.
2026-03-29 20:24:02,041 [ERROR] LogOutputStream:75 - [STDERR_REDIRECT] 
2026-03-29 20:24:03,033 [ERROR] LogOutputStream:75 - [STDERR_REDIRECT] [Fatal Error] :1:1: Premature end of file.
2026-03-29 20:24:03,033 [ERROR] LogOutputStream:75 - [STDERR_REDIRECT] 
2026-03-29 20:24:04,033 [ERROR] LogOutputStream:75 - [STDERR_REDIRECT] [Fatal Error] :1:1: Premature end of file.
2026-03-29 20:24:04,033 [ERROR] LogOutputStream:75 - [STDERR_REDIRECT] 
2026-03-29 20:24:05,028 [ERROR] LogOutputStream:75 - [STDERR_REDIRECT] [Fatal Error] :1:1: Premature end of file.
2026-03-29 20:24:05,029 [ERROR] LogOutputStream:75 - [STDERR_REDIRECT] 
2026-03-29 20:24:06,025 [ERROR] LogOutputStream:75 - [STDERR_REDIRECT] [Fatal Error] :1:1: Premature end of file.
2026-03-29 20:24:06,025 [ERROR] LogOutputStream:75 - [STDERR_REDIRECT] 
2026-03-29 20:24:07,046 [ERROR] LogOutputStream:75 - [STDERR_REDIRECT] [Fatal Error] :1:1: Premature end of file.
2026-03-29 20:24:07,047 [ERROR] LogOutputStream:75 - [STDERR_REDIRECT] 
2026-03-29 20:24:08,033 [ERROR] LogOutputStream:75 - [STDERR_REDIRECT] [Fatal Error] :1:1: Premature end of file.
2026-03-29 20:24:08,033 [ERROR] LogOutputStream:75 - [STDERR_REDIRECT] 
2026-03-29 20:24:09,047 [ERROR] LogOutputStream:75 - [STDERR_REDIRECT] [Fatal Error] :1:1: Premature end of file.
2026-03-29 20:24:09,047 [ERROR] LogOutputStream:75 - [STDERR_REDIRECT] 
2026-03-29 20:24:10,030 [ERROR] LogOutputStream:75 - [STDERR_REDIRECT] [Fatal Error] :1:1: Premature end of file.
2026-03-29 20:24:10,030 [ERROR] LogOutputStream:75 - [STDERR_REDIRECT] 
2026-03-29 20:24:11,036 [ERROR] LogOutputStream:75 - [STDERR_REDIRECT] [Fatal Error] :1:1: Premature end of file.
2026-03-29 20:24:11,036 [ERROR] LogOutputStream:75 - [STDERR_REDIRECT] 
2026-03-29 20:24:12,024 [ERROR] LogOutputStream:75 - [STDERR_REDIRECT] [Fatal Error] :1:1: Premature end of file.
2026-03-29 20:24:12,025 [ERROR] LogOutputStream:75 - [STDERR_REDIRECT] 
2026-03-29 20:24:13,043 [ERROR] LogOutputStream:75 - [STDERR_REDIRECT] [Fatal Error] :1:1: Premature end of file.
2026-03-29 20:24:13,043 [ERROR] LogOutputStream:75 - [STDERR_REDIRECT] 
2026-03-29 20:24:14,039 [ERROR] LogOutputStream:75 - [STDERR_REDIRECT] [Fatal Error] :1:1: Premature end of file.
2026-03-29 20:24:14,039 [ERROR] LogOutputStream:75 - [STDERR_REDIRECT] 
2026-03-29 20:24:15,040 [ERROR] LogOutputStream:75 - [STDERR_REDIRECT] [Fatal Error] :1:1: Premature end of file.
2026-03-29 20:24:15,040 [ERROR] LogOutputStream:75 - [STDERR_REDIRECT] 
2026-03-29 20:24:16,043 [ERROR] LogOutputStream:75 - [STDERR_REDIRECT] [Fatal Error] :1:1: Premature end of file.
2026-03-29 20:24:16,044 [ERROR] LogOutputStream:75 - [STDERR_REDIRECT] 
2026-03-29 20:24:17,042 [ERROR] LogOutputStream:75 - [STDERR_REDIRECT] [Fatal Error] :1:1: Premature end of file.
2026-03-29 20:24:17,042 [ERROR] LogOutputStream:75 - [STDERR_REDIRECT] 
2026-03-29 20:24:18,034 [ERROR] LogOutputStream:75 - [STDERR_REDIRECT] [Fatal Error] :1:1: Premature end of file.
2026-03-29 20:24:18,034 [ERROR] LogOutputStream:75 - [STDERR_REDIRECT] 
2026-03-29 20:24:19,040 [ERROR] LogOutputStream:75 - [STDERR_REDIRECT] [Fatal Error] :1:1: Premature end of file.
2026-03-29 20:24:19,040 [ERROR] LogOutputStream:75 - [STDERR_REDIRECT] 
2026-03-29 20:24:20,032 [ERROR] LogOutputStream:75 - [STDERR_REDIRECT] [Fatal Error] :1:1: Premature end of file.
2026-03-29 20:24:20,032 [ERROR] LogOutputStream:75 - [STDERR_REDIRECT] 
2026-03-29 20:24:21,038 [ERROR] LogOutputStream:75 - [STDERR_REDIRECT] [Fatal Error] :1:1: Premature end of file.
2026-03-29 20:24:21,039 [ERROR] LogOutputStream:75 - [STDERR_REDIRECT] 
2026-03-29 20:24:22,032 [ERROR] LogOutputStream:75 - [STDERR_REDIRECT] [Fatal Error] :1:1: Premature end of file.
2026-03-29 20:24:22,032 [ERROR] LogOutputStream:75 - [STDERR_REDIRECT] 
2026-03-29 20:24:23,035 [ERROR] LogOutputStream:75 - [STDERR_REDIRECT] [Fatal Error] :1:1: Premature end of file.
2026-03-29 20:24:23,035 [ERROR] LogOutputStream:75 - [STDERR_REDIRECT] 
2026-03-29 20:24:24,043 [ERROR] LogOutputStream:75 - [STDERR_REDIRECT] [Fatal Error] :1:1: Premature end of file.
2026-03-29 20:24:24,043 [ERROR] LogOutputStream:75 - [STDERR_REDIRECT] 
2026-03-29 20:24:25,039 [ERROR] LogOutputStream:75 - [STDERR_REDIRECT] [Fatal Error] :1:1: Premature end of file.
2026-03-29 20:24:25,039 [ERROR] LogOutputStream:75 - [STDERR_REDIRECT] 
2026-03-29 20:24:26,042 [ERROR] LogOutputStream:75 - [STDERR_REDIRECT] [Fatal Error] :1:1: Premature end of file.
2026-03-29 20:24:26,043 [ERROR] LogOutputStream:75 - [STDERR_REDIRECT] 
2026-03-29 20:24:27,040 [ERROR] LogOutputStream:75 - [STDERR_REDIRECT] [Fatal Error] :1:1: Premature end of file.
2026-03-29 20:24:27,040 [ERROR] LogOutputStream:75 - [STDERR_REDIRECT] 
2026-03-29 20:24:28,039 [ERROR] LogOutputStream:75 - [STDERR_REDIRECT] [Fatal Error] :1:1: Premature end of file.
2026-03-29 20:24:28,039 [ERROR] LogOutputStream:75 - [STDERR_REDIRECT] 
2026-03-29 20:24:29,025 [ERROR] LogOutputStream:75 - [STDERR_REDIRECT] [Fatal Error] :1:1: Premature end of file.
2026-03-29 20:24:29,025 [ERROR] LogOutputStream:75 - [STDERR_REDIRECT] 
2026-03-29 20:24:30,033 [ERROR] LogOutputStream:75 - [STDERR_REDIRECT] [Fatal Error] :1:1: Premature end of file.
2026-03-29 20:24:30,033 [ERROR] LogOutputStream:75 - [STDERR_REDIRECT] 
2026-03-29 20:24:31,030 [ERROR] LogOutputStream:75 - [STDERR_REDIRECT] [Fatal Error] :1:1: Premature end of file.
2026-03-29 20:24:31,031 [ERROR] LogOutputStream:75 - [STDERR_REDIRECT] 
2026-03-29 20:24:32,029 [ERROR] LogOutputStream:75 - [STDERR_REDIRECT] [Fatal Error] :1:1: Premature end of file.
2026-03-29 20:24:32,029 [ERROR] LogOutputStream:75 - [STDERR_REDIRECT] 
2026-03-29 20:24:33,036 [ERROR] LogOutputStream:75 - [STDERR_REDIRECT] [Fatal Error] :1:1: Premature end of file.
2026-03-29 20:24:33,036 [ERROR] LogOutputStream:75 - [STDERR_REDIRECT] 
2026-03-29 20:24:34,041 [ERROR] LogOutputStream:75 - [STDERR_REDIRECT] [Fatal Error] :1:1: Premature end of file.
2026-03-29 20:24:34,041 [ERROR] LogOutputStream:75 - [STDERR_REDIRECT] 
2026-03-29 20:24:35,039 [ERROR] LogOutputStream:75 - [STDERR_REDIRECT] [Fatal Error] :1:1: Premature end of file.
2026-03-29 20:24:35,039 [ERROR] LogOutputStream:75 - [STDERR_REDIRECT] 
2026-03-29 20:24:36,032 [ERROR] LogOutputStream:75 - [STDERR_REDIRECT] [Fatal Error] :1:1: Premature end of file.
2026-03-29 20:24:36,032 [ERROR] LogOutputStream:75 - [STDERR_REDIRECT] 
2026-03-29 20:24:37,031 [ERROR] LogOutputStream:75 - [STDERR_REDIRECT] [Fatal Error] :1:1: Premature end of file.
2026-03-29 20:24:37,032 [ERROR] LogOutputStream:75 - [STDERR_REDIRECT] 
2026-03-29 20:24:38,047 [ERROR] LogOutputStream:75 - [STDERR_REDIRECT] [Fatal Error] :1:1: Premature end of file.
2026-03-29 20:24:38,047 [ERROR] LogOutputStream:75 - [STDERR_REDIRECT] 
2026-03-29 20:24:39,039 [ERROR] LogOutputStream:75 - [STDERR_REDIRECT] [Fatal Error] :1:1: Premature end of file.
2026-03-29 20:24:39,040 [ERROR] LogOutputStream:75 - [STDERR_REDIRECT] 
2026-03-29 20:24:40,033 [ERROR] LogOutputStream:75 - [STDERR_REDIRECT] [Fatal Error] :1:1: Premature end of file.
2026-03-29 20:24:40,033 [ERROR] LogOutputStream:75 - [STDERR_REDIRECT] 
2026-03-29 20:24:41,032 [ERROR] LogOutputStream:75 - [STDERR_REDIRECT] [Fatal Error] :1:1: Premature end of file.
2026-03-29 20:24:41,032 [ERROR] LogOutputStream:75 - [STDERR_REDIRECT] 
2026-03-29 20:24:42,039 [ERROR] LogOutputStream:75 - [STDERR_REDIRECT] [Fatal Error] :1:1: Premature end of file.
2026-03-29 20:24:42,040 [ERROR] LogOutputStream:75 - [STDERR_REDIRECT] 
2026-03-29 20:24:43,042 [ERROR] LogOutputStream:75 - [STDERR_REDIRECT] [Fatal Error] :1:1: Premature end of file.
2026-03-29 20:24:43,043 [ERROR] LogOutputStream:75 - [STDERR_REDIRECT] 
2026-03-29 20:24:44,036 [ERROR] LogOutputStream:75 - [STDERR_REDIRECT] [Fatal Error] :1:1: Premature end of file.
2026-03-29 20:24:44,036 [ERROR] LogOutputStream:75 - [STDERR_REDIRECT] 
2026-03-29 20:24:45,031 [ERROR] LogOutputStream:75 - [STDERR_REDIRECT] [Fatal Error] :1:1: Premature end of file.
2026-03-29 20:24:45,031 [ERROR] LogOutputStream:75 - [STDERR_REDIRECT] 
2026-03-29 20:24:46,031 [ERROR] LogOutputStream:75 - [STDERR_REDIRECT] [Fatal Error] :1:1: Premature end of file.
2026-03-29 20:24:46,032 [ERROR] LogOutputStream:75 - [STDERR_REDIRECT] 
2026-03-29 20:24:47,032 [ERROR] LogOutputStream:75 - [STDERR_REDIRECT] [Fatal Error] :1:1: Premature end of file.
2026-03-29 20:24:47,032 [ERROR] LogOutputStream:75 - [STDERR_REDIRECT] 
2026-03-29 20:24:48,022 [ERROR] LogOutputStream:75 - [STDERR_REDIRECT] [Fatal Error] :1:1: Premature end of file.
2026-03-29 20:24:48,022 [ERROR] LogOutputStream:75 - [STDERR_REDIRECT] 
2026-03-29 20:24:49,036 [ERROR] LogOutputStream:75 - [STDERR_REDIRECT] [Fatal Error] :1:1: Premature end of file.
2026-03-29 20:24:49,036 [ERROR] LogOutputStream:75 - [STDERR_REDIRECT] 
2026-03-29 20:24:50,045 [ERROR] LogOutputStream:75 - [STDERR_REDIRECT] [Fatal Error] :1:1: Premature end of file.
2026-03-29 20:24:50,046 [ERROR] LogOutputStream:75 - [STDERR_REDIRECT] 
2026-03-29 20:24:51,029 [ERROR] LogOutputStream:75 - [STDERR_REDIRECT] [Fatal Error] :1:1: Premature end of file.
2026-03-29 20:24:51,029 [ERROR] LogOutputStream:75 - [STDERR_REDIRECT] 
2026-03-29 20:24:52,044 [ERROR] LogOutputStream:75 - [STDERR_REDIRECT] [Fatal Error] :1:1: Premature end of file.
2026-03-29 20:24:52,045 [ERROR] LogOutputStream:75 - [STDERR_REDIRECT] 
2026-03-29 20:24:53,040 [ERROR] LogOutputStream:75 - [STDERR_REDIRECT] [Fatal Error] :1:1: Premature end of file.
2026-03-29 20:24:53,041 [ERROR] LogOutputStream:75 - [STDERR_REDIRECT] 
2026-03-29 20:24:54,035 [ERROR] LogOutputStream:75 - [STDERR_REDIRECT] [Fatal Error] :1:1: Premature end of file.
2026-03-29 20:24:54,035 [ERROR] LogOutputStream:75 - [STDERR_REDIRECT] 
2026-03-29 20:24:55,051 [ERROR] LogOutputStream:75 - [STDERR_REDIRECT] [Fatal Error] :1:1: Premature end of file.
2026-03-29 20:24:55,051 [ERROR] LogOutputStream:75 - [STDERR_REDIRECT] 
2026-03-29 20:24:56,037 [ERROR] LogOutputStream:75 - [STDERR_REDIRECT] [Fatal Error] :1:1: Premature end of file.
2026-03-29 20:24:56,037 [ERROR] LogOutputStream:75 - [STDERR_REDIRECT] 
2026-03-29 20:24:57,039 [ERROR] LogOutputStream:75 - [STDERR_REDIRECT] [Fatal Error] :1:1: Premature end of file.
2026-03-29 20:24:57,040 [ERROR] LogOutputStream:75 - [STDERR_REDIRECT] 
2026-03-29 20:24:58,030 [ERROR] LogOutputStream:75 - [STDERR_REDIRECT] [Fatal Error] :1:1: Premature end of file.
2026-03-29 20:24:58,031 [ERROR] LogOutputStream:75 - [STDERR_REDIRECT] 
2026-03-29 20:24:59,044 [ERROR] LogOutputStream:75 - [STDERR_REDIRECT] [Fatal Error] :1:1: Premature end of file.
2026-03-29 20:24:59,045 [ERROR] LogOutputStream:75 - [STDERR_REDIRECT] 
2026-03-29 20:25:00,047 [ERROR] LogOutputStream:75 - [STDERR_REDIRECT] [Fatal Error] :1:1: Premature end of file.
2026-03-29 20:25:00,048 [ERROR] LogOutputStream:75 - [STDERR_REDIRECT] 
2026-03-29 20:25:01,036 [ERROR] LogOutputStream:75 - [STDERR_REDIRECT] [Fatal Error] :1:1: Premature end of file.
2026-03-29 20:25:01,036 [ERROR] LogOutputStream:75 - [STDERR_REDIRECT] 
2026-03-29 20:25:02,032 [ERROR] LogOutputStream:75 - [STDERR_REDIRECT] [Fatal Error] :1:1: Premature end of file.
2026-03-29 20:25:02,032 [ERROR] LogOutputStream:75 - [STDERR_REDIRECT] 
2026-03-29 20:25:03,032 [ERROR] LogOutputStream:75 - [STDERR_REDIRECT] [Fatal Error] :1:1: Premature end of file.
2026-03-29 20:25:03,033 [ERROR] LogOutputStream:75 - [STDERR_REDIRECT] 
2026-03-29 20:25:04,038 [ERROR] LogOutputStream:75 - [STDERR_REDIRECT] [Fatal Error] :1:1: Premature end of file.
2026-03-29 20:25:04,039 [ERROR] LogOutputStream:75 - [STDERR_REDIRECT] 
2026-03-29 20:25:05,035 [ERROR] LogOutputStream:75 - [STDERR_REDIRECT] [Fatal Error] :1:1: Premature end of file.
2026-03-29 20:25:05,035 [ERROR] LogOutputStream:75 - [STDERR_REDIRECT] 
2026-03-29 20:25:06,036 [ERROR] LogOutputStream:75 - [STDERR_REDIRECT] [Fatal Error] :1:1: Premature end of file.
2026-03-29 20:25:06,036 [ERROR] LogOutputStream:75 - [STDERR_REDIRECT] 
2026-03-29 20:25:07,024 [ERROR] LogOutputStream:75 - [STDERR_REDIRECT] [Fatal Error] :1:1: Premature end of file.
2026-03-29 20:25:07,026 [ERROR] LogOutputStream:75 - [STDERR_REDIRECT] 
2026-03-29 20:25:08,032 [ERROR] LogOutputStream:75 - [STDERR_REDIRECT] [Fatal Error] :1:1: Premature end of file.
2026-03-29 20:25:08,033 [ERROR] LogOutputStream:75 - [STDERR_REDIRECT] 
2026-03-29 20:25:09,038 [ERROR] LogOutputStream:75 - [STDERR_REDIRECT] [Fatal Error] :1:1: Premature end of file.
2026-03-29 20:25:09,038 [ERROR] LogOutputStream:75 - [STDERR_REDIRECT] 
2026-03-29 20:25:10,032 [ERROR] LogOutputStream:75 - [STDERR_REDIRECT] [Fatal Error] :1:1: Premature end of file.
2026-03-29 20:25:10,032 [ERROR] LogOutputStream:75 - [STDERR_REDIRECT] 
2026-03-29 20:25:11,031 [ERROR] LogOutputStream:75 - [STDERR_REDIRECT] [Fatal Error] :1:1: Premature end of file.
2026-03-29 20:25:11,032 [ERROR] LogOutputStream:75 - [STDERR_REDIRECT] 
2026-03-29 20:25:12,037 [ERROR] LogOutputStream:75 - [STDERR_REDIRECT] [Fatal Error] :1:1: Premature end of file.
2026-03-29 20:25:12,038 [ERROR] LogOutputStream:75 - [STDERR_REDIRECT] 
2026-03-29 20:25:13,039 [ERROR] LogOutputStream:75 - [STDERR_REDIRECT] [Fatal Error] :1:1: Premature end of file.
2026-03-29 20:25:13,039 [ERROR] LogOutputStream:75 - [STDERR_REDIRECT] 
2026-03-29 20:25:14,037 [ERROR] LogOutputStream:75 - [STDERR_REDIRECT] [Fatal Error] :1:1: Premature end of file.
2026-03-29 20:25:14,037 [ERROR] LogOutputStream:75 - [STDERR_REDIRECT] 
2026-03-29 20:25:15,036 [ERROR] LogOutputStream:75 - [STDERR_REDIRECT] [Fatal Error] :1:1: Premature end of file.
2026-03-29 20:25:15,036 [ERROR] LogOutputStream:75 - [STDERR_REDIRECT] 
2026-03-29 20:25:16,036 [ERROR] LogOutputStream:75 - [STDERR_REDIRECT] [Fatal Error] :1:1: Premature end of file.
2026-03-29 20:25:16,036 [ERROR] LogOutputStream:75 - [STDERR_REDIRECT] 
2026-03-29 20:25:17,032 [ERROR] LogOutputStream:75 - [STDERR_REDIRECT] [Fatal Error] :1:1: Premature end of file.
2026-03-29 20:25:17,032 [ERROR] LogOutputStream:75 - [STDERR_REDIRECT] 
2026-03-29 20:25:18,035 [ERROR] LogOutputStream:75 - [STDERR_REDIRECT] [Fatal Error] :1:1: Premature end of file.
2026-03-29 20:25:18,035 [ERROR] LogOutputStream:75 - [STDERR_REDIRECT] 
2026-03-29 20:25:19,045 [ERROR] LogOutputStream:75 - [STDERR_REDIRECT] [Fatal Error] :1:1: Premature end of file.
2026-03-29 20:25:19,045 [ERROR] LogOutputStream:75 - [STDERR_REDIRECT] 
2026-03-29 20:25:20,033 [ERROR] LogOutputStream:75 - [STDERR_REDIRECT] [Fatal Error] :1:1: Premature end of file.
2026-03-29 20:25:20,033 [ERROR] LogOutputStream:75 - [STDERR_REDIRECT] 
2026-03-29 20:25:21,032 [ERROR] LogOutputStream:75 - [STDERR_REDIRECT] [Fatal Error] :1:1: Premature end of file.
2026-03-29 20:25:21,033 [ERROR] LogOutputStream:75 - [STDERR_REDIRECT] 
2026-03-29 20:25:22,038 [ERROR] LogOutputStream:75 - [STDERR_REDIRECT] [Fatal Error] :1:1: Premature end of file.
2026-03-29 20:25:22,038 [ERROR] LogOutputStream:75 - [STDERR_REDIRECT] 
2026-03-29 20:25:23,037 [ERROR] LogOutputStream:75 - [STDERR_REDIRECT] [Fatal Error] :1:1: Premature end of file.
2026-03-29 20:25:23,037 [ERROR] LogOutputStream:75 - [STDERR_REDIRECT] 
2026-03-29 20:25:24,038 [ERROR] LogOutputStream:75 - [STDERR_REDIRECT] [Fatal Error] :1:1: Premature end of file.
2026-03-29 20:25:24,039 [ERROR] LogOutputStream:75 - [STDERR_REDIRECT] 
2026-03-29 20:25:25,033 [ERROR] LogOutputStream:75 - [STDERR_REDIRECT] [Fatal Error] :1:1: Premature end of file.
2026-03-29 20:25:25,034 [ERROR] LogOutputStream:75 - [STDERR_REDIRECT] 
2026-03-29 20:25:26,044 [ERROR] LogOutputStream:75 - [STDERR_REDIRECT] [Fatal Error] :1:1: Premature end of file.
2026-03-29 20:25:26,044 [ERROR] LogOutputStream:75 - [STDERR_REDIRECT] 
2026-03-29 20:25:27,032 [ERROR] LogOutputStream:75 - [STDERR_REDIRECT] [Fatal Error] :1:1: Premature end of file.
2026-03-29 20:25:27,033 [ERROR] LogOutputStream:75 - [STDERR_REDIRECT] 
2026-03-29 20:25:28,033 [ERROR] LogOutputStream:75 - [STDERR_REDIRECT] [Fatal Error] :1:1: Premature end of file.
2026-03-29 20:25:28,033 [ERROR] LogOutputStream:75 - [STDERR_REDIRECT] 
2026-03-29 20:25:29,021 [ERROR] LogOutputStream:75 - [STDERR_REDIRECT] [Fatal Error] :1:1: Premature end of file.
2026-03-29 20:25:29,022 [ERROR] LogOutputStream:75 - [STDERR_REDIRECT] 
2026-03-29 20:25:30,036 [ERROR] LogOutputStream:75 - [STDERR_REDIRECT] [Fatal Error] :1:1: Premature end of file.
2026-03-29 20:25:30,036 [ERROR] LogOutputStream:75 - [STDERR_REDIRECT] 
2026-03-29 20:25:31,040 [ERROR] LogOutputStream:75 - [STDERR_REDIRECT] [Fatal Error] :1:1: Premature end of file.
2026-03-29 20:25:31,040 [ERROR] LogOutputStream:75 - [STDERR_REDIRECT] 
2026-03-29 20:25:32,044 [ERROR] LogOutputStream:75 - [STDERR_REDIRECT] [Fatal Error] :1:1: Premature end of file.
2026-03-29 20:25:32,044 [ERROR] LogOutputStream:75 - [STDERR_REDIRECT] 
2026-03-29 20:25:33,041 [ERROR] LogOutputStream:75 - [STDERR_REDIRECT] [Fatal Error] :1:1: Premature end of file.
2026-03-29 20:25:33,042 [ERROR] LogOutputStream:75 - [STDERR_REDIRECT] 
2026-03-29 20:25:34,028 [ERROR] LogOutputStream:75 - [STDERR_REDIRECT] [Fatal Error] :1:1: Premature end of file.
2026-03-29 20:25:34,028 [ERROR] LogOutputStream:75 - [STDERR_REDIRECT] 
2026-03-29 20:25:35,053 [ERROR] LogOutputStream:75 - [STDERR_REDIRECT] [Fatal Error] :1:1: Premature end of file.
2026-03-29 20:25:35,053 [ERROR] LogOutputStream:75 - [STDERR_REDIRECT] 
2026-03-29 20:25:36,133 [ERROR] LogOutputStream:75 - [STDERR_REDIRECT] [Fatal Error] :1:1: Premature end of file.
2026-03-29 20:25:36,134 [ERROR] LogOutputStream:75 - [STDERR_REDIRECT] 
2026-03-29 20:25:37,081 [ERROR] LogOutputStream:75 - [STDERR_REDIRECT] [Fatal Error] :1:1: Premature end of file.
2026-03-29 20:25:37,082 [ERROR] LogOutputStream:75 - [STDERR_REDIRECT] 
2026-03-29 20:25:38,261 [ERROR] LogOutputStream:75 - [STDERR_REDIRECT] [Fatal Error] :1:1: Premature end of file.
2026-03-29 20:25:38,262 [ERROR] LogOutputStream:75 - [STDERR_REDIRECT] 
2026-03-29 20:25:39,173 [ERROR] LogOutputStream:75 - [STDERR_REDIRECT] [Fatal Error] :1:1: Premature end of file.
2026-03-29 20:25:39,173 [ERROR] LogOutputStream:75 - [STDERR_REDIRECT] 
2026-03-29 20:25:40,066 [ERROR] LogOutputStream:75 - [STDERR_REDIRECT] [Fatal Error] :1:1: Premature end of file.
2026-03-29 20:25:40,067 [ERROR] LogOutputStream:75 - [STDERR_REDIRECT] 
2026-03-29 20:25:41,079 [ERROR] LogOutputStream:75 - [STDERR_REDIRECT] [Fatal Error] :1:1: Premature end of file.
2026-03-29 20:25:41,080 [ERROR] LogOutputStream:75 - [STDERR_REDIRECT] 
2026-03-29 20:25:42,033 [ERROR] LogOutputStream:75 - [STDERR_REDIRECT] [Fatal Error] :1:1: Premature end of file.
2026-03-29 20:25:42,034 [ERROR] LogOutputStream:75 - [STDERR_REDIRECT] 
2026-03-29 20:25:43,035 [ERROR] LogOutputStream:75 - [STDERR_REDIRECT] [Fatal Error] :1:1: Premature end of file.
2026-03-29 20:25:43,036 [ERROR] LogOutputStream:75 - [STDERR_REDIRECT] 
2026-03-29 20:25:44,038 [ERROR] LogOutputStream:75 - [STDERR_REDIRECT] [Fatal Error] :1:1: Premature end of file.
2026-03-29 20:25:44,038 [ERROR] LogOutputStream:75 - [STDERR_REDIRECT] 
2026-03-29 20:25:45,043 [ERROR] LogOutputStream:75 - [STDERR_REDIRECT] [Fatal Error] :1:1: Premature end of file.
2026-03-29 20:25:45,044 [ERROR] LogOutputStream:75 - [STDERR_REDIRECT] 
2026-03-29 20:25:46,031 [ERROR] LogOutputStream:75 - [STDERR_REDIRECT] [Fatal Error] :1:1: Premature end of file.
2026-03-29 20:25:46,031 [ERROR] LogOutputStream:75 - [STDERR_REDIRECT] 
2026-03-29 20:25:47,033 [ERROR] LogOutputStream:75 - [STDERR_REDIRECT] [Fatal Error] :1:1: Premature end of file.
2026-03-29 20:25:47,033 [ERROR] LogOutputStream:75 - [STDERR_REDIRECT] 
2026-03-29 20:25:48,033 [ERROR] LogOutputStream:75 - [STDERR_REDIRECT] [Fatal Error] :1:1: Premature end of file.
2026-03-29 20:25:48,033 [ERROR] LogOutputStream:75 - [STDERR_REDIRECT] 
2026-03-29 20:25:49,040 [ERROR] LogOutputStream:75 - [STDERR_REDIRECT] [Fatal Error] :1:1: Premature end of file.
2026-03-29 20:25:49,041 [ERROR] LogOutputStream:75 - [STDERR_REDIRECT] 
2026-03-29 20:25:50,043 [ERROR] LogOutputStream:75 - [STDERR_REDIRECT] [Fatal Error] :1:1: Premature end of file.
2026-03-29 20:25:50,043 [ERROR] LogOutputStream:75 - [STDERR_REDIRECT] 
2026-03-29 20:25:51,033 [ERROR] LogOutputStream:75 - [STDERR_REDIRECT] [Fatal Error] :1:1: Premature end of file.
2026-03-29 20:25:51,033 [ERROR] LogOutputStream:75 - [STDERR_REDIRECT] 
2026-03-29 20:25:52,039 [ERROR] LogOutputStream:75 - [STDERR_REDIRECT] [Fatal Error] :1:1: Premature end of file.
2026-03-29 20:25:52,039 [ERROR] LogOutputStream:75 - [STDERR_REDIRECT] 
2026-03-29 20:25:53,022 [ERROR] LogOutputStream:75 - [STDERR_REDIRECT] [Fatal Error] :1:1: Premature end of file.
2026-03-29 20:25:53,022 [ERROR] LogOutputStream:75 - [STDERR_REDIRECT] 
2026-03-29 20:25:54,043 [ERROR] LogOutputStream:75 - [STDERR_REDIRECT] [Fatal Error] :1:1: Premature end of file.
2026-03-29 20:25:54,044 [ERROR] LogOutputStream:75 - [STDERR_REDIRECT] 
2026-03-29 20:25:55,031 [ERROR] LogOutputStream:75 - [STDERR_REDIRECT] [Fatal Error] :1:1: Premature end of file.
2026-03-29 20:25:55,032 [ERROR] LogOutputStream:75 - [STDERR_REDIRECT] 
2026-03-29 20:25:56,034 [ERROR] LogOutputStream:75 - [STDERR_REDIRECT] [Fatal Error] :1:1: Premature end of file.
2026-03-29 20:25:56,034 [ERROR] LogOutputStream:75 - [STDERR_REDIRECT] 
2026-03-29 20:25:57,036 [ERROR] LogOutputStream:75 - [STDERR_REDIRECT] [Fatal Error] :1:1: Premature end of file.
2026-03-29 20:25:57,036 [ERROR] LogOutputStream:75 - [STDERR_REDIRECT] 
2026-03-29 20:25:58,038 [ERROR] LogOutputStream:75 - [STDERR_REDIRECT] [Fatal Error] :1:1: Premature end of file.
2026-03-29 20:25:58,038 [ERROR] LogOutputStream:75 - [STDERR_REDIRECT] 
2026-03-29 20:25:59,039 [ERROR] LogOutputStream:75 - [STDERR_REDIRECT] [Fatal Error] :1:1: Premature end of file.
2026-03-29 20:25:59,039 [ERROR] LogOutputStream:75 - [STDERR_REDIRECT] 
2026-03-29 20:26:00,045 [ERROR] LogOutputStream:75 - [STDERR_REDIRECT] [Fatal Error] :1:1: Premature end of file.
2026-03-29 20:26:00,045 [ERROR] LogOutputStream:75 - [STDERR_REDIRECT] 
2026-03-29 20:26:01,037 [ERROR] LogOutputStream:75 - [STDERR_REDIRECT] [Fatal Error] :1:1: Premature end of file.
2026-03-29 20:26:01,037 [ERROR] LogOutputStream:75 - [STDERR_REDIRECT] 
2026-03-29 20:26:02,036 [ERROR] LogOutputStream:75 - [STDERR_REDIRECT] [Fatal Error] :1:1: Premature end of file.
2026-03-29 20:26:02,036 [ERROR] LogOutputStream:75 - [STDERR_REDIRECT] 
2026-03-29 20:26:03,034 [ERROR] LogOutputStream:75 - [STDERR_REDIRECT] [Fatal Error] :1:1: Premature end of file.
2026-03-29 20:26:03,034 [ERROR] LogOutputStream:75 - [STDERR_REDIRECT] 
2026-03-29 20:26:04,039 [ERROR] LogOutputStream:75 - [STDERR_REDIRECT] [Fatal Error] :1:1: Premature end of file.
2026-03-29 20:26:04,039 [ERROR] LogOutputStream:75 - [STDERR_REDIRECT] 
2026-03-29 20:26:05,040 [ERROR] LogOutputStream:75 - [STDERR_REDIRECT] [Fatal Error] :1:1: Premature end of file.
2026-03-29 20:26:05,041 [ERROR] LogOutputStream:75 - [STDERR_REDIRECT] 
2026-03-29 20:26:06,039 [ERROR] LogOutputStream:75 - [STDERR_REDIRECT] [Fatal Error] :1:1: Premature end of file.
2026-03-29 20:26:06,040 [ERROR] LogOutputStream:75 - [STDERR_REDIRECT] 
2026-03-29 20:26:07,042 [ERROR] LogOutputStream:75 - [STDERR_REDIRECT] [Fatal Error] :1:1: Premature end of file.
2026-03-29 20:26:07,042 [ERROR] LogOutputStream:75 - [STDERR_REDIRECT] 
2026-03-29 20:26:08,047 [ERROR] LogOutputStream:75 - [STDERR_REDIRECT] [Fatal Error] :1:1: Premature end of file.
2026-03-29 20:26:08,048 [ERROR] LogOutputStream:75 - [STDERR_REDIRECT] 
2026-03-29 20:26:09,041 [ERROR] LogOutputStream:75 - [STDERR_REDIRECT] [Fatal Error] :1:1: Premature end of file.
2026-03-29 20:26:09,041 [ERROR] LogOutputStream:75 - [STDERR_REDIRECT] 
2026-03-29 20:26:10,032 [ERROR] LogOutputStream:75 - [STDERR_REDIRECT] [Fatal Error] :1:1: Premature end of file.
2026-03-29 20:26:10,032 [ERROR] LogOutputStream:75 - [STDERR_REDIRECT] 
2026-03-29 20:26:11,034 [ERROR] LogOutputStream:75 - [STDERR_REDIRECT] [Fatal Error] :1:1: Premature end of file.
2026-03-29 20:26:11,034 [ERROR] LogOutputStream:75 - [STDERR_REDIRECT] 
2026-03-29 20:26:12,045 [ERROR] LogOutputStream:75 - [STDERR_REDIRECT] [Fatal Error] :1:1: Premature end of file.
2026-03-29 20:26:12,046 [ERROR] LogOutputStream:75 - [STDERR_REDIRECT] 
2026-03-29 20:26:13,039 [ERROR] LogOutputStream:75 - [STDERR_REDIRECT] [Fatal Error] :1:1: Premature end of file.
2026-03-29 20:26:13,040 [ERROR] LogOutputStream:75 - [STDERR_REDIRECT] 
2026-03-29 20:26:14,031 [ERROR] LogOutputStream:75 - [STDERR_REDIRECT] [Fatal Error] :1:1: Premature end of file.
2026-03-29 20:26:14,031 [ERROR] LogOutputStream:75 - [STDERR_REDIRECT] 
2026-03-29 20:26:15,033 [ERROR] LogOutputStream:75 - [STDERR_REDIRECT] [Fatal Error] :1:1: Premature end of file.
2026-03-29 20:26:15,033 [ERROR] LogOutputStream:75 - [STDERR_REDIRECT] 
2026-03-29 20:26:16,040 [ERROR] LogOutputStream:75 - [STDERR_REDIRECT] [Fatal Error] :1:1: Premature end of file.
2026-03-29 20:26:16,040 [ERROR] LogOutputStream:75 - [STDERR_REDIRECT] 
2026-03-29 20:26:17,035 [ERROR] LogOutputStream:75 - [STDERR_REDIRECT] [Fatal Error] :1:1: Premature end of file.
2026-03-29 20:26:17,035 [ERROR] LogOutputStream:75 - [STDERR_REDIRECT] 
2026-03-29 20:26:18,032 [ERROR] LogOutputStream:75 - [STDERR_REDIRECT] [Fatal Error] :1:1: Premature end of file.
2026-03-29 20:26:18,033 [ERROR] LogOutputStream:75 - [STDERR_REDIRECT] 
2026-03-29 20:26:19,032 [ERROR] LogOutputStream:75 - [STDERR_REDIRECT] [Fatal Error] :1:1: Premature end of file.
2026-03-29 20:26:19,032 [ERROR] LogOutputStream:75 - [STDERR_REDIRECT] 
2026-03-29 20:26:20,047 [ERROR] LogOutputStream:75 - [STDERR_REDIRECT] [Fatal Error] :1:1: Premature end of file.
2026-03-29 20:26:20,047 [ERROR] LogOutputStream:75 - [STDERR_REDIRECT] 
2026-03-29 20:26:21,024 [ERROR] LogOutputStream:75 - [STDERR_REDIRECT] [Fatal Error] :1:1: Premature end of file.
2026-03-29 20:26:21,025 [ERROR] LogOutputStream:75 - [STDERR_REDIRECT] 
2026-03-29 20:26:22,036 [ERROR] LogOutputStream:75 - [STDERR_REDIRECT] [Fatal Error] :1:1: Premature end of file.
2026-03-29 20:26:22,036 [ERROR] LogOutputStream:75 - [STDERR_REDIRECT] 
2026-03-29 20:26:23,034 [ERROR] LogOutputStream:75 - [STDERR_REDIRECT] [Fatal Error] :1:1: Premature end of file.
2026-03-29 20:26:23,035 [ERROR] LogOutputStream:75 - [STDERR_REDIRECT] 
2026-03-29 20:26:24,038 [ERROR] LogOutputStream:75 - [STDERR_REDIRECT] [Fatal Error] :1:1: Premature end of file.
2026-03-29 20:26:24,038 [ERROR] LogOutputStream:75 - [STDERR_REDIRECT] 
2026-03-29 20:26:25,037 [ERROR] LogOutputStream:75 - [STDERR_REDIRECT] [Fatal Error] :1:1: Premature end of file.
2026-03-29 20:26:25,038 [ERROR] LogOutputStream:75 - [STDERR_REDIRECT] 
2026-03-29 20:26:26,027 [ERROR] LogOutputStream:75 - [STDERR_REDIRECT] [Fatal Error] :1:1: Premature end of file.
2026-03-29 20:26:26,027 [ERROR] LogOutputStream:75 - [STDERR_REDIRECT] 
2026-03-29 20:26:27,032 [ERROR] LogOutputStream:75 - [STDERR_REDIRECT] [Fatal Error] :1:1: Premature end of file.
2026-03-29 20:26:27,032 [ERROR] LogOutputStream:75 - [STDERR_REDIRECT] 
2026-03-29 20:26:28,043 [ERROR] LogOutputStream:75 - [STDERR_REDIRECT] [Fatal Error] :1:1: Premature end of file.
2026-03-29 20:26:28,043 [ERROR] LogOutputStream:75 - [STDERR_REDIRECT] 
2026-03-29 20:26:29,035 [ERROR] LogOutputStream:75 - [STDERR_REDIRECT] [Fatal Error] :1:1: Premature end of file.
2026-03-29 20:26:29,035 [ERROR] LogOutputStream:75 - [STDERR_REDIRECT] 
2026-03-29 20:26:30,037 [ERROR] LogOutputStream:75 - [STDERR_REDIRECT] [Fatal Error] :1:1: Premature end of file.
2026-03-29 20:26:30,038 [ERROR] LogOutputStream:75 - [STDERR_REDIRECT] 
2026-03-29 20:26:31,043 [ERROR] LogOutputStream:75 - [STDERR_REDIRECT] [Fatal Error] :1:1: Premature end of file.
2026-03-29 20:26:31,043 [ERROR] LogOutputStream:75 - [STDERR_REDIRECT] 
2026-03-29 20:26:32,034 [ERROR] LogOutputStream:75 - [STDERR_REDIRECT] [Fatal Error] :1:1: Premature end of file.
2026-03-29 20:26:32,034 [ERROR] LogOutputStream:75 - [STDERR_REDIRECT] 
2026-03-29 20:26:33,034 [ERROR] LogOutputStream:75 - [STDERR_REDIRECT] [Fatal Error] :1:1: Premature end of file.
2026-03-29 20:26:33,034 [ERROR] LogOutputStream:75 - [STDERR_REDIRECT] 
2026-03-29 20:26:34,035 [ERROR] LogOutputStream:75 - [STDERR_REDIRECT] [Fatal Error] :1:1: Premature end of file.
2026-03-29 20:26:34,035 [ERROR] LogOutputStream:75 - [STDERR_REDIRECT] 
2026-03-29 20:26:35,040 [ERROR] LogOutputStream:75 - [STDERR_REDIRECT] [Fatal Error] :1:1: Premature end of file.
2026-03-29 20:26:35,040 [ERROR] LogOutputStream:75 - [STDERR_REDIRECT] 
2026-03-29 20:26:36,040 [ERROR] LogOutputStream:75 - [STDERR_REDIRECT] [Fatal Error] :1:1: Premature end of file.
2026-03-29 20:26:36,040 [ERROR] LogOutputStream:75 - [STDERR_REDIRECT] 
2026-03-29 20:26:37,038 [ERROR] LogOutputStream:75 - [STDERR_REDIRECT] [Fatal Error] :1:1: Premature end of file.
2026-03-29 20:26:37,038 [ERROR] LogOutputStream:75 - [STDERR_REDIRECT] 
2026-03-29 20:26:38,038 [ERROR] LogOutputStream:75 - [STDERR_REDIRECT] [Fatal Error] :1:1: Premature end of file.
2026-03-29 20:26:38,038 [ERROR] LogOutputStream:75 - [STDERR_REDIRECT] 
2026-03-29 20:26:39,056 [ERROR] LogOutputStream:75 - [STDERR_REDIRECT] [Fatal Error] :1:1: Premature end of file.
2026-03-29 20:26:39,056 [ERROR] LogOutputStream:75 - [STDERR_REDIRECT] 
2026-03-29 20:26:40,026 [ERROR] LogOutputStream:75 - [STDERR_REDIRECT] [Fatal Error] :1:1: Premature end of file.
2026-03-29 20:26:40,026 [ERROR] LogOutputStream:75 - [STDERR_REDIRECT] 
2026-03-29 20:26:41,035 [ERROR] LogOutputStream:75 - [STDERR_REDIRECT] [Fatal Error] :1:1: Premature end of file.
2026-03-29 20:26:41,035 [ERROR] LogOutputStream:75 - [STDERR_REDIRECT] 
2026-03-29 20:26:42,033 [ERROR] LogOutputStream:75 - [STDERR_REDIRECT] [Fatal Error] :1:1: Premature end of file.
2026-03-29 20:26:42,033 [ERROR] LogOutputStream:75 - [STDERR_REDIRECT] 
2026-03-29 20:26:43,040 [ERROR] LogOutputStream:75 - [STDERR_REDIRECT] [Fatal Error] :1:1: Premature end of file.
2026-03-29 20:26:43,040 [ERROR] LogOutputStream:75 - [STDERR_REDIRECT] 
2026-03-29 20:26:44,029 [ERROR] LogOutputStream:75 - [STDERR_REDIRECT] [Fatal Error] :1:1: Premature end of file.
2026-03-29 20:26:44,029 [ERROR] LogOutputStream:75 - [STDERR_REDIRECT] 
2026-03-29 20:26:45,034 [ERROR] LogOutputStream:75 - [STDERR_REDIRECT] [Fatal Error] :1:1: Premature end of file.
2026-03-29 20:26:45,034 [ERROR] LogOutputStream:75 - [STDERR_REDIRECT] 
2026-03-29 20:26:46,029 [ERROR] LogOutputStream:75 - [STDERR_REDIRECT] [Fatal Error] :1:1: Premature end of file.
2026-03-29 20:26:46,030 [ERROR] LogOutputStream:75 - [STDERR_REDIRECT] 
2026-03-29 20:26:47,036 [ERROR] LogOutputStream:75 - [STDERR_REDIRECT] [Fatal Error] :1:1: Premature end of file.
2026-03-29 20:26:47,036 [ERROR] LogOutputStream:75 - [STDERR_REDIRECT] 
2026-03-29 20:26:48,038 [ERROR] LogOutputStream:75 - [STDERR_REDIRECT] [Fatal Error] :1:1: Premature end of file.
2026-03-29 20:26:48,038 [ERROR] LogOutputStream:75 - [STDERR_REDIRECT] 
2026-03-29 20:26:49,042 [ERROR] LogOutputStream:75 - [STDERR_REDIRECT] [Fatal Error] :1:1: Premature end of file.
2026-03-29 20:26:49,043 [ERROR] LogOutputStream:75 - [STDERR_REDIRECT] 
2026-03-29 20:26:50,044 [ERROR] LogOutputStream:75 - [STDERR_REDIRECT] [Fatal Error] :1:1: Premature end of file.
2026-03-29 20:26:50,045 [ERROR] LogOutputStream:75 - [STDERR_REDIRECT] 
2026-03-29 20:26:51,045 [ERROR] LogOutputStream:75 - [STDERR_REDIRECT] [Fatal Error] :1:1: Premature end of file.
2026-03-29 20:26:51,045 [ERROR] LogOutputStream:75 - [STDERR_REDIRECT] 
2026-03-29 20:26:52,040 [ERROR] LogOutputStream:75 - [STDERR_REDIRECT] [Fatal Error] :1:1: Premature end of file.
2026-03-29 20:26:52,041 [ERROR] LogOutputStream:75 - [STDERR_REDIRECT] 
2026-03-29 20:26:53,034 [ERROR] LogOutputStream:75 - [STDERR_REDIRECT] [Fatal Error] :1:1: Premature end of file.
2026-03-29 20:26:53,034 [ERROR] LogOutputStream:75 - [STDERR_REDIRECT] 
2026-03-29 20:26:54,038 [ERROR] LogOutputStream:75 - [STDERR_REDIRECT] [Fatal Error] :1:1: Premature end of file.
2026-03-29 20:26:54,038 [ERROR] LogOutputStream:75 - [STDERR_REDIRECT] 
2026-03-29 20:26:55,060 [ERROR] LogOutputStream:75 - [STDERR_REDIRECT] [Fatal Error] :1:1: Premature end of file.
2026-03-29 20:26:55,061 [ERROR] LogOutputStream:75 - [STDERR_REDIRECT] 
2026-03-29 20:26:56,033 [ERROR] LogOutputStream:75 - [STDERR_REDIRECT] [Fatal Error] :1:1: Premature end of file.
2026-03-29 20:26:56,033 [ERROR] LogOutputStream:75 - [STDERR_REDIRECT] 
2026-03-29 20:26:57,034 [ERROR] LogOutputStream:75 - [STDERR_REDIRECT] [Fatal Error] :1:1: Premature end of file.
2026-03-29 20:26:57,034 [ERROR] LogOutputStream:75 - [STDERR_REDIRECT] 
2026-03-29 20:26:58,043 [ERROR] LogOutputStream:75 - [STDERR_REDIRECT] [Fatal Error] :1:1: Premature end of file.
2026-03-29 20:26:58,043 [ERROR] LogOutputStream:75 - [STDERR_REDIRECT] 
2026-03-29 20:26:59,049 [ERROR] LogOutputStream:75 - [STDERR_REDIRECT] [Fatal Error] :1:1: Premature end of file.
2026-03-29 20:26:59,049 [ERROR] LogOutputStream:75 - [STDERR_REDIRECT] 
2026-03-29 20:27:00,056 [ERROR] LogOutputStream:75 - [STDERR_REDIRECT] [Fatal Error] :1:1: Premature end of file.
2026-03-29 20:27:00,057 [ERROR] LogOutputStream:75 - [STDERR_REDIRECT] 
2026-03-29 20:27:01,034 [ERROR] LogOutputStream:75 - [STDERR_REDIRECT] [Fatal Error] :1:1: Premature end of file.
2026-03-29 20:27:01,034 [ERROR] LogOutputStream:75 - [STDERR_REDIRECT] 
2026-03-29 20:27:02,040 [ERROR] LogOutputStream:75 - [STDERR_REDIRECT] [Fatal Error] :1:1: Premature end of file.
2026-03-29 20:27:02,040 [ERROR] LogOutputStream:75 - [STDERR_REDIRECT] 
2026-03-29 20:27:03,037 [ERROR] LogOutputStream:75 - [STDERR_REDIRECT] [Fatal Error] :1:1: Premature end of file.
2026-03-29 20:27:03,037 [ERROR] LogOutputStream:75 - [STDERR_REDIRECT] 
2026-03-29 20:27:04,034 [ERROR] LogOutputStream:75 - [STDERR_REDIRECT] [Fatal Error] :1:1: Premature end of file.
2026-03-29 20:27:04,034 [ERROR] LogOutputStream:75 - [STDERR_REDIRECT] 
2026-03-29 20:27:05,021 [ERROR] LogOutputStream:75 - [STDERR_REDIRECT] [Fatal Error] :1:1: Premature end of file.
2026-03-29 20:27:05,021 [ERROR] LogOutputStream:75 - [STDERR_REDIRECT] 
2026-03-29 20:27:06,036 [ERROR] LogOutputStream:75 - [STDERR_REDIRECT] [Fatal Error] :1:1: Premature end of file.
2026-03-29 20:27:06,036 [ERROR] LogOutputStream:75 - [STDERR_REDIRECT] 
2026-03-29 20:27:07,031 [ERROR] LogOutputStream:75 - [STDERR_REDIRECT] [Fatal Error] :1:1: Premature end of file.
2026-03-29 20:27:07,031 [ERROR] LogOutputStream:75 - [STDERR_REDIRECT] 
2026-03-29 20:27:08,030 [ERROR] LogOutputStream:75 - [STDERR_REDIRECT] [Fatal Error] :1:1: Premature end of file.
2026-03-29 20:27:08,030 [ERROR] LogOutputStream:75 - [STDERR_REDIRECT] 
2026-03-29 20:27:09,040 [ERROR] LogOutputStream:75 - [STDERR_REDIRECT] [Fatal Error] :1:1: Premature end of file.
2026-03-29 20:27:09,041 [ERROR] LogOutputStream:75 - [STDERR_REDIRECT] 
2026-03-29 20:27:10,054 [ERROR] LogOutputStream:75 - [STDERR_REDIRECT] [Fatal Error] :1:1: Premature end of file.
2026-03-29 20:27:10,055 [ERROR] LogOutputStream:75 - [STDERR_REDIRECT] 
2026-03-29 20:27:11,030 [ERROR] LogOutputStream:75 - [STDERR_REDIRECT] [Fatal Error] :1:1: Premature end of file.
2026-03-29 20:27:11,030 [ERROR] LogOutputStream:75 - [STDERR_REDIRECT] 
2026-03-29 20:27:12,036 [ERROR] LogOutputStream:75 - [STDERR_REDIRECT] [Fatal Error] :1:1: Premature end of file.
2026-03-29 20:27:12,036 [ERROR] LogOutputStream:75 - [STDERR_REDIRECT] 
2026-03-29 20:27:13,034 [ERROR] LogOutputStream:75 - [STDERR_REDIRECT] [Fatal Error] :1:1: Premature end of file.
2026-03-29 20:27:13,034 [ERROR] LogOutputStream:75 - [STDERR_REDIRECT] 
2026-03-29 20:27:14,045 [ERROR] LogOutputStream:75 - [STDERR_REDIRECT] [Fatal Error] :1:1: Premature end of file.
2026-03-29 20:27:14,046 [ERROR] LogOutputStream:75 - [STDERR_REDIRECT] 
2026-03-29 20:27:15,038 [ERROR] LogOutputStream:75 - [STDERR_REDIRECT] [Fatal Error] :1:1: Premature end of file.
2026-03-29 20:27:15,038 [ERROR] LogOutputStream:75 - [STDERR_REDIRECT] 
2026-03-29 20:27:16,030 [ERROR] LogOutputStream:75 - [STDERR_REDIRECT] [Fatal Error] :1:1: Premature end of file.
2026-03-29 20:27:16,030 [ERROR] LogOutputStream:75 - [STDERR_REDIRECT] 
2026-03-29 20:27:17,035 [ERROR] LogOutputStream:75 - [STDERR_REDIRECT] [Fatal Error] :1:1: Premature end of file.
2026-03-29 20:27:17,035 [ERROR] LogOutputStream:75 - [STDERR_REDIRECT] 
2026-03-29 20:27:18,036 [ERROR] LogOutputStream:75 - [STDERR_REDIRECT] [Fatal Error] :1:1: Premature end of file.
2026-03-29 20:27:18,036 [ERROR] LogOutputStream:75 - [STDERR_REDIRECT] 
2026-03-29 20:27:19,019 [ERROR] LogOutputStream:75 - [STDERR_REDIRECT] [Fatal Error] :1:1: Premature end of file.
2026-03-29 20:27:19,020 [ERROR] LogOutputStream:75 - [STDERR_REDIRECT] 
2026-03-29 20:27:20,037 [ERROR] LogOutputStream:75 - [STDERR_REDIRECT] [Fatal Error] :1:1: Premature end of file.
2026-03-29 20:27:20,038 [ERROR] LogOutputStream:75 - [STDERR_REDIRECT] 
2026-03-29 20:27:21,039 [ERROR] LogOutputStream:75 - [STDERR_REDIRECT] [Fatal Error] :1:1: Premature end of file.
2026-03-29 20:27:21,039 [ERROR] LogOutputStream:75 - [STDERR_REDIRECT] 
2026-03-29 20:27:22,036 [ERROR] LogOutputStream:75 - [STDERR_REDIRECT] [Fatal Error] :1:1: Premature end of file.
2026-03-29 20:27:22,036 [ERROR] LogOutputStream:75 - [STDERR_REDIRECT] 
2026-03-29 20:27:23,036 [ERROR] LogOutputStream:75 - [STDERR_REDIRECT] [Fatal Error] :1:1: Premature end of file.
2026-03-29 20:27:23,036 [ERROR] LogOutputStream:75 - [STDERR_REDIRECT] 
2026-03-29 20:27:24,031 [ERROR] LogOutputStream:75 - [STDERR_REDIRECT] [Fatal Error] :1:1: Premature end of file.
2026-03-29 20:27:24,031 [ERROR] LogOutputStream:75 - [STDERR_REDIRECT] 
2026-03-29 20:27:25,040 [ERROR] LogOutputStream:75 - [STDERR_REDIRECT] [Fatal Error] :1:1: Premature end of file.
2026-03-29 20:27:25,040 [ERROR] LogOutputStream:75 - [STDERR_REDIRECT] 
2026-03-29 20:27:26,037 [ERROR] LogOutputStream:75 - [STDERR_REDIRECT] [Fatal Error] :1:1: Premature end of file.
2026-03-29 20:27:26,037 [ERROR] LogOutputStream:75 - [STDERR_REDIRECT] 
2026-03-29 20:27:27,037 [ERROR] LogOutputStream:75 - [STDERR_REDIRECT] [Fatal Error] :1:1: Premature end of file.
2026-03-29 20:27:27,037 [ERROR] LogOutputStream:75 - [STDERR_REDIRECT] 
2026-03-29 20:27:28,031 [ERROR] LogOutputStream:75 - [STDERR_REDIRECT] [Fatal Error] :1:1: Premature end of file.
2026-03-29 20:27:28,032 [ERROR] LogOutputStream:75 - [STDERR_REDIRECT] 
2026-03-29 20:27:29,037 [ERROR] LogOutputStream:75 - [STDERR_REDIRECT] [Fatal Error] :1:1: Premature end of file.
2026-03-29 20:27:29,037 [ERROR] LogOutputStream:75 - [STDERR_REDIRECT] 
2026-03-29 20:27:30,049 [ERROR] LogOutputStream:75 - [STDERR_REDIRECT] [Fatal Error] :1:1: Premature end of file.
2026-03-29 20:27:30,049 [ERROR] LogOutputStream:75 - [STDERR_REDIRECT] 
2026-03-29 20:27:31,035 [ERROR] LogOutputStream:75 - [STDERR_REDIRECT] [Fatal Error] :1:1: Premature end of file.
2026-03-29 20:27:31,035 [ERROR] LogOutputStream:75 - [STDERR_REDIRECT] 
2026-03-29 20:27:32,042 [ERROR] LogOutputStream:75 - [STDERR_REDIRECT] [Fatal Error] :1:1: Premature end of file.
2026-03-29 20:27:32,042 [ERROR] LogOutputStream:75 - [STDERR_REDIRECT] 
2026-03-29 20:27:33,032 [ERROR] LogOutputStream:75 - [STDERR_REDIRECT] [Fatal Error] :1:1: Premature end of file.
2026-03-29 20:27:33,032 [ERROR] LogOutputStream:75 - [STDERR_REDIRECT] 
2026-03-29 20:27:34,034 [ERROR] LogOutputStream:75 - [STDERR_REDIRECT] [Fatal Error] :1:1: Premature end of file.
2026-03-29 20:27:34,034 [ERROR] LogOutputStream:75 - [STDERR_REDIRECT] 
2026-03-29 20:27:35,036 [ERROR] LogOutputStream:75 - [STDERR_REDIRECT] [Fatal Error] :1:1: Premature end of file.
2026-03-29 20:27:35,036 [ERROR] LogOutputStream:75 - [STDERR_REDIRECT] 
2026-03-29 20:27:36,029 [ERROR] LogOutputStream:75 - [STDERR_REDIRECT] [Fatal Error] :1:1: Premature end of file.
2026-03-29 20:27:36,029 [ERROR] LogOutputStream:75 - [STDERR_REDIRECT] 
2026-03-29 20:27:37,038 [ERROR] LogOutputStream:75 - [STDERR_REDIRECT] [Fatal Error] :1:1: Premature end of file.
2026-03-29 20:27:37,038 [ERROR] LogOutputStream:75 - [STDERR_REDIRECT] 
2026-03-29 20:27:38,044 [ERROR] LogOutputStream:75 - [STDERR_REDIRECT] [Fatal Error] :1:1: Premature end of file.
2026-03-29 20:27:38,044 [ERROR] LogOutputStream:75 - [STDERR_REDIRECT] 
2026-03-29 20:27:39,033 [ERROR] LogOutputStream:75 - [STDERR_REDIRECT] [Fatal Error] :1:1: Premature end of file.
2026-03-29 20:27:39,033 [ERROR] LogOutputStream:75 - [STDERR_REDIRECT] 
2026-03-29 20:27:40,046 [ERROR] LogOutputStream:75 - [STDERR_REDIRECT] [Fatal Error] :1:1: Premature end of file.
2026-03-29 20:27:40,046 [ERROR] LogOutputStream:75 - [STDERR_REDIRECT] 
2026-03-29 20:27:41,034 [ERROR] LogOutputStream:75 - [STDERR_REDIRECT] [Fatal Error] :1:1: Premature end of file.
2026-03-29 20:27:41,034 [ERROR] LogOutputStream:75 - [STDERR_REDIRECT] 
2026-03-29 20:27:42,035 [ERROR] LogOutputStream:75 - [STDERR_REDIRECT] [Fatal Error] :1:1: Premature end of file.
2026-03-29 20:27:42,035 [ERROR] LogOutputStream:75 - [STDERR_REDIRECT] 
2026-03-29 20:27:43,033 [ERROR] LogOutputStream:75 - [STDERR_REDIRECT] [Fatal Error] :1:1: Premature end of file.
2026-03-29 20:27:43,033 [ERROR] LogOutputStream:75 - [STDERR_REDIRECT] 
2026-03-29 20:27:44,032 [ERROR] LogOutputStream:75 - [STDERR_REDIRECT] [Fatal Error] :1:1: Premature end of file.
2026-03-29 20:27:44,032 [ERROR] LogOutputStream:75 - [STDERR_REDIRECT] 
2026-03-29 20:27:45,034 [ERROR] LogOutputStream:75 - [STDERR_REDIRECT] [Fatal Error] :1:1: Premature end of file.
2026-03-29 20:27:45,034 [ERROR] LogOutputStream:75 - [STDERR_REDIRECT] 
2026-03-29 20:27:46,039 [ERROR] LogOutputStream:75 - [STDERR_REDIRECT] [Fatal Error] :1:1: Premature end of file.
2026-03-29 20:27:46,039 [ERROR] LogOutputStream:75 - [STDERR_REDIRECT] 
2026-03-29 20:27:47,034 [ERROR] LogOutputStream:75 - [STDERR_REDIRECT] [Fatal Error] :1:1: Premature end of file.
2026-03-29 20:27:47,034 [ERROR] LogOutputStream:75 - [STDERR_REDIRECT] 
2026-03-29 20:27:48,037 [ERROR] LogOutputStream:75 - [STDERR_REDIRECT] [Fatal Error] :1:1: Premature end of file.
2026-03-29 20:27:48,037 [ERROR] LogOutputStream:75 - [STDERR_REDIRECT] 
2026-03-29 20:27:49,030 [ERROR] LogOutputStream:75 - [STDERR_REDIRECT] [Fatal Error] :1:1: Premature end of file.
2026-03-29 20:27:49,030 [ERROR] LogOutputStream:75 - [STDERR_REDIRECT] 
2026-03-29 20:27:50,032 [ERROR] LogOutputStream:75 - [STDERR_REDIRECT] [Fatal Error] :1:1: Premature end of file.
2026-03-29 20:27:50,032 [ERROR] LogOutputStream:75 - [STDERR_REDIRECT] 
2026-03-29 20:27:51,038 [ERROR] LogOutputStream:75 - [STDERR_REDIRECT] [Fatal Error] :1:1: Premature end of file.
2026-03-29 20:27:51,038 [ERROR] LogOutputStream:75 - [STDERR_REDIRECT] 
2026-03-29 20:27:52,041 [ERROR] LogOutputStream:75 - [STDERR_REDIRECT] [Fatal Error] :1:1: Premature end of file.
2026-03-29 20:27:52,042 [ERROR] LogOutputStream:75 - [STDERR_REDIRECT] 
2026-03-29 20:27:53,034 [ERROR] LogOutputStream:75 - [STDERR_REDIRECT] [Fatal Error] :1:1: Premature end of file.
2026-03-29 20:27:53,034 [ERROR] LogOutputStream:75 - [STDERR_REDIRECT] 
2026-03-29 20:27:54,032 [ERROR] LogOutputStream:75 - [STDERR_REDIRECT] [Fatal Error] :1:1: Premature end of file.
2026-03-29 20:27:54,032 [ERROR] LogOutputStream:75 - [STDERR_REDIRECT] 
2026-03-29 20:27:55,034 [ERROR] LogOutputStream:75 - [STDERR_REDIRECT] [Fatal Error] :1:1: Premature end of file.
2026-03-29 20:27:55,034 [ERROR] LogOutputStream:75 - [STDERR_REDIRECT] 
2026-03-29 20:27:56,037 [ERROR] LogOutputStream:75 - [STDERR_REDIRECT] [Fatal Error] :1:1: Premature end of file.
2026-03-29 20:27:56,037 [ERROR] LogOutputStream:75 - [STDERR_REDIRECT] 
2026-03-29 20:27:57,042 [ERROR] LogOutputStream:75 - [STDERR_REDIRECT] [Fatal Error] :1:1: Premature end of file.
2026-03-29 20:27:57,042 [ERROR] LogOutputStream:75 - [STDERR_REDIRECT] 
2026-03-29 20:27:58,031 [ERROR] LogOutputStream:75 - [STDERR_REDIRECT] [Fatal Error] :1:1: Premature end of file.
2026-03-29 20:27:58,032 [ERROR] LogOutputStream:75 - [STDERR_REDIRECT] 
2026-03-29 20:27:59,028 [ERROR] LogOutputStream:75 - [STDERR_REDIRECT] [Fatal Error] :1:1: Premature end of file.
2026-03-29 20:27:59,028 [ERROR] LogOutputStream:75 - [STDERR_REDIRECT] 
2026-03-29 20:28:00,061 [ERROR] LogOutputStream:75 - [STDERR_REDIRECT] [Fatal Error] :1:1: Premature end of file.
2026-03-29 20:28:00,062 [ERROR] LogOutputStream:75 - [STDERR_REDIRECT] 
2026-03-29 20:28:01,029 [ERROR] LogOutputStream:75 - [STDERR_REDIRECT] [Fatal Error] :1:1: Premature end of file.
2026-03-29 20:28:01,029 [ERROR] LogOutputStream:75 - [STDERR_REDIRECT] 
2026-03-29 20:28:02,075 [ERROR] LogOutputStream:75 - [STDERR_REDIRECT] [Fatal Error] :1:1: Premature end of file.
2026-03-29 20:28:02,076 [ERROR] LogOutputStream:75 - [STDERR_REDIRECT] 
2026-03-29 20:28:03,055 [ERROR] LogOutputStream:75 - [STDERR_REDIRECT] [Fatal Error] :1:1: Premature end of file.
2026-03-29 20:28:03,055 [ERROR] LogOutputStream:75 - [STDERR_REDIRECT] 
2026-03-29 20:28:04,039 [ERROR] LogOutputStream:75 - [STDERR_REDIRECT] [Fatal Error] :1:1: Premature end of file.
2026-03-29 20:28:04,040 [ERROR] LogOutputStream:75 - [STDERR_REDIRECT] 
2026-03-29 20:28:05,037 [ERROR] LogOutputStream:75 - [STDERR_REDIRECT] [Fatal Error] :1:1: Premature end of file.
2026-03-29 20:28:05,037 [ERROR] LogOutputStream:75 - [STDERR_REDIRECT] 
2026-03-29 20:28:06,040 [ERROR] LogOutputStream:75 - [STDERR_REDIRECT] [Fatal Error] :1:1: Premature end of file.
2026-03-29 20:28:06,040 [ERROR] LogOutputStream:75 - [STDERR_REDIRECT] 
2026-03-29 20:28:07,038 [ERROR] LogOutputStream:75 - [STDERR_REDIRECT] [Fatal Error] :1:1: Premature end of file.
2026-03-29 20:28:07,038 [ERROR] LogOutputStream:75 - [STDERR_REDIRECT] 
2026-03-29 20:28:08,045 [ERROR] LogOutputStream:75 - [STDERR_REDIRECT] [Fatal Error] :1:1: Premature end of file.
2026-03-29 20:28:08,045 [ERROR] LogOutputStream:75 - [STDERR_REDIRECT] 
2026-03-29 20:28:09,041 [ERROR] LogOutputStream:75 - [STDERR_REDIRECT] [Fatal Error] :1:1: Premature end of file.
2026-03-29 20:28:09,041 [ERROR] LogOutputStream:75 - [STDERR_REDIRECT] 
2026-03-29 20:28:10,070 [ERROR] LogOutputStream:75 - [STDERR_REDIRECT] [Fatal Error] :1:1: Premature end of file.
2026-03-29 20:28:10,072 [ERROR] LogOutputStream:75 - [STDERR_REDIRECT] 
2026-03-29 20:28:11,035 [ERROR] LogOutputStream:75 - [STDERR_REDIRECT] [Fatal Error] :1:1: Premature end of file.
2026-03-29 20:28:11,035 [ERROR] LogOutputStream:75 - [STDERR_REDIRECT] 
2026-03-29 20:28:12,054 [ERROR] LogOutputStream:75 - [STDERR_REDIRECT] [Fatal Error] :1:1: Premature end of file.
2026-03-29 20:28:12,056 [ERROR] LogOutputStream:75 - [STDERR_REDIRECT] 
2026-03-29 20:28:13,034 [ERROR] LogOutputStream:75 - [STDERR_REDIRECT] [Fatal Error] :1:1: Premature end of file.
2026-03-29 20:28:13,034 [ERROR] LogOutputStream:75 - [STDERR_REDIRECT] 
2026-03-29 20:28:14,063 [ERROR] LogOutputStream:75 - [STDERR_REDIRECT] [Fatal Error] :1:1: Premature end of file.
2026-03-29 20:28:14,063 [ERROR] LogOutputStream:75 - [STDERR_REDIRECT] 
2026-03-29 20:28:15,037 [ERROR] LogOutputStream:75 - [STDERR_REDIRECT] [Fatal Error] :1:1: Premature end of file.
2026-03-29 20:28:15,037 [ERROR] LogOutputStream:75 - [STDERR_REDIRECT] 
2026-03-29 20:28:16,029 [ERROR] LogOutputStream:75 - [STDERR_REDIRECT] [Fatal Error] :1:1: Premature end of file.
2026-03-29 20:28:16,029 [ERROR] LogOutputStream:75 - [STDERR_REDIRECT] 
2026-03-29 20:28:17,045 [ERROR] LogOutputStream:75 - [STDERR_REDIRECT] [Fatal Error] :1:1: Premature end of file.
2026-03-29 20:28:17,045 [ERROR] LogOutputStream:75 - [STDERR_REDIRECT] 
2026-03-29 20:28:18,039 [ERROR] LogOutputStream:75 - [STDERR_REDIRECT] [Fatal Error] :1:1: Premature end of file.
2026-03-29 20:28:18,040 [ERROR] LogOutputStream:75 - [STDERR_REDIRECT] 
2026-03-29 20:28:19,040 [ERROR] LogOutputStream:75 - [STDERR_REDIRECT] [Fatal Error] :1:1: Premature end of file.
2026-03-29 20:28:19,040 [ERROR] LogOutputStream:75 - [STDERR_REDIRECT] 
2026-03-29 20:28:20,045 [ERROR] LogOutputStream:75 - [STDERR_REDIRECT] [Fatal Error] :1:1: Premature end of file.
2026-03-29 20:28:20,045 [ERROR] LogOutputStream:75 - [STDERR_REDIRECT] 
2026-03-29 20:28:21,036 [ERROR] LogOutputStream:75 - [STDERR_REDIRECT] [Fatal Error] :1:1: Premature end of file.
2026-03-29 20:28:21,036 [ERROR] LogOutputStream:75 - [STDERR_REDIRECT] 
2026-03-29 20:28:22,040 [ERROR] LogOutputStream:75 - [STDERR_REDIRECT] [Fatal Error] :1:1: Premature end of file.
2026-03-29 20:28:22,041 [ERROR] LogOutputStream:75 - [STDERR_REDIRECT] 
2026-03-29 20:28:23,054 [ERROR] LogOutputStream:75 - [STDERR_REDIRECT] [Fatal Error] :1:1: Premature end of file.
2026-03-29 20:28:23,054 [ERROR] LogOutputStream:75 - [STDERR_REDIRECT] 
2026-03-29 20:28:24,021 [ERROR] LogOutputStream:75 - [STDERR_REDIRECT] [Fatal Error] :1:1: Premature end of file.
2026-03-29 20:28:24,021 [ERROR] LogOutputStream:75 - [STDERR_REDIRECT] 
2026-03-29 20:28:25,033 [ERROR] LogOutputStream:75 - [STDERR_REDIRECT] [Fatal Error] :1:1: Premature end of file.
2026-03-29 20:28:25,033 [ERROR] LogOutputStream:75 - [STDERR_REDIRECT] 
2026-03-29 20:28:26,037 [ERROR] LogOutputStream:75 - [STDERR_REDIRECT] [Fatal Error] :1:1: Premature end of file.
2026-03-29 20:28:26,037 [ERROR] LogOutputStream:75 - [STDERR_REDIRECT] 
2026-03-29 20:28:27,048 [ERROR] LogOutputStream:75 - [STDERR_REDIRECT] [Fatal Error] :1:1: Premature end of file.
2026-03-29 20:28:27,048 [ERROR] LogOutputStream:75 - [STDERR_REDIRECT] 
2026-03-29 20:28:28,032 [ERROR] LogOutputStream:75 - [STDERR_REDIRECT] [Fatal Error] :1:1: Premature end of file.
2026-03-29 20:28:28,032 [ERROR] LogOutputStream:75 - [STDERR_REDIRECT] 
2026-03-29 20:28:29,049 [ERROR] LogOutputStream:75 - [STDERR_REDIRECT] [Fatal Error] :1:1: Premature end of file.
2026-03-29 20:28:29,049 [ERROR] LogOutputStream:75 - [STDERR_REDIRECT] 
2026-03-29 20:28:30,039 [ERROR] LogOutputStream:75 - [STDERR_REDIRECT] [Fatal Error] :1:1: Premature end of file.
2026-03-29 20:28:30,040 [ERROR] LogOutputStream:75 - [STDERR_REDIRECT] 
2026-03-29 20:28:31,042 [ERROR] LogOutputStream:75 - [STDERR_REDIRECT] [Fatal Error] :1:1: Premature end of file.
2026-03-29 20:28:31,042 [ERROR] LogOutputStream:75 - [STDERR_REDIRECT] 
2026-03-29 20:28:32,035 [ERROR] LogOutputStream:75 - [STDERR_REDIRECT] [Fatal Error] :1:1: Premature end of file.
2026-03-29 20:28:32,035 [ERROR] LogOutputStream:75 - [STDERR_REDIRECT] 
2026-03-29 20:28:33,036 [ERROR] LogOutputStream:75 - [STDERR_REDIRECT] [Fatal Error] :1:1: Premature end of file.
2026-03-29 20:28:33,036 [ERROR] LogOutputStream:75 - [STDERR_REDIRECT] 
2026-03-29 20:28:34,042 [ERROR] LogOutputStream:75 - [STDERR_REDIRECT] [Fatal Error] :1:1: Premature end of file.
2026-03-29 20:28:34,042 [ERROR] LogOutputStream:75 - [STDERR_REDIRECT] 
2026-03-29 20:28:35,037 [ERROR] LogOutputStream:75 - [STDERR_REDIRECT] [Fatal Error] :1:1: Premature end of file.
2026-03-29 20:28:35,037 [ERROR] LogOutputStream:75 - [STDERR_REDIRECT] 
2026-03-29 20:28:36,033 [ERROR] LogOutputStream:75 - [STDERR_REDIRECT] [Fatal Error] :1:1: Premature end of file.
2026-03-29 20:28:36,033 [ERROR] LogOutputStream:75 - [STDERR_REDIRECT] 
2026-03-29 20:28:37,040 [ERROR] LogOutputStream:75 - [STDERR_REDIRECT] [Fatal Error] :1:1: Premature end of file.
2026-03-29 20:28:37,040 [ERROR] LogOutputStream:75 - [STDERR_REDIRECT] 
2026-03-29 20:28:38,039 [ERROR] LogOutputStream:75 - [STDERR_REDIRECT] [Fatal Error] :1:1: Premature end of file.
2026-03-29 20:28:38,039 [ERROR] LogOutputStream:75 - [STDERR_REDIRECT] 
2026-03-29 20:28:39,035 [ERROR] LogOutputStream:75 - [STDERR_REDIRECT] [Fatal Error] :1:1: Premature end of file.
2026-03-29 20:28:39,035 [ERROR] LogOutputStream:75 - [STDERR_REDIRECT] 
2026-03-29 20:28:40,026 [ERROR] LogOutputStream:75 - [STDERR_REDIRECT] [Fatal Error] :1:1: Premature end of file.
2026-03-29 20:28:40,026 [ERROR] LogOutputStream:75 - [STDERR_REDIRECT] 
2026-03-29 20:28:41,042 [ERROR] LogOutputStream:75 - [STDERR_REDIRECT] [Fatal Error] :1:1: Premature end of file.
2026-03-29 20:28:41,042 [ERROR] LogOutputStream:75 - [STDERR_REDIRECT] 
2026-03-29 20:28:42,034 [ERROR] LogOutputStream:75 - [STDERR_REDIRECT] [Fatal Error] :1:1: Premature end of file.
2026-03-29 20:28:42,034 [ERROR] LogOutputStream:75 - [STDERR_REDIRECT] 
2026-03-29 20:28:43,042 [ERROR] LogOutputStream:75 - [STDERR_REDIRECT] [Fatal Error] :1:1: Premature end of file.
2026-03-29 20:28:43,042 [ERROR] LogOutputStream:75 - [STDERR_REDIRECT] 
2026-03-29 20:28:44,034 [ERROR] LogOutputStream:75 - [STDERR_REDIRECT] [Fatal Error] :1:1: Premature end of file.
2026-03-29 20:28:44,034 [ERROR] LogOutputStream:75 - [STDERR_REDIRECT] 
2026-03-29 20:28:45,031 [ERROR] LogOutputStream:75 - [STDERR_REDIRECT] [Fatal Error] :1:1: Premature end of file.
2026-03-29 20:28:45,031 [ERROR] LogOutputStream:75 - [STDERR_REDIRECT] 
2026-03-29 20:28:46,035 [ERROR] LogOutputStream:75 - [STDERR_REDIRECT] [Fatal Error] :1:1: Premature end of file.
2026-03-29 20:28:46,035 [ERROR] LogOutputStream:75 - [STDERR_REDIRECT] 
2026-03-29 20:28:47,038 [ERROR] LogOutputStream:75 - [STDERR_REDIRECT] [Fatal Error] :1:1: Premature end of file.
2026-03-29 20:28:47,038 [ERROR] LogOutputStream:75 - [STDERR_REDIRECT] 
2026-03-29 20:28:48,030 [ERROR] LogOutputStream:75 - [STDERR_REDIRECT] [Fatal Error] :1:1: Premature end of file.
2026-03-29 20:28:48,030 [ERROR] LogOutputStream:75 - [STDERR_REDIRECT] 
2026-03-29 20:28:49,055 [ERROR] LogOutputStream:75 - [STDERR_REDIRECT] [Fatal Error] :1:1: Premature end of file.
2026-03-29 20:28:49,055 [ERROR] LogOutputStream:75 - [STDERR_REDIRECT] 
2026-03-29 20:28:50,038 [ERROR] LogOutputStream:75 - [STDERR_REDIRECT] [Fatal Error] :1:1: Premature end of file.
2026-03-29 20:28:50,038 [ERROR] LogOutputStream:75 - [STDERR_REDIRECT] 
2026-03-29 20:28:51,034 [ERROR] LogOutputStream:75 - [STDERR_REDIRECT] [Fatal Error] :1:1: Premature end of file.
2026-03-29 20:28:51,034 [ERROR] LogOutputStream:75 - [STDERR_REDIRECT] 
2026-03-29 20:28:52,038 [ERROR] LogOutputStream:75 - [STDERR_REDIRECT] [Fatal Error] :1:1: Premature end of file.
2026-03-29 20:28:52,038 [ERROR] LogOutputStream:75 - [STDERR_REDIRECT] 
2026-03-29 20:28:53,038 [ERROR] LogOutputStream:75 - [STDERR_REDIRECT] [Fatal Error] :1:1: Premature end of file.
2026-03-29 20:28:53,038 [ERROR] LogOutputStream:75 - [STDERR_REDIRECT] 
2026-03-29 20:28:54,032 [ERROR] LogOutputStream:75 - [STDERR_REDIRECT] [Fatal Error] :1:1: Premature end of file.
2026-03-29 20:28:54,032 [ERROR] LogOutputStream:75 - [STDERR_REDIRECT] 
2026-03-29 20:28:55,045 [ERROR] LogOutputStream:75 - [STDERR_REDIRECT] [Fatal Error] :1:1: Premature end of file.
2026-03-29 20:28:55,046 [ERROR] LogOutputStream:75 - [STDERR_REDIRECT] 
2026-03-29 20:28:56,034 [ERROR] LogOutputStream:75 - [STDERR_REDIRECT] [Fatal Error] :1:1: Premature end of file.
2026-03-29 20:28:56,035 [ERROR] LogOutputStream:75 - [STDERR_REDIRECT] 
2026-03-29 20:28:57,037 [ERROR] LogOutputStream:75 - [STDERR_REDIRECT] [Fatal Error] :1:1: Premature end of file.
2026-03-29 20:28:57,037 [ERROR] LogOutputStream:75 - [STDERR_REDIRECT] 
2026-03-29 20:28:58,040 [ERROR] LogOutputStream:75 - [STDERR_REDIRECT] [Fatal Error] :1:1: Premature end of file.
2026-03-29 20:28:58,040 [ERROR] LogOutputStream:75 - [STDERR_REDIRECT] 
2026-03-29 20:28:59,037 [ERROR] LogOutputStream:75 - [STDERR_REDIRECT] [Fatal Error] :1:1: Premature end of file.
2026-03-29 20:28:59,037 [ERROR] LogOutputStream:75 - [STDERR_REDIRECT] 
2026-03-29 20:29:00,067 [ERROR] LogOutputStream:75 - [STDERR_REDIRECT] [Fatal Error] :1:1: Premature end of file.
2026-03-29 20:29:00,067 [ERROR] LogOutputStream:75 - [STDERR_REDIRECT] 
2026-03-29 20:29:01,051 [ERROR] LogOutputStream:75 - [STDERR_REDIRECT] [Fatal Error] :1:1: Premature end of file.
2026-03-29 20:29:01,052 [ERROR] LogOutputStream:75 - [STDERR_REDIRECT] 
2026-03-29 20:29:02,036 [ERROR] LogOutputStream:75 - [STDERR_REDIRECT] [Fatal Error] :1:1: Premature end of file.
2026-03-29 20:29:02,036 [ERROR] LogOutputStream:75 - [STDERR_REDIRECT] 
2026-03-29 20:29:03,035 [ERROR] LogOutputStream:75 - [STDERR_REDIRECT] [Fatal Error] :1:1: Premature end of file.
2026-03-29 20:29:03,035 [ERROR] LogOutputStream:75 - [STDERR_REDIRECT] 
2026-03-29 20:29:04,042 [ERROR] LogOutputStream:75 - [STDERR_REDIRECT] [Fatal Error] :1:1: Premature end of file.
2026-03-29 20:29:04,042 [ERROR] LogOutputStream:75 - [STDERR_REDIRECT] 
2026-03-29 20:29:05,036 [ERROR] LogOutputStream:75 - [STDERR_REDIRECT] [Fatal Error] :1:1: Premature end of file.
2026-03-29 20:29:05,036 [ERROR] LogOutputStream:75 - [STDERR_REDIRECT] 
2026-03-29 20:29:06,027 [ERROR] LogOutputStream:75 - [STDERR_REDIRECT] [Fatal Error] :1:1: Premature end of file.
2026-03-29 20:29:06,027 [ERROR] LogOutputStream:75 - [STDERR_REDIRECT] 
2026-03-29 20:29:07,038 [ERROR] LogOutputStream:75 - [STDERR_REDIRECT] [Fatal Error] :1:1: Premature end of file.
2026-03-29 20:29:07,038 [ERROR] LogOutputStream:75 - [STDERR_REDIRECT] 
2026-03-29 20:29:07,195 [ERROR] ConfigurationRetriever:142 - IOException on connection: Read timed out
2026-03-29 20:29:08,031 [ERROR] LogOutputStream:75 - [STDERR_REDIRECT] [Fatal Error] :1:1: Premature end of file.
2026-03-29 20:29:08,031 [ERROR] LogOutputStream:75 - [STDERR_REDIRECT] 
2026-03-29 20:29:09,030 [ERROR] LogOutputStream:75 - [STDERR_REDIRECT] [Fatal Error] :1:1: Premature end of file.
2026-03-29 20:29:09,030 [ERROR] LogOutputStream:75 - [STDERR_REDIRECT] 
2026-03-29 20:29:10,029 [ERROR] LogOutputStream:75 - [STDERR_REDIRECT] [Fatal Error] :1:1: Premature end of file.
2026-03-29 20:29:10,029 [ERROR] LogOutputStream:75 - [STDERR_REDIRECT] 
2026-03-29 20:29:11,031 [ERROR] LogOutputStream:75 - [STDERR_REDIRECT] [Fatal Error] :1:1: Premature end of file.
2026-03-29 20:29:11,031 [ERROR] LogOutputStream:75 - [STDERR_REDIRECT] 
2026-03-29 20:29:12,038 [ERROR] LogOutputStream:75 - [STDERR_REDIRECT] [Fatal Error] :1:1: Premature end of file.
2026-03-29 20:29:12,038 [ERROR] LogOutputStream:75 - [STDERR_REDIRECT] 
2026-03-29 20:29:13,043 [ERROR] LogOutputStream:75 - [STDERR_REDIRECT] [Fatal Error] :1:1: Premature end of file.
2026-03-29 20:29:13,043 [ERROR] LogOutputStream:75 - [STDERR_REDIRECT] 
2026-03-29 20:29:14,041 [ERROR] LogOutputStream:75 - [STDERR_REDIRECT] [Fatal Error] :1:1: Premature end of file.
2026-03-29 20:29:14,041 [ERROR] LogOutputStream:75 - [STDERR_REDIRECT] 
2026-03-29 20:29:15,037 [ERROR] LogOutputStream:75 - [STDERR_REDIRECT] [Fatal Error] :1:1: Premature end of file.
2026-03-29 20:29:15,037 [ERROR] LogOutputStream:75 - [STDERR_REDIRECT] 
2026-03-29 20:29:16,035 [ERROR] LogOutputStream:75 - [STDERR_REDIRECT] [Fatal Error] :1:1: Premature end of file.
2026-03-29 20:29:16,035 [ERROR] LogOutputStream:75 - [STDERR_REDIRECT] 
2026-03-29 20:29:17,035 [ERROR] LogOutputStream:75 - [STDERR_REDIRECT] [Fatal Error] :1:1: Premature end of file.
2026-03-29 20:29:17,036 [ERROR] LogOutputStream:75 - [STDERR_REDIRECT] 
2026-03-29 20:29:17,089 [ERROR] AdobePublisher:187 - Exception while getting the server answer: java.net.SocketTimeoutException: Read timed out
2026-03-29 20:29:18,036 [ERROR] LogOutputStream:75 - [STDERR_REDIRECT] [Fatal Error] :1:1: Premature end of file.
2026-03-29 20:29:18,036 [ERROR] LogOutputStream:75 - [STDERR_REDIRECT] 
2026-03-29 20:29:19,041 [ERROR] LogOutputStream:75 - [STDERR_REDIRECT] [Fatal Error] :1:1: Premature end of file.
2026-03-29 20:29:19,041 [ERROR] LogOutputStream:75 - [STDERR_REDIRECT] 
2026-03-29 20:29:20,034 [ERROR] LogOutputStream:75 - [STDERR_REDIRECT] [Fatal Error] :1:1: Premature end of file.
2026-03-29 20:29:20,035 [ERROR] LogOutputStream:75 - [STDERR_REDIRECT] 
2026-03-29 20:29:21,036 [ERROR] LogOutputStream:75 - [STDERR_REDIRECT] [Fatal Error] :1:1: Premature end of file.
2026-03-29 20:29:21,037 [ERROR] LogOutputStream:75 - [STDERR_REDIRECT] 
2026-03-29 20:29:22,041 [ERROR] LogOutputStream:75 - [STDERR_REDIRECT] [Fatal Error] :1:1: Premature end of file.
2026-03-29 20:29:22,041 [ERROR] LogOutputStream:75 - [STDERR_REDIRECT] 
2026-03-29 20:29:23,043 [ERROR] LogOutputStream:75 - [STDERR_REDIRECT] [Fatal Error] :1:1: Premature end of file.
2026-03-29 20:29:23,043 [ERROR] LogOutputStream:75 - [STDERR_REDIRECT] 
2026-03-29 20:29:24,035 [ERROR] LogOutputStream:75 - [STDERR_REDIRECT] [Fatal Error] :1:1: Premature end of file.
2026-03-29 20:29:24,035 [ERROR] LogOutputStream:75 - [STDERR_REDIRECT] 
2026-03-29 20:29:25,034 [ERROR] LogOutputStream:75 - [STDERR_REDIRECT] [Fatal Error] :1:1: Premature end of file.
2026-03-29 20:29:25,034 [ERROR] LogOutputStream:75 - [STDERR_REDIRECT] 
2026-03-29 20:29:26,030 [ERROR] LogOutputStream:75 - [STDERR_REDIRECT] [Fatal Error] :1:1: Premature end of file.
2026-03-29 20:29:26,031 [ERROR] LogOutputStream:75 - [STDERR_REDIRECT] 
2026-03-29 20:29:27,033 [ERROR] LogOutputStream:75 - [STDERR_REDIRECT] [Fatal Error] :1:1: Premature end of file.
2026-03-29 20:29:27,033 [ERROR] LogOutputStream:75 - [STDERR_REDIRECT] 
2026-03-29 20:29:28,032 [ERROR] LogOutputStream:75 - [STDERR_REDIRECT] [Fatal Error] :1:1: Premature end of file.
2026-03-29 20:29:28,032 [ERROR] LogOutputStream:75 - [STDERR_REDIRECT] 
2026-03-29 20:29:29,026 [ERROR] LogOutputStream:75 - [STDERR_REDIRECT] [Fatal Error] :1:1: Premature end of file.
2026-03-29 20:29:29,027 [ERROR] LogOutputStream:75 - [STDERR_REDIRECT] 
2026-03-29 20:29:30,036 [ERROR] LogOutputStream:75 - [STDERR_REDIRECT] [Fatal Error] :1:1: Premature end of file.
2026-03-29 20:29:30,036 [ERROR] LogOutputStream:75 - [STDERR_REDIRECT] 
2026-03-29 20:29:31,030 [ERROR] LogOutputStream:75 - [STDERR_REDIRECT] [Fatal Error] :1:1: Premature end of file.
2026-03-29 20:29:31,030 [ERROR] LogOutputStream:75 - [STDERR_REDIRECT] 
2026-03-29 20:29:32,041 [ERROR] LogOutputStream:75 - [STDERR_REDIRECT] [Fatal Error] :1:1: Premature end of file.
2026-03-29 20:29:32,041 [ERROR] LogOutputStream:75 - [STDERR_REDIRECT] 
2026-03-29 20:29:33,039 [ERROR] LogOutputStream:75 - [STDERR_REDIRECT] [Fatal Error] :1:1: Premature end of file.
2026-03-29 20:29:33,039 [ERROR] LogOutputStream:75 - [STDERR_REDIRECT] 
2026-03-29 20:29:34,039 [ERROR] LogOutputStream:75 - [STDERR_REDIRECT] [Fatal Error] :1:1: Premature end of file.
2026-03-29 20:29:34,040 [ERROR] LogOutputStream:75 - [STDERR_REDIRECT] 
2026-03-29 20:29:35,038 [ERROR] LogOutputStream:75 - [STDERR_REDIRECT] [Fatal Error] :1:1: Premature end of file.
2026-03-29 20:29:35,038 [ERROR] LogOutputStream:75 - [STDERR_REDIRECT] 
2026-03-29 20:29:36,030 [ERROR] LogOutputStream:75 - [STDERR_REDIRECT] [Fatal Error] :1:1: Premature end of file.
2026-03-29 20:29:36,030 [ERROR] LogOutputStream:75 - [STDERR_REDIRECT] 
2026-03-29 20:29:37,038 [ERROR] LogOutputStream:75 - [STDERR_REDIRECT] [Fatal Error] :1:1: Premature end of file.
2026-03-29 20:29:37,038 [ERROR] LogOutputStream:75 - [STDERR_REDIRECT] 
2026-03-29 20:29:38,046 [ERROR] LogOutputStream:75 - [STDERR_REDIRECT] [Fatal Error] :1:1: Premature end of file.
2026-03-29 20:29:38,046 [ERROR] LogOutputStream:75 - [STDERR_REDIRECT] 
2026-03-29 20:29:39,038 [ERROR] LogOutputStream:75 - [STDERR_REDIRECT] [Fatal Error] :1:1: Premature end of file.
2026-03-29 20:29:39,039 [ERROR] LogOutputStream:75 - [STDERR_REDIRECT] 
2026-03-29 20:29:40,036 [ERROR] LogOutputStream:75 - [STDERR_REDIRECT] [Fatal Error] :1:1: Premature end of file.
2026-03-29 20:29:40,036 [ERROR] LogOutputStream:75 - [STDERR_REDIRECT] 
2026-03-29 20:29:41,043 [ERROR] LogOutputStream:75 - [STDERR_REDIRECT] [Fatal Error] :1:1: Premature end of file.
2026-03-29 20:29:41,044 [ERROR] LogOutputStream:75 - [STDERR_REDIRECT] 
2026-03-29 20:29:42,041 [ERROR] LogOutputStream:75 - [STDERR_REDIRECT] [Fatal Error] :1:1: Premature end of file.
2026-03-29 20:29:42,041 [ERROR] LogOutputStream:75 - [STDERR_REDIRECT] 
2026-03-29 20:29:43,037 [ERROR] LogOutputStream:75 - [STDERR_REDIRECT] [Fatal Error] :1:1: Premature end of file.
2026-03-29 20:29:43,037 [ERROR] LogOutputStream:75 - [STDERR_REDIRECT] 
2026-03-29 20:29:44,039 [ERROR] LogOutputStream:75 - [STDERR_REDIRECT] [Fatal Error] :1:1: Premature end of file.
2026-03-29 20:29:44,039 [ERROR] LogOutputStream:75 - [STDERR_REDIRECT] 
2026-03-29 20:29:45,040 [ERROR] LogOutputStream:75 - [STDERR_REDIRECT] [Fatal Error] :1:1: Premature end of file.
2026-03-29 20:29:45,040 [ERROR] LogOutputStream:75 - [STDERR_REDIRECT] 
2026-03-29 20:29:46,044 [ERROR] LogOutputStream:75 - [STDERR_REDIRECT] [Fatal Error] :1:1: Premature end of file.
2026-03-29 20:29:46,044 [ERROR] LogOutputStream:75 - [STDERR_REDIRECT] 
2026-03-29 20:29:47,041 [ERROR] LogOutputStream:75 - [STDERR_REDIRECT] [Fatal Error] :1:1: Premature end of file.
2026-03-29 20:29:47,041 [ERROR] LogOutputStream:75 - [STDERR_REDIRECT] 
2026-03-29 20:29:48,031 [ERROR] LogOutputStream:75 - [STDERR_REDIRECT] [Fatal Error] :1:1: Premature end of file.
2026-03-29 20:29:48,032 [ERROR] LogOutputStream:75 - [STDERR_REDIRECT] 
2026-03-29 20:29:49,032 [ERROR] LogOutputStream:75 - [STDERR_REDIRECT] [Fatal Error] :1:1: Premature end of file.
2026-03-29 20:29:49,033 [ERROR] LogOutputStream:75 - [STDERR_REDIRECT] 
2026-03-29 20:29:50,033 [ERROR] LogOutputStream:75 - [STDERR_REDIRECT] [Fatal Error] :1:1: Premature end of file.
2026-03-29 20:29:50,033 [ERROR] LogOutputStream:75 - [STDERR_REDIRECT] 
2026-03-29 20:29:51,035 [ERROR] LogOutputStream:75 - [STDERR_REDIRECT] [Fatal Error] :1:1: Premature end of file.
2026-03-29 20:29:51,035 [ERROR] LogOutputStream:75 - [STDERR_REDIRECT] 
2026-03-29 20:29:52,033 [ERROR] LogOutputStream:75 - [STDERR_REDIRECT] [Fatal Error] :1:1: Premature end of file.
2026-03-29 20:29:52,033 [ERROR] LogOutputStream:75 - [STDERR_REDIRECT] 
2026-03-29 20:29:53,044 [ERROR] LogOutputStream:75 - [STDERR_REDIRECT] [Fatal Error] :1:1: Premature end of file.
2026-03-29 20:29:53,044 [ERROR] LogOutputStream:75 - [STDERR_REDIRECT] 
2026-03-29 20:29:54,031 [ERROR] LogOutputStream:75 - [STDERR_REDIRECT] [Fatal Error] :1:1: Premature end of file.
2026-03-29 20:29:54,031 [ERROR] LogOutputStream:75 - [STDERR_REDIRECT] 
2026-03-29 20:29:55,029 [ERROR] LogOutputStream:75 - [STDERR_REDIRECT] [Fatal Error] :1:1: Premature end of file.
2026-03-29 20:29:55,029 [ERROR] LogOutputStream:75 - [STDERR_REDIRECT] 
2026-03-29 20:29:56,042 [ERROR] LogOutputStream:75 - [STDERR_REDIRECT] [Fatal Error] :1:1: Premature end of file.
2026-03-29 20:29:56,042 [ERROR] LogOutputStream:75 - [STDERR_REDIRECT] 
2026-03-29 20:29:57,040 [ERROR] LogOutputStream:75 - [STDERR_REDIRECT] [Fatal Error] :1:1: Premature end of file.
2026-03-29 20:29:57,040 [ERROR] LogOutputStream:75 - [STDERR_REDIRECT] 
2026-03-29 20:29:58,037 [ERROR] LogOutputStream:75 - [STDERR_REDIRECT] [Fatal Error] :1:1: Premature end of file.
2026-03-29 20:29:58,038 [ERROR] LogOutputStream:75 - [STDERR_REDIRECT] 
2026-03-29 20:29:59,032 [ERROR] LogOutputStream:75 - [STDERR_REDIRECT] [Fatal Error] :1:1: Premature end of file.
2026-03-29 20:29:59,032 [ERROR] LogOutputStream:75 - [STDERR_REDIRECT] 
2026-03-29 20:30:00,041 [ERROR] LogOutputStream:75 - [STDERR_REDIRECT] [Fatal Error] :1:1: Premature end of file.
2026-03-29 20:30:00,042 [ERROR] LogOutputStream:75 - [STDERR_REDIRECT] 
2026-03-29 20:30:01,037 [ERROR] LogOutputStream:75 - [STDERR_REDIRECT] [Fatal Error] :1:1: Premature end of file.
2026-03-29 20:30:01,037 [ERROR] LogOutputStream:75 - [STDERR_REDIRECT] 
2026-03-29 20:30:02,028 [ERROR] LogOutputStream:75 - [STDERR_REDIRECT] [Fatal Error] :1:1: Premature end of file.
2026-03-29 20:30:02,028 [ERROR] LogOutputStream:75 - [STDERR_REDIRECT] 
2026-03-29 20:30:03,043 [ERROR] LogOutputStream:75 - [STDERR_REDIRECT] [Fatal Error] :1:1: Premature end of file.
2026-03-29 20:30:03,043 [ERROR] LogOutputStream:75 - [STDERR_REDIRECT] 
2026-03-29 20:30:04,041 [ERROR] LogOutputStream:75 - [STDERR_REDIRECT] [Fatal Error] :1:1: Premature end of file.
2026-03-29 20:30:04,041 [ERROR] LogOutputStream:75 - [STDERR_REDIRECT] 
2026-03-29 20:30:05,034 [ERROR] LogOutputStream:75 - [STDERR_REDIRECT] [Fatal Error] :1:1: Premature end of file.
2026-03-29 20:30:05,034 [ERROR] LogOutputStream:75 - [STDERR_REDIRECT] 
2026-03-29 20:30:06,042 [ERROR] LogOutputStream:75 - [STDERR_REDIRECT] [Fatal Error] :1:1: Premature end of file.
2026-03-29 20:30:06,042 [ERROR] LogOutputStream:75 - [STDERR_REDIRECT] 
2026-03-29 20:30:07,043 [ERROR] LogOutputStream:75 - [STDERR_REDIRECT] [Fatal Error] :1:1: Premature end of file.
2026-03-29 20:30:07,043 [ERROR] LogOutputStream:75 - [STDERR_REDIRECT] 
2026-03-29 20:30:08,041 [ERROR] LogOutputStream:75 - [STDERR_REDIRECT] [Fatal Error] :1:1: Premature end of file.
2026-03-29 20:30:08,041 [ERROR] LogOutputStream:75 - [STDERR_REDIRECT] 
2026-03-29 20:30:09,033 [ERROR] LogOutputStream:75 - [STDERR_REDIRECT] [Fatal Error] :1:1: Premature end of file.
2026-03-29 20:30:09,033 [ERROR] LogOutputStream:75 - [STDERR_REDIRECT] 
2026-03-29 20:30:10,022 [ERROR] LogOutputStream:75 - [STDERR_REDIRECT] [Fatal Error] :1:1: Premature end of file.
2026-03-29 20:30:10,023 [ERROR] LogOutputStream:75 - [STDERR_REDIRECT] 
2026-03-29 20:30:11,035 [ERROR] LogOutputStream:75 - [STDERR_REDIRECT] [Fatal Error] :1:1: Premature end of file.
2026-03-29 20:30:11,035 [ERROR] LogOutputStream:75 - [STDERR_REDIRECT] 
2026-03-29 20:30:12,048 [ERROR] LogOutputStream:75 - [STDERR_REDIRECT] [Fatal Error] :1:1: Premature end of file.
2026-03-29 20:30:12,048 [ERROR] LogOutputStream:75 - [STDERR_REDIRECT] 
2026-03-29 20:30:13,040 [ERROR] LogOutputStream:75 - [STDERR_REDIRECT] [Fatal Error] :1:1: Premature end of file.
2026-03-29 20:30:13,040 [ERROR] LogOutputStream:75 - [STDERR_REDIRECT] 
2026-03-29 20:30:14,035 [ERROR] LogOutputStream:75 - [STDERR_REDIRECT] [Fatal Error] :1:1: Premature end of file.
2026-03-29 20:30:14,035 [ERROR] LogOutputStream:75 - [STDERR_REDIRECT] 
2026-03-29 20:30:15,045 [ERROR] LogOutputStream:75 - [STDERR_REDIRECT] [Fatal Error] :1:1: Premature end of file.
2026-03-29 20:30:15,045 [ERROR] LogOutputStream:75 - [STDERR_REDIRECT] 
2026-03-29 20:30:16,052 [ERROR] LogOutputStream:75 - [STDERR_REDIRECT] [Fatal Error] :1:1: Premature end of file.
2026-03-29 20:30:16,053 [ERROR] LogOutputStream:75 - [STDERR_REDIRECT] 
2026-03-29 20:30:17,042 [ERROR] LogOutputStream:75 - [STDERR_REDIRECT] [Fatal Error] :1:1: Premature end of file.
2026-03-29 20:30:17,042 [ERROR] LogOutputStream:75 - [STDERR_REDIRECT] 
2026-03-29 20:30:18,042 [ERROR] LogOutputStream:75 - [STDERR_REDIRECT] [Fatal Error] :1:1: Premature end of file.
2026-03-29 20:30:18,042 [ERROR] LogOutputStream:75 - [STDERR_REDIRECT] 
2026-03-29 20:30:19,035 [ERROR] LogOutputStream:75 - [STDERR_REDIRECT] [Fatal Error] :1:1: Premature end of file.
2026-03-29 20:30:19,035 [ERROR] LogOutputStream:75 - [STDERR_REDIRECT] 
2026-03-29 20:30:20,055 [ERROR] LogOutputStream:75 - [STDERR_REDIRECT] [Fatal Error] :1:1: Premature end of file.
2026-03-29 20:30:20,056 [ERROR] LogOutputStream:75 - [STDERR_REDIRECT] 
2026-03-29 20:30:21,036 [ERROR] LogOutputStream:75 - [STDERR_REDIRECT] [Fatal Error] :1:1: Premature end of file.
2026-03-29 20:30:21,036 [ERROR] LogOutputStream:75 - [STDERR_REDIRECT] 
2026-03-29 20:30:22,029 [ERROR] LogOutputStream:75 - [STDERR_REDIRECT] [Fatal Error] :1:1: Premature end of file.
2026-03-29 20:30:22,029 [ERROR] LogOutputStream:75 - [STDERR_REDIRECT] 
2026-03-29 20:30:23,041 [ERROR] LogOutputStream:75 - [STDERR_REDIRECT] [Fatal Error] :1:1: Premature end of file.
2026-03-29 20:30:23,041 [ERROR] LogOutputStream:75 - [STDERR_REDIRECT] 
2026-03-29 20:30:24,031 [ERROR] LogOutputStream:75 - [STDERR_REDIRECT] [Fatal Error] :1:1: Premature end of file.
2026-03-29 20:30:24,031 [ERROR] LogOutputStream:75 - [STDERR_REDIRECT] 
2026-03-29 20:30:25,031 [ERROR] LogOutputStream:75 - [STDERR_REDIRECT] [Fatal Error] :1:1: Premature end of file.
2026-03-29 20:30:25,031 [ERROR] LogOutputStream:75 - [STDERR_REDIRECT] 
2026-03-29 20:30:26,035 [ERROR] LogOutputStream:75 - [STDERR_REDIRECT] [Fatal Error] :1:1: Premature end of file.
2026-03-29 20:30:26,036 [ERROR] LogOutputStream:75 - [STDERR_REDIRECT] 
2026-03-29 20:30:27,051 [ERROR] LogOutputStream:75 - [STDERR_REDIRECT] [Fatal Error] :1:1: Premature end of file.
2026-03-29 20:30:27,051 [ERROR] LogOutputStream:75 - [STDERR_REDIRECT] 
2026-03-29 20:30:28,053 [ERROR] LogOutputStream:75 - [STDERR_REDIRECT] [Fatal Error] :1:1: Premature end of file.
2026-03-29 20:30:28,053 [ERROR] LogOutputStream:75 - [STDERR_REDIRECT] 
2026-03-29 20:30:29,048 [ERROR] LogOutputStream:75 - [STDERR_REDIRECT] [Fatal Error] :1:1: Premature end of file.
2026-03-29 20:30:29,049 [ERROR] LogOutputStream:75 - [STDERR_REDIRECT] 
2026-03-29 20:30:30,035 [ERROR] LogOutputStream:75 - [STDERR_REDIRECT] [Fatal Error] :1:1: Premature end of file.
2026-03-29 20:30:30,035 [ERROR] LogOutputStream:75 - [STDERR_REDIRECT] 
2026-03-29 20:30:31,040 [ERROR] LogOutputStream:75 - [STDERR_REDIRECT] [Fatal Error] :1:1: Premature end of file.
2026-03-29 20:30:31,040 [ERROR] LogOutputStream:75 - [STDERR_REDIRECT] 
2026-03-29 20:30:32,040 [ERROR] LogOutputStream:75 - [STDERR_REDIRECT] [Fatal Error] :1:1: Premature end of file.
2026-03-29 20:30:32,041 [ERROR] LogOutputStream:75 - [STDERR_REDIRECT] 
2026-03-29 20:30:33,029 [ERROR] LogOutputStream:75 - [STDERR_REDIRECT] [Fatal Error] :1:1: Premature end of file.
2026-03-29 20:30:33,029 [ERROR] LogOutputStream:75 - [STDERR_REDIRECT] 
2026-03-29 20:30:33,264 [ERROR] ConfigurationRetriever:142 - IOException on connection: Read timed out
2026-03-29 20:30:34,037 [ERROR] LogOutputStream:75 - [STDERR_REDIRECT] [Fatal Error] :1:1: Premature end of file.
2026-03-29 20:30:34,037 [ERROR] LogOutputStream:75 - [STDERR_REDIRECT] 
2026-03-29 20:30:35,043 [ERROR] LogOutputStream:75 - [STDERR_REDIRECT] [Fatal Error] :1:1: Premature end of file.
2026-03-29 20:30:35,043 [ERROR] LogOutputStream:75 - [STDERR_REDIRECT] 
2026-03-29 20:30:36,043 [ERROR] LogOutputStream:75 - [STDERR_REDIRECT] [Fatal Error] :1:1: Premature end of file.
2026-03-29 20:30:36,043 [ERROR] LogOutputStream:75 - [STDERR_REDIRECT] 
2026-03-29 20:30:36,960 [ERROR] ConfigurationRetriever:142 - IOException on connection: Read timed out
2026-03-29 20:30:37,039 [ERROR] LogOutputStream:75 - [STDERR_REDIRECT] [Fatal Error] :1:1: Premature end of file.
2026-03-29 20:30:37,039 [ERROR] LogOutputStream:75 - [STDERR_REDIRECT] 
2026-03-29 20:30:38,042 [ERROR] LogOutputStream:75 - [STDERR_REDIRECT] [Fatal Error] :1:1: Premature end of file.
2026-03-29 20:30:38,042 [ERROR] LogOutputStream:75 - [STDERR_REDIRECT] 
2026-03-29 20:30:39,041 [ERROR] LogOutputStream:75 - [STDERR_REDIRECT] [Fatal Error] :1:1: Premature end of file.
2026-03-29 20:30:39,041 [ERROR] LogOutputStream:75 - [STDERR_REDIRECT] 
2026-03-29 20:30:40,046 [ERROR] LogOutputStream:75 - [STDERR_REDIRECT] [Fatal Error] :1:1: Premature end of file.
2026-03-29 20:30:40,046 [ERROR] LogOutputStream:75 - [STDERR_REDIRECT] 
2026-03-29 20:30:41,032 [ERROR] LogOutputStream:75 - [STDERR_REDIRECT] [Fatal Error] :1:1: Premature end of file.
2026-03-29 20:30:41,032 [ERROR] LogOutputStream:75 - [STDERR_REDIRECT] 
2026-03-29 20:30:42,038 [ERROR] LogOutputStream:75 - [STDERR_REDIRECT] [Fatal Error] :1:1: Premature end of file.
2026-03-29 20:30:42,039 [ERROR] LogOutputStream:75 - [STDERR_REDIRECT] 
2026-03-29 20:30:43,035 [ERROR] LogOutputStream:75 - [STDERR_REDIRECT] [Fatal Error] :1:1: Premature end of file.
2026-03-29 20:30:43,035 [ERROR] LogOutputStream:75 - [STDERR_REDIRECT] 
2026-03-29 20:30:44,041 [ERROR] LogOutputStream:75 - [STDERR_REDIRECT] [Fatal Error] :1:1: Premature end of file.
2026-03-29 20:30:44,041 [ERROR] LogOutputStream:75 - [STDERR_REDIRECT] 
2026-03-29 20:30:45,035 [ERROR] LogOutputStream:75 - [STDERR_REDIRECT] [Fatal Error] :1:1: Premature end of file.
2026-03-29 20:30:45,035 [ERROR] LogOutputStream:75 - [STDERR_REDIRECT] 
2026-03-29 20:30:46,041 [ERROR] LogOutputStream:75 - [STDERR_REDIRECT] [Fatal Error] :1:1: Premature end of file.
2026-03-29 20:30:46,041 [ERROR] LogOutputStream:75 - [STDERR_REDIRECT] 
2026-03-29 20:30:47,037 [ERROR] LogOutputStream:75 - [STDERR_REDIRECT] [Fatal Error] :1:1: Premature end of file.
2026-03-29 20:30:47,037 [ERROR] LogOutputStream:75 - [STDERR_REDIRECT] 
2026-03-29 20:30:48,038 [ERROR] LogOutputStream:75 - [STDERR_REDIRECT] [Fatal Error] :1:1: Premature end of file.
2026-03-29 20:30:48,039 [ERROR] LogOutputStream:75 - [STDERR_REDIRECT] 
2026-03-29 20:30:49,030 [ERROR] LogOutputStream:75 - [STDERR_REDIRECT] [Fatal Error] :1:1: Premature end of file.
2026-03-29 20:30:49,030 [ERROR] LogOutputStream:75 - [STDERR_REDIRECT] 
2026-03-29 20:30:50,028 [ERROR] LogOutputStream:75 - [STDERR_REDIRECT] [Fatal Error] :1:1: Premature end of file.
2026-03-29 20:30:50,028 [ERROR] LogOutputStream:75 - [STDERR_REDIRECT] 
2026-03-29 20:30:51,037 [ERROR] LogOutputStream:75 - [STDERR_REDIRECT] [Fatal Error] :1:1: Premature end of file.
2026-03-29 20:30:51,037 [ERROR] LogOutputStream:75 - [STDERR_REDIRECT] 
2026-03-29 20:30:52,023 [ERROR] LogOutputStream:75 - [STDERR_REDIRECT] [Fatal Error] :1:1: Premature end of file.
2026-03-29 20:30:52,023 [ERROR] LogOutputStream:75 - [STDERR_REDIRECT] 
2026-03-29 20:30:53,038 [ERROR] LogOutputStream:75 - [STDERR_REDIRECT] [Fatal Error] :1:1: Premature end of file.
2026-03-29 20:30:53,038 [ERROR] LogOutputStream:75 - [STDERR_REDIRECT] 
2026-03-29 20:30:54,041 [ERROR] LogOutputStream:75 - [STDERR_REDIRECT] [Fatal Error] :1:1: Premature end of file.
2026-03-29 20:30:54,041 [ERROR] LogOutputStream:75 - [STDERR_REDIRECT] 
2026-03-29 20:30:55,036 [ERROR] LogOutputStream:75 - [STDERR_REDIRECT] [Fatal Error] :1:1: Premature end of file.
2026-03-29 20:30:55,036 [ERROR] LogOutputStream:75 - [STDERR_REDIRECT] 
2026-03-29 20:30:56,043 [ERROR] LogOutputStream:75 - [STDERR_REDIRECT] [Fatal Error] :1:1: Premature end of file.
2026-03-29 20:30:56,043 [ERROR] LogOutputStream:75 - [STDERR_REDIRECT] 
2026-03-29 20:30:57,041 [ERROR] LogOutputStream:75 - [STDERR_REDIRECT] [Fatal Error] :1:1: Premature end of file.
2026-03-29 20:30:57,041 [ERROR] LogOutputStream:75 - [STDERR_REDIRECT] 
2026-03-29 20:30:58,049 [ERROR] LogOutputStream:75 - [STDERR_REDIRECT] [Fatal Error] :1:1: Premature end of file.
2026-03-29 20:30:58,050 [ERROR] LogOutputStream:75 - [STDERR_REDIRECT] 
2026-03-29 20:30:59,036 [ERROR] LogOutputStream:75 - [STDERR_REDIRECT] [Fatal Error] :1:1: Premature end of file.
2026-03-29 20:30:59,036 [ERROR] LogOutputStream:75 - [STDERR_REDIRECT] 
2026-03-29 20:31:00,042 [ERROR] LogOutputStream:75 - [STDERR_REDIRECT] [Fatal Error] :1:1: Premature end of file.
2026-03-29 20:31:00,042 [ERROR] LogOutputStream:75 - [STDERR_REDIRECT] 
2026-03-29 20:31:01,040 [ERROR] LogOutputStream:75 - [STDERR_REDIRECT] [Fatal Error] :1:1: Premature end of file.
2026-03-29 20:31:01,041 [ERROR] LogOutputStream:75 - [STDERR_REDIRECT] 
2026-03-29 20:31:02,041 [ERROR] LogOutputStream:75 - [STDERR_REDIRECT] [Fatal Error] :1:1: Premature end of file.
2026-03-29 20:31:02,041 [ERROR] LogOutputStream:75 - [STDERR_REDIRECT] 
2026-03-29 20:31:03,036 [ERROR] LogOutputStream:75 - [STDERR_REDIRECT] [Fatal Error] :1:1: Premature end of file.
2026-03-29 20:31:03,036 [ERROR] LogOutputStream:75 - [STDERR_REDIRECT] 
2026-03-29 20:31:04,042 [ERROR] LogOutputStream:75 - [STDERR_REDIRECT] [Fatal Error] :1:1: Premature end of file.
2026-03-29 20:31:04,042 [ERROR] LogOutputStream:75 - [STDERR_REDIRECT] 
2026-03-29 20:31:05,043 [ERROR] LogOutputStream:75 - [STDERR_REDIRECT] [Fatal Error] :1:1: Premature end of file.
2026-03-29 20:31:05,043 [ERROR] LogOutputStream:75 - [STDERR_REDIRECT] 
2026-03-29 20:31:06,039 [ERROR] LogOutputStream:75 - [STDERR_REDIRECT] [Fatal Error] :1:1: Premature end of file.
2026-03-29 20:31:06,039 [ERROR] LogOutputStream:75 - [STDERR_REDIRECT] 
2026-03-29 20:31:07,040 [ERROR] LogOutputStream:75 - [STDERR_REDIRECT] [Fatal Error] :1:1: Premature end of file.
2026-03-29 20:31:07,040 [ERROR] LogOutputStream:75 - [STDERR_REDIRECT] 
2026-03-29 20:31:08,042 [ERROR] LogOutputStream:75 - [STDERR_REDIRECT] [Fatal Error] :1:1: Premature end of file.
2026-03-29 20:31:08,042 [ERROR] LogOutputStream:75 - [STDERR_REDIRECT] 
2026-03-29 20:31:09,029 [ERROR] LogOutputStream:75 - [STDERR_REDIRECT] [Fatal Error] :1:1: Premature end of file.
2026-03-29 20:31:09,029 [ERROR] LogOutputStream:75 - [STDERR_REDIRECT] 
2026-03-29 20:31:10,031 [ERROR] LogOutputStream:75 - [STDERR_REDIRECT] [Fatal Error] :1:1: Premature end of file.
2026-03-29 20:31:10,031 [ERROR] LogOutputStream:75 - [STDERR_REDIRECT] 
2026-03-29 20:31:11,049 [ERROR] LogOutputStream:75 - [STDERR_REDIRECT] [Fatal Error] :1:1: Premature end of file.
2026-03-29 20:31:11,050 [ERROR] LogOutputStream:75 - [STDERR_REDIRECT] 
2026-03-29 20:31:12,043 [ERROR] LogOutputStream:75 - [STDERR_REDIRECT] [Fatal Error] :1:1: Premature end of file.
2026-03-29 20:31:12,043 [ERROR] LogOutputStream:75 - [STDERR_REDIRECT] 
2026-03-29 20:31:13,032 [ERROR] LogOutputStream:75 - [STDERR_REDIRECT] [Fatal Error] :1:1: Premature end of file.
2026-03-29 20:31:13,032 [ERROR] LogOutputStream:75 - [STDERR_REDIRECT] 
2026-03-29 20:31:14,045 [ERROR] LogOutputStream:75 - [STDERR_REDIRECT] [Fatal Error] :1:1: Premature end of file.
2026-03-29 20:31:14,045 [ERROR] LogOutputStream:75 - [STDERR_REDIRECT] 
2026-03-29 20:31:15,036 [ERROR] LogOutputStream:75 - [STDERR_REDIRECT] [Fatal Error] :1:1: Premature end of file.
2026-03-29 20:31:15,036 [ERROR] LogOutputStream:75 - [STDERR_REDIRECT] 
2026-03-29 20:31:16,041 [ERROR] LogOutputStream:75 - [STDERR_REDIRECT] [Fatal Error] :1:1: Premature end of file.
2026-03-29 20:31:16,041 [ERROR] LogOutputStream:75 - [STDERR_REDIRECT] 
2026-03-29 20:31:17,042 [ERROR] LogOutputStream:75 - [STDERR_REDIRECT] [Fatal Error] :1:1: Premature end of file.
2026-03-29 20:31:17,042 [ERROR] LogOutputStream:75 - [STDERR_REDIRECT] 
2026-03-29 20:31:18,043 [ERROR] LogOutputStream:75 - [STDERR_REDIRECT] [Fatal Error] :1:1: Premature end of file.
2026-03-29 20:31:18,044 [ERROR] LogOutputStream:75 - [STDERR_REDIRECT] 
2026-03-29 20:31:19,031 [ERROR] LogOutputStream:75 - [STDERR_REDIRECT] [Fatal Error] :1:1: Premature end of file.
2026-03-29 20:31:19,031 [ERROR] LogOutputStream:75 - [STDERR_REDIRECT] 
2026-03-29 20:31:20,032 [ERROR] LogOutputStream:75 - [STDERR_REDIRECT] [Fatal Error] :1:1: Premature end of file.
2026-03-29 20:31:20,032 [ERROR] LogOutputStream:75 - [STDERR_REDIRECT] 
2026-03-29 20:31:21,034 [ERROR] LogOutputStream:75 - [STDERR_REDIRECT] [Fatal Error] :1:1: Premature end of file.
2026-03-29 20:31:21,034 [ERROR] LogOutputStream:75 - [STDERR_REDIRECT] 
2026-03-29 20:31:22,044 [ERROR] LogOutputStream:75 - [STDERR_REDIRECT] [Fatal Error] :1:1: Premature end of file.
2026-03-29 20:31:22,044 [ERROR] LogOutputStream:75 - [STDERR_REDIRECT] 
2026-03-29 20:31:23,034 [ERROR] LogOutputStream:75 - [STDERR_REDIRECT] [Fatal Error] :1:1: Premature end of file.
2026-03-29 20:31:23,034 [ERROR] LogOutputStream:75 - [STDERR_REDIRECT] 
2026-03-29 20:31:24,030 [ERROR] LogOutputStream:75 - [STDERR_REDIRECT] [Fatal Error] :1:1: Premature end of file.
2026-03-29 20:31:24,030 [ERROR] LogOutputStream:75 - [STDERR_REDIRECT] 
2026-03-29 20:31:25,036 [ERROR] LogOutputStream:75 - [STDERR_REDIRECT] [Fatal Error] :1:1: Premature end of file.
2026-03-29 20:31:25,036 [ERROR] LogOutputStream:75 - [STDERR_REDIRECT] 
2026-03-29 20:31:26,039 [ERROR] LogOutputStream:75 - [STDERR_REDIRECT] [Fatal Error] :1:1: Premature end of file.
2026-03-29 20:31:26,039 [ERROR] LogOutputStream:75 - [STDERR_REDIRECT] 
2026-03-29 20:31:27,041 [ERROR] LogOutputStream:75 - [STDERR_REDIRECT] [Fatal Error] :1:1: Premature end of file.
2026-03-29 20:31:27,042 [ERROR] LogOutputStream:75 - [STDERR_REDIRECT] 
2026-03-29 20:31:28,037 [ERROR] LogOutputStream:75 - [STDERR_REDIRECT] [Fatal Error] :1:1: Premature end of file.
2026-03-29 20:31:28,037 [ERROR] LogOutputStream:75 - [STDERR_REDIRECT] 
2026-03-29 20:31:29,043 [ERROR] LogOutputStream:75 - [STDERR_REDIRECT] [Fatal Error] :1:1: Premature end of file.
2026-03-29 20:31:29,044 [ERROR] LogOutputStream:75 - [STDERR_REDIRECT] 
2026-03-29 20:31:30,042 [ERROR] LogOutputStream:75 - [STDERR_REDIRECT] [Fatal Error] :1:1: Premature end of file.
2026-03-29 20:31:30,042 [ERROR] LogOutputStream:75 - [STDERR_REDIRECT] 
2026-03-29 20:31:31,040 [ERROR] LogOutputStream:75 - [STDERR_REDIRECT] [Fatal Error] :1:1: Premature end of file.
2026-03-29 20:31:31,040 [ERROR] LogOutputStream:75 - [STDERR_REDIRECT] 
2026-03-29 20:31:32,040 [ERROR] LogOutputStream:75 - [STDERR_REDIRECT] [Fatal Error] :1:1: Premature end of file.
2026-03-29 20:31:32,040 [ERROR] LogOutputStream:75 - [STDERR_REDIRECT] 
2026-03-29 20:31:33,042 [ERROR] LogOutputStream:75 - [STDERR_REDIRECT] [Fatal Error] :1:1: Premature end of file.
2026-03-29 20:31:33,042 [ERROR] LogOutputStream:75 - [STDERR_REDIRECT] 
2026-03-29 20:31:34,040 [ERROR] LogOutputStream:75 - [STDERR_REDIRECT] [Fatal Error] :1:1: Premature end of file.
2026-03-29 20:31:34,040 [ERROR] LogOutputStream:75 - [STDERR_REDIRECT] 
2026-03-29 20:31:35,039 [ERROR] LogOutputStream:75 - [STDERR_REDIRECT] [Fatal Error] :1:1: Premature end of file.
2026-03-29 20:31:35,040 [ERROR] LogOutputStream:75 - [STDERR_REDIRECT] 
2026-03-29 20:31:36,039 [ERROR] LogOutputStream:75 - [STDERR_REDIRECT] [Fatal Error] :1:1: Premature end of file.
2026-03-29 20:31:36,039 [ERROR] LogOutputStream:75 - [STDERR_REDIRECT] 
2026-03-29 20:31:37,043 [ERROR] LogOutputStream:75 - [STDERR_REDIRECT] [Fatal Error] :1:1: Premature end of file.
2026-03-29 20:31:37,043 [ERROR] LogOutputStream:75 - [STDERR_REDIRECT] 
2026-03-29 20:31:38,043 [ERROR] LogOutputStream:75 - [STDERR_REDIRECT] [Fatal Error] :1:1: Premature end of file.
2026-03-29 20:31:38,043 [ERROR] LogOutputStream:75 - [STDERR_REDIRECT] 
2026-03-29 20:31:39,038 [ERROR] LogOutputStream:75 - [STDERR_REDIRECT] [Fatal Error] :1:1: Premature end of file.
2026-03-29 20:31:39,038 [ERROR] LogOutputStream:75 - [STDERR_REDIRECT] 
2026-03-29 20:31:40,042 [ERROR] LogOutputStream:75 - [STDERR_REDIRECT] [Fatal Error] :1:1: Premature end of file.
2026-03-29 20:31:40,043 [ERROR] LogOutputStream:75 - [STDERR_REDIRECT] 
2026-03-29 20:31:41,055 [ERROR] LogOutputStream:75 - [STDERR_REDIRECT] [Fatal Error] :1:1: Premature end of file.
2026-03-29 20:31:41,055 [ERROR] LogOutputStream:75 - [STDERR_REDIRECT] 
2026-03-29 20:31:42,044 [ERROR] LogOutputStream:75 - [STDERR_REDIRECT] [Fatal Error] :1:1: Premature end of file.
2026-03-29 20:31:42,044 [ERROR] LogOutputStream:75 - [STDERR_REDIRECT] 
2026-03-29 20:31:43,040 [ERROR] LogOutputStream:75 - [STDERR_REDIRECT] [Fatal Error] :1:1: Premature end of file.
2026-03-29 20:31:43,040 [ERROR] LogOutputStream:75 - [STDERR_REDIRECT] 
2026-03-29 20:31:44,044 [ERROR] LogOutputStream:75 - [STDERR_REDIRECT] [Fatal Error] :1:1: Premature end of file.
2026-03-29 20:31:44,044 [ERROR] LogOutputStream:75 - [STDERR_REDIRECT] 
2026-03-29 20:31:45,033 [ERROR] LogOutputStream:75 - [STDERR_REDIRECT] [Fatal Error] :1:1: Premature end of file.
2026-03-29 20:31:45,034 [ERROR] LogOutputStream:75 - [STDERR_REDIRECT] 
2026-03-29 20:31:46,040 [ERROR] LogOutputStream:75 - [STDERR_REDIRECT] [Fatal Error] :1:1: Premature end of file.
2026-03-29 20:31:46,040 [ERROR] LogOutputStream:75 - [STDERR_REDIRECT] 
2026-03-29 20:31:47,036 [ERROR] LogOutputStream:75 - [STDERR_REDIRECT] [Fatal Error] :1:1: Premature end of file.
2026-03-29 20:31:47,037 [ERROR] LogOutputStream:75 - [STDERR_REDIRECT] 
2026-03-29 20:31:48,036 [ERROR] LogOutputStream:75 - [STDERR_REDIRECT] [Fatal Error] :1:1: Premature end of file.
2026-03-29 20:31:48,036 [ERROR] LogOutputStream:75 - [STDERR_REDIRECT] 
2026-03-29 20:31:49,035 [ERROR] LogOutputStream:75 - [STDERR_REDIRECT] [Fatal Error] :1:1: Premature end of file.
2026-03-29 20:31:49,035 [ERROR] LogOutputStream:75 - [STDERR_REDIRECT] 
2026-03-29 20:31:50,042 [ERROR] LogOutputStream:75 - [STDERR_REDIRECT] [Fatal Error] :1:1: Premature end of file.
2026-03-29 20:31:50,042 [ERROR] LogOutputStream:75 - [STDERR_REDIRECT] 
2026-03-29 20:31:51,035 [ERROR] LogOutputStream:75 - [STDERR_REDIRECT] [Fatal Error] :1:1: Premature end of file.
2026-03-29 20:31:51,035 [ERROR] LogOutputStream:75 - [STDERR_REDIRECT] 
2026-03-29 20:31:52,039 [ERROR] LogOutputStream:75 - [STDERR_REDIRECT] [Fatal Error] :1:1: Premature end of file.
2026-03-29 20:31:52,039 [ERROR] LogOutputStream:75 - [STDERR_REDIRECT] 
2026-03-29 20:31:53,025 [ERROR] LogOutputStream:75 - [STDERR_REDIRECT] [Fatal Error] :1:1: Premature end of file.
2026-03-29 20:31:53,025 [ERROR] LogOutputStream:75 - [STDERR_REDIRECT] 
2026-03-29 20:31:54,033 [ERROR] LogOutputStream:75 - [STDERR_REDIRECT] [Fatal Error] :1:1: Premature end of file.
2026-03-29 20:31:54,033 [ERROR] LogOutputStream:75 - [STDERR_REDIRECT] 
2026-03-29 20:31:55,044 [ERROR] LogOutputStream:75 - [STDERR_REDIRECT] [Fatal Error] :1:1: Premature end of file.
2026-03-29 20:31:55,044 [ERROR] LogOutputStream:75 - [STDERR_REDIRECT] 
2026-03-29 20:31:56,049 [ERROR] LogOutputStream:75 - [STDERR_REDIRECT] [Fatal Error] :1:1: Premature end of file.
2026-03-29 20:31:56,049 [ERROR] LogOutputStream:75 - [STDERR_REDIRECT] 
2026-03-29 20:31:57,043 [ERROR] LogOutputStream:75 - [STDERR_REDIRECT] [Fatal Error] :1:1: Premature end of file.
2026-03-29 20:31:57,043 [ERROR] LogOutputStream:75 - [STDERR_REDIRECT] 
2026-03-29 20:31:58,044 [ERROR] LogOutputStream:75 - [STDERR_REDIRECT] [Fatal Error] :1:1: Premature end of file.
2026-03-29 20:31:58,044 [ERROR] LogOutputStream:75 - [STDERR_REDIRECT] 
2026-03-29 20:31:59,044 [ERROR] LogOutputStream:75 - [STDERR_REDIRECT] [Fatal Error] :1:1: Premature end of file.
2026-03-29 20:31:59,045 [ERROR] LogOutputStream:75 - [STDERR_REDIRECT] 
2026-03-29 20:32:00,040 [ERROR] LogOutputStream:75 - [STDERR_REDIRECT] [Fatal Error] :1:1: Premature end of file.
2026-03-29 20:32:00,040 [ERROR] LogOutputStream:75 - [STDERR_REDIRECT] 
2026-03-29 20:32:01,040 [ERROR] LogOutputStream:75 - [STDERR_REDIRECT] [Fatal Error] :1:1: Premature end of file.
2026-03-29 20:32:01,040 [ERROR] LogOutputStream:75 - [STDERR_REDIRECT] 
2026-03-29 20:32:02,043 [ERROR] LogOutputStream:75 - [STDERR_REDIRECT] [Fatal Error] :1:1: Premature end of file.
2026-03-29 20:32:02,044 [ERROR] LogOutputStream:75 - [STDERR_REDIRECT] 
2026-03-29 20:32:03,038 [ERROR] LogOutputStream:75 - [STDERR_REDIRECT] [Fatal Error] :1:1: Premature end of file.
2026-03-29 20:32:03,039 [ERROR] LogOutputStream:75 - [STDERR_REDIRECT] 
2026-03-29 20:32:04,043 [ERROR] LogOutputStream:75 - [STDERR_REDIRECT] [Fatal Error] :1:1: Premature end of file.
2026-03-29 20:32:04,043 [ERROR] LogOutputStream:75 - [STDERR_REDIRECT] 
2026-03-29 20:32:05,040 [ERROR] LogOutputStream:75 - [STDERR_REDIRECT] [Fatal Error] :1:1: Premature end of file.
2026-03-29 20:32:05,040 [ERROR] LogOutputStream:75 - [STDERR_REDIRECT] 
2026-03-29 20:32:06,033 [ERROR] LogOutputStream:75 - [STDERR_REDIRECT] [Fatal Error] :1:1: Premature end of file.
2026-03-29 20:32:06,034 [ERROR] LogOutputStream:75 - [STDERR_REDIRECT] 
2026-03-29 20:32:07,039 [ERROR] LogOutputStream:75 - [STDERR_REDIRECT] [Fatal Error] :1:1: Premature end of file.
2026-03-29 20:32:07,039 [ERROR] LogOutputStream:75 - [STDERR_REDIRECT] 
2026-03-29 20:32:08,036 [ERROR] LogOutputStream:75 - [STDERR_REDIRECT] [Fatal Error] :1:1: Premature end of file.
2026-03-29 20:32:08,036 [ERROR] LogOutputStream:75 - [STDERR_REDIRECT] 
2026-03-29 20:32:09,040 [ERROR] LogOutputStream:75 - [STDERR_REDIRECT] [Fatal Error] :1:1: Premature end of file.
2026-03-29 20:32:09,040 [ERROR] LogOutputStream:75 - [STDERR_REDIRECT] 
2026-03-29 20:32:10,045 [ERROR] LogOutputStream:75 - [STDERR_REDIRECT] [Fatal Error] :1:1: Premature end of file.
2026-03-29 20:32:10,046 [ERROR] LogOutputStream:75 - [STDERR_REDIRECT] 
2026-03-29 20:32:11,040 [ERROR] LogOutputStream:75 - [STDERR_REDIRECT] [Fatal Error] :1:1: Premature end of file.
2026-03-29 20:32:11,040 [ERROR] LogOutputStream:75 - [STDERR_REDIRECT] 
2026-03-29 20:32:12,040 [ERROR] LogOutputStream:75 - [STDERR_REDIRECT] [Fatal Error] :1:1: Premature end of file.
2026-03-29 20:32:12,041 [ERROR] LogOutputStream:75 - [STDERR_REDIRECT] 
2026-03-29 20:32:13,039 [ERROR] LogOutputStream:75 - [STDERR_REDIRECT] [Fatal Error] :1:1: Premature end of file.
2026-03-29 20:32:13,039 [ERROR] LogOutputStream:75 - [STDERR_REDIRECT] 
2026-03-29 20:32:14,041 [ERROR] LogOutputStream:75 - [STDERR_REDIRECT] [Fatal Error] :1:1: Premature end of file.
2026-03-29 20:32:14,042 [ERROR] LogOutputStream:75 - [STDERR_REDIRECT] 
2026-03-29 20:32:15,039 [ERROR] LogOutputStream:75 - [STDERR_REDIRECT] [Fatal Error] :1:1: Premature end of file.
2026-03-29 20:32:15,039 [ERROR] LogOutputStream:75 - [STDERR_REDIRECT] 
2026-03-29 20:32:16,035 [ERROR] LogOutputStream:75 - [STDERR_REDIRECT] [Fatal Error] :1:1: Premature end of file.
2026-03-29 20:32:16,036 [ERROR] LogOutputStream:75 - [STDERR_REDIRECT] 
2026-03-29 20:32:17,040 [ERROR] LogOutputStream:75 - [STDERR_REDIRECT] [Fatal Error] :1:1: Premature end of file.
2026-03-29 20:32:17,040 [ERROR] LogOutputStream:75 - [STDERR_REDIRECT] 
2026-03-29 20:32:18,045 [ERROR] LogOutputStream:75 - [STDERR_REDIRECT] [Fatal Error] :1:1: Premature end of file.
2026-03-29 20:32:18,045 [ERROR] LogOutputStream:75 - [STDERR_REDIRECT] 
2026-03-29 20:32:19,030 [ERROR] LogOutputStream:75 - [STDERR_REDIRECT] [Fatal Error] :1:1: Premature end of file.
2026-03-29 20:32:19,030 [ERROR] LogOutputStream:75 - [STDERR_REDIRECT] 
2026-03-29 20:32:20,041 [ERROR] LogOutputStream:75 - [STDERR_REDIRECT] [Fatal Error] :1:1: Premature end of file.
2026-03-29 20:32:20,042 [ERROR] LogOutputStream:75 - [STDERR_REDIRECT] 
2026-03-29 20:32:21,029 [ERROR] LogOutputStream:75 - [STDERR_REDIRECT] [Fatal Error] :1:1: Premature end of file.
2026-03-29 20:32:21,029 [ERROR] LogOutputStream:75 - [STDERR_REDIRECT] 
2026-03-29 20:32:22,041 [ERROR] LogOutputStream:75 - [STDERR_REDIRECT] [Fatal Error] :1:1: Premature end of file.
2026-03-29 20:32:22,041 [ERROR] LogOutputStream:75 - [STDERR_REDIRECT] 
2026-03-29 20:32:23,039 [ERROR] LogOutputStream:75 - [STDERR_REDIRECT] [Fatal Error] :1:1: Premature end of file.
2026-03-29 20:32:23,040 [ERROR] LogOutputStream:75 - [STDERR_REDIRECT] 
2026-03-29 20:32:24,034 [ERROR] LogOutputStream:75 - [STDERR_REDIRECT] [Fatal Error] :1:1: Premature end of file.
2026-03-29 20:32:24,035 [ERROR] LogOutputStream:75 - [STDERR_REDIRECT] 
2026-03-29 20:32:25,041 [ERROR] LogOutputStream:75 - [STDERR_REDIRECT] [Fatal Error] :1:1: Premature end of file.
2026-03-29 20:32:25,041 [ERROR] LogOutputStream:75 - [STDERR_REDIRECT] 
2026-03-29 20:32:26,044 [ERROR] LogOutputStream:75 - [STDERR_REDIRECT] [Fatal Error] :1:1: Premature end of file.
2026-03-29 20:32:26,044 [ERROR] LogOutputStream:75 - [STDERR_REDIRECT] 
2026-03-29 20:32:27,029 [ERROR] LogOutputStream:75 - [STDERR_REDIRECT] [Fatal Error] :1:1: Premature end of file.
2026-03-29 20:32:27,029 [ERROR] LogOutputStream:75 - [STDERR_REDIRECT] 
2026-03-29 20:32:28,043 [ERROR] LogOutputStream:75 - [STDERR_REDIRECT] [Fatal Error] :1:1: Premature end of file.
2026-03-29 20:32:28,043 [ERROR] LogOutputStream:75 - [STDERR_REDIRECT] 
2026-03-29 20:32:29,041 [ERROR] LogOutputStream:75 - [STDERR_REDIRECT] [Fatal Error] :1:1: Premature end of file.
2026-03-29 20:32:29,041 [ERROR] LogOutputStream:75 - [STDERR_REDIRECT] 
2026-03-29 20:32:30,040 [ERROR] LogOutputStream:75 - [STDERR_REDIRECT] [Fatal Error] :1:1: Premature end of file.
2026-03-29 20:32:30,040 [ERROR] LogOutputStream:75 - [STDERR_REDIRECT] 
2026-03-29 20:32:31,042 [ERROR] LogOutputStream:75 - [STDERR_REDIRECT] [Fatal Error] :1:1: Premature end of file.
2026-03-29 20:32:31,042 [ERROR] LogOutputStream:75 - [STDERR_REDIRECT] 
2026-03-29 20:32:32,040 [ERROR] LogOutputStream:75 - [STDERR_REDIRECT] [Fatal Error] :1:1: Premature end of file.
2026-03-29 20:32:32,040 [ERROR] LogOutputStream:75 - [STDERR_REDIRECT] 
2026-03-29 20:32:33,040 [ERROR] LogOutputStream:75 - [STDERR_REDIRECT] [Fatal Error] :1:1: Premature end of file.
2026-03-29 20:32:33,040 [ERROR] LogOutputStream:75 - [STDERR_REDIRECT] 
2026-03-29 20:32:34,040 [ERROR] LogOutputStream:75 - [STDERR_REDIRECT] [Fatal Error] :1:1: Premature end of file.
2026-03-29 20:32:34,040 [ERROR] LogOutputStream:75 - [STDERR_REDIRECT] 
2026-03-29 20:32:35,045 [ERROR] LogOutputStream:75 - [STDERR_REDIRECT] [Fatal Error] :1:1: Premature end of file.
2026-03-29 20:32:35,045 [ERROR] LogOutputStream:75 - [STDERR_REDIRECT] 
2026-03-29 20:32:36,035 [ERROR] LogOutputStream:75 - [STDERR_REDIRECT] [Fatal Error] :1:1: Premature end of file.
2026-03-29 20:32:36,035 [ERROR] LogOutputStream:75 - [STDERR_REDIRECT] 
2026-03-29 20:32:37,034 [ERROR] LogOutputStream:75 - [STDERR_REDIRECT] [Fatal Error] :1:1: Premature end of file.
2026-03-29 20:32:37,035 [ERROR] LogOutputStream:75 - [STDERR_REDIRECT] 
2026-03-29 20:32:38,032 [ERROR] LogOutputStream:75 - [STDERR_REDIRECT] [Fatal Error] :1:1: Premature end of file.
2026-03-29 20:32:38,032 [ERROR] LogOutputStream:75 - [STDERR_REDIRECT] 
2026-03-29 20:32:39,034 [ERROR] LogOutputStream:75 - [STDERR_REDIRECT] [Fatal Error] :1:1: Premature end of file.
2026-03-29 20:32:39,034 [ERROR] LogOutputStream:75 - [STDERR_REDIRECT] 
2026-03-29 20:32:40,030 [ERROR] LogOutputStream:75 - [STDERR_REDIRECT] [Fatal Error] :1:1: Premature end of file.
2026-03-29 20:32:40,031 [ERROR] LogOutputStream:75 - [STDERR_REDIRECT] 
2026-03-29 20:32:41,036 [ERROR] LogOutputStream:75 - [STDERR_REDIRECT] [Fatal Error] :1:1: Premature end of file.
2026-03-29 20:32:41,037 [ERROR] LogOutputStream:75 - [STDERR_REDIRECT] 
2026-03-29 20:32:42,034 [ERROR] LogOutputStream:75 - [STDERR_REDIRECT] [Fatal Error] :1:1: Premature end of file.
2026-03-29 20:32:42,034 [ERROR] LogOutputStream:75 - [STDERR_REDIRECT] 
2026-03-29 20:32:43,038 [ERROR] LogOutputStream:75 - [STDERR_REDIRECT] [Fatal Error] :1:1: Premature end of file.
2026-03-29 20:32:43,039 [ERROR] LogOutputStream:75 - [STDERR_REDIRECT] 
2026-03-29 20:32:44,029 [ERROR] LogOutputStream:75 - [STDERR_REDIRECT] [Fatal Error] :1:1: Premature end of file.
2026-03-29 20:32:44,029 [ERROR] LogOutputStream:75 - [STDERR_REDIRECT] 
2026-03-29 20:32:45,024 [ERROR] LogOutputStream:75 - [STDERR_REDIRECT] [Fatal Error] :1:1: Premature end of file.
2026-03-29 20:32:45,024 [ERROR] LogOutputStream:75 - [STDERR_REDIRECT] 
2026-03-29 20:32:46,035 [ERROR] LogOutputStream:75 - [STDERR_REDIRECT] [Fatal Error] :1:1: Premature end of file.
2026-03-29 20:32:46,035 [ERROR] LogOutputStream:75 - [STDERR_REDIRECT] 
2026-03-29 20:32:47,043 [ERROR] LogOutputStream:75 - [STDERR_REDIRECT] [Fatal Error] :1:1: Premature end of file.
2026-03-29 20:32:47,043 [ERROR] LogOutputStream:75 - [STDERR_REDIRECT] 
2026-03-29 20:32:48,032 [ERROR] LogOutputStream:75 - [STDERR_REDIRECT] [Fatal Error] :1:1: Premature end of file.
2026-03-29 20:32:48,032 [ERROR] LogOutputStream:75 - [STDERR_REDIRECT] 
2026-03-29 20:32:49,040 [ERROR] LogOutputStream:75 - [STDERR_REDIRECT] [Fatal Error] :1:1: Premature end of file.
2026-03-29 20:32:49,040 [ERROR] LogOutputStream:75 - [STDERR_REDIRECT] 
2026-03-29 20:32:50,036 [ERROR] LogOutputStream:75 - [STDERR_REDIRECT] [Fatal Error] :1:1: Premature end of file.
2026-03-29 20:32:50,037 [ERROR] LogOutputStream:75 - [STDERR_REDIRECT] 
2026-03-29 20:32:51,031 [ERROR] LogOutputStream:75 - [STDERR_REDIRECT] [Fatal Error] :1:1: Premature end of file.
2026-03-29 20:32:51,031 [ERROR] LogOutputStream:75 - [STDERR_REDIRECT] 
2026-03-29 20:32:52,034 [ERROR] LogOutputStream:75 - [STDERR_REDIRECT] [Fatal Error] :1:1: Premature end of file.
2026-03-29 20:32:52,034 [ERROR] LogOutputStream:75 - [STDERR_REDIRECT] 
2026-03-29 20:32:53,038 [ERROR] LogOutputStream:75 - [STDERR_REDIRECT] [Fatal Error] :1:1: Premature end of file.
2026-03-29 20:32:53,038 [ERROR] LogOutputStream:75 - [STDERR_REDIRECT] 
2026-03-29 20:32:54,040 [ERROR] LogOutputStream:75 - [STDERR_REDIRECT] [Fatal Error] :1:1: Premature end of file.
2026-03-29 20:32:54,040 [ERROR] LogOutputStream:75 - [STDERR_REDIRECT] 
2026-03-29 20:32:55,045 [ERROR] LogOutputStream:75 - [STDERR_REDIRECT] [Fatal Error] :1:1: Premature end of file.
2026-03-29 20:32:55,045 [ERROR] LogOutputStream:75 - [STDERR_REDIRECT] 
2026-03-29 20:32:56,043 [ERROR] LogOutputStream:75 - [STDERR_REDIRECT] [Fatal Error] :1:1: Premature end of file.
2026-03-29 20:32:56,044 [ERROR] LogOutputStream:75 - [STDERR_REDIRECT] 
2026-03-29 20:32:57,039 [ERROR] LogOutputStream:75 - [STDERR_REDIRECT] [Fatal Error] :1:1: Premature end of file.
2026-03-29 20:32:57,039 [ERROR] LogOutputStream:75 - [STDERR_REDIRECT] 
2026-03-29 20:32:58,037 [ERROR] LogOutputStream:75 - [STDERR_REDIRECT] [Fatal Error] :1:1: Premature end of file.
2026-03-29 20:32:58,037 [ERROR] LogOutputStream:75 - [STDERR_REDIRECT] 
2026-03-29 20:32:59,041 [ERROR] LogOutputStream:75 - [STDERR_REDIRECT] [Fatal Error] :1:1: Premature end of file.
2026-03-29 20:32:59,041 [ERROR] LogOutputStream:75 - [STDERR_REDIRECT] 
2026-03-29 20:33:00,055 [ERROR] LogOutputStream:75 - [STDERR_REDIRECT] [Fatal Error] :1:1: Premature end of file.
2026-03-29 20:33:00,055 [ERROR] LogOutputStream:75 - [STDERR_REDIRECT] 
2026-03-29 20:33:01,042 [ERROR] LogOutputStream:75 - [STDERR_REDIRECT] [Fatal Error] :1:1: Premature end of file.
2026-03-29 20:33:01,042 [ERROR] LogOutputStream:75 - [STDERR_REDIRECT] 
2026-03-29 20:33:02,034 [ERROR] LogOutputStream:75 - [STDERR_REDIRECT] [Fatal Error] :1:1: Premature end of file.
2026-03-29 20:33:02,034 [ERROR] LogOutputStream:75 - [STDERR_REDIRECT] 
2026-03-29 20:33:03,039 [ERROR] LogOutputStream:75 - [STDERR_REDIRECT] [Fatal Error] :1:1: Premature end of file.
2026-03-29 20:33:03,039 [ERROR] LogOutputStream:75 - [STDERR_REDIRECT] 
2026-03-29 20:33:04,042 [ERROR] LogOutputStream:75 - [STDERR_REDIRECT] [Fatal Error] :1:1: Premature end of file.
2026-03-29 20:33:04,042 [ERROR] LogOutputStream:75 - [STDERR_REDIRECT] 
2026-03-29 20:33:05,042 [ERROR] LogOutputStream:75 - [STDERR_REDIRECT] [Fatal Error] :1:1: Premature end of file.
2026-03-29 20:33:05,042 [ERROR] LogOutputStream:75 - [STDERR_REDIRECT] 
2026-03-29 20:33:06,042 [ERROR] LogOutputStream:75 - [STDERR_REDIRECT] [Fatal Error] :1:1: Premature end of file.
2026-03-29 20:33:06,042 [ERROR] LogOutputStream:75 - [STDERR_REDIRECT] 
2026-03-29 20:33:07,040 [ERROR] LogOutputStream:75 - [STDERR_REDIRECT] [Fatal Error] :1:1: Premature end of file.
2026-03-29 20:33:07,040 [ERROR] LogOutputStream:75 - [STDERR_REDIRECT] 
2026-03-29 20:33:08,038 [ERROR] LogOutputStream:75 - [STDERR_REDIRECT] [Fatal Error] :1:1: Premature end of file.
2026-03-29 20:33:08,038 [ERROR] LogOutputStream:75 - [STDERR_REDIRECT] 
2026-03-29 20:33:09,031 [ERROR] LogOutputStream:75 - [STDERR_REDIRECT] [Fatal Error] :1:1: Premature end of file.
2026-03-29 20:33:09,032 [ERROR] LogOutputStream:75 - [STDERR_REDIRECT] 
2026-03-29 20:33:10,043 [ERROR] LogOutputStream:75 - [STDERR_REDIRECT] [Fatal Error] :1:1: Premature end of file.
2026-03-29 20:33:10,043 [ERROR] LogOutputStream:75 - [STDERR_REDIRECT] 
2026-03-29 20:33:11,044 [ERROR] LogOutputStream:75 - [STDERR_REDIRECT] [Fatal Error] :1:1: Premature end of file.
2026-03-29 20:33:11,044 [ERROR] LogOutputStream:75 - [STDERR_REDIRECT] 
2026-03-29 20:33:12,033 [ERROR] LogOutputStream:75 - [STDERR_REDIRECT] [Fatal Error] :1:1: Premature end of file.
2026-03-29 20:33:12,033 [ERROR] LogOutputStream:75 - [STDERR_REDIRECT] 
2026-03-29 20:33:13,039 [ERROR] LogOutputStream:75 - [STDERR_REDIRECT] [Fatal Error] :1:1: Premature end of file.
2026-03-29 20:33:13,039 [ERROR] LogOutputStream:75 - [STDERR_REDIRECT] 
2026-03-29 20:33:14,043 [ERROR] LogOutputStream:75 - [STDERR_REDIRECT] [Fatal Error] :1:1: Premature end of file.
2026-03-29 20:33:14,043 [ERROR] LogOutputStream:75 - [STDERR_REDIRECT] 
2026-03-29 20:33:15,036 [ERROR] LogOutputStream:75 - [STDERR_REDIRECT] [Fatal Error] :1:1: Premature end of file.
2026-03-29 20:33:15,036 [ERROR] LogOutputStream:75 - [STDERR_REDIRECT] 
2026-03-29 20:33:16,042 [ERROR] LogOutputStream:75 - [STDERR_REDIRECT] [Fatal Error] :1:1: Premature end of file.
2026-03-29 20:33:16,043 [ERROR] LogOutputStream:75 - [STDERR_REDIRECT] 
2026-03-29 20:33:17,036 [ERROR] LogOutputStream:75 - [STDERR_REDIRECT] [Fatal Error] :1:1: Premature end of file.
2026-03-29 20:33:17,036 [ERROR] LogOutputStream:75 - [STDERR_REDIRECT] 
2026-03-29 20:33:18,041 [ERROR] LogOutputStream:75 - [STDERR_REDIRECT] [Fatal Error] :1:1: Premature end of file.
2026-03-29 20:33:18,041 [ERROR] LogOutputStream:75 - [STDERR_REDIRECT] 
2026-03-29 20:33:19,041 [ERROR] LogOutputStream:75 - [STDERR_REDIRECT] [Fatal Error] :1:1: Premature end of file.
2026-03-29 20:33:19,041 [ERROR] LogOutputStream:75 - [STDERR_REDIRECT] 
2026-03-29 20:33:20,034 [ERROR] LogOutputStream:75 - [STDERR_REDIRECT] [Fatal Error] :1:1: Premature end of file.
2026-03-29 20:33:20,034 [ERROR] LogOutputStream:75 - [STDERR_REDIRECT] 
2026-03-29 20:33:21,038 [ERROR] LogOutputStream:75 - [STDERR_REDIRECT] [Fatal Error] :1:1: Premature end of file.
2026-03-29 20:33:21,038 [ERROR] LogOutputStream:75 - [STDERR_REDIRECT] 
2026-03-29 20:33:22,024 [ERROR] LogOutputStream:75 - [STDERR_REDIRECT] [Fatal Error] :1:1: Premature end of file.
2026-03-29 20:33:22,024 [ERROR] LogOutputStream:75 - [STDERR_REDIRECT] 
2026-03-29 20:33:23,032 [ERROR] LogOutputStream:75 - [STDERR_REDIRECT] [Fatal Error] :1:1: Premature end of file.
2026-03-29 20:33:23,032 [ERROR] LogOutputStream:75 - [STDERR_REDIRECT] 
2026-03-29 20:33:24,037 [ERROR] LogOutputStream:75 - [STDERR_REDIRECT] [Fatal Error] :1:1: Premature end of file.
2026-03-29 20:33:24,037 [ERROR] LogOutputStream:75 - [STDERR_REDIRECT] 
2026-03-29 20:33:25,034 [ERROR] LogOutputStream:75 - [STDERR_REDIRECT] [Fatal Error] :1:1: Premature end of file.
2026-03-29 20:33:25,034 [ERROR] LogOutputStream:75 - [STDERR_REDIRECT] 
2026-03-29 20:33:26,045 [ERROR] LogOutputStream:75 - [STDERR_REDIRECT] [Fatal Error] :1:1: Premature end of file.
2026-03-29 20:33:26,045 [ERROR] LogOutputStream:75 - [STDERR_REDIRECT] 
2026-03-29 20:33:27,034 [ERROR] LogOutputStream:75 - [STDERR_REDIRECT] [Fatal Error] :1:1: Premature end of file.
2026-03-29 20:33:27,034 [ERROR] LogOutputStream:75 - [STDERR_REDIRECT] 
2026-03-29 20:33:28,036 [ERROR] LogOutputStream:75 - [STDERR_REDIRECT] [Fatal Error] :1:1: Premature end of file.
2026-03-29 20:33:28,037 [ERROR] LogOutputStream:75 - [STDERR_REDIRECT] 
2026-03-29 20:33:29,051 [ERROR] LogOutputStream:75 - [STDERR_REDIRECT] [Fatal Error] :1:1: Premature end of file.
2026-03-29 20:33:29,051 [ERROR] LogOutputStream:75 - [STDERR_REDIRECT] 
2026-03-29 20:33:30,039 [ERROR] LogOutputStream:75 - [STDERR_REDIRECT] [Fatal Error] :1:1: Premature end of file.
2026-03-29 20:33:30,039 [ERROR] LogOutputStream:75 - [STDERR_REDIRECT] 
2026-03-29 20:33:31,045 [ERROR] LogOutputStream:75 - [STDERR_REDIRECT] [Fatal Error] :1:1: Premature end of file.
2026-03-29 20:33:31,045 [ERROR] LogOutputStream:75 - [STDERR_REDIRECT] 
2026-03-29 20:33:32,041 [ERROR] LogOutputStream:75 - [STDERR_REDIRECT] [Fatal Error] :1:1: Premature end of file.
2026-03-29 20:33:32,041 [ERROR] LogOutputStream:75 - [STDERR_REDIRECT] 
2026-03-29 20:33:33,034 [ERROR] LogOutputStream:75 - [STDERR_REDIRECT] [Fatal Error] :1:1: Premature end of file.
2026-03-29 20:33:33,034 [ERROR] LogOutputStream:75 - [STDERR_REDIRECT] 
2026-03-29 20:33:34,043 [ERROR] LogOutputStream:75 - [STDERR_REDIRECT] [Fatal Error] :1:1: Premature end of file.
2026-03-29 20:33:34,043 [ERROR] LogOutputStream:75 - [STDERR_REDIRECT] 
2026-03-29 20:33:35,043 [ERROR] LogOutputStream:75 - [STDERR_REDIRECT] [Fatal Error] :1:1: Premature end of file.
2026-03-29 20:33:35,043 [ERROR] LogOutputStream:75 - [STDERR_REDIRECT] 
2026-03-29 20:33:36,041 [ERROR] LogOutputStream:75 - [STDERR_REDIRECT] [Fatal Error] :1:1: Premature end of file.
2026-03-29 20:33:36,041 [ERROR] LogOutputStream:75 - [STDERR_REDIRECT] 
2026-03-29 20:33:37,034 [ERROR] LogOutputStream:75 - [STDERR_REDIRECT] [Fatal Error] :1:1: Premature end of file.
2026-03-29 20:33:37,034 [ERROR] LogOutputStream:75 - [STDERR_REDIRECT] 
2026-03-29 20:33:38,039 [ERROR] LogOutputStream:75 - [STDERR_REDIRECT] [Fatal Error] :1:1: Premature end of file.
2026-03-29 20:33:38,040 [ERROR] LogOutputStream:75 - [STDERR_REDIRECT] 
2026-03-29 20:33:39,033 [ERROR] LogOutputStream:75 - [STDERR_REDIRECT] [Fatal Error] :1:1: Premature end of file.
2026-03-29 20:33:39,033 [ERROR] LogOutputStream:75 - [STDERR_REDIRECT] 
2026-03-29 20:33:40,044 [ERROR] LogOutputStream:75 - [STDERR_REDIRECT] [Fatal Error] :1:1: Premature end of file.
2026-03-29 20:33:40,044 [ERROR] LogOutputStream:75 - [STDERR_REDIRECT] 
2026-03-29 20:33:41,038 [ERROR] LogOutputStream:75 - [STDERR_REDIRECT] [Fatal Error] :1:1: Premature end of file.
2026-03-29 20:33:41,038 [ERROR] LogOutputStream:75 - [STDERR_REDIRECT] 
2026-03-29 20:33:42,047 [ERROR] LogOutputStream:75 - [STDERR_REDIRECT] [Fatal Error] :1:1: Premature end of file.
2026-03-29 20:33:42,047 [ERROR] LogOutputStream:75 - [STDERR_REDIRECT] 
2026-03-29 20:33:43,032 [ERROR] LogOutputStream:75 - [STDERR_REDIRECT] [Fatal Error] :1:1: Premature end of file.
2026-03-29 20:33:43,033 [ERROR] LogOutputStream:75 - [STDERR_REDIRECT] 
2026-03-29 20:33:44,042 [ERROR] LogOutputStream:75 - [STDERR_REDIRECT] [Fatal Error] :1:1: Premature end of file.
2026-03-29 20:33:44,042 [ERROR] LogOutputStream:75 - [STDERR_REDIRECT] 
2026-03-29 20:33:45,032 [ERROR] LogOutputStream:75 - [STDERR_REDIRECT] [Fatal Error] :1:1: Premature end of file.
2026-03-29 20:33:45,033 [ERROR] LogOutputStream:75 - [STDERR_REDIRECT] 
2026-03-29 20:33:46,107 [ERROR] LogOutputStream:75 - [STDERR_REDIRECT] [Fatal Error] :1:1: Premature end of file.
2026-03-29 20:33:46,109 [ERROR] LogOutputStream:75 - [STDERR_REDIRECT] 
2026-03-29 20:33:47,059 [ERROR] LogOutputStream:75 - [STDERR_REDIRECT] [Fatal Error] :1:1: Premature end of file.
2026-03-29 20:33:47,060 [ERROR] LogOutputStream:75 - [STDERR_REDIRECT] 
2026-03-29 20:33:48,028 [ERROR] LogOutputStream:75 - [STDERR_REDIRECT] [Fatal Error] :1:1: Premature end of file.
2026-03-29 20:33:48,028 [ERROR] LogOutputStream:75 - [STDERR_REDIRECT] 
2026-03-29 20:33:49,037 [ERROR] LogOutputStream:75 - [STDERR_REDIRECT] [Fatal Error] :1:1: Premature end of file.
2026-03-29 20:33:49,038 [ERROR] LogOutputStream:75 - [STDERR_REDIRECT] 
2026-03-29 20:33:50,042 [ERROR] LogOutputStream:75 - [STDERR_REDIRECT] [Fatal Error] :1:1: Premature end of file.
2026-03-29 20:33:50,042 [ERROR] LogOutputStream:75 - [STDERR_REDIRECT] 
2026-03-29 20:33:51,042 [ERROR] LogOutputStream:75 - [STDERR_REDIRECT] [Fatal Error] :1:1: Premature end of file.
2026-03-29 20:33:51,042 [ERROR] LogOutputStream:75 - [STDERR_REDIRECT] 
2026-03-29 20:33:52,042 [ERROR] LogOutputStream:75 - [STDERR_REDIRECT] [Fatal Error] :1:1: Premature end of file.
2026-03-29 20:33:52,042 [ERROR] LogOutputStream:75 - [STDERR_REDIRECT] 
2026-03-29 20:33:53,035 [ERROR] LogOutputStream:75 - [STDERR_REDIRECT] [Fatal Error] :1:1: Premature end of file.
2026-03-29 20:33:53,036 [ERROR] LogOutputStream:75 - [STDERR_REDIRECT] 
2026-03-29 20:33:54,029 [ERROR] LogOutputStream:75 - [STDERR_REDIRECT] [Fatal Error] :1:1: Premature end of file.
2026-03-29 20:33:54,029 [ERROR] LogOutputStream:75 - [STDERR_REDIRECT] 
2026-03-29 20:33:55,039 [ERROR] LogOutputStream:75 - [STDERR_REDIRECT] [Fatal Error] :1:1: Premature end of file.
2026-03-29 20:33:55,040 [ERROR] LogOutputStream:75 - [STDERR_REDIRECT] 
2026-03-29 20:33:56,045 [ERROR] LogOutputStream:75 - [STDERR_REDIRECT] [Fatal Error] :1:1: Premature end of file.
2026-03-29 20:33:56,045 [ERROR] LogOutputStream:75 - [STDERR_REDIRECT] 
2026-03-29 20:33:57,036 [ERROR] LogOutputStream:75 - [STDERR_REDIRECT] [Fatal Error] :1:1: Premature end of file.
2026-03-29 20:33:57,036 [ERROR] LogOutputStream:75 - [STDERR_REDIRECT] 
2026-03-29 20:33:58,040 [ERROR] LogOutputStream:75 - [STDERR_REDIRECT] [Fatal Error] :1:1: Premature end of file.
2026-03-29 20:33:58,040 [ERROR] LogOutputStream:75 - [STDERR_REDIRECT] 
2026-03-29 20:33:59,045 [ERROR] LogOutputStream:75 - [STDERR_REDIRECT] [Fatal Error] :1:1: Premature end of file.
2026-03-29 20:33:59,045 [ERROR] LogOutputStream:75 - [STDERR_REDIRECT] 
2026-03-29 20:34:00,037 [ERROR] LogOutputStream:75 - [STDERR_REDIRECT] [Fatal Error] :1:1: Premature end of file.
2026-03-29 20:34:00,037 [ERROR] LogOutputStream:75 - [STDERR_REDIRECT] 
2026-03-29 20:34:01,035 [ERROR] LogOutputStream:75 - [STDERR_REDIRECT] [Fatal Error] :1:1: Premature end of file.
2026-03-29 20:34:01,036 [ERROR] LogOutputStream:75 - [STDERR_REDIRECT] 
2026-03-29 20:34:02,041 [ERROR] LogOutputStream:75 - [STDERR_REDIRECT] [Fatal Error] :1:1: Premature end of file.
2026-03-29 20:34:02,042 [ERROR] LogOutputStream:75 - [STDERR_REDIRECT] 
2026-03-29 20:34:03,040 [ERROR] LogOutputStream:75 - [STDERR_REDIRECT] [Fatal Error] :1:1: Premature end of file.
2026-03-29 20:34:03,040 [ERROR] LogOutputStream:75 - [STDERR_REDIRECT] 
2026-03-29 20:34:04,030 [ERROR] LogOutputStream:75 - [STDERR_REDIRECT] [Fatal Error] :1:1: Premature end of file.
2026-03-29 20:34:04,030 [ERROR] LogOutputStream:75 - [STDERR_REDIRECT] 
2026-03-29 20:34:05,042 [ERROR] LogOutputStream:75 - [STDERR_REDIRECT] [Fatal Error] :1:1: Premature end of file.
2026-03-29 20:34:05,043 [ERROR] LogOutputStream:75 - [STDERR_REDIRECT] 
2026-03-29 20:34:06,021 [ERROR] LogOutputStream:75 - [STDERR_REDIRECT] [Fatal Error] :1:1: Premature end of file.
2026-03-29 20:34:06,021 [ERROR] LogOutputStream:75 - [STDERR_REDIRECT] 
2026-03-29 20:34:07,039 [ERROR] LogOutputStream:75 - [STDERR_REDIRECT] [Fatal Error] :1:1: Premature end of file.
2026-03-29 20:34:07,039 [ERROR] LogOutputStream:75 - [STDERR_REDIRECT] 
2026-03-29 20:34:08,038 [ERROR] LogOutputStream:75 - [STDERR_REDIRECT] [Fatal Error] :1:1: Premature end of file.
2026-03-29 20:34:08,038 [ERROR] LogOutputStream:75 - [STDERR_REDIRECT] 
2026-03-29 20:34:09,040 [ERROR] LogOutputStream:75 - [STDERR_REDIRECT] [Fatal Error] :1:1: Premature end of file.
2026-03-29 20:34:09,040 [ERROR] LogOutputStream:75 - [STDERR_REDIRECT] 
2026-03-29 20:34:10,031 [ERROR] LogOutputStream:75 - [STDERR_REDIRECT] [Fatal Error] :1:1: Premature end of file.
2026-03-29 20:34:10,032 [ERROR] LogOutputStream:75 - [STDERR_REDIRECT] 
2026-03-29 20:34:11,063 [ERROR] LogOutputStream:75 - [STDERR_REDIRECT] [Fatal Error] :1:1: Premature end of file.
2026-03-29 20:34:11,063 [ERROR] LogOutputStream:75 - [STDERR_REDIRECT] 
2026-03-29 20:34:12,052 [ERROR] LogOutputStream:75 - [STDERR_REDIRECT] [Fatal Error] :1:1: Premature end of file.
2026-03-29 20:34:12,052 [ERROR] LogOutputStream:75 - [STDERR_REDIRECT] 
2026-03-29 20:34:13,046 [ERROR] LogOutputStream:75 - [STDERR_REDIRECT] [Fatal Error] :1:1: Premature end of file.
2026-03-29 20:34:13,046 [ERROR] LogOutputStream:75 - [STDERR_REDIRECT] 
2026-03-29 20:34:14,128 [ERROR] LogOutputStream:75 - [STDERR_REDIRECT] [Fatal Error] :1:1: Premature end of file.
2026-03-29 20:34:14,129 [ERROR] LogOutputStream:75 - [STDERR_REDIRECT] 
2026-03-29 20:34:15,047 [ERROR] LogOutputStream:75 - [STDERR_REDIRECT] [Fatal Error] :1:1: Premature end of file.
2026-03-29 20:34:15,047 [ERROR] LogOutputStream:75 - [STDERR_REDIRECT] 
2026-03-29 20:34:16,089 [ERROR] LogOutputStream:75 - [STDERR_REDIRECT] [Fatal Error] :1:1: Premature end of file.
2026-03-29 20:34:16,089 [ERROR] LogOutputStream:75 - [STDERR_REDIRECT] 
2026-03-29 20:34:17,050 [ERROR] LogOutputStream:75 - [STDERR_REDIRECT] [Fatal Error] :1:1: Premature end of file.
2026-03-29 20:34:17,050 [ERROR] LogOutputStream:75 - [STDERR_REDIRECT] 
2026-03-29 20:34:18,033 [ERROR] LogOutputStream:75 - [STDERR_REDIRECT] [Fatal Error] :1:1: Premature end of file.
2026-03-29 20:34:18,034 [ERROR] LogOutputStream:75 - [STDERR_REDIRECT] 
2026-03-29 20:34:19,047 [ERROR] LogOutputStream:75 - [STDERR_REDIRECT] [Fatal Error] :1:1: Premature end of file.
2026-03-29 20:34:19,047 [ERROR] LogOutputStream:75 - [STDERR_REDIRECT] 
2026-03-29 20:34:20,037 [ERROR] LogOutputStream:75 - [STDERR_REDIRECT] [Fatal Error] :1:1: Premature end of file.
2026-03-29 20:34:20,037 [ERROR] LogOutputStream:75 - [STDERR_REDIRECT] 
2026-03-29 20:34:21,031 [ERROR] LogOutputStream:75 - [STDERR_REDIRECT] [Fatal Error] :1:1: Premature end of file.
2026-03-29 20:34:21,031 [ERROR] LogOutputStream:75 - [STDERR_REDIRECT] 
2026-03-29 20:34:22,043 [ERROR] LogOutputStream:75 - [STDERR_REDIRECT] [Fatal Error] :1:1: Premature end of file.
2026-03-29 20:34:22,043 [ERROR] LogOutputStream:75 - [STDERR_REDIRECT] 
2026-03-29 20:34:23,048 [ERROR] LogOutputStream:75 - [STDERR_REDIRECT] [Fatal Error] :1:1: Premature end of file.
2026-03-29 20:34:23,048 [ERROR] LogOutputStream:75 - [STDERR_REDIRECT] 
2026-03-29 20:34:24,041 [ERROR] LogOutputStream:75 - [STDERR_REDIRECT] [Fatal Error] :1:1: Premature end of file.
2026-03-29 20:34:24,041 [ERROR] LogOutputStream:75 - [STDERR_REDIRECT] 
2026-03-29 20:34:25,044 [ERROR] LogOutputStream:75 - [STDERR_REDIRECT] [Fatal Error] :1:1: Premature end of file.
2026-03-29 20:34:25,044 [ERROR] LogOutputStream:75 - [STDERR_REDIRECT] 
2026-03-29 20:34:26,030 [ERROR] LogOutputStream:75 - [STDERR_REDIRECT] [Fatal Error] :1:1: Premature end of file.
2026-03-29 20:34:26,030 [ERROR] LogOutputStream:75 - [STDERR_REDIRECT] 
2026-03-29 20:34:27,036 [ERROR] LogOutputStream:75 - [STDERR_REDIRECT] [Fatal Error] :1:1: Premature end of file.
2026-03-29 20:34:27,037 [ERROR] LogOutputStream:75 - [STDERR_REDIRECT] 
2026-03-29 20:34:28,045 [ERROR] LogOutputStream:75 - [STDERR_REDIRECT] [Fatal Error] :1:1: Premature end of file.
2026-03-29 20:34:28,045 [ERROR] LogOutputStream:75 - [STDERR_REDIRECT] 
2026-03-29 20:34:29,040 [ERROR] LogOutputStream:75 - [STDERR_REDIRECT] [Fatal Error] :1:1: Premature end of file.
2026-03-29 20:34:29,041 [ERROR] LogOutputStream:75 - [STDERR_REDIRECT] 
2026-03-29 20:34:30,041 [ERROR] LogOutputStream:75 - [STDERR_REDIRECT] [Fatal Error] :1:1: Premature end of file.
2026-03-29 20:34:30,041 [ERROR] LogOutputStream:75 - [STDERR_REDIRECT] 
2026-03-29 20:34:31,053 [ERROR] LogOutputStream:75 - [STDERR_REDIRECT] [Fatal Error] :1:1: Premature end of file.
2026-03-29 20:34:31,054 [ERROR] LogOutputStream:75 - [STDERR_REDIRECT] 
2026-03-29 20:34:32,031 [ERROR] LogOutputStream:75 - [STDERR_REDIRECT] [Fatal Error] :1:1: Premature end of file.
2026-03-29 20:34:32,031 [ERROR] LogOutputStream:75 - [STDERR_REDIRECT] 
2026-03-29 20:34:33,047 [ERROR] LogOutputStream:75 - [STDERR_REDIRECT] [Fatal Error] :1:1: Premature end of file.
2026-03-29 20:34:33,047 [ERROR] LogOutputStream:75 - [STDERR_REDIRECT] 
2026-03-29 20:34:34,060 [ERROR] LogOutputStream:75 - [STDERR_REDIRECT] [Fatal Error] :1:1: Premature end of file.
2026-03-29 20:34:34,061 [ERROR] LogOutputStream:75 - [STDERR_REDIRECT] 
2026-03-29 20:34:35,034 [ERROR] LogOutputStream:75 - [STDERR_REDIRECT] [Fatal Error] :1:1: Premature end of file.
2026-03-29 20:34:35,035 [ERROR] LogOutputStream:75 - [STDERR_REDIRECT] 
2026-03-29 20:34:36,039 [ERROR] LogOutputStream:75 - [STDERR_REDIRECT] [Fatal Error] :1:1: Premature end of file.
2026-03-29 20:34:36,040 [ERROR] LogOutputStream:75 - [STDERR_REDIRECT] 
2026-03-29 20:34:37,038 [ERROR] LogOutputStream:75 - [STDERR_REDIRECT] [Fatal Error] :1:1: Premature end of file.
2026-03-29 20:34:37,039 [ERROR] LogOutputStream:75 - [STDERR_REDIRECT] 
2026-03-29 20:34:38,039 [ERROR] LogOutputStream:75 - [STDERR_REDIRECT] [Fatal Error] :1:1: Premature end of file.
2026-03-29 20:34:38,039 [ERROR] LogOutputStream:75 - [STDERR_REDIRECT] 
2026-03-29 20:34:39,023 [ERROR] LogOutputStream:75 - [STDERR_REDIRECT] [Fatal Error] :1:1: Premature end of file.
2026-03-29 20:34:39,023 [ERROR] LogOutputStream:75 - [STDERR_REDIRECT] 
2026-03-29 20:34:40,032 [ERROR] LogOutputStream:75 - [STDERR_REDIRECT] [Fatal Error] :1:1: Premature end of file.
2026-03-29 20:34:40,032 [ERROR] LogOutputStream:75 - [STDERR_REDIRECT] 
2026-03-29 20:34:41,044 [ERROR] LogOutputStream:75 - [STDERR_REDIRECT] [Fatal Error] :1:1: Premature end of file.
2026-03-29 20:34:41,045 [ERROR] LogOutputStream:75 - [STDERR_REDIRECT] 
2026-03-29 20:34:42,043 [ERROR] LogOutputStream:75 - [STDERR_REDIRECT] [Fatal Error] :1:1: Premature end of file.
2026-03-29 20:34:42,043 [ERROR] LogOutputStream:75 - [STDERR_REDIRECT] 
2026-03-29 20:34:43,044 [ERROR] LogOutputStream:75 - [STDERR_REDIRECT] [Fatal Error] :1:1: Premature end of file.
2026-03-29 20:34:43,044 [ERROR] LogOutputStream:75 - [STDERR_REDIRECT] 
2026-03-29 20:34:44,031 [ERROR] LogOutputStream:75 - [STDERR_REDIRECT] [Fatal Error] :1:1: Premature end of file.
2026-03-29 20:34:44,031 [ERROR] LogOutputStream:75 - [STDERR_REDIRECT] 
2026-03-29 20:34:45,046 [ERROR] LogOutputStream:75 - [STDERR_REDIRECT] [Fatal Error] :1:1: Premature end of file.
2026-03-29 20:34:45,046 [ERROR] LogOutputStream:75 - [STDERR_REDIRECT] 
2026-03-29 20:34:46,037 [ERROR] LogOutputStream:75 - [STDERR_REDIRECT] [Fatal Error] :1:1: Premature end of file.
2026-03-29 20:34:46,037 [ERROR] LogOutputStream:75 - [STDERR_REDIRECT] 
2026-03-29 20:34:47,042 [ERROR] LogOutputStream:75 - [STDERR_REDIRECT] [Fatal Error] :1:1: Premature end of file.
2026-03-29 20:34:47,042 [ERROR] LogOutputStream:75 - [STDERR_REDIRECT] 
2026-03-29 20:34:48,039 [ERROR] LogOutputStream:75 - [STDERR_REDIRECT] [Fatal Error] :1:1: Premature end of file.
2026-03-29 20:34:48,039 [ERROR] LogOutputStream:75 - [STDERR_REDIRECT] 
2026-03-29 20:34:49,034 [ERROR] LogOutputStream:75 - [STDERR_REDIRECT] [Fatal Error] :1:1: Premature end of file.
2026-03-29 20:34:49,034 [ERROR] LogOutputStream:75 - [STDERR_REDIRECT] 
2026-03-29 20:34:50,033 [ERROR] LogOutputStream:75 - [STDERR_REDIRECT] [Fatal Error] :1:1: Premature end of file.
2026-03-29 20:34:50,033 [ERROR] LogOutputStream:75 - [STDERR_REDIRECT] 
2026-03-29 20:34:51,046 [ERROR] LogOutputStream:75 - [STDERR_REDIRECT] [Fatal Error] :1:1: Premature end of file.
2026-03-29 20:34:51,046 [ERROR] LogOutputStream:75 - [STDERR_REDIRECT] 
2026-03-29 20:34:52,041 [ERROR] LogOutputStream:75 - [STDERR_REDIRECT] [Fatal Error] :1:1: Premature end of file.
2026-03-29 20:34:52,041 [ERROR] LogOutputStream:75 - [STDERR_REDIRECT] 
2026-03-29 20:34:53,038 [ERROR] LogOutputStream:75 - [STDERR_REDIRECT] [Fatal Error] :1:1: Premature end of file.
2026-03-29 20:34:53,038 [ERROR] LogOutputStream:75 - [STDERR_REDIRECT] 
2026-03-29 20:34:54,028 [ERROR] LogOutputStream:75 - [STDERR_REDIRECT] [Fatal Error] :1:1: Premature end of file.
2026-03-29 20:34:54,028 [ERROR] LogOutputStream:75 - [STDERR_REDIRECT] 
2026-03-29 20:34:55,032 [ERROR] LogOutputStream:75 - [STDERR_REDIRECT] [Fatal Error] :1:1: Premature end of file.
2026-03-29 20:34:55,032 [ERROR] LogOutputStream:75 - [STDERR_REDIRECT] 
2026-03-29 20:34:56,036 [ERROR] LogOutputStream:75 - [STDERR_REDIRECT] [Fatal Error] :1:1: Premature end of file.
2026-03-29 20:34:56,036 [ERROR] LogOutputStream:75 - [STDERR_REDIRECT] 
2026-03-29 20:34:57,031 [ERROR] LogOutputStream:75 - [STDERR_REDIRECT] [Fatal Error] :1:1: Premature end of file.
2026-03-29 20:34:57,031 [ERROR] LogOutputStream:75 - [STDERR_REDIRECT] 
2026-03-29 20:34:58,025 [ERROR] LogOutputStream:75 - [STDERR_REDIRECT] [Fatal Error] :1:1: Premature end of file.
2026-03-29 20:34:58,025 [ERROR] LogOutputStream:75 - [STDERR_REDIRECT] 
2026-03-29 20:34:59,032 [ERROR] LogOutputStream:75 - [STDERR_REDIRECT] [Fatal Error] :1:1: Premature end of file.
2026-03-29 20:34:59,032 [ERROR] LogOutputStream:75 - [STDERR_REDIRECT] 
2026-03-29 20:35:00,059 [ERROR] LogOutputStream:75 - [STDERR_REDIRECT] [Fatal Error] :1:1: Premature end of file.
2026-03-29 20:35:00,059 [ERROR] LogOutputStream:75 - [STDERR_REDIRECT] 
2026-03-29 20:35:01,048 [ERROR] LogOutputStream:75 - [STDERR_REDIRECT] [Fatal Error] :1:1: Premature end of file.
2026-03-29 20:35:01,048 [ERROR] LogOutputStream:75 - [STDERR_REDIRECT] 
2026-03-29 20:35:02,065 [ERROR] LogOutputStream:75 - [STDERR_REDIRECT] [Fatal Error] :1:1: Premature end of file.
2026-03-29 20:35:02,065 [ERROR] LogOutputStream:75 - [STDERR_REDIRECT] 
2026-03-29 20:35:03,050 [ERROR] LogOutputStream:75 - [STDERR_REDIRECT] [Fatal Error] :1:1: Premature end of file.
2026-03-29 20:35:03,050 [ERROR] LogOutputStream:75 - [STDERR_REDIRECT] 
2026-03-29 20:35:04,065 [ERROR] LogOutputStream:75 - [STDERR_REDIRECT] [Fatal Error] :1:1: Premature end of file.
2026-03-29 20:35:04,065 [ERROR] LogOutputStream:75 - [STDERR_REDIRECT] 
2026-03-29 20:35:05,066 [ERROR] LogOutputStream:75 - [STDERR_REDIRECT] [Fatal Error] :1:1: Premature end of file.
2026-03-29 20:35:05,066 [ERROR] LogOutputStream:75 - [STDERR_REDIRECT] 
2026-03-29 20:35:06,056 [ERROR] LogOutputStream:75 - [STDERR_REDIRECT] [Fatal Error] :1:1: Premature end of file.
2026-03-29 20:35:06,057 [ERROR] LogOutputStream:75 - [STDERR_REDIRECT] 
2026-03-29 20:35:07,081 [ERROR] LogOutputStream:75 - [STDERR_REDIRECT] [Fatal Error] :1:1: Premature end of file.
2026-03-29 20:35:07,081 [ERROR] LogOutputStream:75 - [STDERR_REDIRECT] 
2026-03-29 20:35:08,029 [ERROR] LogOutputStream:75 - [STDERR_REDIRECT] [Fatal Error] :1:1: Premature end of file.
2026-03-29 20:35:08,029 [ERROR] LogOutputStream:75 - [STDERR_REDIRECT] 
2026-03-29 20:35:09,043 [ERROR] LogOutputStream:75 - [STDERR_REDIRECT] [Fatal Error] :1:1: Premature end of file.
2026-03-29 20:35:09,044 [ERROR] LogOutputStream:75 - [STDERR_REDIRECT] 
2026-03-29 20:35:10,029 [ERROR] LogOutputStream:75 - [STDERR_REDIRECT] [Fatal Error] :1:1: Premature end of file.
2026-03-29 20:35:10,029 [ERROR] LogOutputStream:75 - [STDERR_REDIRECT] 
2026-03-29 20:35:11,059 [ERROR] LogOutputStream:75 - [STDERR_REDIRECT] [Fatal Error] :1:1: Premature end of file.
2026-03-29 20:35:11,059 [ERROR] LogOutputStream:75 - [STDERR_REDIRECT] 
2026-03-29 20:35:12,041 [ERROR] LogOutputStream:75 - [STDERR_REDIRECT] [Fatal Error] :1:1: Premature end of file.
2026-03-29 20:35:12,041 [ERROR] LogOutputStream:75 - [STDERR_REDIRECT] 
2026-03-29 20:35:13,030 [ERROR] LogOutputStream:75 - [STDERR_REDIRECT] [Fatal Error] :1:1: Premature end of file.
2026-03-29 20:35:13,030 [ERROR] LogOutputStream:75 - [STDERR_REDIRECT] 
2026-03-29 20:35:14,038 [ERROR] LogOutputStream:75 - [STDERR_REDIRECT] [Fatal Error] :1:1: Premature end of file.
2026-03-29 20:35:14,038 [ERROR] LogOutputStream:75 - [STDERR_REDIRECT] 
2026-03-29 20:35:15,032 [ERROR] LogOutputStream:75 - [STDERR_REDIRECT] [Fatal Error] :1:1: Premature end of file.
2026-03-29 20:35:15,032 [ERROR] LogOutputStream:75 - [STDERR_REDIRECT] 
2026-03-29 20:35:16,032 [ERROR] LogOutputStream:75 - [STDERR_REDIRECT] [Fatal Error] :1:1: Premature end of file.
2026-03-29 20:35:16,032 [ERROR] LogOutputStream:75 - [STDERR_REDIRECT] 
2026-03-29 20:35:17,030 [ERROR] LogOutputStream:75 - [STDERR_REDIRECT] [Fatal Error] :1:1: Premature end of file.
2026-03-29 20:35:17,030 [ERROR] LogOutputStream:75 - [STDERR_REDIRECT] 
2026-03-29 20:35:18,041 [ERROR] LogOutputStream:75 - [STDERR_REDIRECT] [Fatal Error] :1:1: Premature end of file.
2026-03-29 20:35:18,041 [ERROR] LogOutputStream:75 - [STDERR_REDIRECT] 
2026-03-29 20:35:19,038 [ERROR] LogOutputStream:75 - [STDERR_REDIRECT] [Fatal Error] :1:1: Premature end of file.
2026-03-29 20:35:19,038 [ERROR] LogOutputStream:75 - [STDERR_REDIRECT] 
2026-03-29 20:35:20,039 [ERROR] LogOutputStream:75 - [STDERR_REDIRECT] [Fatal Error] :1:1: Premature end of file.
2026-03-29 20:35:20,040 [ERROR] LogOutputStream:75 - [STDERR_REDIRECT] 
2026-03-29 20:35:21,029 [ERROR] LogOutputStream:75 - [STDERR_REDIRECT] [Fatal Error] :1:1: Premature end of file.
2026-03-29 20:35:21,030 [ERROR] LogOutputStream:75 - [STDERR_REDIRECT] 
2026-03-29 20:35:22,032 [ERROR] LogOutputStream:75 - [STDERR_REDIRECT] [Fatal Error] :1:1: Premature end of file.
2026-03-29 20:35:22,032 [ERROR] LogOutputStream:75 - [STDERR_REDIRECT] 
2026-03-29 20:35:23,040 [ERROR] LogOutputStream:75 - [STDERR_REDIRECT] [Fatal Error] :1:1: Premature end of file.
2026-03-29 20:35:23,040 [ERROR] LogOutputStream:75 - [STDERR_REDIRECT] 
2026-03-29 20:35:24,050 [ERROR] LogOutputStream:75 - [STDERR_REDIRECT] [Fatal Error] :1:1: Premature end of file.
2026-03-29 20:35:24,050 [ERROR] LogOutputStream:75 - [STDERR_REDIRECT] 
2026-03-29 20:35:25,103 [ERROR] LogOutputStream:75 - [STDERR_REDIRECT] [Fatal Error] :1:1: Premature end of file.
2026-03-29 20:35:25,103 [ERROR] LogOutputStream:75 - [STDERR_REDIRECT] 
2026-03-29 20:35:26,044 [ERROR] LogOutputStream:75 - [STDERR_REDIRECT] [Fatal Error] :1:1: Premature end of file.
2026-03-29 20:35:26,044 [ERROR] LogOutputStream:75 - [STDERR_REDIRECT] 
2026-03-29 20:35:27,026 [ERROR] LogOutputStream:75 - [STDERR_REDIRECT] [Fatal Error] :1:1: Premature end of file.
2026-03-29 20:35:27,027 [ERROR] LogOutputStream:75 - [STDERR_REDIRECT] 
2026-03-29 20:35:28,042 [ERROR] LogOutputStream:75 - [STDERR_REDIRECT] [Fatal Error] :1:1: Premature end of file.
2026-03-29 20:35:28,042 [ERROR] LogOutputStream:75 - [STDERR_REDIRECT] 
2026-03-29 20:35:29,030 [ERROR] LogOutputStream:75 - [STDERR_REDIRECT] [Fatal Error] :1:1: Premature end of file.
2026-03-29 20:35:29,030 [ERROR] LogOutputStream:75 - [STDERR_REDIRECT] 
2026-03-29 20:35:30,042 [ERROR] LogOutputStream:75 - [STDERR_REDIRECT] [Fatal Error] :1:1: Premature end of file.
2026-03-29 20:35:30,042 [ERROR] LogOutputStream:75 - [STDERR_REDIRECT] 
2026-03-29 20:35:31,037 [ERROR] LogOutputStream:75 - [STDERR_REDIRECT] [Fatal Error] :1:1: Premature end of file.
2026-03-29 20:35:31,037 [ERROR] LogOutputStream:75 - [STDERR_REDIRECT] 
2026-03-29 20:35:32,036 [ERROR] LogOutputStream:75 - [STDERR_REDIRECT] [Fatal Error] :1:1: Premature end of file.
2026-03-29 20:35:32,036 [ERROR] LogOutputStream:75 - [STDERR_REDIRECT] 
2026-03-29 20:35:33,040 [ERROR] LogOutputStream:75 - [STDERR_REDIRECT] [Fatal Error] :1:1: Premature end of file.
2026-03-29 20:35:33,040 [ERROR] LogOutputStream:75 - [STDERR_REDIRECT] 
2026-03-29 20:35:34,040 [ERROR] LogOutputStream:75 - [STDERR_REDIRECT] [Fatal Error] :1:1: Premature end of file.
2026-03-29 20:35:34,040 [ERROR] LogOutputStream:75 - [STDERR_REDIRECT] 
2026-03-29 20:35:35,040 [ERROR] LogOutputStream:75 - [STDERR_REDIRECT] [Fatal Error] :1:1: Premature end of file.
2026-03-29 20:35:35,040 [ERROR] LogOutputStream:75 - [STDERR_REDIRECT] 
2026-03-29 20:35:36,036 [ERROR] LogOutputStream:75 - [STDERR_REDIRECT] [Fatal Error] :1:1: Premature end of file.
2026-03-29 20:35:36,036 [ERROR] LogOutputStream:75 - [STDERR_REDIRECT] 
2026-03-29 20:35:37,031 [ERROR] LogOutputStream:75 - [STDERR_REDIRECT] [Fatal Error] :1:1: Premature end of file.
2026-03-29 20:35:37,031 [ERROR] LogOutputStream:75 - [STDERR_REDIRECT] 
2026-03-29 20:35:38,037 [ERROR] LogOutputStream:75 - [STDERR_REDIRECT] [Fatal Error] :1:1: Premature end of file.
2026-03-29 20:35:38,037 [ERROR] LogOutputStream:75 - [STDERR_REDIRECT] 
2026-03-29 20:35:39,025 [ERROR] LogOutputStream:75 - [STDERR_REDIRECT] [Fatal Error] :1:1: Premature end of file.
2026-03-29 20:35:39,025 [ERROR] LogOutputStream:75 - [STDERR_REDIRECT] 
2026-03-29 20:35:40,039 [ERROR] LogOutputStream:75 - [STDERR_REDIRECT] [Fatal Error] :1:1: Premature end of file.
2026-03-29 20:35:40,039 [ERROR] LogOutputStream:75 - [STDERR_REDIRECT] 
2026-03-29 20:35:41,034 [ERROR] LogOutputStream:75 - [STDERR_REDIRECT] [Fatal Error] :1:1: Premature end of file.
2026-03-29 20:35:41,034 [ERROR] LogOutputStream:75 - [STDERR_REDIRECT] 
2026-03-29 20:35:42,044 [ERROR] LogOutputStream:75 - [STDERR_REDIRECT] [Fatal Error] :1:1: Premature end of file.
2026-03-29 20:35:42,044 [ERROR] LogOutputStream:75 - [STDERR_REDIRECT] 
2026-03-29 20:35:43,040 [ERROR] LogOutputStream:75 - [STDERR_REDIRECT] [Fatal Error] :1:1: Premature end of file.
2026-03-29 20:35:43,041 [ERROR] LogOutputStream:75 - [STDERR_REDIRECT] 
2026-03-29 20:35:44,036 [ERROR] LogOutputStream:75 - [STDERR_REDIRECT] [Fatal Error] :1:1: Premature end of file.
2026-03-29 20:35:44,036 [ERROR] LogOutputStream:75 - [STDERR_REDIRECT] 
2026-03-29 20:35:45,036 [ERROR] LogOutputStream:75 - [STDERR_REDIRECT] [Fatal Error] :1:1: Premature end of file.
2026-03-29 20:35:45,036 [ERROR] LogOutputStream:75 - [STDERR_REDIRECT] 
2026-03-29 20:35:46,072 [ERROR] LogOutputStream:75 - [STDERR_REDIRECT] [Fatal Error] :1:1: Premature end of file.
2026-03-29 20:35:46,072 [ERROR] LogOutputStream:75 - [STDERR_REDIRECT] 
2026-03-29 20:35:47,044 [ERROR] LogOutputStream:75 - [STDERR_REDIRECT] [Fatal Error] :1:1: Premature end of file.
2026-03-29 20:35:47,044 [ERROR] LogOutputStream:75 - [STDERR_REDIRECT] 
2026-03-29 20:35:48,081 [ERROR] LogOutputStream:75 - [STDERR_REDIRECT] [Fatal Error] :1:1: Premature end of file.
2026-03-29 20:35:48,081 [ERROR] LogOutputStream:75 - [STDERR_REDIRECT] 
2026-03-29 20:35:49,046 [ERROR] LogOutputStream:75 - [STDERR_REDIRECT] [Fatal Error] :1:1: Premature end of file.
2026-03-29 20:35:49,047 [ERROR] LogOutputStream:75 - [STDERR_REDIRECT] 
2026-03-29 20:35:50,082 [ERROR] LogOutputStream:75 - [STDERR_REDIRECT] [Fatal Error] :1:1: Premature end of file.
2026-03-29 20:35:50,083 [ERROR] LogOutputStream:75 - [STDERR_REDIRECT] 
2026-03-29 20:35:51,064 [ERROR] LogOutputStream:75 - [STDERR_REDIRECT] [Fatal Error] :1:1: Premature end of file.
2026-03-29 20:35:51,065 [ERROR] LogOutputStream:75 - [STDERR_REDIRECT] 
2026-03-29 20:35:52,036 [ERROR] LogOutputStream:75 - [STDERR_REDIRECT] [Fatal Error] :1:1: Premature end of file.
2026-03-29 20:35:52,037 [ERROR] LogOutputStream:75 - [STDERR_REDIRECT] 
2026-03-29 20:35:53,057 [ERROR] LogOutputStream:75 - [STDERR_REDIRECT] [Fatal Error] :1:1: Premature end of file.
2026-03-29 20:35:53,057 [ERROR] LogOutputStream:75 - [STDERR_REDIRECT] 
2026-03-29 20:35:54,043 [ERROR] LogOutputStream:75 - [STDERR_REDIRECT] [Fatal Error] :1:1: Premature end of file.
2026-03-29 20:35:54,044 [ERROR] LogOutputStream:75 - [STDERR_REDIRECT] 
2026-03-29 20:35:55,025 [ERROR] LogOutputStream:75 - [STDERR_REDIRECT] [Fatal Error] :1:1: Premature end of file.
2026-03-29 20:35:55,026 [ERROR] LogOutputStream:75 - [STDERR_REDIRECT] 
2026-03-29 20:35:56,039 [ERROR] LogOutputStream:75 - [STDERR_REDIRECT] [Fatal Error] :1:1: Premature end of file.
2026-03-29 20:35:56,039 [ERROR] LogOutputStream:75 - [STDERR_REDIRECT] 
2026-03-29 20:35:57,033 [ERROR] LogOutputStream:75 - [STDERR_REDIRECT] [Fatal Error] :1:1: Premature end of file.
2026-03-29 20:35:57,034 [ERROR] LogOutputStream:75 - [STDERR_REDIRECT] 
2026-03-29 20:35:58,044 [ERROR] LogOutputStream:75 - [STDERR_REDIRECT] [Fatal Error] :1:1: Premature end of file.
2026-03-29 20:35:58,045 [ERROR] LogOutputStream:75 - [STDERR_REDIRECT] 
2026-03-29 20:35:59,043 [ERROR] LogOutputStream:75 - [STDERR_REDIRECT] [Fatal Error] :1:1: Premature end of file.
2026-03-29 20:35:59,043 [ERROR] LogOutputStream:75 - [STDERR_REDIRECT] 
2026-03-29 20:36:00,047 [ERROR] LogOutputStream:75 - [STDERR_REDIRECT] [Fatal Error] :1:1: Premature end of file.
2026-03-29 20:36:00,047 [ERROR] LogOutputStream:75 - [STDERR_REDIRECT] 
2026-03-29 20:36:01,038 [ERROR] LogOutputStream:75 - [STDERR_REDIRECT] [Fatal Error] :1:1: Premature end of file.
2026-03-29 20:36:01,038 [ERROR] LogOutputStream:75 - [STDERR_REDIRECT] 
2026-03-29 20:36:02,037 [ERROR] LogOutputStream:75 - [STDERR_REDIRECT] [Fatal Error] :1:1: Premature end of file.
2026-03-29 20:36:02,037 [ERROR] LogOutputStream:75 - [STDERR_REDIRECT] 
2026-03-29 20:36:03,043 [ERROR] LogOutputStream:75 - [STDERR_REDIRECT] [Fatal Error] :1:1: Premature end of file.
2026-03-29 20:36:03,043 [ERROR] LogOutputStream:75 - [STDERR_REDIRECT] 
2026-03-29 20:36:04,058 [ERROR] LogOutputStream:75 - [STDERR_REDIRECT] [Fatal Error] :1:1: Premature end of file.
2026-03-29 20:36:04,058 [ERROR] LogOutputStream:75 - [STDERR_REDIRECT] 
2026-03-29 20:36:05,035 [ERROR] LogOutputStream:75 - [STDERR_REDIRECT] [Fatal Error] :1:1: Premature end of file.
2026-03-29 20:36:05,035 [ERROR] LogOutputStream:75 - [STDERR_REDIRECT] 
2026-03-29 20:36:06,019 [ERROR] LogOutputStream:75 - [STDERR_REDIRECT] [Fatal Error] :1:1: Premature end of file.
2026-03-29 20:36:06,019 [ERROR] LogOutputStream:75 - [STDERR_REDIRECT] 
2026-03-29 20:36:07,041 [ERROR] LogOutputStream:75 - [STDERR_REDIRECT] [Fatal Error] :1:1: Premature end of file.
2026-03-29 20:36:07,041 [ERROR] LogOutputStream:75 - [STDERR_REDIRECT] 
2026-03-29 20:36:08,049 [ERROR] LogOutputStream:75 - [STDERR_REDIRECT] [Fatal Error] :1:1: Premature end of file.
2026-03-29 20:36:08,049 [ERROR] LogOutputStream:75 - [STDERR_REDIRECT] 
2026-03-29 20:36:09,037 [ERROR] LogOutputStream:75 - [STDERR_REDIRECT] [Fatal Error] :1:1: Premature end of file.
2026-03-29 20:36:09,037 [ERROR] LogOutputStream:75 - [STDERR_REDIRECT] 
2026-03-29 20:36:10,060 [ERROR] LogOutputStream:75 - [STDERR_REDIRECT] [Fatal Error] :1:1: Premature end of file.
2026-03-29 20:36:10,060 [ERROR] LogOutputStream:75 - [STDERR_REDIRECT] 
2026-03-29 20:36:11,047 [ERROR] LogOutputStream:75 - [STDERR_REDIRECT] [Fatal Error] :1:1: Premature end of file.
2026-03-29 20:36:11,047 [ERROR] LogOutputStream:75 - [STDERR_REDIRECT] 
2026-03-29 20:36:12,042 [ERROR] LogOutputStream:75 - [STDERR_REDIRECT] [Fatal Error] :1:1: Premature end of file.
2026-03-29 20:36:12,042 [ERROR] LogOutputStream:75 - [STDERR_REDIRECT] 
2026-03-29 20:36:13,043 [ERROR] LogOutputStream:75 - [STDERR_REDIRECT] [Fatal Error] :1:1: Premature end of file.
2026-03-29 20:36:13,044 [ERROR] LogOutputStream:75 - [STDERR_REDIRECT] 
2026-03-29 20:36:14,055 [ERROR] LogOutputStream:75 - [STDERR_REDIRECT] [Fatal Error] :1:1: Premature end of file.
2026-03-29 20:36:14,055 [ERROR] LogOutputStream:75 - [STDERR_REDIRECT] 
2026-03-29 20:36:15,051 [ERROR] LogOutputStream:75 - [STDERR_REDIRECT] [Fatal Error] :1:1: Premature end of file.
2026-03-29 20:36:15,052 [ERROR] LogOutputStream:75 - [STDERR_REDIRECT] 
2026-03-29 20:36:16,043 [ERROR] LogOutputStream:75 - [STDERR_REDIRECT] [Fatal Error] :1:1: Premature end of file.
2026-03-29 20:36:16,043 [ERROR] LogOutputStream:75 - [STDERR_REDIRECT] 
2026-03-29 20:36:17,043 [ERROR] LogOutputStream:75 - [STDERR_REDIRECT] [Fatal Error] :1:1: Premature end of file.
2026-03-29 20:36:17,044 [ERROR] LogOutputStream:75 - [STDERR_REDIRECT] 
2026-03-29 20:36:18,047 [ERROR] LogOutputStream:75 - [STDERR_REDIRECT] [Fatal Error] :1:1: Premature end of file.
2026-03-29 20:36:18,047 [ERROR] LogOutputStream:75 - [STDERR_REDIRECT] 
2026-03-29 20:36:19,048 [ERROR] LogOutputStream:75 - [STDERR_REDIRECT] [Fatal Error] :1:1: Premature end of file.
2026-03-29 20:36:19,049 [ERROR] LogOutputStream:75 - [STDERR_REDIRECT] 
2026-03-29 20:36:20,036 [ERROR] LogOutputStream:75 - [STDERR_REDIRECT] [Fatal Error] :1:1: Premature end of file.
2026-03-29 20:36:20,036 [ERROR] LogOutputStream:75 - [STDERR_REDIRECT] 
2026-03-29 20:36:21,044 [ERROR] LogOutputStream:75 - [STDERR_REDIRECT] [Fatal Error] :1:1: Premature end of file.
2026-03-29 20:36:21,044 [ERROR] LogOutputStream:75 - [STDERR_REDIRECT] 
2026-03-29 20:36:22,037 [ERROR] LogOutputStream:75 - [STDERR_REDIRECT] [Fatal Error] :1:1: Premature end of file.
2026-03-29 20:36:22,037 [ERROR] LogOutputStream:75 - [STDERR_REDIRECT] 
2026-03-29 20:36:23,041 [ERROR] LogOutputStream:75 - [STDERR_REDIRECT] [Fatal Error] :1:1: Premature end of file.
2026-03-29 20:36:23,041 [ERROR] LogOutputStream:75 - [STDERR_REDIRECT] 
2026-03-29 20:36:24,024 [ERROR] LogOutputStream:75 - [STDERR_REDIRECT] [Fatal Error] :1:1: Premature end of file.
2026-03-29 20:36:24,024 [ERROR] LogOutputStream:75 - [STDERR_REDIRECT] 
2026-03-29 20:36:25,037 [ERROR] LogOutputStream:75 - [STDERR_REDIRECT] [Fatal Error] :1:1: Premature end of file.
2026-03-29 20:36:25,038 [ERROR] LogOutputStream:75 - [STDERR_REDIRECT] 
2026-03-29 20:36:26,037 [ERROR] LogOutputStream:75 - [STDERR_REDIRECT] [Fatal Error] :1:1: Premature end of file.
2026-03-29 20:36:26,037 [ERROR] LogOutputStream:75 - [STDERR_REDIRECT] 
2026-03-29 20:36:27,038 [ERROR] LogOutputStream:75 - [STDERR_REDIRECT] [Fatal Error] :1:1: Premature end of file.
2026-03-29 20:36:27,038 [ERROR] LogOutputStream:75 - [STDERR_REDIRECT] 
2026-03-29 20:36:28,058 [ERROR] LogOutputStream:75 - [STDERR_REDIRECT] [Fatal Error] :1:1: Premature end of file.
2026-03-29 20:36:28,059 [ERROR] LogOutputStream:75 - [STDERR_REDIRECT] 
2026-03-29 20:36:29,034 [ERROR] LogOutputStream:75 - [STDERR_REDIRECT] [Fatal Error] :1:1: Premature end of file.
2026-03-29 20:36:29,035 [ERROR] LogOutputStream:75 - [STDERR_REDIRECT] 
2026-03-29 20:36:30,037 [ERROR] LogOutputStream:75 - [STDERR_REDIRECT] [Fatal Error] :1:1: Premature end of file.
2026-03-29 20:36:30,037 [ERROR] LogOutputStream:75 - [STDERR_REDIRECT] 
2026-03-29 20:36:31,045 [ERROR] LogOutputStream:75 - [STDERR_REDIRECT] [Fatal Error] :1:1: Premature end of file.
2026-03-29 20:36:31,046 [ERROR] LogOutputStream:75 - [STDERR_REDIRECT] 
2026-03-29 20:36:32,030 [ERROR] LogOutputStream:75 - [STDERR_REDIRECT] [Fatal Error] :1:1: Premature end of file.
2026-03-29 20:36:32,030 [ERROR] LogOutputStream:75 - [STDERR_REDIRECT] 
2026-03-29 20:36:33,042 [ERROR] LogOutputStream:75 - [STDERR_REDIRECT] [Fatal Error] :1:1: Premature end of file.
2026-03-29 20:36:33,042 [ERROR] LogOutputStream:75 - [STDERR_REDIRECT] 
2026-03-29 20:36:34,058 [ERROR] LogOutputStream:75 - [STDERR_REDIRECT] [Fatal Error] :1:1: Premature end of file.
2026-03-29 20:36:34,058 [ERROR] LogOutputStream:75 - [STDERR_REDIRECT] 
2026-03-29 20:36:35,045 [ERROR] LogOutputStream:75 - [STDERR_REDIRECT] [Fatal Error] :1:1: Premature end of file.
2026-03-29 20:36:35,045 [ERROR] LogOutputStream:75 - [STDERR_REDIRECT] 
2026-03-29 20:36:36,031 [ERROR] LogOutputStream:75 - [STDERR_REDIRECT] [Fatal Error] :1:1: Premature end of file.
2026-03-29 20:36:36,032 [ERROR] LogOutputStream:75 - [STDERR_REDIRECT] 
2026-03-29 20:36:37,029 [ERROR] LogOutputStream:75 - [STDERR_REDIRECT] [Fatal Error] :1:1: Premature end of file.
2026-03-29 20:36:37,029 [ERROR] LogOutputStream:75 - [STDERR_REDIRECT] 
2026-03-29 20:36:38,054 [ERROR] LogOutputStream:75 - [STDERR_REDIRECT] [Fatal Error] :1:1: Premature end of file.
2026-03-29 20:36:38,055 [ERROR] LogOutputStream:75 - [STDERR_REDIRECT] 
2026-03-29 20:36:39,033 [ERROR] LogOutputStream:75 - [STDERR_REDIRECT] [Fatal Error] :1:1: Premature end of file.
2026-03-29 20:36:39,034 [ERROR] LogOutputStream:75 - [STDERR_REDIRECT] 
2026-03-29 20:36:40,037 [ERROR] LogOutputStream:75 - [STDERR_REDIRECT] [Fatal Error] :1:1: Premature end of file.
2026-03-29 20:36:40,037 [ERROR] LogOutputStream:75 - [STDERR_REDIRECT] 
2026-03-29 20:36:41,035 [ERROR] LogOutputStream:75 - [STDERR_REDIRECT] [Fatal Error] :1:1: Premature end of file.
2026-03-29 20:36:41,035 [ERROR] LogOutputStream:75 - [STDERR_REDIRECT] 
2026-03-29 20:36:42,036 [ERROR] LogOutputStream:75 - [STDERR_REDIRECT] [Fatal Error] :1:1: Premature end of file.
2026-03-29 20:36:42,036 [ERROR] LogOutputStream:75 - [STDERR_REDIRECT] 
2026-03-29 20:36:43,037 [ERROR] LogOutputStream:75 - [STDERR_REDIRECT] [Fatal Error] :1:1: Premature end of file.
2026-03-29 20:36:43,037 [ERROR] LogOutputStream:75 - [STDERR_REDIRECT] 
2026-03-29 20:36:44,040 [ERROR] LogOutputStream:75 - [STDERR_REDIRECT] [Fatal Error] :1:1: Premature end of file.
2026-03-29 20:36:44,040 [ERROR] LogOutputStream:75 - [STDERR_REDIRECT] 
2026-03-29 20:36:45,032 [ERROR] LogOutputStream:75 - [STDERR_REDIRECT] [Fatal Error] :1:1: Premature end of file.
2026-03-29 20:36:45,033 [ERROR] LogOutputStream:75 - [STDERR_REDIRECT] 
2026-03-29 20:36:46,035 [ERROR] LogOutputStream:75 - [STDERR_REDIRECT] [Fatal Error] :1:1: Premature end of file.
2026-03-29 20:36:46,035 [ERROR] LogOutputStream:75 - [STDERR_REDIRECT] 
2026-03-29 20:36:47,038 [ERROR] LogOutputStream:75 - [STDERR_REDIRECT] [Fatal Error] :1:1: Premature end of file.
2026-03-29 20:36:47,039 [ERROR] LogOutputStream:75 - [STDERR_REDIRECT] 
2026-03-29 20:36:48,038 [ERROR] LogOutputStream:75 - [STDERR_REDIRECT] [Fatal Error] :1:1: Premature end of file.
2026-03-29 20:36:48,039 [ERROR] LogOutputStream:75 - [STDERR_REDIRECT] 
2026-03-29 20:36:49,036 [ERROR] LogOutputStream:75 - [STDERR_REDIRECT] [Fatal Error] :1:1: Premature end of file.
2026-03-29 20:36:49,036 [ERROR] LogOutputStream:75 - [STDERR_REDIRECT] 
2026-03-29 20:36:50,036 [ERROR] LogOutputStream:75 - [STDERR_REDIRECT] [Fatal Error] :1:1: Premature end of file.
2026-03-29 20:36:50,036 [ERROR] LogOutputStream:75 - [STDERR_REDIRECT] 
2026-03-29 20:36:51,034 [ERROR] LogOutputStream:75 - [STDERR_REDIRECT] [Fatal Error] :1:1: Premature end of file.
2026-03-29 20:36:51,034 [ERROR] LogOutputStream:75 - [STDERR_REDIRECT] 
2026-03-29 20:36:52,037 [ERROR] LogOutputStream:75 - [STDERR_REDIRECT] [Fatal Error] :1:1: Premature end of file.
2026-03-29 20:36:52,037 [ERROR] LogOutputStream:75 - [STDERR_REDIRECT] 
2026-03-29 20:36:53,041 [ERROR] LogOutputStream:75 - [STDERR_REDIRECT] [Fatal Error] :1:1: Premature end of file.
2026-03-29 20:36:53,041 [ERROR] LogOutputStream:75 - [STDERR_REDIRECT] 
2026-03-29 20:36:54,038 [ERROR] LogOutputStream:75 - [STDERR_REDIRECT] [Fatal Error] :1:1: Premature end of file.
2026-03-29 20:36:54,038 [ERROR] LogOutputStream:75 - [STDERR_REDIRECT] 
2026-03-29 20:36:55,028 [ERROR] LogOutputStream:75 - [STDERR_REDIRECT] [Fatal Error] :1:1: Premature end of file.
2026-03-29 20:36:55,028 [ERROR] LogOutputStream:75 - [STDERR_REDIRECT] 
2026-03-29 20:36:56,034 [ERROR] LogOutputStream:75 - [STDERR_REDIRECT] [Fatal Error] :1:1: Premature end of file.
2026-03-29 20:36:56,034 [ERROR] LogOutputStream:75 - [STDERR_REDIRECT] 
2026-03-29 20:36:57,038 [ERROR] LogOutputStream:75 - [STDERR_REDIRECT] [Fatal Error] :1:1: Premature end of file.
2026-03-29 20:36:57,038 [ERROR] LogOutputStream:75 - [STDERR_REDIRECT] 
2026-03-29 20:36:58,038 [ERROR] LogOutputStream:75 - [STDERR_REDIRECT] [Fatal Error] :1:1: Premature end of file.
2026-03-29 20:36:58,039 [ERROR] LogOutputStream:75 - [STDERR_REDIRECT] 
2026-03-29 20:36:59,037 [ERROR] LogOutputStream:75 - [STDERR_REDIRECT] [Fatal Error] :1:1: Premature end of file.
2026-03-29 20:36:59,038 [ERROR] LogOutputStream:75 - [STDERR_REDIRECT] 
2026-03-29 20:37:00,045 [ERROR] LogOutputStream:75 - [STDERR_REDIRECT] [Fatal Error] :1:1: Premature end of file.
2026-03-29 20:37:00,046 [ERROR] LogOutputStream:75 - [STDERR_REDIRECT] 
2026-03-29 20:37:01,036 [ERROR] LogOutputStream:75 - [STDERR_REDIRECT] [Fatal Error] :1:1: Premature end of file.
2026-03-29 20:37:01,036 [ERROR] LogOutputStream:75 - [STDERR_REDIRECT] 
2026-03-29 20:37:02,037 [ERROR] LogOutputStream:75 - [STDERR_REDIRECT] [Fatal Error] :1:1: Premature end of file.
2026-03-29 20:37:02,038 [ERROR] LogOutputStream:75 - [STDERR_REDIRECT] 
2026-03-29 20:37:03,042 [ERROR] LogOutputStream:75 - [STDERR_REDIRECT] [Fatal Error] :1:1: Premature end of file.
2026-03-29 20:37:03,042 [ERROR] LogOutputStream:75 - [STDERR_REDIRECT] 
2026-03-29 20:37:04,036 [ERROR] LogOutputStream:75 - [STDERR_REDIRECT] [Fatal Error] :1:1: Premature end of file.
2026-03-29 20:37:04,037 [ERROR] LogOutputStream:75 - [STDERR_REDIRECT] 
2026-03-29 20:37:05,041 [ERROR] LogOutputStream:75 - [STDERR_REDIRECT] [Fatal Error] :1:1: Premature end of file.
2026-03-29 20:37:05,041 [ERROR] LogOutputStream:75 - [STDERR_REDIRECT] 
2026-03-29 20:37:06,044 [ERROR] LogOutputStream:75 - [STDERR_REDIRECT] [Fatal Error] :1:1: Premature end of file.
2026-03-29 20:37:06,044 [ERROR] LogOutputStream:75 - [STDERR_REDIRECT] 
2026-03-29 20:37:07,039 [ERROR] LogOutputStream:75 - [STDERR_REDIRECT] [Fatal Error] :1:1: Premature end of file.
2026-03-29 20:37:07,039 [ERROR] LogOutputStream:75 - [STDERR_REDIRECT] 
2026-03-29 20:37:08,039 [ERROR] LogOutputStream:75 - [STDERR_REDIRECT] [Fatal Error] :1:1: Premature end of file.
2026-03-29 20:37:08,039 [ERROR] LogOutputStream:75 - [STDERR_REDIRECT] 
2026-03-29 20:37:09,040 [ERROR] LogOutputStream:75 - [STDERR_REDIRECT] [Fatal Error] :1:1: Premature end of file.
2026-03-29 20:37:09,040 [ERROR] LogOutputStream:75 - [STDERR_REDIRECT] 
2026-03-29 20:37:10,036 [ERROR] LogOutputStream:75 - [STDERR_REDIRECT] [Fatal Error] :1:1: Premature end of file.
2026-03-29 20:37:10,037 [ERROR] LogOutputStream:75 - [STDERR_REDIRECT] 
2026-03-29 20:37:11,042 [ERROR] LogOutputStream:75 - [STDERR_REDIRECT] [Fatal Error] :1:1: Premature end of file.
2026-03-29 20:37:11,042 [ERROR] LogOutputStream:75 - [STDERR_REDIRECT] 
2026-03-29 20:37:12,041 [ERROR] LogOutputStream:75 - [STDERR_REDIRECT] [Fatal Error] :1:1: Premature end of file.
2026-03-29 20:37:12,041 [ERROR] LogOutputStream:75 - [STDERR_REDIRECT] 
2026-03-29 20:37:13,039 [ERROR] LogOutputStream:75 - [STDERR_REDIRECT] [Fatal Error] :1:1: Premature end of file.
2026-03-29 20:37:13,039 [ERROR] LogOutputStream:75 - [STDERR_REDIRECT] 
2026-03-29 20:37:14,035 [ERROR] LogOutputStream:75 - [STDERR_REDIRECT] [Fatal Error] :1:1: Premature end of file.
2026-03-29 20:37:14,035 [ERROR] LogOutputStream:75 - [STDERR_REDIRECT] 
2026-03-29 20:37:15,029 [ERROR] LogOutputStream:75 - [STDERR_REDIRECT] [Fatal Error] :1:1: Premature end of file.
2026-03-29 20:37:15,029 [ERROR] LogOutputStream:75 - [STDERR_REDIRECT] 
2026-03-29 20:37:16,041 [ERROR] LogOutputStream:75 - [STDERR_REDIRECT] [Fatal Error] :1:1: Premature end of file.
2026-03-29 20:37:16,041 [ERROR] LogOutputStream:75 - [STDERR_REDIRECT] 
2026-03-29 20:37:17,041 [ERROR] LogOutputStream:75 - [STDERR_REDIRECT] [Fatal Error] :1:1: Premature end of file.
2026-03-29 20:37:17,041 [ERROR] LogOutputStream:75 - [STDERR_REDIRECT] 
2026-03-29 20:37:18,036 [ERROR] LogOutputStream:75 - [STDERR_REDIRECT] [Fatal Error] :1:1: Premature end of file.
2026-03-29 20:37:18,036 [ERROR] LogOutputStream:75 - [STDERR_REDIRECT] 
2026-03-29 20:37:19,039 [ERROR] LogOutputStream:75 - [STDERR_REDIRECT] [Fatal Error] :1:1: Premature end of file.
2026-03-29 20:37:19,039 [ERROR] LogOutputStream:75 - [STDERR_REDIRECT] 
2026-03-29 20:37:20,040 [ERROR] LogOutputStream:75 - [STDERR_REDIRECT] [Fatal Error] :1:1: Premature end of file.
2026-03-29 20:37:20,040 [ERROR] LogOutputStream:75 - [STDERR_REDIRECT] 
2026-03-29 20:37:21,039 [ERROR] LogOutputStream:75 - [STDERR_REDIRECT] [Fatal Error] :1:1: Premature end of file.
2026-03-29 20:37:21,039 [ERROR] LogOutputStream:75 - [STDERR_REDIRECT] 
2026-03-29 20:37:22,036 [ERROR] LogOutputStream:75 - [STDERR_REDIRECT] [Fatal Error] :1:1: Premature end of file.
2026-03-29 20:37:22,036 [ERROR] LogOutputStream:75 - [STDERR_REDIRECT] 
2026-03-29 20:37:23,038 [ERROR] LogOutputStream:75 - [STDERR_REDIRECT] [Fatal Error] :1:1: Premature end of file.
2026-03-29 20:37:23,039 [ERROR] LogOutputStream:75 - [STDERR_REDIRECT] 
2026-03-29 20:37:24,031 [ERROR] LogOutputStream:75 - [STDERR_REDIRECT] [Fatal Error] :1:1: Premature end of file.
2026-03-29 20:37:24,031 [ERROR] LogOutputStream:75 - [STDERR_REDIRECT] 
2026-03-29 20:37:25,039 [ERROR] LogOutputStream:75 - [STDERR_REDIRECT] [Fatal Error] :1:1: Premature end of file.
2026-03-29 20:37:25,040 [ERROR] LogOutputStream:75 - [STDERR_REDIRECT] 
2026-03-29 20:37:26,037 [ERROR] LogOutputStream:75 - [STDERR_REDIRECT] [Fatal Error] :1:1: Premature end of file.
2026-03-29 20:37:26,037 [ERROR] LogOutputStream:75 - [STDERR_REDIRECT] 
2026-03-29 20:37:27,036 [ERROR] LogOutputStream:75 - [STDERR_REDIRECT] [Fatal Error] :1:1: Premature end of file.
2026-03-29 20:37:27,036 [ERROR] LogOutputStream:75 - [STDERR_REDIRECT] 
2026-03-29 20:37:28,040 [ERROR] LogOutputStream:75 - [STDERR_REDIRECT] [Fatal Error] :1:1: Premature end of file.
2026-03-29 20:37:28,041 [ERROR] LogOutputStream:75 - [STDERR_REDIRECT] 
2026-03-29 20:37:29,038 [ERROR] LogOutputStream:75 - [STDERR_REDIRECT] [Fatal Error] :1:1: Premature end of file.
2026-03-29 20:37:29,038 [ERROR] LogOutputStream:75 - [STDERR_REDIRECT] 
2026-03-29 20:37:30,041 [ERROR] LogOutputStream:75 - [STDERR_REDIRECT] [Fatal Error] :1:1: Premature end of file.
2026-03-29 20:37:30,041 [ERROR] LogOutputStream:75 - [STDERR_REDIRECT] 
2026-03-29 20:37:31,040 [ERROR] LogOutputStream:75 - [STDERR_REDIRECT] [Fatal Error] :1:1: Premature end of file.
2026-03-29 20:37:31,040 [ERROR] LogOutputStream:75 - [STDERR_REDIRECT] 
2026-03-29 20:37:32,042 [ERROR] LogOutputStream:75 - [STDERR_REDIRECT] [Fatal Error] :1:1: Premature end of file.
2026-03-29 20:37:32,042 [ERROR] LogOutputStream:75 - [STDERR_REDIRECT] 
2026-03-29 20:37:33,038 [ERROR] LogOutputStream:75 - [STDERR_REDIRECT] [Fatal Error] :1:1: Premature end of file.
2026-03-29 20:37:33,038 [ERROR] LogOutputStream:75 - [STDERR_REDIRECT] 
2026-03-29 20:37:34,040 [ERROR] LogOutputStream:75 - [STDERR_REDIRECT] [Fatal Error] :1:1: Premature end of file.
2026-03-29 20:37:34,040 [ERROR] LogOutputStream:75 - [STDERR_REDIRECT] 
2026-03-29 20:37:35,042 [ERROR] LogOutputStream:75 - [STDERR_REDIRECT] [Fatal Error] :1:1: Premature end of file.
2026-03-29 20:37:35,042 [ERROR] LogOutputStream:75 - [STDERR_REDIRECT] 
2026-03-29 20:37:36,025 [ERROR] LogOutputStream:75 - [STDERR_REDIRECT] [Fatal Error] :1:1: Premature end of file.
2026-03-29 20:37:36,025 [ERROR] LogOutputStream:75 - [STDERR_REDIRECT] 
2026-03-29 20:37:37,039 [ERROR] LogOutputStream:75 - [STDERR_REDIRECT] [Fatal Error] :1:1: Premature end of file.
2026-03-29 20:37:37,039 [ERROR] LogOutputStream:75 - [STDERR_REDIRECT] 
2026-03-29 20:37:38,038 [ERROR] LogOutputStream:75 - [STDERR_REDIRECT] [Fatal Error] :1:1: Premature end of file.
2026-03-29 20:37:38,038 [ERROR] LogOutputStream:75 - [STDERR_REDIRECT] 
2026-03-29 20:37:39,034 [ERROR] LogOutputStream:75 - [STDERR_REDIRECT] [Fatal Error] :1:1: Premature end of file.
2026-03-29 20:37:39,034 [ERROR] LogOutputStream:75 - [STDERR_REDIRECT] 
2026-03-29 20:37:40,034 [ERROR] LogOutputStream:75 - [STDERR_REDIRECT] [Fatal Error] :1:1: Premature end of file.
2026-03-29 20:37:40,035 [ERROR] LogOutputStream:75 - [STDERR_REDIRECT] 
2026-03-29 20:37:41,037 [ERROR] LogOutputStream:75 - [STDERR_REDIRECT] [Fatal Error] :1:1: Premature end of file.
2026-03-29 20:37:41,037 [ERROR] LogOutputStream:75 - [STDERR_REDIRECT] 
2026-03-29 20:37:42,040 [ERROR] LogOutputStream:75 - [STDERR_REDIRECT] [Fatal Error] :1:1: Premature end of file.
2026-03-29 20:37:42,040 [ERROR] LogOutputStream:75 - [STDERR_REDIRECT] 
2026-03-29 20:37:43,033 [ERROR] LogOutputStream:75 - [STDERR_REDIRECT] [Fatal Error] :1:1: Premature end of file.
2026-03-29 20:37:43,034 [ERROR] LogOutputStream:75 - [STDERR_REDIRECT] 
2026-03-29 20:37:44,032 [ERROR] LogOutputStream:75 - [STDERR_REDIRECT] [Fatal Error] :1:1: Premature end of file.
2026-03-29 20:37:44,032 [ERROR] LogOutputStream:75 - [STDERR_REDIRECT] 
2026-03-29 20:37:45,040 [ERROR] LogOutputStream:75 - [STDERR_REDIRECT] [Fatal Error] :1:1: Premature end of file.
2026-03-29 20:37:45,040 [ERROR] LogOutputStream:75 - [STDERR_REDIRECT] 
2026-03-29 20:37:46,029 [ERROR] LogOutputStream:75 - [STDERR_REDIRECT] [Fatal Error] :1:1: Premature end of file.
2026-03-29 20:37:46,029 [ERROR] LogOutputStream:75 - [STDERR_REDIRECT] 
2026-03-29 20:37:47,035 [ERROR] LogOutputStream:75 - [STDERR_REDIRECT] [Fatal Error] :1:1: Premature end of file.
2026-03-29 20:37:47,036 [ERROR] LogOutputStream:75 - [STDERR_REDIRECT] 
2026-03-29 20:37:48,031 [ERROR] LogOutputStream:75 - [STDERR_REDIRECT] [Fatal Error] :1:1: Premature end of file.
2026-03-29 20:37:48,031 [ERROR] LogOutputStream:75 - [STDERR_REDIRECT] 
2026-03-29 20:37:49,034 [ERROR] LogOutputStream:75 - [STDERR_REDIRECT] [Fatal Error] :1:1: Premature end of file.
2026-03-29 20:37:49,034 [ERROR] LogOutputStream:75 - [STDERR_REDIRECT] 
2026-03-29 20:37:50,044 [ERROR] LogOutputStream:75 - [STDERR_REDIRECT] [Fatal Error] :1:1: Premature end of file.
2026-03-29 20:37:50,044 [ERROR] LogOutputStream:75 - [STDERR_REDIRECT] 
2026-03-29 20:37:51,076 [ERROR] LogOutputStream:75 - [STDERR_REDIRECT] [Fatal Error] :1:1: Premature end of file.
2026-03-29 20:37:51,078 [ERROR] LogOutputStream:75 - [STDERR_REDIRECT] 
2026-03-29 20:37:52,029 [ERROR] LogOutputStream:75 - [STDERR_REDIRECT] [Fatal Error] :1:1: Premature end of file.
2026-03-29 20:37:52,029 [ERROR] LogOutputStream:75 - [STDERR_REDIRECT] 
2026-03-29 20:37:53,024 [ERROR] LogOutputStream:75 - [STDERR_REDIRECT] [Fatal Error] :1:1: Premature end of file.
2026-03-29 20:37:53,024 [ERROR] LogOutputStream:75 - [STDERR_REDIRECT] 
2026-03-29 20:37:54,042 [ERROR] LogOutputStream:75 - [STDERR_REDIRECT] [Fatal Error] :1:1: Premature end of file.
2026-03-29 20:37:54,042 [ERROR] LogOutputStream:75 - [STDERR_REDIRECT] 
2026-03-29 20:37:55,029 [ERROR] LogOutputStream:75 - [STDERR_REDIRECT] [Fatal Error] :1:1: Premature end of file.
2026-03-29 20:37:55,030 [ERROR] LogOutputStream:75 - [STDERR_REDIRECT] 
2026-03-29 20:37:56,027 [ERROR] LogOutputStream:75 - [STDERR_REDIRECT] [Fatal Error] :1:1: Premature end of file.
2026-03-29 20:37:56,028 [ERROR] LogOutputStream:75 - [STDERR_REDIRECT] 
2026-03-29 20:37:57,040 [ERROR] LogOutputStream:75 - [STDERR_REDIRECT] [Fatal Error] :1:1: Premature end of file.
2026-03-29 20:37:57,040 [ERROR] LogOutputStream:75 - [STDERR_REDIRECT] 
2026-03-29 20:37:58,042 [ERROR] LogOutputStream:75 - [STDERR_REDIRECT] [Fatal Error] :1:1: Premature end of file.
2026-03-29 20:37:58,042 [ERROR] LogOutputStream:75 - [STDERR_REDIRECT] 
2026-03-29 20:37:59,036 [ERROR] LogOutputStream:75 - [STDERR_REDIRECT] [Fatal Error] :1:1: Premature end of file.
2026-03-29 20:37:59,036 [ERROR] LogOutputStream:75 - [STDERR_REDIRECT] 
2026-03-29 20:38:00,047 [ERROR] LogOutputStream:75 - [STDERR_REDIRECT] [Fatal Error] :1:1: Premature end of file.
2026-03-29 20:38:00,047 [ERROR] LogOutputStream:75 - [STDERR_REDIRECT] 
2026-03-29 20:38:01,041 [ERROR] LogOutputStream:75 - [STDERR_REDIRECT] [Fatal Error] :1:1: Premature end of file.
2026-03-29 20:38:01,041 [ERROR] LogOutputStream:75 - [STDERR_REDIRECT] 
2026-03-29 20:38:02,031 [ERROR] LogOutputStream:75 - [STDERR_REDIRECT] [Fatal Error] :1:1: Premature end of file.
2026-03-29 20:38:02,031 [ERROR] LogOutputStream:75 - [STDERR_REDIRECT] 
2026-03-29 20:38:03,031 [ERROR] LogOutputStream:75 - [STDERR_REDIRECT] [Fatal Error] :1:1: Premature end of file.
2026-03-29 20:38:03,031 [ERROR] LogOutputStream:75 - [STDERR_REDIRECT] 
2026-03-29 20:38:04,022 [ERROR] LogOutputStream:75 - [STDERR_REDIRECT] [Fatal Error] :1:1: Premature end of file.
2026-03-29 20:38:04,022 [ERROR] LogOutputStream:75 - [STDERR_REDIRECT] 
2026-03-29 20:38:05,036 [ERROR] LogOutputStream:75 - [STDERR_REDIRECT] [Fatal Error] :1:1: Premature end of file.
2026-03-29 20:38:05,036 [ERROR] LogOutputStream:75 - [STDERR_REDIRECT] 
2026-03-29 20:38:06,036 [ERROR] LogOutputStream:75 - [STDERR_REDIRECT] [Fatal Error] :1:1: Premature end of file.
2026-03-29 20:38:06,036 [ERROR] LogOutputStream:75 - [STDERR_REDIRECT] 
2026-03-29 20:38:07,021 [ERROR] LogOutputStream:75 - [STDERR_REDIRECT] [Fatal Error] :1:1: Premature end of file.
2026-03-29 20:38:07,021 [ERROR] LogOutputStream:75 - [STDERR_REDIRECT] 
2026-03-29 20:38:08,034 [ERROR] LogOutputStream:75 - [STDERR_REDIRECT] [Fatal Error] :1:1: Premature end of file.
2026-03-29 20:38:08,034 [ERROR] LogOutputStream:75 - [STDERR_REDIRECT] 
2026-03-29 20:38:09,038 [ERROR] LogOutputStream:75 - [STDERR_REDIRECT] [Fatal Error] :1:1: Premature end of file.
2026-03-29 20:38:09,038 [ERROR] LogOutputStream:75 - [STDERR_REDIRECT] 
2026-03-29 20:38:10,041 [ERROR] LogOutputStream:75 - [STDERR_REDIRECT] [Fatal Error] :1:1: Premature end of file.
2026-03-29 20:38:10,041 [ERROR] LogOutputStream:75 - [STDERR_REDIRECT] 
2026-03-29 20:38:11,037 [ERROR] LogOutputStream:75 - [STDERR_REDIRECT] [Fatal Error] :1:1: Premature end of file.
2026-03-29 20:38:11,037 [ERROR] LogOutputStream:75 - [STDERR_REDIRECT] 
2026-03-29 20:38:12,037 [ERROR] LogOutputStream:75 - [STDERR_REDIRECT] [Fatal Error] :1:1: Premature end of file.
2026-03-29 20:38:12,037 [ERROR] LogOutputStream:75 - [STDERR_REDIRECT] 
2026-03-29 20:38:13,034 [ERROR] LogOutputStream:75 - [STDERR_REDIRECT] [Fatal Error] :1:1: Premature end of file.
2026-03-29 20:38:13,034 [ERROR] LogOutputStream:75 - [STDERR_REDIRECT] 
2026-03-29 20:38:14,036 [ERROR] LogOutputStream:75 - [STDERR_REDIRECT] [Fatal Error] :1:1: Premature end of file.
2026-03-29 20:38:14,037 [ERROR] LogOutputStream:75 - [STDERR_REDIRECT] 
2026-03-29 20:38:15,035 [ERROR] LogOutputStream:75 - [STDERR_REDIRECT] [Fatal Error] :1:1: Premature end of file.
2026-03-29 20:38:15,035 [ERROR] LogOutputStream:75 - [STDERR_REDIRECT] 
2026-03-29 20:38:16,040 [ERROR] LogOutputStream:75 - [STDERR_REDIRECT] [Fatal Error] :1:1: Premature end of file.
2026-03-29 20:38:16,040 [ERROR] LogOutputStream:75 - [STDERR_REDIRECT] 
2026-03-29 20:38:17,028 [ERROR] LogOutputStream:75 - [STDERR_REDIRECT] [Fatal Error] :1:1: Premature end of file.
2026-03-29 20:38:17,028 [ERROR] LogOutputStream:75 - [STDERR_REDIRECT] 
2026-03-29 20:38:18,031 [ERROR] LogOutputStream:75 - [STDERR_REDIRECT] [Fatal Error] :1:1: Premature end of file.
2026-03-29 20:38:18,031 [ERROR] LogOutputStream:75 - [STDERR_REDIRECT] 
2026-03-29 20:38:19,034 [ERROR] LogOutputStream:75 - [STDERR_REDIRECT] [Fatal Error] :1:1: Premature end of file.
2026-03-29 20:38:19,035 [ERROR] LogOutputStream:75 - [STDERR_REDIRECT] 
2026-03-29 20:38:20,031 [ERROR] LogOutputStream:75 - [STDERR_REDIRECT] [Fatal Error] :1:1: Premature end of file.
2026-03-29 20:38:20,031 [ERROR] LogOutputStream:75 - [STDERR_REDIRECT] 
2026-03-29 20:38:21,034 [ERROR] LogOutputStream:75 - [STDERR_REDIRECT] [Fatal Error] :1:1: Premature end of file.
2026-03-29 20:38:21,034 [ERROR] LogOutputStream:75 - [STDERR_REDIRECT] 
2026-03-29 20:38:22,037 [ERROR] LogOutputStream:75 - [STDERR_REDIRECT] [Fatal Error] :1:1: Premature end of file.
2026-03-29 20:38:22,037 [ERROR] LogOutputStream:75 - [STDERR_REDIRECT] 
2026-03-29 20:38:23,030 [ERROR] LogOutputStream:75 - [STDERR_REDIRECT] [Fatal Error] :1:1: Premature end of file.
2026-03-29 20:38:23,031 [ERROR] LogOutputStream:75 - [STDERR_REDIRECT] 
2026-03-29 20:38:24,027 [ERROR] LogOutputStream:75 - [STDERR_REDIRECT] [Fatal Error] :1:1: Premature end of file.
2026-03-29 20:38:24,027 [ERROR] LogOutputStream:75 - [STDERR_REDIRECT] 
2026-03-29 20:38:25,032 [ERROR] LogOutputStream:75 - [STDERR_REDIRECT] [Fatal Error] :1:1: Premature end of file.
2026-03-29 20:38:25,032 [ERROR] LogOutputStream:75 - [STDERR_REDIRECT] 
2026-03-29 20:38:26,035 [ERROR] LogOutputStream:75 - [STDERR_REDIRECT] [Fatal Error] :1:1: Premature end of file.
2026-03-29 20:38:26,035 [ERROR] LogOutputStream:75 - [STDERR_REDIRECT] 
2026-03-29 20:38:27,034 [ERROR] LogOutputStream:75 - [STDERR_REDIRECT] [Fatal Error] :1:1: Premature end of file.
2026-03-29 20:38:27,034 [ERROR] LogOutputStream:75 - [STDERR_REDIRECT] 
2026-03-29 20:38:28,034 [ERROR] LogOutputStream:75 - [STDERR_REDIRECT] [Fatal Error] :1:1: Premature end of file.
2026-03-29 20:38:28,034 [ERROR] LogOutputStream:75 - [STDERR_REDIRECT] 
2026-03-29 20:38:29,026 [ERROR] LogOutputStream:75 - [STDERR_REDIRECT] [Fatal Error] :1:1: Premature end of file.
2026-03-29 20:38:29,026 [ERROR] LogOutputStream:75 - [STDERR_REDIRECT] 
2026-03-29 20:38:30,024 [ERROR] LogOutputStream:75 - [STDERR_REDIRECT] [Fatal Error] :1:1: Premature end of file.
2026-03-29 20:38:30,025 [ERROR] LogOutputStream:75 - [STDERR_REDIRECT] 
2026-03-29 20:38:31,037 [ERROR] LogOutputStream:75 - [STDERR_REDIRECT] [Fatal Error] :1:1: Premature end of file.
2026-03-29 20:38:31,037 [ERROR] LogOutputStream:75 - [STDERR_REDIRECT] 
2026-03-29 20:38:32,041 [ERROR] LogOutputStream:75 - [STDERR_REDIRECT] [Fatal Error] :1:1: Premature end of file.
2026-03-29 20:38:32,041 [ERROR] LogOutputStream:75 - [STDERR_REDIRECT] 
2026-03-29 20:38:33,026 [ERROR] LogOutputStream:75 - [STDERR_REDIRECT] [Fatal Error] :1:1: Premature end of file.
2026-03-29 20:38:33,026 [ERROR] LogOutputStream:75 - [STDERR_REDIRECT] 
2026-03-29 20:38:34,040 [ERROR] LogOutputStream:75 - [STDERR_REDIRECT] [Fatal Error] :1:1: Premature end of file.
2026-03-29 20:38:34,040 [ERROR] LogOutputStream:75 - [STDERR_REDIRECT] 
2026-03-29 20:38:35,041 [ERROR] LogOutputStream:75 - [STDERR_REDIRECT] [Fatal Error] :1:1: Premature end of file.
2026-03-29 20:38:35,041 [ERROR] LogOutputStream:75 - [STDERR_REDIRECT] 
2026-03-29 20:38:36,035 [ERROR] LogOutputStream:75 - [STDERR_REDIRECT] [Fatal Error] :1:1: Premature end of file.
2026-03-29 20:38:36,035 [ERROR] LogOutputStream:75 - [STDERR_REDIRECT] 
2026-03-29 20:38:37,034 [ERROR] LogOutputStream:75 - [STDERR_REDIRECT] [Fatal Error] :1:1: Premature end of file.
2026-03-29 20:38:37,035 [ERROR] LogOutputStream:75 - [STDERR_REDIRECT] 
2026-03-29 20:38:38,035 [ERROR] LogOutputStream:75 - [STDERR_REDIRECT] [Fatal Error] :1:1: Premature end of file.
2026-03-29 20:38:38,036 [ERROR] LogOutputStream:75 - [STDERR_REDIRECT] 
2026-03-29 20:38:39,030 [ERROR] LogOutputStream:75 - [STDERR_REDIRECT] [Fatal Error] :1:1: Premature end of file.
2026-03-29 20:38:39,030 [ERROR] LogOutputStream:75 - [STDERR_REDIRECT] 
2026-03-29 20:38:40,031 [ERROR] LogOutputStream:75 - [STDERR_REDIRECT] [Fatal Error] :1:1: Premature end of file.
2026-03-29 20:38:40,031 [ERROR] LogOutputStream:75 - [STDERR_REDIRECT] 
2026-03-29 20:38:41,039 [ERROR] LogOutputStream:75 - [STDERR_REDIRECT] [Fatal Error] :1:1: Premature end of file.
2026-03-29 20:38:41,039 [ERROR] LogOutputStream:75 - [STDERR_REDIRECT] 
2026-03-29 20:38:42,040 [ERROR] LogOutputStream:75 - [STDERR_REDIRECT] [Fatal Error] :1:1: Premature end of file.
2026-03-29 20:38:42,040 [ERROR] LogOutputStream:75 - [STDERR_REDIRECT] 
2026-03-29 20:38:43,037 [ERROR] LogOutputStream:75 - [STDERR_REDIRECT] [Fatal Error] :1:1: Premature end of file.
2026-03-29 20:38:43,037 [ERROR] LogOutputStream:75 - [STDERR_REDIRECT] 
2026-03-29 20:38:44,034 [ERROR] LogOutputStream:75 - [STDERR_REDIRECT] [Fatal Error] :1:1: Premature end of file.
2026-03-29 20:38:44,035 [ERROR] LogOutputStream:75 - [STDERR_REDIRECT] 
2026-03-29 20:38:45,047 [ERROR] LogOutputStream:75 - [STDERR_REDIRECT] [Fatal Error] :1:1: Premature end of file.
2026-03-29 20:38:45,047 [ERROR] LogOutputStream:75 - [STDERR_REDIRECT] 
2026-03-29 20:38:46,039 [ERROR] LogOutputStream:75 - [STDERR_REDIRECT] [Fatal Error] :1:1: Premature end of file.
2026-03-29 20:38:46,039 [ERROR] LogOutputStream:75 - [STDERR_REDIRECT] 
2026-03-29 20:38:47,031 [ERROR] LogOutputStream:75 - [STDERR_REDIRECT] [Fatal Error] :1:1: Premature end of file.
2026-03-29 20:38:47,032 [ERROR] LogOutputStream:75 - [STDERR_REDIRECT] 
2026-03-29 20:38:48,035 [ERROR] LogOutputStream:75 - [STDERR_REDIRECT] [Fatal Error] :1:1: Premature end of file.
2026-03-29 20:38:48,036 [ERROR] LogOutputStream:75 - [STDERR_REDIRECT] 
2026-03-29 20:38:49,032 [ERROR] LogOutputStream:75 - [STDERR_REDIRECT] [Fatal Error] :1:1: Premature end of file.
2026-03-29 20:38:49,032 [ERROR] LogOutputStream:75 - [STDERR_REDIRECT] 
2026-03-29 20:38:50,032 [ERROR] LogOutputStream:75 - [STDERR_REDIRECT] [Fatal Error] :1:1: Premature end of file.
2026-03-29 20:38:50,032 [ERROR] LogOutputStream:75 - [STDERR_REDIRECT] 
2026-03-29 20:38:51,027 [ERROR] LogOutputStream:75 - [STDERR_REDIRECT] [Fatal Error] :1:1: Premature end of file.
2026-03-29 20:38:51,027 [ERROR] LogOutputStream:75 - [STDERR_REDIRECT] 
2026-03-29 20:38:52,030 [ERROR] LogOutputStream:75 - [STDERR_REDIRECT] [Fatal Error] :1:1: Premature end of file.
2026-03-29 20:38:52,030 [ERROR] LogOutputStream:75 - [STDERR_REDIRECT] 
2026-03-29 20:38:53,041 [ERROR] LogOutputStream:75 - [STDERR_REDIRECT] [Fatal Error] :1:1: Premature end of file.
2026-03-29 20:38:53,041 [ERROR] LogOutputStream:75 - [STDERR_REDIRECT] 
2026-03-29 20:38:54,029 [ERROR] LogOutputStream:75 - [STDERR_REDIRECT] [Fatal Error] :1:1: Premature end of file.
2026-03-29 20:38:54,029 [ERROR] LogOutputStream:75 - [STDERR_REDIRECT] 
2026-03-29 20:38:55,031 [ERROR] LogOutputStream:75 - [STDERR_REDIRECT] [Fatal Error] :1:1: Premature end of file.
2026-03-29 20:38:55,031 [ERROR] LogOutputStream:75 - [STDERR_REDIRECT] 
2026-03-29 20:38:56,020 [ERROR] LogOutputStream:75 - [STDERR_REDIRECT] [Fatal Error] :1:1: Premature end of file.
2026-03-29 20:38:56,021 [ERROR] LogOutputStream:75 - [STDERR_REDIRECT] 
2026-03-29 20:38:57,046 [ERROR] LogOutputStream:75 - [STDERR_REDIRECT] [Fatal Error] :1:1: Premature end of file.
2026-03-29 20:38:57,046 [ERROR] LogOutputStream:75 - [STDERR_REDIRECT] 
2026-03-29 20:38:58,033 [ERROR] LogOutputStream:75 - [STDERR_REDIRECT] [Fatal Error] :1:1: Premature end of file.
2026-03-29 20:38:58,033 [ERROR] LogOutputStream:75 - [STDERR_REDIRECT] 
2026-03-29 20:38:59,037 [ERROR] LogOutputStream:75 - [STDERR_REDIRECT] [Fatal Error] :1:1: Premature end of file.
2026-03-29 20:38:59,037 [ERROR] LogOutputStream:75 - [STDERR_REDIRECT] 
2026-03-29 20:39:00,054 [ERROR] LogOutputStream:75 - [STDERR_REDIRECT] [Fatal Error] :1:1: Premature end of file.
2026-03-29 20:39:00,054 [ERROR] LogOutputStream:75 - [STDERR_REDIRECT] 
2026-03-29 20:39:01,039 [ERROR] LogOutputStream:75 - [STDERR_REDIRECT] [Fatal Error] :1:1: Premature end of file.
2026-03-29 20:39:01,039 [ERROR] LogOutputStream:75 - [STDERR_REDIRECT] 
2026-03-29 20:39:02,036 [ERROR] LogOutputStream:75 - [STDERR_REDIRECT] [Fatal Error] :1:1: Premature end of file.
2026-03-29 20:39:02,036 [ERROR] LogOutputStream:75 - [STDERR_REDIRECT] 
2026-03-29 20:39:03,038 [ERROR] LogOutputStream:75 - [STDERR_REDIRECT] [Fatal Error] :1:1: Premature end of file.
2026-03-29 20:39:03,038 [ERROR] LogOutputStream:75 - [STDERR_REDIRECT] 
2026-03-29 20:39:04,039 [ERROR] LogOutputStream:75 - [STDERR_REDIRECT] [Fatal Error] :1:1: Premature end of file.
2026-03-29 20:39:04,039 [ERROR] LogOutputStream:75 - [STDERR_REDIRECT] 
2026-03-29 20:39:05,037 [ERROR] LogOutputStream:75 - [STDERR_REDIRECT] [Fatal Error] :1:1: Premature end of file.
2026-03-29 20:39:05,037 [ERROR] LogOutputStream:75 - [STDERR_REDIRECT] 
2026-03-29 20:39:06,038 [ERROR] LogOutputStream:75 - [STDERR_REDIRECT] [Fatal Error] :1:1: Premature end of file.
2026-03-29 20:39:06,038 [ERROR] LogOutputStream:75 - [STDERR_REDIRECT] 
2026-03-29 20:39:07,033 [ERROR] LogOutputStream:75 - [STDERR_REDIRECT] [Fatal Error] :1:1: Premature end of file.
2026-03-29 20:39:07,033 [ERROR] LogOutputStream:75 - [STDERR_REDIRECT] 
2026-03-29 20:39:08,040 [ERROR] LogOutputStream:75 - [STDERR_REDIRECT] [Fatal Error] :1:1: Premature end of file.
2026-03-29 20:39:08,040 [ERROR] LogOutputStream:75 - [STDERR_REDIRECT] 
2026-03-29 20:39:09,038 [ERROR] LogOutputStream:75 - [STDERR_REDIRECT] [Fatal Error] :1:1: Premature end of file.
2026-03-29 20:39:09,038 [ERROR] LogOutputStream:75 - [STDERR_REDIRECT] 
2026-03-29 20:39:10,025 [ERROR] LogOutputStream:75 - [STDERR_REDIRECT] [Fatal Error] :1:1: Premature end of file.
2026-03-29 20:39:10,025 [ERROR] LogOutputStream:75 - [STDERR_REDIRECT] 
2026-03-29 20:39:11,031 [ERROR] LogOutputStream:75 - [STDERR_REDIRECT] [Fatal Error] :1:1: Premature end of file.
2026-03-29 20:39:11,031 [ERROR] LogOutputStream:75 - [STDERR_REDIRECT] 
2026-03-29 20:39:12,030 [ERROR] LogOutputStream:75 - [STDERR_REDIRECT] [Fatal Error] :1:1: Premature end of file.
2026-03-29 20:39:12,030 [ERROR] LogOutputStream:75 - [STDERR_REDIRECT] 
2026-03-29 20:39:13,037 [ERROR] LogOutputStream:75 - [STDERR_REDIRECT] [Fatal Error] :1:1: Premature end of file.
2026-03-29 20:39:13,038 [ERROR] LogOutputStream:75 - [STDERR_REDIRECT] 
2026-03-29 20:39:14,035 [ERROR] LogOutputStream:75 - [STDERR_REDIRECT] [Fatal Error] :1:1: Premature end of file.
2026-03-29 20:39:14,035 [ERROR] LogOutputStream:75 - [STDERR_REDIRECT] 
2026-03-29 20:39:15,036 [ERROR] LogOutputStream:75 - [STDERR_REDIRECT] [Fatal Error] :1:1: Premature end of file.
2026-03-29 20:39:15,037 [ERROR] LogOutputStream:75 - [STDERR_REDIRECT] 
2026-03-29 20:39:16,030 [ERROR] LogOutputStream:75 - [STDERR_REDIRECT] [Fatal Error] :1:1: Premature end of file.
2026-03-29 20:39:16,031 [ERROR] LogOutputStream:75 - [STDERR_REDIRECT] 
2026-03-29 20:39:17,033 [ERROR] LogOutputStream:75 - [STDERR_REDIRECT] [Fatal Error] :1:1: Premature end of file.
2026-03-29 20:39:17,033 [ERROR] LogOutputStream:75 - [STDERR_REDIRECT] 
2026-03-29 20:39:18,037 [ERROR] LogOutputStream:75 - [STDERR_REDIRECT] [Fatal Error] :1:1: Premature end of file.
2026-03-29 20:39:18,037 [ERROR] LogOutputStream:75 - [STDERR_REDIRECT] 
2026-03-29 20:39:19,035 [ERROR] LogOutputStream:75 - [STDERR_REDIRECT] [Fatal Error] :1:1: Premature end of file.
2026-03-29 20:39:19,035 [ERROR] LogOutputStream:75 - [STDERR_REDIRECT] 
2026-03-29 20:39:20,034 [ERROR] LogOutputStream:75 - [STDERR_REDIRECT] [Fatal Error] :1:1: Premature end of file.
2026-03-29 20:39:20,034 [ERROR] LogOutputStream:75 - [STDERR_REDIRECT] 
2026-03-29 20:39:21,033 [ERROR] LogOutputStream:75 - [STDERR_REDIRECT] [Fatal Error] :1:1: Premature end of file.
2026-03-29 20:39:21,033 [ERROR] LogOutputStream:75 - [STDERR_REDIRECT] 
2026-03-29 20:39:22,033 [ERROR] LogOutputStream:75 - [STDERR_REDIRECT] [Fatal Error] :1:1: Premature end of file.
2026-03-29 20:39:22,033 [ERROR] LogOutputStream:75 - [STDERR_REDIRECT] 
2026-03-29 20:39:23,023 [ERROR] LogOutputStream:75 - [STDERR_REDIRECT] [Fatal Error] :1:1: Premature end of file.
2026-03-29 20:39:23,024 [ERROR] LogOutputStream:75 - [STDERR_REDIRECT] 
2026-03-29 20:39:24,031 [ERROR] LogOutputStream:75 - [STDERR_REDIRECT] [Fatal Error] :1:1: Premature end of file.
2026-03-29 20:39:24,031 [ERROR] LogOutputStream:75 - [STDERR_REDIRECT] 
2026-03-29 20:39:25,035 [ERROR] LogOutputStream:75 - [STDERR_REDIRECT] [Fatal Error] :1:1: Premature end of file.
2026-03-29 20:39:25,035 [ERROR] LogOutputStream:75 - [STDERR_REDIRECT] 
2026-03-29 20:39:26,033 [ERROR] LogOutputStream:75 - [STDERR_REDIRECT] [Fatal Error] :1:1: Premature end of file.
2026-03-29 20:39:26,033 [ERROR] LogOutputStream:75 - [STDERR_REDIRECT] 
2026-03-29 20:39:27,038 [ERROR] LogOutputStream:75 - [STDERR_REDIRECT] [Fatal Error] :1:1: Premature end of file.
2026-03-29 20:39:27,038 [ERROR] LogOutputStream:75 - [STDERR_REDIRECT] 
2026-03-29 20:39:28,021 [ERROR] LogOutputStream:75 - [STDERR_REDIRECT] [Fatal Error] :1:1: Premature end of file.
2026-03-29 20:39:28,021 [ERROR] LogOutputStream:75 - [STDERR_REDIRECT] 
2026-03-29 20:39:29,027 [ERROR] LogOutputStream:75 - [STDERR_REDIRECT] [Fatal Error] :1:1: Premature end of file.
2026-03-29 20:39:29,027 [ERROR] LogOutputStream:75 - [STDERR_REDIRECT] 
2026-03-29 20:39:30,026 [ERROR] LogOutputStream:75 - [STDERR_REDIRECT] [Fatal Error] :1:1: Premature end of file.
2026-03-29 20:39:30,026 [ERROR] LogOutputStream:75 - [STDERR_REDIRECT] 
2026-03-29 20:39:31,026 [ERROR] LogOutputStream:75 - [STDERR_REDIRECT] [Fatal Error] :1:1: Premature end of file.
2026-03-29 20:39:31,026 [ERROR] LogOutputStream:75 - [STDERR_REDIRECT] 
2026-03-29 20:39:32,035 [ERROR] LogOutputStream:75 - [STDERR_REDIRECT] [Fatal Error] :1:1: Premature end of file.
2026-03-29 20:39:32,035 [ERROR] LogOutputStream:75 - [STDERR_REDIRECT] 
2026-03-29 20:39:33,035 [ERROR] LogOutputStream:75 - [STDERR_REDIRECT] [Fatal Error] :1:1: Premature end of file.
2026-03-29 20:39:33,035 [ERROR] LogOutputStream:75 - [STDERR_REDIRECT] 
2026-03-29 20:39:34,033 [ERROR] LogOutputStream:75 - [STDERR_REDIRECT] [Fatal Error] :1:1: Premature end of file.
2026-03-29 20:39:34,033 [ERROR] LogOutputStream:75 - [STDERR_REDIRECT] 
2026-03-29 20:39:35,039 [ERROR] LogOutputStream:75 - [STDERR_REDIRECT] [Fatal Error] :1:1: Premature end of file.
2026-03-29 20:39:35,039 [ERROR] LogOutputStream:75 - [STDERR_REDIRECT] 
2026-03-29 20:39:36,035 [ERROR] LogOutputStream:75 - [STDERR_REDIRECT] [Fatal Error] :1:1: Premature end of file.
2026-03-29 20:39:36,035 [ERROR] LogOutputStream:75 - [STDERR_REDIRECT] 
2026-03-29 20:39:37,032 [ERROR] LogOutputStream:75 - [STDERR_REDIRECT] [Fatal Error] :1:1: Premature end of file.
2026-03-29 20:39:37,032 [ERROR] LogOutputStream:75 - [STDERR_REDIRECT] 
2026-03-29 20:39:38,036 [ERROR] LogOutputStream:75 - [STDERR_REDIRECT] [Fatal Error] :1:1: Premature end of file.
2026-03-29 20:39:38,036 [ERROR] LogOutputStream:75 - [STDERR_REDIRECT] 
2026-03-29 20:39:39,038 [ERROR] LogOutputStream:75 - [STDERR_REDIRECT] [Fatal Error] :1:1: Premature end of file.
2026-03-29 20:39:39,038 [ERROR] LogOutputStream:75 - [STDERR_REDIRECT] 
2026-03-29 20:39:40,021 [ERROR] LogOutputStream:75 - [STDERR_REDIRECT] [Fatal Error] :1:1: Premature end of file.
2026-03-29 20:39:40,021 [ERROR] LogOutputStream:75 - [STDERR_REDIRECT] 
2026-03-29 20:39:41,047 [ERROR] LogOutputStream:75 - [STDERR_REDIRECT] [Fatal Error] :1:1: Premature end of file.
2026-03-29 20:39:41,047 [ERROR] LogOutputStream:75 - [STDERR_REDIRECT] 
2026-03-29 20:39:42,033 [ERROR] LogOutputStream:75 - [STDERR_REDIRECT] [Fatal Error] :1:1: Premature end of file.
2026-03-29 20:39:42,033 [ERROR] LogOutputStream:75 - [STDERR_REDIRECT] 
2026-03-29 20:39:43,035 [ERROR] LogOutputStream:75 - [STDERR_REDIRECT] [Fatal Error] :1:1: Premature end of file.
2026-03-29 20:39:43,035 [ERROR] LogOutputStream:75 - [STDERR_REDIRECT] 
2026-03-29 20:39:44,037 [ERROR] LogOutputStream:75 - [STDERR_REDIRECT] [Fatal Error] :1:1: Premature end of file.
2026-03-29 20:39:44,038 [ERROR] LogOutputStream:75 - [STDERR_REDIRECT] 
2026-03-29 20:39:45,036 [ERROR] LogOutputStream:75 - [STDERR_REDIRECT] [Fatal Error] :1:1: Premature end of file.
2026-03-29 20:39:45,036 [ERROR] LogOutputStream:75 - [STDERR_REDIRECT] 
2026-03-29 20:39:46,027 [ERROR] LogOutputStream:75 - [STDERR_REDIRECT] [Fatal Error] :1:1: Premature end of file.
2026-03-29 20:39:46,027 [ERROR] LogOutputStream:75 - [STDERR_REDIRECT] 
2026-03-29 20:39:47,036 [ERROR] LogOutputStream:75 - [STDERR_REDIRECT] [Fatal Error] :1:1: Premature end of file.
2026-03-29 20:39:47,036 [ERROR] LogOutputStream:75 - [STDERR_REDIRECT] 
2026-03-29 20:39:48,044 [ERROR] LogOutputStream:75 - [STDERR_REDIRECT] [Fatal Error] :1:1: Premature end of file.
2026-03-29 20:39:48,044 [ERROR] LogOutputStream:75 - [STDERR_REDIRECT] 
2026-03-29 20:39:49,025 [ERROR] LogOutputStream:75 - [STDERR_REDIRECT] [Fatal Error] :1:1: Premature end of file.
2026-03-29 20:39:49,025 [ERROR] LogOutputStream:75 - [STDERR_REDIRECT] 
2026-03-29 20:39:50,028 [ERROR] LogOutputStream:75 - [STDERR_REDIRECT] [Fatal Error] :1:1: Premature end of file.
2026-03-29 20:39:50,028 [ERROR] LogOutputStream:75 - [STDERR_REDIRECT] 
2026-03-29 20:39:51,042 [ERROR] LogOutputStream:75 - [STDERR_REDIRECT] [Fatal Error] :1:1: Premature end of file.
2026-03-29 20:39:51,042 [ERROR] LogOutputStream:75 - [STDERR_REDIRECT] 
2026-03-29 20:39:52,053 [ERROR] LogOutputStream:75 - [STDERR_REDIRECT] [Fatal Error] :1:1: Premature end of file.
2026-03-29 20:39:52,054 [ERROR] LogOutputStream:75 - [STDERR_REDIRECT] 
2026-03-29 20:39:53,044 [ERROR] LogOutputStream:75 - [STDERR_REDIRECT] [Fatal Error] :1:1: Premature end of file.
2026-03-29 20:39:53,044 [ERROR] LogOutputStream:75 - [STDERR_REDIRECT] 
2026-03-29 20:39:54,076 [ERROR] LogOutputStream:75 - [STDERR_REDIRECT] [Fatal Error] :1:1: Premature end of file.
2026-03-29 20:39:54,076 [ERROR] LogOutputStream:75 - [STDERR_REDIRECT] 
2026-03-29 20:39:55,036 [ERROR] LogOutputStream:75 - [STDERR_REDIRECT] [Fatal Error] :1:1: Premature end of file.
2026-03-29 20:39:55,036 [ERROR] LogOutputStream:75 - [STDERR_REDIRECT] 
2026-03-29 20:39:56,033 [ERROR] LogOutputStream:75 - [STDERR_REDIRECT] [Fatal Error] :1:1: Premature end of file.
2026-03-29 20:39:56,033 [ERROR] LogOutputStream:75 - [STDERR_REDIRECT] 
2026-03-29 20:39:57,039 [ERROR] LogOutputStream:75 - [STDERR_REDIRECT] [Fatal Error] :1:1: Premature end of file.
2026-03-29 20:39:57,039 [ERROR] LogOutputStream:75 - [STDERR_REDIRECT] 
2026-03-29 20:39:58,035 [ERROR] LogOutputStream:75 - [STDERR_REDIRECT] [Fatal Error] :1:1: Premature end of file.
2026-03-29 20:39:58,035 [ERROR] LogOutputStream:75 - [STDERR_REDIRECT] 
2026-03-29 20:39:59,031 [ERROR] LogOutputStream:75 - [STDERR_REDIRECT] [Fatal Error] :1:1: Premature end of file.
2026-03-29 20:39:59,032 [ERROR] LogOutputStream:75 - [STDERR_REDIRECT] 
2026-03-29 20:40:00,057 [ERROR] LogOutputStream:75 - [STDERR_REDIRECT] [Fatal Error] :1:1: Premature end of file.
2026-03-29 20:40:00,057 [ERROR] LogOutputStream:75 - [STDERR_REDIRECT] 
2026-03-29 20:40:01,035 [ERROR] LogOutputStream:75 - [STDERR_REDIRECT] [Fatal Error] :1:1: Premature end of file.
2026-03-29 20:40:01,035 [ERROR] LogOutputStream:75 - [STDERR_REDIRECT] 
2026-03-29 20:40:02,034 [ERROR] LogOutputStream:75 - [STDERR_REDIRECT] [Fatal Error] :1:1: Premature end of file.
2026-03-29 20:40:02,035 [ERROR] LogOutputStream:75 - [STDERR_REDIRECT] 
2026-03-29 20:40:03,029 [ERROR] LogOutputStream:75 - [STDERR_REDIRECT] [Fatal Error] :1:1: Premature end of file.
2026-03-29 20:40:03,030 [ERROR] LogOutputStream:75 - [STDERR_REDIRECT] 
2026-03-29 20:40:04,034 [ERROR] LogOutputStream:75 - [STDERR_REDIRECT] [Fatal Error] :1:1: Premature end of file.
2026-03-29 20:40:04,034 [ERROR] LogOutputStream:75 - [STDERR_REDIRECT] 
2026-03-29 20:40:05,036 [ERROR] LogOutputStream:75 - [STDERR_REDIRECT] [Fatal Error] :1:1: Premature end of file.
2026-03-29 20:40:05,036 [ERROR] LogOutputStream:75 - [STDERR_REDIRECT] 
2026-03-29 20:40:06,063 [ERROR] LogOutputStream:75 - [STDERR_REDIRECT] [Fatal Error] :1:1: Premature end of file.
2026-03-29 20:40:06,063 [ERROR] LogOutputStream:75 - [STDERR_REDIRECT] 
2026-03-29 20:40:07,038 [ERROR] LogOutputStream:75 - [STDERR_REDIRECT] [Fatal Error] :1:1: Premature end of file.
2026-03-29 20:40:07,039 [ERROR] LogOutputStream:75 - [STDERR_REDIRECT] 
2026-03-29 20:40:08,039 [ERROR] LogOutputStream:75 - [STDERR_REDIRECT] [Fatal Error] :1:1: Premature end of file.
2026-03-29 20:40:08,039 [ERROR] LogOutputStream:75 - [STDERR_REDIRECT] 
2026-03-29 20:40:09,029 [ERROR] LogOutputStream:75 - [STDERR_REDIRECT] [Fatal Error] :1:1: Premature end of file.
2026-03-29 20:40:09,029 [ERROR] LogOutputStream:75 - [STDERR_REDIRECT] 
2026-03-29 20:40:10,048 [ERROR] LogOutputStream:75 - [STDERR_REDIRECT] [Fatal Error] :1:1: Premature end of file.
2026-03-29 20:40:10,048 [ERROR] LogOutputStream:75 - [STDERR_REDIRECT] 
2026-03-29 20:40:11,032 [ERROR] LogOutputStream:75 - [STDERR_REDIRECT] [Fatal Error] :1:1: Premature end of file.
2026-03-29 20:40:11,033 [ERROR] LogOutputStream:75 - [STDERR_REDIRECT] 
2026-03-29 20:40:12,078 [ERROR] LogOutputStream:75 - [STDERR_REDIRECT] [Fatal Error] :1:1: Premature end of file.
2026-03-29 20:40:12,079 [ERROR] LogOutputStream:75 - [STDERR_REDIRECT] 
2026-03-29 20:40:13,058 [ERROR] LogOutputStream:75 - [STDERR_REDIRECT] [Fatal Error] :1:1: Premature end of file.
2026-03-29 20:40:13,059 [ERROR] LogOutputStream:75 - [STDERR_REDIRECT] 
2026-03-29 20:40:14,026 [ERROR] LogOutputStream:75 - [STDERR_REDIRECT] [Fatal Error] :1:1: Premature end of file.
2026-03-29 20:40:14,026 [ERROR] LogOutputStream:75 - [STDERR_REDIRECT] 
2026-03-29 20:40:15,086 [ERROR] LogOutputStream:75 - [STDERR_REDIRECT] [Fatal Error] :1:1: Premature end of file.
2026-03-29 20:40:15,087 [ERROR] LogOutputStream:75 - [STDERR_REDIRECT] 
2026-03-29 20:40:16,027 [ERROR] LogOutputStream:75 - [STDERR_REDIRECT] [Fatal Error] :1:1: Premature end of file.
2026-03-29 20:40:16,027 [ERROR] LogOutputStream:75 - [STDERR_REDIRECT] 
2026-03-29 20:40:17,045 [ERROR] LogOutputStream:75 - [STDERR_REDIRECT] [Fatal Error] :1:1: Premature end of file.
2026-03-29 20:40:17,045 [ERROR] LogOutputStream:75 - [STDERR_REDIRECT] 
2026-03-29 20:40:18,021 [ERROR] LogOutputStream:75 - [STDERR_REDIRECT] [Fatal Error] :1:1: Premature end of file.
2026-03-29 20:40:18,021 [ERROR] LogOutputStream:75 - [STDERR_REDIRECT] 
2026-03-29 20:40:19,026 [ERROR] LogOutputStream:75 - [STDERR_REDIRECT] [Fatal Error] :1:1: Premature end of file.
2026-03-29 20:40:19,026 [ERROR] LogOutputStream:75 - [STDERR_REDIRECT] 
2026-03-29 20:40:20,020 [ERROR] LogOutputStream:75 - [STDERR_REDIRECT] [Fatal Error] :1:1: Premature end of file.
2026-03-29 20:40:20,020 [ERROR] LogOutputStream:75 - [STDERR_REDIRECT] 
2026-03-29 20:40:21,051 [ERROR] LogOutputStream:75 - [STDERR_REDIRECT] [Fatal Error] :1:1: Premature end of file.
2026-03-29 20:40:21,052 [ERROR] LogOutputStream:75 - [STDERR_REDIRECT] 
2026-03-29 20:40:22,039 [ERROR] LogOutputStream:75 - [STDERR_REDIRECT] [Fatal Error] :1:1: Premature end of file.
2026-03-29 20:40:22,039 [ERROR] LogOutputStream:75 - [STDERR_REDIRECT] 
2026-03-29 20:40:23,029 [ERROR] LogOutputStream:75 - [STDERR_REDIRECT] [Fatal Error] :1:1: Premature end of file.
2026-03-29 20:40:23,029 [ERROR] LogOutputStream:75 - [STDERR_REDIRECT] 
2026-03-29 20:40:24,030 [ERROR] LogOutputStream:75 - [STDERR_REDIRECT] [Fatal Error] :1:1: Premature end of file.
2026-03-29 20:40:24,031 [ERROR] LogOutputStream:75 - [STDERR_REDIRECT] 
2026-03-29 20:40:25,041 [ERROR] LogOutputStream:75 - [STDERR_REDIRECT] [Fatal Error] :1:1: Premature end of file.
2026-03-29 20:40:25,042 [ERROR] LogOutputStream:75 - [STDERR_REDIRECT] 
2026-03-29 20:40:26,022 [ERROR] LogOutputStream:75 - [STDERR_REDIRECT] [Fatal Error] :1:1: Premature end of file.
2026-03-29 20:40:26,022 [ERROR] LogOutputStream:75 - [STDERR_REDIRECT] 
2026-03-29 20:40:27,032 [ERROR] LogOutputStream:75 - [STDERR_REDIRECT] [Fatal Error] :1:1: Premature end of file.
2026-03-29 20:40:27,032 [ERROR] LogOutputStream:75 - [STDERR_REDIRECT] 
2026-03-29 20:40:28,021 [ERROR] LogOutputStream:75 - [STDERR_REDIRECT] [Fatal Error] :1:1: Premature end of file.
2026-03-29 20:40:28,021 [ERROR] LogOutputStream:75 - [STDERR_REDIRECT] 
2026-03-29 20:40:29,038 [ERROR] LogOutputStream:75 - [STDERR_REDIRECT] [Fatal Error] :1:1: Premature end of file.
2026-03-29 20:40:29,038 [ERROR] LogOutputStream:75 - [STDERR_REDIRECT] 
2026-03-29 20:40:30,032 [ERROR] LogOutputStream:75 - [STDERR_REDIRECT] [Fatal Error] :1:1: Premature end of file.
2026-03-29 20:40:30,033 [ERROR] LogOutputStream:75 - [STDERR_REDIRECT] 
2026-03-29 20:40:31,022 [ERROR] LogOutputStream:75 - [STDERR_REDIRECT] [Fatal Error] :1:1: Premature end of file.
2026-03-29 20:40:31,022 [ERROR] LogOutputStream:75 - [STDERR_REDIRECT] 
2026-03-29 20:40:32,029 [ERROR] LogOutputStream:75 - [STDERR_REDIRECT] [Fatal Error] :1:1: Premature end of file.
2026-03-29 20:40:32,029 [ERROR] LogOutputStream:75 - [STDERR_REDIRECT] 
2026-03-29 20:40:33,020 [ERROR] LogOutputStream:75 - [STDERR_REDIRECT] [Fatal Error] :1:1: Premature end of file.
2026-03-29 20:40:33,020 [ERROR] LogOutputStream:75 - [STDERR_REDIRECT] 
2026-03-29 20:40:34,024 [ERROR] LogOutputStream:75 - [STDERR_REDIRECT] [Fatal Error] :1:1: Premature end of file.
2026-03-29 20:40:34,024 [ERROR] LogOutputStream:75 - [STDERR_REDIRECT] 
2026-03-29 20:40:35,020 [ERROR] LogOutputStream:75 - [STDERR_REDIRECT] [Fatal Error] :1:1: Premature end of file.
2026-03-29 20:40:35,020 [ERROR] LogOutputStream:75 - [STDERR_REDIRECT] 
2026-03-29 20:40:36,027 [ERROR] LogOutputStream:75 - [STDERR_REDIRECT] [Fatal Error] :1:1: Premature end of file.
2026-03-29 20:40:36,027 [ERROR] LogOutputStream:75 - [STDERR_REDIRECT] 
2026-03-29 20:40:37,024 [ERROR] LogOutputStream:75 - [STDERR_REDIRECT] [Fatal Error] :1:1: Premature end of file.
2026-03-29 20:40:37,024 [ERROR] LogOutputStream:75 - [STDERR_REDIRECT] 
2026-03-29 20:40:38,020 [ERROR] LogOutputStream:75 - [STDERR_REDIRECT] [Fatal Error] :1:1: Premature end of file.
2026-03-29 20:40:38,020 [ERROR] LogOutputStream:75 - [STDERR_REDIRECT] 
2026-03-29 20:40:39,029 [ERROR] LogOutputStream:75 - [STDERR_REDIRECT] [Fatal Error] :1:1: Premature end of file.
2026-03-29 20:40:39,029 [ERROR] LogOutputStream:75 - [STDERR_REDIRECT] 
2026-03-29 20:40:40,034 [ERROR] LogOutputStream:75 - [STDERR_REDIRECT] [Fatal Error] :1:1: Premature end of file.
2026-03-29 20:40:40,035 [ERROR] LogOutputStream:75 - [STDERR_REDIRECT] 
2026-03-29 20:40:41,032 [ERROR] LogOutputStream:75 - [STDERR_REDIRECT] [Fatal Error] :1:1: Premature end of file.
2026-03-29 20:40:41,032 [ERROR] LogOutputStream:75 - [STDERR_REDIRECT] 
2026-03-29 20:40:42,020 [ERROR] LogOutputStream:75 - [STDERR_REDIRECT] [Fatal Error] :1:1: Premature end of file.
2026-03-29 20:40:42,020 [ERROR] LogOutputStream:75 - [STDERR_REDIRECT] 
2026-03-29 20:40:43,022 [ERROR] LogOutputStream:75 - [STDERR_REDIRECT] [Fatal Error] :1:1: Premature end of file.
2026-03-29 20:40:43,022 [ERROR] LogOutputStream:75 - [STDERR_REDIRECT] 
2026-03-29 20:40:44,023 [ERROR] LogOutputStream:75 - [STDERR_REDIRECT] [Fatal Error] :1:1: Premature end of file.
2026-03-29 20:40:44,023 [ERROR] LogOutputStream:75 - [STDERR_REDIRECT] 
2026-03-29 20:40:45,021 [ERROR] LogOutputStream:75 - [STDERR_REDIRECT] [Fatal Error] :1:1: Premature end of file.
2026-03-29 20:40:45,024 [ERROR] LogOutputStream:75 - [STDERR_REDIRECT] 
2026-03-29 20:40:46,025 [ERROR] LogOutputStream:75 - [STDERR_REDIRECT] [Fatal Error] :1:1: Premature end of file.
2026-03-29 20:40:46,025 [ERROR] LogOutputStream:75 - [STDERR_REDIRECT] 
2026-03-29 20:40:47,024 [ERROR] LogOutputStream:75 - [STDERR_REDIRECT] [Fatal Error] :1:1: Premature end of file.
2026-03-29 20:40:47,024 [ERROR] LogOutputStream:75 - [STDERR_REDIRECT] 
2026-03-29 20:40:48,036 [ERROR] LogOutputStream:75 - [STDERR_REDIRECT] [Fatal Error] :1:1: Premature end of file.
2026-03-29 20:40:48,036 [ERROR] LogOutputStream:75 - [STDERR_REDIRECT] 
2026-03-29 20:40:49,035 [ERROR] LogOutputStream:75 - [STDERR_REDIRECT] [Fatal Error] :1:1: Premature end of file.
2026-03-29 20:40:49,035 [ERROR] LogOutputStream:75 - [STDERR_REDIRECT] 
2026-03-29 20:40:50,038 [ERROR] LogOutputStream:75 - [STDERR_REDIRECT] [Fatal Error] :1:1: Premature end of file.
2026-03-29 20:40:50,038 [ERROR] LogOutputStream:75 - [STDERR_REDIRECT] 
2026-03-29 20:40:51,034 [ERROR] LogOutputStream:75 - [STDERR_REDIRECT] [Fatal Error] :1:1: Premature end of file.
2026-03-29 20:40:51,035 [ERROR] LogOutputStream:75 - [STDERR_REDIRECT] 
2026-03-29 20:40:52,039 [ERROR] LogOutputStream:75 - [STDERR_REDIRECT] [Fatal Error] :1:1: Premature end of file.
2026-03-29 20:40:52,040 [ERROR] LogOutputStream:75 - [STDERR_REDIRECT] 
2026-03-29 20:40:53,041 [ERROR] LogOutputStream:75 - [STDERR_REDIRECT] [Fatal Error] :1:1: Premature end of file.
2026-03-29 20:40:53,042 [ERROR] LogOutputStream:75 - [STDERR_REDIRECT] 
2026-03-29 20:40:54,033 [ERROR] LogOutputStream:75 - [STDERR_REDIRECT] [Fatal Error] :1:1: Premature end of file.
2026-03-29 20:40:54,033 [ERROR] LogOutputStream:75 - [STDERR_REDIRECT] 
2026-03-29 20:40:55,038 [ERROR] LogOutputStream:75 - [STDERR_REDIRECT] [Fatal Error] :1:1: Premature end of file.
2026-03-29 20:40:55,038 [ERROR] LogOutputStream:75 - [STDERR_REDIRECT] 
2026-03-29 20:40:56,039 [ERROR] LogOutputStream:75 - [STDERR_REDIRECT] [Fatal Error] :1:1: Premature end of file.
2026-03-29 20:40:56,039 [ERROR] LogOutputStream:75 - [STDERR_REDIRECT] 
2026-03-29 20:40:57,037 [ERROR] LogOutputStream:75 - [STDERR_REDIRECT] [Fatal Error] :1:1: Premature end of file.
2026-03-29 20:40:57,037 [ERROR] LogOutputStream:75 - [STDERR_REDIRECT] 
2026-03-29 20:40:58,035 [ERROR] LogOutputStream:75 - [STDERR_REDIRECT] [Fatal Error] :1:1: Premature end of file.
2026-03-29 20:40:58,035 [ERROR] LogOutputStream:75 - [STDERR_REDIRECT] 
2026-03-29 20:40:59,052 [ERROR] LogOutputStream:75 - [STDERR_REDIRECT] [Fatal Error] :1:1: Premature end of file.
2026-03-29 20:40:59,053 [ERROR] LogOutputStream:75 - [STDERR_REDIRECT] 
2026-03-29 20:41:00,038 [ERROR] LogOutputStream:75 - [STDERR_REDIRECT] [Fatal Error] :1:1: Premature end of file.
2026-03-29 20:41:00,038 [ERROR] LogOutputStream:75 - [STDERR_REDIRECT] 
2026-03-29 20:41:01,041 [ERROR] LogOutputStream:75 - [STDERR_REDIRECT] [Fatal Error] :1:1: Premature end of file.
2026-03-29 20:41:01,041 [ERROR] LogOutputStream:75 - [STDERR_REDIRECT] 
2026-03-29 20:41:02,032 [ERROR] LogOutputStream:75 - [STDERR_REDIRECT] [Fatal Error] :1:1: Premature end of file.
2026-03-29 20:41:02,032 [ERROR] LogOutputStream:75 - [STDERR_REDIRECT] 
2026-03-29 20:41:03,034 [ERROR] LogOutputStream:75 - [STDERR_REDIRECT] [Fatal Error] :1:1: Premature end of file.
2026-03-29 20:41:03,034 [ERROR] LogOutputStream:75 - [STDERR_REDIRECT] 
2026-03-29 20:41:04,032 [ERROR] LogOutputStream:75 - [STDERR_REDIRECT] [Fatal Error] :1:1: Premature end of file.
2026-03-29 20:41:04,032 [ERROR] LogOutputStream:75 - [STDERR_REDIRECT] 
2026-03-29 20:41:05,028 [ERROR] LogOutputStream:75 - [STDERR_REDIRECT] [Fatal Error] :1:1: Premature end of file.
2026-03-29 20:41:05,028 [ERROR] LogOutputStream:75 - [STDERR_REDIRECT] 
2026-03-29 20:41:06,035 [ERROR] LogOutputStream:75 - [STDERR_REDIRECT] [Fatal Error] :1:1: Premature end of file.
2026-03-29 20:41:06,035 [ERROR] LogOutputStream:75 - [STDERR_REDIRECT] 
2026-03-29 20:41:07,033 [ERROR] LogOutputStream:75 - [STDERR_REDIRECT] [Fatal Error] :1:1: Premature end of file.
2026-03-29 20:41:07,034 [ERROR] LogOutputStream:75 - [STDERR_REDIRECT] 
2026-03-29 20:41:08,039 [ERROR] LogOutputStream:75 - [STDERR_REDIRECT] [Fatal Error] :1:1: Premature end of file.
2026-03-29 20:41:08,039 [ERROR] LogOutputStream:75 - [STDERR_REDIRECT] 
2026-03-29 20:41:09,044 [ERROR] LogOutputStream:75 - [STDERR_REDIRECT] [Fatal Error] :1:1: Premature end of file.
2026-03-29 20:41:09,044 [ERROR] LogOutputStream:75 - [STDERR_REDIRECT] 
2026-03-29 20:41:10,033 [ERROR] LogOutputStream:75 - [STDERR_REDIRECT] [Fatal Error] :1:1: Premature end of file.
2026-03-29 20:41:10,033 [ERROR] LogOutputStream:75 - [STDERR_REDIRECT] 
2026-03-29 20:41:11,029 [ERROR] LogOutputStream:75 - [STDERR_REDIRECT] [Fatal Error] :1:1: Premature end of file.
2026-03-29 20:41:11,029 [ERROR] LogOutputStream:75 - [STDERR_REDIRECT] 
2026-03-29 20:41:12,036 [ERROR] LogOutputStream:75 - [STDERR_REDIRECT] [Fatal Error] :1:1: Premature end of file.
2026-03-29 20:41:12,036 [ERROR] LogOutputStream:75 - [STDERR_REDIRECT] 
2026-03-29 20:41:13,033 [ERROR] LogOutputStream:75 - [STDERR_REDIRECT] [Fatal Error] :1:1: Premature end of file.
2026-03-29 20:41:13,033 [ERROR] LogOutputStream:75 - [STDERR_REDIRECT] 
2026-03-29 20:41:14,038 [ERROR] LogOutputStream:75 - [STDERR_REDIRECT] [Fatal Error] :1:1: Premature end of file.
2026-03-29 20:41:14,038 [ERROR] LogOutputStream:75 - [STDERR_REDIRECT] 
2026-03-29 20:41:15,039 [ERROR] LogOutputStream:75 - [STDERR_REDIRECT] [Fatal Error] :1:1: Premature end of file.
2026-03-29 20:41:15,039 [ERROR] LogOutputStream:75 - [STDERR_REDIRECT] 
2026-03-29 20:41:16,031 [ERROR] LogOutputStream:75 - [STDERR_REDIRECT] [Fatal Error] :1:1: Premature end of file.
2026-03-29 20:41:16,031 [ERROR] LogOutputStream:75 - [STDERR_REDIRECT] 
2026-03-29 20:41:17,059 [ERROR] LogOutputStream:75 - [STDERR_REDIRECT] [Fatal Error] :1:1: Premature end of file.
2026-03-29 20:41:17,059 [ERROR] LogOutputStream:75 - [STDERR_REDIRECT] 
2026-03-29 20:41:18,033 [ERROR] LogOutputStream:75 - [STDERR_REDIRECT] [Fatal Error] :1:1: Premature end of file.
2026-03-29 20:41:18,033 [ERROR] LogOutputStream:75 - [STDERR_REDIRECT] 
2026-03-29 20:41:19,038 [ERROR] LogOutputStream:75 - [STDERR_REDIRECT] [Fatal Error] :1:1: Premature end of file.
2026-03-29 20:41:19,038 [ERROR] LogOutputStream:75 - [STDERR_REDIRECT] 
2026-03-29 20:41:20,033 [ERROR] LogOutputStream:75 - [STDERR_REDIRECT] [Fatal Error] :1:1: Premature end of file.
2026-03-29 20:41:20,033 [ERROR] LogOutputStream:75 - [STDERR_REDIRECT] 
2026-03-29 20:41:21,035 [ERROR] LogOutputStream:75 - [STDERR_REDIRECT] [Fatal Error] :1:1: Premature end of file.
2026-03-29 20:41:21,036 [ERROR] LogOutputStream:75 - [STDERR_REDIRECT] 
2026-03-29 20:41:22,035 [ERROR] LogOutputStream:75 - [STDERR_REDIRECT] [Fatal Error] :1:1: Premature end of file.
2026-03-29 20:41:22,035 [ERROR] LogOutputStream:75 - [STDERR_REDIRECT] 
2026-03-29 20:41:23,037 [ERROR] LogOutputStream:75 - [STDERR_REDIRECT] [Fatal Error] :1:1: Premature end of file.
2026-03-29 20:41:23,037 [ERROR] LogOutputStream:75 - [STDERR_REDIRECT] 
2026-03-29 20:41:24,032 [ERROR] LogOutputStream:75 - [STDERR_REDIRECT] [Fatal Error] :1:1: Premature end of file.
2026-03-29 20:41:24,032 [ERROR] LogOutputStream:75 - [STDERR_REDIRECT] 
2026-03-29 20:41:25,034 [ERROR] LogOutputStream:75 - [STDERR_REDIRECT] [Fatal Error] :1:1: Premature end of file.
2026-03-29 20:41:25,035 [ERROR] LogOutputStream:75 - [STDERR_REDIRECT] 
2026-03-29 20:41:26,044 [ERROR] LogOutputStream:75 - [STDERR_REDIRECT] [Fatal Error] :1:1: Premature end of file.
2026-03-29 20:41:26,045 [ERROR] LogOutputStream:75 - [STDERR_REDIRECT] 
2026-03-29 20:41:27,035 [ERROR] LogOutputStream:75 - [STDERR_REDIRECT] [Fatal Error] :1:1: Premature end of file.
2026-03-29 20:41:27,035 [ERROR] LogOutputStream:75 - [STDERR_REDIRECT] 
2026-03-29 20:41:28,035 [ERROR] LogOutputStream:75 - [STDERR_REDIRECT] [Fatal Error] :1:1: Premature end of file.
2026-03-29 20:41:28,035 [ERROR] LogOutputStream:75 - [STDERR_REDIRECT] 
2026-03-29 20:41:29,033 [ERROR] LogOutputStream:75 - [STDERR_REDIRECT] [Fatal Error] :1:1: Premature end of file.
2026-03-29 20:41:29,033 [ERROR] LogOutputStream:75 - [STDERR_REDIRECT] 
2026-03-29 20:41:30,038 [ERROR] LogOutputStream:75 - [STDERR_REDIRECT] [Fatal Error] :1:1: Premature end of file.
2026-03-29 20:41:30,038 [ERROR] LogOutputStream:75 - [STDERR_REDIRECT] 
2026-03-29 20:41:31,042 [ERROR] LogOutputStream:75 - [STDERR_REDIRECT] [Fatal Error] :1:1: Premature end of file.
2026-03-29 20:41:31,042 [ERROR] LogOutputStream:75 - [STDERR_REDIRECT] 
2026-03-29 20:41:32,037 [ERROR] LogOutputStream:75 - [STDERR_REDIRECT] [Fatal Error] :1:1: Premature end of file.
2026-03-29 20:41:32,037 [ERROR] LogOutputStream:75 - [STDERR_REDIRECT] 
2026-03-29 20:41:33,037 [ERROR] LogOutputStream:75 - [STDERR_REDIRECT] [Fatal Error] :1:1: Premature end of file.
2026-03-29 20:41:33,037 [ERROR] LogOutputStream:75 - [STDERR_REDIRECT] 
2026-03-29 20:41:34,033 [ERROR] LogOutputStream:75 - [STDERR_REDIRECT] [Fatal Error] :1:1: Premature end of file.
2026-03-29 20:41:34,034 [ERROR] LogOutputStream:75 - [STDERR_REDIRECT] 
2026-03-29 20:41:35,035 [ERROR] LogOutputStream:75 - [STDERR_REDIRECT] [Fatal Error] :1:1: Premature end of file.
2026-03-29 20:41:35,035 [ERROR] LogOutputStream:75 - [STDERR_REDIRECT] 
2026-03-29 20:41:36,034 [ERROR] LogOutputStream:75 - [STDERR_REDIRECT] [Fatal Error] :1:1: Premature end of file.
2026-03-29 20:41:36,034 [ERROR] LogOutputStream:75 - [STDERR_REDIRECT] 
2026-03-29 20:41:37,044 [ERROR] LogOutputStream:75 - [STDERR_REDIRECT] [Fatal Error] :1:1: Premature end of file.
2026-03-29 20:41:37,044 [ERROR] LogOutputStream:75 - [STDERR_REDIRECT] 
2026-03-29 20:41:38,040 [ERROR] LogOutputStream:75 - [STDERR_REDIRECT] [Fatal Error] :1:1: Premature end of file.
2026-03-29 20:41:38,040 [ERROR] LogOutputStream:75 - [STDERR_REDIRECT] 
2026-03-29 20:41:39,035 [ERROR] LogOutputStream:75 - [STDERR_REDIRECT] [Fatal Error] :1:1: Premature end of file.
2026-03-29 20:41:39,035 [ERROR] LogOutputStream:75 - [STDERR_REDIRECT] 
2026-03-29 20:41:40,038 [ERROR] LogOutputStream:75 - [STDERR_REDIRECT] [Fatal Error] :1:1: Premature end of file.
2026-03-29 20:41:40,039 [ERROR] LogOutputStream:75 - [STDERR_REDIRECT] 
2026-03-29 20:41:41,040 [ERROR] LogOutputStream:75 - [STDERR_REDIRECT] [Fatal Error] :1:1: Premature end of file.
2026-03-29 20:41:41,040 [ERROR] LogOutputStream:75 - [STDERR_REDIRECT] 
2026-03-29 20:41:42,036 [ERROR] LogOutputStream:75 - [STDERR_REDIRECT] [Fatal Error] :1:1: Premature end of file.
2026-03-29 20:41:42,036 [ERROR] LogOutputStream:75 - [STDERR_REDIRECT] 
2026-03-29 20:41:43,042 [ERROR] LogOutputStream:75 - [STDERR_REDIRECT] [Fatal Error] :1:1: Premature end of file.
2026-03-29 20:41:43,042 [ERROR] LogOutputStream:75 - [STDERR_REDIRECT] 
2026-03-29 20:41:44,044 [ERROR] LogOutputStream:75 - [STDERR_REDIRECT] [Fatal Error] :1:1: Premature end of file.
2026-03-29 20:41:44,045 [ERROR] LogOutputStream:75 - [STDERR_REDIRECT] 
2026-03-29 20:41:45,059 [ERROR] LogOutputStream:75 - [STDERR_REDIRECT] [Fatal Error] :1:1: Premature end of file.
2026-03-29 20:41:45,059 [ERROR] LogOutputStream:75 - [STDERR_REDIRECT] 
2026-03-29 20:41:46,036 [ERROR] LogOutputStream:75 - [STDERR_REDIRECT] [Fatal Error] :1:1: Premature end of file.
2026-03-29 20:41:46,036 [ERROR] LogOutputStream:75 - [STDERR_REDIRECT] 
2026-03-29 20:41:47,037 [ERROR] LogOutputStream:75 - [STDERR_REDIRECT] [Fatal Error] :1:1: Premature end of file.
2026-03-29 20:41:47,037 [ERROR] LogOutputStream:75 - [STDERR_REDIRECT] 
2026-03-29 20:41:48,062 [ERROR] LogOutputStream:75 - [STDERR_REDIRECT] [Fatal Error] :1:1: Premature end of file.
2026-03-29 20:41:48,063 [ERROR] LogOutputStream:75 - [STDERR_REDIRECT] 
2026-03-29 20:41:49,034 [ERROR] LogOutputStream:75 - [STDERR_REDIRECT] [Fatal Error] :1:1: Premature end of file.
2026-03-29 20:41:49,034 [ERROR] LogOutputStream:75 - [STDERR_REDIRECT] 
2026-03-29 20:41:50,026 [ERROR] LogOutputStream:75 - [STDERR_REDIRECT] [Fatal Error] :1:1: Premature end of file.
2026-03-29 20:41:50,027 [ERROR] LogOutputStream:75 - [STDERR_REDIRECT] 
2026-03-29 20:41:51,040 [ERROR] LogOutputStream:75 - [STDERR_REDIRECT] [Fatal Error] :1:1: Premature end of file.
2026-03-29 20:41:51,040 [ERROR] LogOutputStream:75 - [STDERR_REDIRECT] 
2026-03-29 20:41:52,034 [ERROR] LogOutputStream:75 - [STDERR_REDIRECT] [Fatal Error] :1:1: Premature end of file.
2026-03-29 20:41:52,034 [ERROR] LogOutputStream:75 - [STDERR_REDIRECT] 
2026-03-29 20:41:53,034 [ERROR] LogOutputStream:75 - [STDERR_REDIRECT] [Fatal Error] :1:1: Premature end of file.
2026-03-29 20:41:53,034 [ERROR] LogOutputStream:75 - [STDERR_REDIRECT] 
2026-03-29 20:41:54,035 [ERROR] LogOutputStream:75 - [STDERR_REDIRECT] [Fatal Error] :1:1: Premature end of file.
2026-03-29 20:41:54,035 [ERROR] LogOutputStream:75 - [STDERR_REDIRECT] 
2026-03-29 20:41:55,037 [ERROR] LogOutputStream:75 - [STDERR_REDIRECT] [Fatal Error] :1:1: Premature end of file.
2026-03-29 20:41:55,037 [ERROR] LogOutputStream:75 - [STDERR_REDIRECT] 
2026-03-29 20:41:56,025 [ERROR] LogOutputStream:75 - [STDERR_REDIRECT] [Fatal Error] :1:1: Premature end of file.
2026-03-29 20:41:56,025 [ERROR] LogOutputStream:75 - [STDERR_REDIRECT] 
2026-03-29 20:41:57,034 [ERROR] LogOutputStream:75 - [STDERR_REDIRECT] [Fatal Error] :1:1: Premature end of file.
2026-03-29 20:41:57,034 [ERROR] LogOutputStream:75 - [STDERR_REDIRECT] 
2026-03-29 20:41:58,022 [ERROR] LogOutputStream:75 - [STDERR_REDIRECT] [Fatal Error] :1:1: Premature end of file.
2026-03-29 20:41:58,022 [ERROR] LogOutputStream:75 - [STDERR_REDIRECT] 
2026-03-29 20:41:59,037 [ERROR] LogOutputStream:75 - [STDERR_REDIRECT] [Fatal Error] :1:1: Premature end of file.
2026-03-29 20:41:59,037 [ERROR] LogOutputStream:75 - [STDERR_REDIRECT] 
2026-03-29 20:42:00,080 [ERROR] LogOutputStream:75 - [STDERR_REDIRECT] [Fatal Error] :1:1: Premature end of file.
2026-03-29 20:42:00,080 [ERROR] LogOutputStream:75 - [STDERR_REDIRECT] 
2026-03-29 20:42:01,036 [ERROR] LogOutputStream:75 - [STDERR_REDIRECT] [Fatal Error] :1:1: Premature end of file.
2026-03-29 20:42:01,036 [ERROR] LogOutputStream:75 - [STDERR_REDIRECT] 
2026-03-29 20:42:02,036 [ERROR] LogOutputStream:75 - [STDERR_REDIRECT] [Fatal Error] :1:1: Premature end of file.
2026-03-29 20:42:02,036 [ERROR] LogOutputStream:75 - [STDERR_REDIRECT] 
2026-03-29 20:42:03,037 [ERROR] LogOutputStream:75 - [STDERR_REDIRECT] [Fatal Error] :1:1: Premature end of file.
2026-03-29 20:42:03,037 [ERROR] LogOutputStream:75 - [STDERR_REDIRECT] 
2026-03-29 20:42:04,036 [ERROR] LogOutputStream:75 - [STDERR_REDIRECT] [Fatal Error] :1:1: Premature end of file.
2026-03-29 20:42:04,036 [ERROR] LogOutputStream:75 - [STDERR_REDIRECT] 
2026-03-29 20:42:05,056 [ERROR] LogOutputStream:75 - [STDERR_REDIRECT] [Fatal Error] :1:1: Premature end of file.
2026-03-29 20:42:05,056 [ERROR] LogOutputStream:75 - [STDERR_REDIRECT] 
2026-03-29 20:42:06,052 [ERROR] LogOutputStream:75 - [STDERR_REDIRECT] [Fatal Error] :1:1: Premature end of file.
2026-03-29 20:42:06,053 [ERROR] LogOutputStream:75 - [STDERR_REDIRECT] 
2026-03-29 20:42:07,036 [ERROR] LogOutputStream:75 - [STDERR_REDIRECT] [Fatal Error] :1:1: Premature end of file.
2026-03-29 20:42:07,037 [ERROR] LogOutputStream:75 - [STDERR_REDIRECT] 
2026-03-29 20:42:08,021 [ERROR] LogOutputStream:75 - [STDERR_REDIRECT] [Fatal Error] :1:1: Premature end of file.
2026-03-29 20:42:08,021 [ERROR] LogOutputStream:75 - [STDERR_REDIRECT] 
2026-03-29 20:42:09,067 [ERROR] LogOutputStream:75 - [STDERR_REDIRECT] [Fatal Error] :1:1: Premature end of file.
2026-03-29 20:42:09,068 [ERROR] LogOutputStream:75 - [STDERR_REDIRECT] 
2026-03-29 20:42:10,043 [ERROR] LogOutputStream:75 - [STDERR_REDIRECT] [Fatal Error] :1:1: Premature end of file.
2026-03-29 20:42:10,043 [ERROR] LogOutputStream:75 - [STDERR_REDIRECT] 
2026-03-29 20:42:11,078 [ERROR] LogOutputStream:75 - [STDERR_REDIRECT] [Fatal Error] :1:1: Premature end of file.
2026-03-29 20:42:11,079 [ERROR] LogOutputStream:75 - [STDERR_REDIRECT] 
2026-03-29 20:42:12,058 [ERROR] LogOutputStream:75 - [STDERR_REDIRECT] [Fatal Error] :1:1: Premature end of file.
2026-03-29 20:42:12,058 [ERROR] LogOutputStream:75 - [STDERR_REDIRECT] 
2026-03-29 20:42:13,037 [ERROR] LogOutputStream:75 - [STDERR_REDIRECT] [Fatal Error] :1:1: Premature end of file.
2026-03-29 20:42:13,038 [ERROR] LogOutputStream:75 - [STDERR_REDIRECT] 
2026-03-29 20:42:14,055 [ERROR] LogOutputStream:75 - [STDERR_REDIRECT] [Fatal Error] :1:1: Premature end of file.
2026-03-29 20:42:14,055 [ERROR] LogOutputStream:75 - [STDERR_REDIRECT] 
2026-03-29 20:42:15,033 [ERROR] LogOutputStream:75 - [STDERR_REDIRECT] [Fatal Error] :1:1: Premature end of file.
2026-03-29 20:42:15,033 [ERROR] LogOutputStream:75 - [STDERR_REDIRECT] 
2026-03-29 20:42:16,038 [ERROR] LogOutputStream:75 - [STDERR_REDIRECT] [Fatal Error] :1:1: Premature end of file.
2026-03-29 20:42:16,038 [ERROR] LogOutputStream:75 - [STDERR_REDIRECT] 
2026-03-29 20:42:17,037 [ERROR] LogOutputStream:75 - [STDERR_REDIRECT] [Fatal Error] :1:1: Premature end of file.
2026-03-29 20:42:17,037 [ERROR] LogOutputStream:75 - [STDERR_REDIRECT] 
2026-03-29 20:42:18,038 [ERROR] LogOutputStream:75 - [STDERR_REDIRECT] [Fatal Error] :1:1: Premature end of file.
2026-03-29 20:42:18,038 [ERROR] LogOutputStream:75 - [STDERR_REDIRECT] 
2026-03-29 20:42:19,037 [ERROR] LogOutputStream:75 - [STDERR_REDIRECT] [Fatal Error] :1:1: Premature end of file.
2026-03-29 20:42:19,037 [ERROR] LogOutputStream:75 - [STDERR_REDIRECT] 
2026-03-29 20:42:20,039 [ERROR] LogOutputStream:75 - [STDERR_REDIRECT] [Fatal Error] :1:1: Premature end of file.
2026-03-29 20:42:20,039 [ERROR] LogOutputStream:75 - [STDERR_REDIRECT] 
2026-03-29 20:42:21,035 [ERROR] LogOutputStream:75 - [STDERR_REDIRECT] [Fatal Error] :1:1: Premature end of file.
2026-03-29 20:42:21,035 [ERROR] LogOutputStream:75 - [STDERR_REDIRECT] 
2026-03-29 20:42:22,035 [ERROR] LogOutputStream:75 - [STDERR_REDIRECT] [Fatal Error] :1:1: Premature end of file.
2026-03-29 20:42:22,035 [ERROR] LogOutputStream:75 - [STDERR_REDIRECT] 
2026-03-29 20:42:23,023 [ERROR] LogOutputStream:75 - [STDERR_REDIRECT] [Fatal Error] :1:1: Premature end of file.
2026-03-29 20:42:23,023 [ERROR] LogOutputStream:75 - [STDERR_REDIRECT] 
2026-03-29 20:42:24,037 [ERROR] LogOutputStream:75 - [STDERR_REDIRECT] [Fatal Error] :1:1: Premature end of file.
2026-03-29 20:42:24,037 [ERROR] LogOutputStream:75 - [STDERR_REDIRECT] 
2026-03-29 20:42:25,037 [ERROR] LogOutputStream:75 - [STDERR_REDIRECT] [Fatal Error] :1:1: Premature end of file.
2026-03-29 20:42:25,037 [ERROR] LogOutputStream:75 - [STDERR_REDIRECT] 
2026-03-29 20:42:26,038 [ERROR] LogOutputStream:75 - [STDERR_REDIRECT] [Fatal Error] :1:1: Premature end of file.
2026-03-29 20:42:26,038 [ERROR] LogOutputStream:75 - [STDERR_REDIRECT] 
2026-03-29 20:42:27,038 [ERROR] LogOutputStream:75 - [STDERR_REDIRECT] [Fatal Error] :1:1: Premature end of file.
2026-03-29 20:42:27,038 [ERROR] LogOutputStream:75 - [STDERR_REDIRECT] 
2026-03-29 20:42:28,032 [ERROR] LogOutputStream:75 - [STDERR_REDIRECT] [Fatal Error] :1:1: Premature end of file.
2026-03-29 20:42:28,033 [ERROR] LogOutputStream:75 - [STDERR_REDIRECT] 
2026-03-29 20:42:29,037 [ERROR] LogOutputStream:75 - [STDERR_REDIRECT] [Fatal Error] :1:1: Premature end of file.
2026-03-29 20:42:29,037 [ERROR] LogOutputStream:75 - [STDERR_REDIRECT] 
2026-03-29 20:42:30,034 [ERROR] LogOutputStream:75 - [STDERR_REDIRECT] [Fatal Error] :1:1: Premature end of file.
2026-03-29 20:42:30,034 [ERROR] LogOutputStream:75 - [STDERR_REDIRECT] 
2026-03-29 20:42:31,032 [ERROR] LogOutputStream:75 - [STDERR_REDIRECT] [Fatal Error] :1:1: Premature end of file.
2026-03-29 20:42:31,033 [ERROR] LogOutputStream:75 - [STDERR_REDIRECT] 
2026-03-29 20:42:32,036 [ERROR] LogOutputStream:75 - [STDERR_REDIRECT] [Fatal Error] :1:1: Premature end of file.
2026-03-29 20:42:32,036 [ERROR] LogOutputStream:75 - [STDERR_REDIRECT] 
2026-03-29 20:42:33,036 [ERROR] LogOutputStream:75 - [STDERR_REDIRECT] [Fatal Error] :1:1: Premature end of file.
2026-03-29 20:42:33,036 [ERROR] LogOutputStream:75 - [STDERR_REDIRECT] 
2026-03-29 20:42:34,032 [ERROR] LogOutputStream:75 - [STDERR_REDIRECT] [Fatal Error] :1:1: Premature end of file.
2026-03-29 20:42:34,032 [ERROR] LogOutputStream:75 - [STDERR_REDIRECT] 
2026-03-29 20:42:35,031 [ERROR] LogOutputStream:75 - [STDERR_REDIRECT] [Fatal Error] :1:1: Premature end of file.
2026-03-29 20:42:35,032 [ERROR] LogOutputStream:75 - [STDERR_REDIRECT] 
2026-03-29 20:42:36,033 [ERROR] LogOutputStream:75 - [STDERR_REDIRECT] [Fatal Error] :1:1: Premature end of file.
2026-03-29 20:42:36,033 [ERROR] LogOutputStream:75 - [STDERR_REDIRECT] 
2026-03-29 20:42:37,027 [ERROR] LogOutputStream:75 - [STDERR_REDIRECT] [Fatal Error] :1:1: Premature end of file.
2026-03-29 20:42:37,027 [ERROR] LogOutputStream:75 - [STDERR_REDIRECT] 
2026-03-29 20:42:38,037 [ERROR] LogOutputStream:75 - [STDERR_REDIRECT] [Fatal Error] :1:1: Premature end of file.
2026-03-29 20:42:38,037 [ERROR] LogOutputStream:75 - [STDERR_REDIRECT] 
2026-03-29 20:42:39,039 [ERROR] LogOutputStream:75 - [STDERR_REDIRECT] [Fatal Error] :1:1: Premature end of file.
2026-03-29 20:42:39,041 [ERROR] LogOutputStream:75 - [STDERR_REDIRECT] 
2026-03-29 20:42:40,032 [ERROR] LogOutputStream:75 - [STDERR_REDIRECT] [Fatal Error] :1:1: Premature end of file.
2026-03-29 20:42:40,032 [ERROR] LogOutputStream:75 - [STDERR_REDIRECT] 
2026-03-29 20:42:41,038 [ERROR] LogOutputStream:75 - [STDERR_REDIRECT] [Fatal Error] :1:1: Premature end of file.
2026-03-29 20:42:41,038 [ERROR] LogOutputStream:75 - [STDERR_REDIRECT] 
2026-03-29 20:42:42,033 [ERROR] LogOutputStream:75 - [STDERR_REDIRECT] [Fatal Error] :1:1: Premature end of file.
2026-03-29 20:42:42,033 [ERROR] LogOutputStream:75 - [STDERR_REDIRECT] 
2026-03-29 20:42:43,037 [ERROR] LogOutputStream:75 - [STDERR_REDIRECT] [Fatal Error] :1:1: Premature end of file.
2026-03-29 20:42:43,037 [ERROR] LogOutputStream:75 - [STDERR_REDIRECT] 
2026-03-29 20:42:44,038 [ERROR] LogOutputStream:75 - [STDERR_REDIRECT] [Fatal Error] :1:1: Premature end of file.
2026-03-29 20:42:44,039 [ERROR] LogOutputStream:75 - [STDERR_REDIRECT] 
2026-03-29 20:42:45,032 [ERROR] LogOutputStream:75 - [STDERR_REDIRECT] [Fatal Error] :1:1: Premature end of file.
2026-03-29 20:42:45,032 [ERROR] LogOutputStream:75 - [STDERR_REDIRECT] 
2026-03-29 20:42:46,026 [ERROR] LogOutputStream:75 - [STDERR_REDIRECT] [Fatal Error] :1:1: Premature end of file.
2026-03-29 20:42:46,027 [ERROR] LogOutputStream:75 - [STDERR_REDIRECT] 
2026-03-29 20:42:47,035 [ERROR] LogOutputStream:75 - [STDERR_REDIRECT] [Fatal Error] :1:1: Premature end of file.
2026-03-29 20:42:47,035 [ERROR] LogOutputStream:75 - [STDERR_REDIRECT] 
2026-03-29 20:42:48,033 [ERROR] LogOutputStream:75 - [STDERR_REDIRECT] [Fatal Error] :1:1: Premature end of file.
2026-03-29 20:42:48,034 [ERROR] LogOutputStream:75 - [STDERR_REDIRECT] 
2026-03-29 20:42:49,035 [ERROR] LogOutputStream:75 - [STDERR_REDIRECT] [Fatal Error] :1:1: Premature end of file.
2026-03-29 20:42:49,035 [ERROR] LogOutputStream:75 - [STDERR_REDIRECT] 
2026-03-29 20:42:50,025 [ERROR] LogOutputStream:75 - [STDERR_REDIRECT] [Fatal Error] :1:1: Premature end of file.
2026-03-29 20:42:50,025 [ERROR] LogOutputStream:75 - [STDERR_REDIRECT] 
2026-03-29 20:42:51,032 [ERROR] LogOutputStream:75 - [STDERR_REDIRECT] [Fatal Error] :1:1: Premature end of file.
2026-03-29 20:42:51,033 [ERROR] LogOutputStream:75 - [STDERR_REDIRECT] 
2026-03-29 20:42:52,037 [ERROR] LogOutputStream:75 - [STDERR_REDIRECT] [Fatal Error] :1:1: Premature end of file.
2026-03-29 20:42:52,039 [ERROR] LogOutputStream:75 - [STDERR_REDIRECT] 
2026-03-29 20:42:53,037 [ERROR] LogOutputStream:75 - [STDERR_REDIRECT] [Fatal Error] :1:1: Premature end of file.
2026-03-29 20:42:53,037 [ERROR] LogOutputStream:75 - [STDERR_REDIRECT] 
2026-03-29 20:42:54,037 [ERROR] LogOutputStream:75 - [STDERR_REDIRECT] [Fatal Error] :1:1: Premature end of file.
2026-03-29 20:42:54,037 [ERROR] LogOutputStream:75 - [STDERR_REDIRECT] 
2026-03-29 20:42:55,038 [ERROR] LogOutputStream:75 - [STDERR_REDIRECT] [Fatal Error] :1:1: Premature end of file.
2026-03-29 20:42:55,038 [ERROR] LogOutputStream:75 - [STDERR_REDIRECT] 
2026-03-29 20:42:56,038 [ERROR] LogOutputStream:75 - [STDERR_REDIRECT] [Fatal Error] :1:1: Premature end of file.
2026-03-29 20:42:56,038 [ERROR] LogOutputStream:75 - [STDERR_REDIRECT] 
2026-03-29 20:42:57,038 [ERROR] LogOutputStream:75 - [STDERR_REDIRECT] [Fatal Error] :1:1: Premature end of file.
2026-03-29 20:42:57,038 [ERROR] LogOutputStream:75 - [STDERR_REDIRECT] 
2026-03-29 20:42:58,037 [ERROR] LogOutputStream:75 - [STDERR_REDIRECT] [Fatal Error] :1:1: Premature end of file.
2026-03-29 20:42:58,037 [ERROR] LogOutputStream:75 - [STDERR_REDIRECT] 
2026-03-29 20:42:59,037 [ERROR] LogOutputStream:75 - [STDERR_REDIRECT] [Fatal Error] :1:1: Premature end of file.
2026-03-29 20:42:59,037 [ERROR] LogOutputStream:75 - [STDERR_REDIRECT] 
2026-03-29 20:43:00,051 [ERROR] LogOutputStream:75 - [STDERR_REDIRECT] [Fatal Error] :1:1: Premature end of file.
2026-03-29 20:43:00,052 [ERROR] LogOutputStream:75 - [STDERR_REDIRECT] 
2026-03-29 20:43:01,037 [ERROR] LogOutputStream:75 - [STDERR_REDIRECT] [Fatal Error] :1:1: Premature end of file.
2026-03-29 20:43:01,037 [ERROR] LogOutputStream:75 - [STDERR_REDIRECT] 
2026-03-29 20:43:02,038 [ERROR] LogOutputStream:75 - [STDERR_REDIRECT] [Fatal Error] :1:1: Premature end of file.
2026-03-29 20:43:02,038 [ERROR] LogOutputStream:75 - [STDERR_REDIRECT] 
2026-03-29 20:43:03,035 [ERROR] LogOutputStream:75 - [STDERR_REDIRECT] [Fatal Error] :1:1: Premature end of file.
2026-03-29 20:43:03,035 [ERROR] LogOutputStream:75 - [STDERR_REDIRECT] 
2026-03-29 20:43:04,034 [ERROR] LogOutputStream:75 - [STDERR_REDIRECT] [Fatal Error] :1:1: Premature end of file.
2026-03-29 20:43:04,034 [ERROR] LogOutputStream:75 - [STDERR_REDIRECT] 
2026-03-29 20:43:05,030 [ERROR] LogOutputStream:75 - [STDERR_REDIRECT] [Fatal Error] :1:1: Premature end of file.
2026-03-29 20:43:05,031 [ERROR] LogOutputStream:75 - [STDERR_REDIRECT] 
2026-03-29 20:43:06,034 [ERROR] LogOutputStream:75 - [STDERR_REDIRECT] [Fatal Error] :1:1: Premature end of file.
2026-03-29 20:43:06,034 [ERROR] LogOutputStream:75 - [STDERR_REDIRECT] 
2026-03-29 20:43:07,037 [ERROR] LogOutputStream:75 - [STDERR_REDIRECT] [Fatal Error] :1:1: Premature end of file.
2026-03-29 20:43:07,037 [ERROR] LogOutputStream:75 - [STDERR_REDIRECT] 
2026-03-29 20:43:08,033 [ERROR] LogOutputStream:75 - [STDERR_REDIRECT] [Fatal Error] :1:1: Premature end of file.
2026-03-29 20:43:08,033 [ERROR] LogOutputStream:75 - [STDERR_REDIRECT] 
2026-03-29 20:43:09,026 [ERROR] LogOutputStream:75 - [STDERR_REDIRECT] [Fatal Error] :1:1: Premature end of file.
2026-03-29 20:43:09,027 [ERROR] LogOutputStream:75 - [STDERR_REDIRECT] 
2026-03-29 20:43:10,041 [ERROR] LogOutputStream:75 - [STDERR_REDIRECT] [Fatal Error] :1:1: Premature end of file.
2026-03-29 20:43:10,041 [ERROR] LogOutputStream:75 - [STDERR_REDIRECT] 
2026-03-29 20:43:11,042 [ERROR] LogOutputStream:75 - [STDERR_REDIRECT] [Fatal Error] :1:1: Premature end of file.
2026-03-29 20:43:11,042 [ERROR] LogOutputStream:75 - [STDERR_REDIRECT] 
2026-03-29 20:43:12,043 [ERROR] LogOutputStream:75 - [STDERR_REDIRECT] [Fatal Error] :1:1: Premature end of file.
2026-03-29 20:43:12,043 [ERROR] LogOutputStream:75 - [STDERR_REDIRECT] 
2026-03-29 20:43:13,046 [ERROR] LogOutputStream:75 - [STDERR_REDIRECT] [Fatal Error] :1:1: Premature end of file.
2026-03-29 20:43:13,046 [ERROR] LogOutputStream:75 - [STDERR_REDIRECT] 
2026-03-29 20:43:14,039 [ERROR] LogOutputStream:75 - [STDERR_REDIRECT] [Fatal Error] :1:1: Premature end of file.
2026-03-29 20:43:14,040 [ERROR] LogOutputStream:75 - [STDERR_REDIRECT] 
2026-03-29 20:43:15,037 [ERROR] LogOutputStream:75 - [STDERR_REDIRECT] [Fatal Error] :1:1: Premature end of file.
2026-03-29 20:43:15,037 [ERROR] LogOutputStream:75 - [STDERR_REDIRECT] 
2026-03-29 20:43:16,036 [ERROR] LogOutputStream:75 - [STDERR_REDIRECT] [Fatal Error] :1:1: Premature end of file.
2026-03-29 20:43:16,036 [ERROR] LogOutputStream:75 - [STDERR_REDIRECT] 
2026-03-29 20:43:17,027 [ERROR] LogOutputStream:75 - [STDERR_REDIRECT] [Fatal Error] :1:1: Premature end of file.
2026-03-29 20:43:17,027 [ERROR] LogOutputStream:75 - [STDERR_REDIRECT] 
2026-03-29 20:43:18,026 [ERROR] LogOutputStream:75 - [STDERR_REDIRECT] [Fatal Error] :1:1: Premature end of file.
2026-03-29 20:43:18,027 [ERROR] LogOutputStream:75 - [STDERR_REDIRECT] 
2026-03-29 20:43:19,038 [ERROR] LogOutputStream:75 - [STDERR_REDIRECT] [Fatal Error] :1:1: Premature end of file.
2026-03-29 20:43:19,038 [ERROR] LogOutputStream:75 - [STDERR_REDIRECT] 
2026-03-29 20:43:20,038 [ERROR] LogOutputStream:75 - [STDERR_REDIRECT] [Fatal Error] :1:1: Premature end of file.
2026-03-29 20:43:20,038 [ERROR] LogOutputStream:75 - [STDERR_REDIRECT] 
2026-03-29 20:43:21,030 [ERROR] LogOutputStream:75 - [STDERR_REDIRECT] [Fatal Error] :1:1: Premature end of file.
2026-03-29 20:43:21,030 [ERROR] LogOutputStream:75 - [STDERR_REDIRECT] 
2026-03-29 20:43:22,023 [ERROR] LogOutputStream:75 - [STDERR_REDIRECT] [Fatal Error] :1:1: Premature end of file.
2026-03-29 20:43:22,024 [ERROR] LogOutputStream:75 - [STDERR_REDIRECT] 
2026-03-29 20:43:23,023 [ERROR] LogOutputStream:75 - [STDERR_REDIRECT] [Fatal Error] :1:1: Premature end of file.
2026-03-29 20:43:23,023 [ERROR] LogOutputStream:75 - [STDERR_REDIRECT] 
2026-03-29 20:43:24,028 [ERROR] LogOutputStream:75 - [STDERR_REDIRECT] [Fatal Error] :1:1: Premature end of file.
2026-03-29 20:43:24,028 [ERROR] LogOutputStream:75 - [STDERR_REDIRECT] 
2026-03-29 20:43:25,026 [ERROR] LogOutputStream:75 - [STDERR_REDIRECT] [Fatal Error] :1:1: Premature end of file.
2026-03-29 20:43:25,026 [ERROR] LogOutputStream:75 - [STDERR_REDIRECT] 
2026-03-29 20:43:26,043 [ERROR] LogOutputStream:75 - [STDERR_REDIRECT] [Fatal Error] :1:1: Premature end of file.
2026-03-29 20:43:26,044 [ERROR] LogOutputStream:75 - [STDERR_REDIRECT] 
2026-03-29 20:43:27,035 [ERROR] LogOutputStream:75 - [STDERR_REDIRECT] [Fatal Error] :1:1: Premature end of file.
2026-03-29 20:43:27,035 [ERROR] LogOutputStream:75 - [STDERR_REDIRECT] 
2026-03-29 20:43:28,041 [ERROR] LogOutputStream:75 - [STDERR_REDIRECT] [Fatal Error] :1:1: Premature end of file.
2026-03-29 20:43:28,041 [ERROR] LogOutputStream:75 - [STDERR_REDIRECT] 
2026-03-29 20:43:29,040 [ERROR] LogOutputStream:75 - [STDERR_REDIRECT] [Fatal Error] :1:1: Premature end of file.
2026-03-29 20:43:29,040 [ERROR] LogOutputStream:75 - [STDERR_REDIRECT] 
2026-03-29 20:43:30,021 [ERROR] LogOutputStream:75 - [STDERR_REDIRECT] [Fatal Error] :1:1: Premature end of file.
2026-03-29 20:43:30,022 [ERROR] LogOutputStream:75 - [STDERR_REDIRECT] 
2026-03-29 20:43:31,039 [ERROR] LogOutputStream:75 - [STDERR_REDIRECT] [Fatal Error] :1:1: Premature end of file.
2026-03-29 20:43:31,039 [ERROR] LogOutputStream:75 - [STDERR_REDIRECT] 
2026-03-29 20:43:32,036 [ERROR] LogOutputStream:75 - [STDERR_REDIRECT] [Fatal Error] :1:1: Premature end of file.
2026-03-29 20:43:32,036 [ERROR] LogOutputStream:75 - [STDERR_REDIRECT] 
2026-03-29 20:43:33,035 [ERROR] LogOutputStream:75 - [STDERR_REDIRECT] [Fatal Error] :1:1: Premature end of file.
2026-03-29 20:43:33,035 [ERROR] LogOutputStream:75 - [STDERR_REDIRECT] 
2026-03-29 20:43:34,034 [ERROR] LogOutputStream:75 - [STDERR_REDIRECT] [Fatal Error] :1:1: Premature end of file.
2026-03-29 20:43:34,034 [ERROR] LogOutputStream:75 - [STDERR_REDIRECT] 
2026-03-29 20:43:35,031 [ERROR] LogOutputStream:75 - [STDERR_REDIRECT] [Fatal Error] :1:1: Premature end of file.
2026-03-29 20:43:35,031 [ERROR] LogOutputStream:75 - [STDERR_REDIRECT] 
2026-03-29 20:43:36,037 [ERROR] LogOutputStream:75 - [STDERR_REDIRECT] [Fatal Error] :1:1: Premature end of file.
2026-03-29 20:43:36,037 [ERROR] LogOutputStream:75 - [STDERR_REDIRECT] 
2026-03-29 20:43:37,034 [ERROR] LogOutputStream:75 - [STDERR_REDIRECT] [Fatal Error] :1:1: Premature end of file.
2026-03-29 20:43:37,034 [ERROR] LogOutputStream:75 - [STDERR_REDIRECT] 
2026-03-29 20:43:38,033 [ERROR] LogOutputStream:75 - [STDERR_REDIRECT] [Fatal Error] :1:1: Premature end of file.
2026-03-29 20:43:38,033 [ERROR] LogOutputStream:75 - [STDERR_REDIRECT] 
2026-03-29 20:43:39,028 [ERROR] LogOutputStream:75 - [STDERR_REDIRECT] [Fatal Error] :1:1: Premature end of file.
2026-03-29 20:43:39,028 [ERROR] LogOutputStream:75 - [STDERR_REDIRECT] 
2026-03-29 20:43:40,020 [ERROR] LogOutputStream:75 - [STDERR_REDIRECT] [Fatal Error] :1:1: Premature end of file.
2026-03-29 20:43:40,020 [ERROR] LogOutputStream:75 - [STDERR_REDIRECT] 
2026-03-29 20:43:41,044 [ERROR] LogOutputStream:75 - [STDERR_REDIRECT] [Fatal Error] :1:1: Premature end of file.
2026-03-29 20:43:41,044 [ERROR] LogOutputStream:75 - [STDERR_REDIRECT] 
2026-03-29 20:43:42,035 [ERROR] LogOutputStream:75 - [STDERR_REDIRECT] [Fatal Error] :1:1: Premature end of file.
2026-03-29 20:43:42,035 [ERROR] LogOutputStream:75 - [STDERR_REDIRECT] 
2026-03-29 20:43:43,027 [ERROR] LogOutputStream:75 - [STDERR_REDIRECT] [Fatal Error] :1:1: Premature end of file.
2026-03-29 20:43:43,028 [ERROR] LogOutputStream:75 - [STDERR_REDIRECT] 
2026-03-29 20:43:44,031 [ERROR] LogOutputStream:75 - [STDERR_REDIRECT] [Fatal Error] :1:1: Premature end of file.
2026-03-29 20:43:44,031 [ERROR] LogOutputStream:75 - [STDERR_REDIRECT] 
2026-03-29 20:43:45,031 [ERROR] LogOutputStream:75 - [STDERR_REDIRECT] [Fatal Error] :1:1: Premature end of file.
2026-03-29 20:43:45,032 [ERROR] LogOutputStream:75 - [STDERR_REDIRECT] 
2026-03-29 20:43:46,032 [ERROR] LogOutputStream:75 - [STDERR_REDIRECT] [Fatal Error] :1:1: Premature end of file.
2026-03-29 20:43:46,032 [ERROR] LogOutputStream:75 - [STDERR_REDIRECT] 
2026-03-29 20:43:47,036 [ERROR] LogOutputStream:75 - [STDERR_REDIRECT] [Fatal Error] :1:1: Premature end of file.
2026-03-29 20:43:47,036 [ERROR] LogOutputStream:75 - [STDERR_REDIRECT] 
2026-03-29 20:43:48,034 [ERROR] LogOutputStream:75 - [STDERR_REDIRECT] [Fatal Error] :1:1: Premature end of file.
2026-03-29 20:43:48,034 [ERROR] LogOutputStream:75 - [STDERR_REDIRECT] 
2026-03-29 20:43:49,032 [ERROR] LogOutputStream:75 - [STDERR_REDIRECT] [Fatal Error] :1:1: Premature end of file.
2026-03-29 20:43:49,032 [ERROR] LogOutputStream:75 - [STDERR_REDIRECT] 
2026-03-29 20:43:50,035 [ERROR] LogOutputStream:75 - [STDERR_REDIRECT] [Fatal Error] :1:1: Premature end of file.
2026-03-29 20:43:50,035 [ERROR] LogOutputStream:75 - [STDERR_REDIRECT] 
2026-03-29 20:43:51,036 [ERROR] LogOutputStream:75 - [STDERR_REDIRECT] [Fatal Error] :1:1: Premature end of file.
2026-03-29 20:43:51,036 [ERROR] LogOutputStream:75 - [STDERR_REDIRECT] 
2026-03-29 20:43:52,029 [ERROR] LogOutputStream:75 - [STDERR_REDIRECT] [Fatal Error] :1:1: Premature end of file.
2026-03-29 20:43:52,030 [ERROR] LogOutputStream:75 - [STDERR_REDIRECT] 
2026-03-29 20:43:53,033 [ERROR] LogOutputStream:75 - [STDERR_REDIRECT] [Fatal Error] :1:1: Premature end of file.
2026-03-29 20:43:53,033 [ERROR] LogOutputStream:75 - [STDERR_REDIRECT] 
2026-03-29 20:43:54,038 [ERROR] LogOutputStream:75 - [STDERR_REDIRECT] [Fatal Error] :1:1: Premature end of file.
2026-03-29 20:43:54,038 [ERROR] LogOutputStream:75 - [STDERR_REDIRECT] 
2026-03-29 20:43:55,036 [ERROR] LogOutputStream:75 - [STDERR_REDIRECT] [Fatal Error] :1:1: Premature end of file.
2026-03-29 20:43:55,036 [ERROR] LogOutputStream:75 - [STDERR_REDIRECT] 
2026-03-29 20:43:56,037 [ERROR] LogOutputStream:75 - [STDERR_REDIRECT] [Fatal Error] :1:1: Premature end of file.
2026-03-29 20:43:56,037 [ERROR] LogOutputStream:75 - [STDERR_REDIRECT] 
2026-03-29 20:43:57,035 [ERROR] LogOutputStream:75 - [STDERR_REDIRECT] [Fatal Error] :1:1: Premature end of file.
2026-03-29 20:43:57,035 [ERROR] LogOutputStream:75 - [STDERR_REDIRECT] 
2026-03-29 20:43:58,033 [ERROR] LogOutputStream:75 - [STDERR_REDIRECT] [Fatal Error] :1:1: Premature end of file.
2026-03-29 20:43:58,033 [ERROR] LogOutputStream:75 - [STDERR_REDIRECT] 
2026-03-29 20:43:59,039 [ERROR] LogOutputStream:75 - [STDERR_REDIRECT] [Fatal Error] :1:1: Premature end of file.
2026-03-29 20:43:59,039 [ERROR] LogOutputStream:75 - [STDERR_REDIRECT] 
2026-03-29 20:44:00,046 [ERROR] LogOutputStream:75 - [STDERR_REDIRECT] [Fatal Error] :1:1: Premature end of file.
2026-03-29 20:44:00,047 [ERROR] LogOutputStream:75 - [STDERR_REDIRECT] 
2026-03-29 20:44:01,037 [ERROR] LogOutputStream:75 - [STDERR_REDIRECT] [Fatal Error] :1:1: Premature end of file.
2026-03-29 20:44:01,037 [ERROR] LogOutputStream:75 - [STDERR_REDIRECT] 
2026-03-29 20:44:02,042 [ERROR] LogOutputStream:75 - [STDERR_REDIRECT] [Fatal Error] :1:1: Premature end of file.
2026-03-29 20:44:02,042 [ERROR] LogOutputStream:75 - [STDERR_REDIRECT] 
2026-03-29 20:44:03,035 [ERROR] LogOutputStream:75 - [STDERR_REDIRECT] [Fatal Error] :1:1: Premature end of file.
2026-03-29 20:44:03,035 [ERROR] LogOutputStream:75 - [STDERR_REDIRECT] 
2026-03-29 20:44:04,035 [ERROR] LogOutputStream:75 - [STDERR_REDIRECT] [Fatal Error] :1:1: Premature end of file.
2026-03-29 20:44:04,035 [ERROR] LogOutputStream:75 - [STDERR_REDIRECT] 
2026-03-29 20:44:05,056 [ERROR] LogOutputStream:75 - [STDERR_REDIRECT] [Fatal Error] :1:1: Premature end of file.
2026-03-29 20:44:05,057 [ERROR] LogOutputStream:75 - [STDERR_REDIRECT] 
2026-03-29 20:44:06,036 [ERROR] LogOutputStream:75 - [STDERR_REDIRECT] [Fatal Error] :1:1: Premature end of file.
2026-03-29 20:44:06,036 [ERROR] LogOutputStream:75 - [STDERR_REDIRECT] 
2026-03-29 20:44:07,034 [ERROR] LogOutputStream:75 - [STDERR_REDIRECT] [Fatal Error] :1:1: Premature end of file.
2026-03-29 20:44:07,034 [ERROR] LogOutputStream:75 - [STDERR_REDIRECT] 
2026-03-29 20:44:08,031 [ERROR] LogOutputStream:75 - [STDERR_REDIRECT] [Fatal Error] :1:1: Premature end of file.
2026-03-29 20:44:08,032 [ERROR] LogOutputStream:75 - [STDERR_REDIRECT] 
2026-03-29 20:44:09,022 [ERROR] LogOutputStream:75 - [STDERR_REDIRECT] [Fatal Error] :1:1: Premature end of file.
2026-03-29 20:44:09,022 [ERROR] LogOutputStream:75 - [STDERR_REDIRECT] 
2026-03-29 20:44:10,032 [ERROR] LogOutputStream:75 - [STDERR_REDIRECT] [Fatal Error] :1:1: Premature end of file.
2026-03-29 20:44:10,032 [ERROR] LogOutputStream:75 - [STDERR_REDIRECT] 
2026-03-29 20:44:11,058 [ERROR] LogOutputStream:75 - [STDERR_REDIRECT] [Fatal Error] :1:1: Premature end of file.
2026-03-29 20:44:11,059 [ERROR] LogOutputStream:75 - [STDERR_REDIRECT] 
2026-03-29 20:44:12,050 [ERROR] LogOutputStream:75 - [STDERR_REDIRECT] [Fatal Error] :1:1: Premature end of file.
2026-03-29 20:44:12,050 [ERROR] LogOutputStream:75 - [STDERR_REDIRECT] 
2026-03-29 20:44:13,033 [ERROR] LogOutputStream:75 - [STDERR_REDIRECT] [Fatal Error] :1:1: Premature end of file.
2026-03-29 20:44:13,033 [ERROR] LogOutputStream:75 - [STDERR_REDIRECT] 
2026-03-29 20:44:14,037 [ERROR] LogOutputStream:75 - [STDERR_REDIRECT] [Fatal Error] :1:1: Premature end of file.
2026-03-29 20:44:14,037 [ERROR] LogOutputStream:75 - [STDERR_REDIRECT] 
2026-03-29 20:44:15,036 [ERROR] LogOutputStream:75 - [STDERR_REDIRECT] [Fatal Error] :1:1: Premature end of file.
2026-03-29 20:44:15,036 [ERROR] LogOutputStream:75 - [STDERR_REDIRECT] 
2026-03-29 20:44:16,044 [ERROR] LogOutputStream:75 - [STDERR_REDIRECT] [Fatal Error] :1:1: Premature end of file.
2026-03-29 20:44:16,044 [ERROR] LogOutputStream:75 - [STDERR_REDIRECT] 
2026-03-29 20:44:17,038 [ERROR] LogOutputStream:75 - [STDERR_REDIRECT] [Fatal Error] :1:1: Premature end of file.
2026-03-29 20:44:17,038 [ERROR] LogOutputStream:75 - [STDERR_REDIRECT] 
2026-03-29 20:44:18,041 [ERROR] LogOutputStream:75 - [STDERR_REDIRECT] [Fatal Error] :1:1: Premature end of file.
2026-03-29 20:44:18,041 [ERROR] LogOutputStream:75 - [STDERR_REDIRECT] 
2026-03-29 20:44:19,058 [ERROR] LogOutputStream:75 - [STDERR_REDIRECT] [Fatal Error] :1:1: Premature end of file.
2026-03-29 20:44:19,059 [ERROR] LogOutputStream:75 - [STDERR_REDIRECT] 
2026-03-29 20:44:20,041 [ERROR] LogOutputStream:75 - [STDERR_REDIRECT] [Fatal Error] :1:1: Premature end of file.
2026-03-29 20:44:20,042 [ERROR] LogOutputStream:75 - [STDERR_REDIRECT] 
2026-03-29 20:44:21,037 [ERROR] LogOutputStream:75 - [STDERR_REDIRECT] [Fatal Error] :1:1: Premature end of file.
2026-03-29 20:44:21,037 [ERROR] LogOutputStream:75 - [STDERR_REDIRECT] 
2026-03-29 20:44:22,048 [ERROR] LogOutputStream:75 - [STDERR_REDIRECT] [Fatal Error] :1:1: Premature end of file.
2026-03-29 20:44:22,049 [ERROR] LogOutputStream:75 - [STDERR_REDIRECT] 
2026-03-29 20:44:23,023 [ERROR] LogOutputStream:75 - [STDERR_REDIRECT] [Fatal Error] :1:1: Premature end of file.
2026-03-29 20:44:23,024 [ERROR] LogOutputStream:75 - [STDERR_REDIRECT] 
2026-03-29 20:44:24,035 [ERROR] LogOutputStream:75 - [STDERR_REDIRECT] [Fatal Error] :1:1: Premature end of file.
2026-03-29 20:44:24,035 [ERROR] LogOutputStream:75 - [STDERR_REDIRECT] 
2026-03-29 20:44:25,041 [ERROR] LogOutputStream:75 - [STDERR_REDIRECT] [Fatal Error] :1:1: Premature end of file.
2026-03-29 20:44:25,041 [ERROR] LogOutputStream:75 - [STDERR_REDIRECT] 
2026-03-29 20:44:26,020 [ERROR] LogOutputStream:75 - [STDERR_REDIRECT] [Fatal Error] :1:1: Premature end of file.
2026-03-29 20:44:26,020 [ERROR] LogOutputStream:75 - [STDERR_REDIRECT] 
2026-03-29 20:44:27,034 [ERROR] LogOutputStream:75 - [STDERR_REDIRECT] [Fatal Error] :1:1: Premature end of file.
2026-03-29 20:44:27,034 [ERROR] LogOutputStream:75 - [STDERR_REDIRECT] 
2026-03-29 20:44:28,031 [ERROR] LogOutputStream:75 - [STDERR_REDIRECT] [Fatal Error] :1:1: Premature end of file.
2026-03-29 20:44:28,031 [ERROR] LogOutputStream:75 - [STDERR_REDIRECT] 
2026-03-29 20:44:29,058 [ERROR] LogOutputStream:75 - [STDERR_REDIRECT] [Fatal Error] :1:1: Premature end of file.
2026-03-29 20:44:29,059 [ERROR] LogOutputStream:75 - [STDERR_REDIRECT] 
2026-03-29 20:44:30,027 [ERROR] LogOutputStream:75 - [STDERR_REDIRECT] [Fatal Error] :1:1: Premature end of file.
2026-03-29 20:44:30,028 [ERROR] LogOutputStream:75 - [STDERR_REDIRECT] 
2026-03-29 20:44:31,033 [ERROR] LogOutputStream:75 - [STDERR_REDIRECT] [Fatal Error] :1:1: Premature end of file.
2026-03-29 20:44:31,033 [ERROR] LogOutputStream:75 - [STDERR_REDIRECT] 
2026-03-29 20:44:32,036 [ERROR] LogOutputStream:75 - [STDERR_REDIRECT] [Fatal Error] :1:1: Premature end of file.
2026-03-29 20:44:32,036 [ERROR] LogOutputStream:75 - [STDERR_REDIRECT] 
2026-03-29 20:44:33,024 [ERROR] LogOutputStream:75 - [STDERR_REDIRECT] [Fatal Error] :1:1: Premature end of file.
2026-03-29 20:44:33,024 [ERROR] LogOutputStream:75 - [STDERR_REDIRECT] 
2026-03-29 20:44:34,035 [ERROR] LogOutputStream:75 - [STDERR_REDIRECT] [Fatal Error] :1:1: Premature end of file.
2026-03-29 20:44:34,035 [ERROR] LogOutputStream:75 - [STDERR_REDIRECT] 
2026-03-29 20:44:35,035 [ERROR] LogOutputStream:75 - [STDERR_REDIRECT] [Fatal Error] :1:1: Premature end of file.
2026-03-29 20:44:35,035 [ERROR] LogOutputStream:75 - [STDERR_REDIRECT] 
2026-03-29 20:44:36,034 [ERROR] LogOutputStream:75 - [STDERR_REDIRECT] [Fatal Error] :1:1: Premature end of file.
2026-03-29 20:44:36,035 [ERROR] LogOutputStream:75 - [STDERR_REDIRECT] 
2026-03-29 20:44:37,037 [ERROR] LogOutputStream:75 - [STDERR_REDIRECT] [Fatal Error] :1:1: Premature end of file.
2026-03-29 20:44:37,038 [ERROR] LogOutputStream:75 - [STDERR_REDIRECT] 
2026-03-29 20:44:38,023 [ERROR] LogOutputStream:75 - [STDERR_REDIRECT] [Fatal Error] :1:1: Premature end of file.
2026-03-29 20:44:38,023 [ERROR] LogOutputStream:75 - [STDERR_REDIRECT] 
2026-03-29 20:44:39,040 [ERROR] LogOutputStream:75 - [STDERR_REDIRECT] [Fatal Error] :1:1: Premature end of file.
2026-03-29 20:44:39,040 [ERROR] LogOutputStream:75 - [STDERR_REDIRECT] 
2026-03-29 20:44:40,027 [ERROR] LogOutputStream:75 - [STDERR_REDIRECT] [Fatal Error] :1:1: Premature end of file.
2026-03-29 20:44:40,027 [ERROR] LogOutputStream:75 - [STDERR_REDIRECT] 
2026-03-29 20:44:41,021 [ERROR] LogOutputStream:75 - [STDERR_REDIRECT] [Fatal Error] :1:1: Premature end of file.
2026-03-29 20:44:41,021 [ERROR] LogOutputStream:75 - [STDERR_REDIRECT] 
2026-03-29 20:44:42,058 [ERROR] LogOutputStream:75 - [STDERR_REDIRECT] [Fatal Error] :1:1: Premature end of file.
2026-03-29 20:44:42,058 [ERROR] LogOutputStream:75 - [STDERR_REDIRECT] 
2026-03-29 20:44:43,036 [ERROR] LogOutputStream:75 - [STDERR_REDIRECT] [Fatal Error] :1:1: Premature end of file.
2026-03-29 20:44:43,036 [ERROR] LogOutputStream:75 - [STDERR_REDIRECT] 
2026-03-29 20:44:44,047 [ERROR] LogOutputStream:75 - [STDERR_REDIRECT] [Fatal Error] :1:1: Premature end of file.
2026-03-29 20:44:44,047 [ERROR] LogOutputStream:75 - [STDERR_REDIRECT] 
2026-03-29 20:44:45,038 [ERROR] LogOutputStream:75 - [STDERR_REDIRECT] [Fatal Error] :1:1: Premature end of file.
2026-03-29 20:44:45,039 [ERROR] LogOutputStream:75 - [STDERR_REDIRECT] 
2026-03-29 20:44:46,037 [ERROR] LogOutputStream:75 - [STDERR_REDIRECT] [Fatal Error] :1:1: Premature end of file.
2026-03-29 20:44:46,038 [ERROR] LogOutputStream:75 - [STDERR_REDIRECT] 
2026-03-29 20:44:47,048 [ERROR] LogOutputStream:75 - [STDERR_REDIRECT] [Fatal Error] :1:1: Premature end of file.
2026-03-29 20:44:47,048 [ERROR] LogOutputStream:75 - [STDERR_REDIRECT] 
2026-03-29 20:44:48,035 [ERROR] LogOutputStream:75 - [STDERR_REDIRECT] [Fatal Error] :1:1: Premature end of file.
2026-03-29 20:44:48,035 [ERROR] LogOutputStream:75 - [STDERR_REDIRECT] 
2026-03-29 20:44:49,039 [ERROR] LogOutputStream:75 - [STDERR_REDIRECT] [Fatal Error] :1:1: Premature end of file.
2026-03-29 20:44:49,039 [ERROR] LogOutputStream:75 - [STDERR_REDIRECT] 
2026-03-29 20:44:50,042 [ERROR] LogOutputStream:75 - [STDERR_REDIRECT] [Fatal Error] :1:1: Premature end of file.
2026-03-29 20:44:50,043 [ERROR] LogOutputStream:75 - [STDERR_REDIRECT] 
2026-03-29 20:44:51,034 [ERROR] LogOutputStream:75 - [STDERR_REDIRECT] [Fatal Error] :1:1: Premature end of file.
2026-03-29 20:44:51,034 [ERROR] LogOutputStream:75 - [STDERR_REDIRECT] 
2026-03-29 20:44:52,077 [ERROR] LogOutputStream:75 - [STDERR_REDIRECT] [Fatal Error] :1:1: Premature end of file.
2026-03-29 20:44:52,077 [ERROR] LogOutputStream:75 - [STDERR_REDIRECT] 
2026-03-29 20:44:53,040 [ERROR] LogOutputStream:75 - [STDERR_REDIRECT] [Fatal Error] :1:1: Premature end of file.
2026-03-29 20:44:53,040 [ERROR] LogOutputStream:75 - [STDERR_REDIRECT] 
2026-03-29 20:44:54,037 [ERROR] LogOutputStream:75 - [STDERR_REDIRECT] [Fatal Error] :1:1: Premature end of file.
2026-03-29 20:44:54,037 [ERROR] LogOutputStream:75 - [STDERR_REDIRECT] 
2026-03-29 20:44:55,033 [ERROR] LogOutputStream:75 - [STDERR_REDIRECT] [Fatal Error] :1:1: Premature end of file.
2026-03-29 20:44:55,034 [ERROR] LogOutputStream:75 - [STDERR_REDIRECT] 
2026-03-29 20:44:56,035 [ERROR] LogOutputStream:75 - [STDERR_REDIRECT] [Fatal Error] :1:1: Premature end of file.
2026-03-29 20:44:56,035 [ERROR] LogOutputStream:75 - [STDERR_REDIRECT] 
2026-03-29 20:44:57,023 [ERROR] LogOutputStream:75 - [STDERR_REDIRECT] [Fatal Error] :1:1: Premature end of file.
2026-03-29 20:44:57,023 [ERROR] LogOutputStream:75 - [STDERR_REDIRECT] 
2026-03-29 20:44:58,024 [ERROR] LogOutputStream:75 - [STDERR_REDIRECT] [Fatal Error] :1:1: Premature end of file.
2026-03-29 20:44:58,024 [ERROR] LogOutputStream:75 - [STDERR_REDIRECT] 
2026-03-29 20:44:59,035 [ERROR] LogOutputStream:75 - [STDERR_REDIRECT] [Fatal Error] :1:1: Premature end of file.
2026-03-29 20:44:59,035 [ERROR] LogOutputStream:75 - [STDERR_REDIRECT] 
2026-03-29 20:45:00,044 [ERROR] LogOutputStream:75 - [STDERR_REDIRECT] [Fatal Error] :1:1: Premature end of file.
2026-03-29 20:45:00,045 [ERROR] LogOutputStream:75 - [STDERR_REDIRECT] 
2026-03-29 20:45:01,037 [ERROR] LogOutputStream:75 - [STDERR_REDIRECT] [Fatal Error] :1:1: Premature end of file.
2026-03-29 20:45:01,037 [ERROR] LogOutputStream:75 - [STDERR_REDIRECT] 
2026-03-29 20:45:02,038 [ERROR] LogOutputStream:75 - [STDERR_REDIRECT] [Fatal Error] :1:1: Premature end of file.
2026-03-29 20:45:02,038 [ERROR] LogOutputStream:75 - [STDERR_REDIRECT] 
2026-03-29 20:45:03,034 [ERROR] LogOutputStream:75 - [STDERR_REDIRECT] [Fatal Error] :1:1: Premature end of file.
2026-03-29 20:45:03,035 [ERROR] LogOutputStream:75 - [STDERR_REDIRECT] 
2026-03-29 20:45:04,041 [ERROR] LogOutputStream:75 - [STDERR_REDIRECT] [Fatal Error] :1:1: Premature end of file.
2026-03-29 20:45:04,041 [ERROR] LogOutputStream:75 - [STDERR_REDIRECT] 
2026-03-29 20:45:05,021 [ERROR] LogOutputStream:75 - [STDERR_REDIRECT] [Fatal Error] :1:1: Premature end of file.
2026-03-29 20:45:05,021 [ERROR] LogOutputStream:75 - [STDERR_REDIRECT] 
2026-03-29 20:45:06,040 [ERROR] LogOutputStream:75 - [STDERR_REDIRECT] [Fatal Error] :1:1: Premature end of file.
2026-03-29 20:45:06,041 [ERROR] LogOutputStream:75 - [STDERR_REDIRECT] 
2026-03-29 20:45:07,036 [ERROR] LogOutputStream:75 - [STDERR_REDIRECT] [Fatal Error] :1:1: Premature end of file.
2026-03-29 20:45:07,036 [ERROR] LogOutputStream:75 - [STDERR_REDIRECT] 
2026-03-29 20:45:08,042 [ERROR] LogOutputStream:75 - [STDERR_REDIRECT] [Fatal Error] :1:1: Premature end of file.
2026-03-29 20:45:08,042 [ERROR] LogOutputStream:75 - [STDERR_REDIRECT] 
2026-03-29 20:45:09,034 [ERROR] LogOutputStream:75 - [STDERR_REDIRECT] [Fatal Error] :1:1: Premature end of file.
2026-03-29 20:45:09,035 [ERROR] LogOutputStream:75 - [STDERR_REDIRECT] 
2026-03-29 20:45:10,032 [ERROR] LogOutputStream:75 - [STDERR_REDIRECT] [Fatal Error] :1:1: Premature end of file.
2026-03-29 20:45:10,032 [ERROR] LogOutputStream:75 - [STDERR_REDIRECT] 
2026-03-29 20:45:11,037 [ERROR] LogOutputStream:75 - [STDERR_REDIRECT] [Fatal Error] :1:1: Premature end of file.
2026-03-29 20:45:11,037 [ERROR] LogOutputStream:75 - [STDERR_REDIRECT] 
2026-03-29 20:45:12,024 [ERROR] LogOutputStream:75 - [STDERR_REDIRECT] [Fatal Error] :1:1: Premature end of file.
2026-03-29 20:45:12,024 [ERROR] LogOutputStream:75 - [STDERR_REDIRECT] 
2026-03-29 20:45:13,040 [ERROR] LogOutputStream:75 - [STDERR_REDIRECT] [Fatal Error] :1:1: Premature end of file.
2026-03-29 20:45:13,040 [ERROR] LogOutputStream:75 - [STDERR_REDIRECT] 
2026-03-29 20:45:14,035 [ERROR] LogOutputStream:75 - [STDERR_REDIRECT] [Fatal Error] :1:1: Premature end of file.
2026-03-29 20:45:14,035 [ERROR] LogOutputStream:75 - [STDERR_REDIRECT] 
2026-03-29 20:45:15,030 [ERROR] LogOutputStream:75 - [STDERR_REDIRECT] [Fatal Error] :1:1: Premature end of file.
2026-03-29 20:45:15,031 [ERROR] LogOutputStream:75 - [STDERR_REDIRECT] 
2026-03-29 20:45:16,029 [ERROR] LogOutputStream:75 - [STDERR_REDIRECT] [Fatal Error] :1:1: Premature end of file.
2026-03-29 20:45:16,029 [ERROR] LogOutputStream:75 - [STDERR_REDIRECT] 
2026-03-29 20:45:17,036 [ERROR] LogOutputStream:75 - [STDERR_REDIRECT] [Fatal Error] :1:1: Premature end of file.
2026-03-29 20:45:17,036 [ERROR] LogOutputStream:75 - [STDERR_REDIRECT] 
2026-03-29 20:45:18,048 [ERROR] LogOutputStream:75 - [STDERR_REDIRECT] [Fatal Error] :1:1: Premature end of file.
2026-03-29 20:45:18,048 [ERROR] LogOutputStream:75 - [STDERR_REDIRECT] 
2026-03-29 20:45:19,029 [ERROR] LogOutputStream:75 - [STDERR_REDIRECT] [Fatal Error] :1:1: Premature end of file.
2026-03-29 20:45:19,029 [ERROR] LogOutputStream:75 - [STDERR_REDIRECT] 
2026-03-29 20:45:20,028 [ERROR] LogOutputStream:75 - [STDERR_REDIRECT] [Fatal Error] :1:1: Premature end of file.
2026-03-29 20:45:20,029 [ERROR] LogOutputStream:75 - [STDERR_REDIRECT] 
2026-03-29 20:45:21,035 [ERROR] LogOutputStream:75 - [STDERR_REDIRECT] [Fatal Error] :1:1: Premature end of file.
2026-03-29 20:45:21,035 [ERROR] LogOutputStream:75 - [STDERR_REDIRECT] 
2026-03-29 20:45:22,035 [ERROR] LogOutputStream:75 - [STDERR_REDIRECT] [Fatal Error] :1:1: Premature end of file.
2026-03-29 20:45:22,035 [ERROR] LogOutputStream:75 - [STDERR_REDIRECT] 
2026-03-29 20:45:23,042 [ERROR] LogOutputStream:75 - [STDERR_REDIRECT] [Fatal Error] :1:1: Premature end of file.
2026-03-29 20:45:23,042 [ERROR] LogOutputStream:75 - [STDERR_REDIRECT] 
2026-03-29 20:45:24,039 [ERROR] LogOutputStream:75 - [STDERR_REDIRECT] [Fatal Error] :1:1: Premature end of file.
2026-03-29 20:45:24,039 [ERROR] LogOutputStream:75 - [STDERR_REDIRECT] 
2026-03-29 20:45:25,037 [ERROR] LogOutputStream:75 - [STDERR_REDIRECT] [Fatal Error] :1:1: Premature end of file.
2026-03-29 20:45:25,038 [ERROR] LogOutputStream:75 - [STDERR_REDIRECT] 
2026-03-29 20:45:26,023 [ERROR] LogOutputStream:75 - [STDERR_REDIRECT] [Fatal Error] :1:1: Premature end of file.
2026-03-29 20:45:26,023 [ERROR] LogOutputStream:75 - [STDERR_REDIRECT] 
2026-03-29 20:45:27,034 [ERROR] LogOutputStream:75 - [STDERR_REDIRECT] [Fatal Error] :1:1: Premature end of file.
2026-03-29 20:45:27,034 [ERROR] LogOutputStream:75 - [STDERR_REDIRECT] 
2026-03-29 20:45:28,039 [ERROR] LogOutputStream:75 - [STDERR_REDIRECT] [Fatal Error] :1:1: Premature end of file.
2026-03-29 20:45:28,039 [ERROR] LogOutputStream:75 - [STDERR_REDIRECT] 
2026-03-29 20:45:29,036 [ERROR] LogOutputStream:75 - [STDERR_REDIRECT] [Fatal Error] :1:1: Premature end of file.
2026-03-29 20:45:29,036 [ERROR] LogOutputStream:75 - [STDERR_REDIRECT] 
2026-03-29 20:45:30,021 [ERROR] LogOutputStream:75 - [STDERR_REDIRECT] [Fatal Error] :1:1: Premature end of file.
2026-03-29 20:45:30,021 [ERROR] LogOutputStream:75 - [STDERR_REDIRECT] 
2026-03-29 20:45:31,034 [ERROR] LogOutputStream:75 - [STDERR_REDIRECT] [Fatal Error] :1:1: Premature end of file.
2026-03-29 20:45:31,034 [ERROR] LogOutputStream:75 - [STDERR_REDIRECT] 
2026-03-29 20:45:32,027 [ERROR] LogOutputStream:75 - [STDERR_REDIRECT] [Fatal Error] :1:1: Premature end of file.
2026-03-29 20:45:32,028 [ERROR] LogOutputStream:75 - [STDERR_REDIRECT] 
2026-03-29 20:45:33,034 [ERROR] LogOutputStream:75 - [STDERR_REDIRECT] [Fatal Error] :1:1: Premature end of file.
2026-03-29 20:45:33,034 [ERROR] LogOutputStream:75 - [STDERR_REDIRECT] 
2026-03-29 20:45:34,024 [ERROR] LogOutputStream:75 - [STDERR_REDIRECT] [Fatal Error] :1:1: Premature end of file.
2026-03-29 20:45:34,024 [ERROR] LogOutputStream:75 - [STDERR_REDIRECT] 
2026-03-29 20:45:35,037 [ERROR] LogOutputStream:75 - [STDERR_REDIRECT] [Fatal Error] :1:1: Premature end of file.
2026-03-29 20:45:35,037 [ERROR] LogOutputStream:75 - [STDERR_REDIRECT] 
2026-03-29 20:45:36,027 [ERROR] LogOutputStream:75 - [STDERR_REDIRECT] [Fatal Error] :1:1: Premature end of file.
2026-03-29 20:45:36,027 [ERROR] LogOutputStream:75 - [STDERR_REDIRECT] 
2026-03-29 20:45:37,037 [ERROR] LogOutputStream:75 - [STDERR_REDIRECT] [Fatal Error] :1:1: Premature end of file.
2026-03-29 20:45:37,037 [ERROR] LogOutputStream:75 - [STDERR_REDIRECT] 
2026-03-29 20:45:38,028 [ERROR] LogOutputStream:75 - [STDERR_REDIRECT] [Fatal Error] :1:1: Premature end of file.
2026-03-29 20:45:38,029 [ERROR] LogOutputStream:75 - [STDERR_REDIRECT] 
2026-03-29 20:45:39,023 [ERROR] LogOutputStream:75 - [STDERR_REDIRECT] [Fatal Error] :1:1: Premature end of file.
2026-03-29 20:45:39,023 [ERROR] LogOutputStream:75 - [STDERR_REDIRECT] 
2026-03-29 20:45:40,056 [ERROR] LogOutputStream:75 - [STDERR_REDIRECT] [Fatal Error] :1:1: Premature end of file.
2026-03-29 20:45:40,056 [ERROR] LogOutputStream:75 - [STDERR_REDIRECT] 
2026-03-29 20:45:41,037 [ERROR] LogOutputStream:75 - [STDERR_REDIRECT] [Fatal Error] :1:1: Premature end of file.
2026-03-29 20:45:41,038 [ERROR] LogOutputStream:75 - [STDERR_REDIRECT] 
2026-03-29 20:45:42,033 [ERROR] LogOutputStream:75 - [STDERR_REDIRECT] [Fatal Error] :1:1: Premature end of file.
2026-03-29 20:45:42,033 [ERROR] LogOutputStream:75 - [STDERR_REDIRECT] 
2026-03-29 20:45:43,031 [ERROR] LogOutputStream:75 - [STDERR_REDIRECT] [Fatal Error] :1:1: Premature end of file.
2026-03-29 20:45:43,031 [ERROR] LogOutputStream:75 - [STDERR_REDIRECT] 
2026-03-29 20:45:44,037 [ERROR] LogOutputStream:75 - [STDERR_REDIRECT] [Fatal Error] :1:1: Premature end of file.
2026-03-29 20:45:44,037 [ERROR] LogOutputStream:75 - [STDERR_REDIRECT] 
2026-03-29 20:45:45,036 [ERROR] LogOutputStream:75 - [STDERR_REDIRECT] [Fatal Error] :1:1: Premature end of file.
2026-03-29 20:45:45,036 [ERROR] LogOutputStream:75 - [STDERR_REDIRECT] 
2026-03-29 20:45:46,046 [ERROR] LogOutputStream:75 - [STDERR_REDIRECT] [Fatal Error] :1:1: Premature end of file.
2026-03-29 20:45:46,046 [ERROR] LogOutputStream:75 - [STDERR_REDIRECT] 
2026-03-29 20:45:47,036 [ERROR] LogOutputStream:75 - [STDERR_REDIRECT] [Fatal Error] :1:1: Premature end of file.
2026-03-29 20:45:47,036 [ERROR] LogOutputStream:75 - [STDERR_REDIRECT] 
2026-03-29 20:45:48,035 [ERROR] LogOutputStream:75 - [STDERR_REDIRECT] [Fatal Error] :1:1: Premature end of file.
2026-03-29 20:45:48,035 [ERROR] LogOutputStream:75 - [STDERR_REDIRECT] 
2026-03-29 20:45:49,032 [ERROR] LogOutputStream:75 - [STDERR_REDIRECT] [Fatal Error] :1:1: Premature end of file.
2026-03-29 20:45:49,032 [ERROR] LogOutputStream:75 - [STDERR_REDIRECT] 
2026-03-29 20:45:50,037 [ERROR] LogOutputStream:75 - [STDERR_REDIRECT] [Fatal Error] :1:1: Premature end of file.
2026-03-29 20:45:50,038 [ERROR] LogOutputStream:75 - [STDERR_REDIRECT] 
2026-03-29 20:45:51,041 [ERROR] LogOutputStream:75 - [STDERR_REDIRECT] [Fatal Error] :1:1: Premature end of file.
2026-03-29 20:45:51,041 [ERROR] LogOutputStream:75 - [STDERR_REDIRECT] 
2026-03-29 20:45:52,030 [ERROR] LogOutputStream:75 - [STDERR_REDIRECT] [Fatal Error] :1:1: Premature end of file.
2026-03-29 20:45:52,030 [ERROR] LogOutputStream:75 - [STDERR_REDIRECT] 
2026-03-29 20:45:53,025 [ERROR] LogOutputStream:75 - [STDERR_REDIRECT] [Fatal Error] :1:1: Premature end of file.
2026-03-29 20:45:53,025 [ERROR] LogOutputStream:75 - [STDERR_REDIRECT] 
2026-03-29 20:45:54,050 [ERROR] LogOutputStream:75 - [STDERR_REDIRECT] [Fatal Error] :1:1: Premature end of file.
2026-03-29 20:45:54,050 [ERROR] LogOutputStream:75 - [STDERR_REDIRECT] 
2026-03-29 20:45:55,038 [ERROR] LogOutputStream:75 - [STDERR_REDIRECT] [Fatal Error] :1:1: Premature end of file.
2026-03-29 20:45:55,038 [ERROR] LogOutputStream:75 - [STDERR_REDIRECT] 
2026-03-29 20:45:56,038 [ERROR] LogOutputStream:75 - [STDERR_REDIRECT] [Fatal Error] :1:1: Premature end of file.
2026-03-29 20:45:56,038 [ERROR] LogOutputStream:75 - [STDERR_REDIRECT] 
2026-03-29 20:45:57,037 [ERROR] LogOutputStream:75 - [STDERR_REDIRECT] [Fatal Error] :1:1: Premature end of file.
2026-03-29 20:45:57,037 [ERROR] LogOutputStream:75 - [STDERR_REDIRECT] 
2026-03-29 20:45:58,036 [ERROR] LogOutputStream:75 - [STDERR_REDIRECT] [Fatal Error] :1:1: Premature end of file.
2026-03-29 20:45:58,036 [ERROR] LogOutputStream:75 - [STDERR_REDIRECT] 
2026-03-29 20:45:59,087 [ERROR] LogOutputStream:75 - [STDERR_REDIRECT] [Fatal Error] :1:1: Premature end of file.
2026-03-29 20:45:59,088 [ERROR] LogOutputStream:75 - [STDERR_REDIRECT] 
2026-03-29 20:46:00,057 [ERROR] LogOutputStream:75 - [STDERR_REDIRECT] [Fatal Error] :1:1: Premature end of file.
2026-03-29 20:46:00,057 [ERROR] LogOutputStream:75 - [STDERR_REDIRECT] 
2026-03-29 20:46:01,031 [ERROR] LogOutputStream:75 - [STDERR_REDIRECT] [Fatal Error] :1:1: Premature end of file.
2026-03-29 20:46:01,031 [ERROR] LogOutputStream:75 - [STDERR_REDIRECT] 
2026-03-29 20:46:02,032 [ERROR] LogOutputStream:75 - [STDERR_REDIRECT] [Fatal Error] :1:1: Premature end of file.
2026-03-29 20:46:02,032 [ERROR] LogOutputStream:75 - [STDERR_REDIRECT] 
2026-03-29 20:46:03,020 [ERROR] LogOutputStream:75 - [STDERR_REDIRECT] [Fatal Error] :1:1: Premature end of file.
2026-03-29 20:46:03,021 [ERROR] LogOutputStream:75 - [STDERR_REDIRECT] 
2026-03-29 20:46:04,022 [ERROR] LogOutputStream:75 - [STDERR_REDIRECT] [Fatal Error] :1:1: Premature end of file.
2026-03-29 20:46:04,023 [ERROR] LogOutputStream:75 - [STDERR_REDIRECT] 
2026-03-29 20:46:05,046 [ERROR] LogOutputStream:75 - [STDERR_REDIRECT] [Fatal Error] :1:1: Premature end of file.
2026-03-29 20:46:05,046 [ERROR] LogOutputStream:75 - [STDERR_REDIRECT] 
2026-03-29 20:46:06,034 [ERROR] LogOutputStream:75 - [STDERR_REDIRECT] [Fatal Error] :1:1: Premature end of file.
2026-03-29 20:46:06,035 [ERROR] LogOutputStream:75 - [STDERR_REDIRECT] 
2026-03-29 20:46:07,029 [ERROR] LogOutputStream:75 - [STDERR_REDIRECT] [Fatal Error] :1:1: Premature end of file.
2026-03-29 20:46:07,029 [ERROR] LogOutputStream:75 - [STDERR_REDIRECT] 
2026-03-29 20:46:08,020 [ERROR] LogOutputStream:75 - [STDERR_REDIRECT] [Fatal Error] :1:1: Premature end of file.
2026-03-29 20:46:08,020 [ERROR] LogOutputStream:75 - [STDERR_REDIRECT] 
2026-03-29 20:46:09,038 [ERROR] LogOutputStream:75 - [STDERR_REDIRECT] [Fatal Error] :1:1: Premature end of file.
2026-03-29 20:46:09,038 [ERROR] LogOutputStream:75 - [STDERR_REDIRECT] 
2026-03-29 20:46:10,034 [ERROR] LogOutputStream:75 - [STDERR_REDIRECT] [Fatal Error] :1:1: Premature end of file.
2026-03-29 20:46:10,034 [ERROR] LogOutputStream:75 - [STDERR_REDIRECT] 
2026-03-29 20:46:11,021 [ERROR] LogOutputStream:75 - [STDERR_REDIRECT] [Fatal Error] :1:1: Premature end of file.
2026-03-29 20:46:11,021 [ERROR] LogOutputStream:75 - [STDERR_REDIRECT] 
2026-03-29 20:46:12,029 [ERROR] LogOutputStream:75 - [STDERR_REDIRECT] [Fatal Error] :1:1: Premature end of file.
2026-03-29 20:46:12,029 [ERROR] LogOutputStream:75 - [STDERR_REDIRECT] 
2026-03-29 20:46:13,038 [ERROR] LogOutputStream:75 - [STDERR_REDIRECT] [Fatal Error] :1:1: Premature end of file.
2026-03-29 20:46:13,038 [ERROR] LogOutputStream:75 - [STDERR_REDIRECT] 
2026-03-29 20:46:14,022 [ERROR] LogOutputStream:75 - [STDERR_REDIRECT] [Fatal Error] :1:1: Premature end of file.
2026-03-29 20:46:14,022 [ERROR] LogOutputStream:75 - [STDERR_REDIRECT] 
2026-03-29 20:46:15,073 [ERROR] LogOutputStream:75 - [STDERR_REDIRECT] [Fatal Error] :1:1: Premature end of file.
2026-03-29 20:46:15,073 [ERROR] LogOutputStream:75 - [STDERR_REDIRECT] 
2026-03-29 20:46:16,040 [ERROR] LogOutputStream:75 - [STDERR_REDIRECT] [Fatal Error] :1:1: Premature end of file.
2026-03-29 20:46:16,040 [ERROR] LogOutputStream:75 - [STDERR_REDIRECT] 
2026-03-29 20:46:17,032 [ERROR] LogOutputStream:75 - [STDERR_REDIRECT] [Fatal Error] :1:1: Premature end of file.
2026-03-29 20:46:17,032 [ERROR] LogOutputStream:75 - [STDERR_REDIRECT] 
2026-03-29 20:46:18,036 [ERROR] LogOutputStream:75 - [STDERR_REDIRECT] [Fatal Error] :1:1: Premature end of file.
2026-03-29 20:46:18,036 [ERROR] LogOutputStream:75 - [STDERR_REDIRECT] 
2026-03-29 20:46:19,038 [ERROR] LogOutputStream:75 - [STDERR_REDIRECT] [Fatal Error] :1:1: Premature end of file.
2026-03-29 20:46:19,038 [ERROR] LogOutputStream:75 - [STDERR_REDIRECT] 
2026-03-29 20:46:20,033 [ERROR] LogOutputStream:75 - [STDERR_REDIRECT] [Fatal Error] :1:1: Premature end of file.
2026-03-29 20:46:20,033 [ERROR] LogOutputStream:75 - [STDERR_REDIRECT] 
2026-03-29 20:46:21,037 [ERROR] LogOutputStream:75 - [STDERR_REDIRECT] [Fatal Error] :1:1: Premature end of file.
2026-03-29 20:46:21,037 [ERROR] LogOutputStream:75 - [STDERR_REDIRECT] 
2026-03-29 20:46:22,063 [ERROR] LogOutputStream:75 - [STDERR_REDIRECT] [Fatal Error] :1:1: Premature end of file.
2026-03-29 20:46:22,063 [ERROR] LogOutputStream:75 - [STDERR_REDIRECT] 
2026-03-29 20:46:23,034 [ERROR] LogOutputStream:75 - [STDERR_REDIRECT] [Fatal Error] :1:1: Premature end of file.
2026-03-29 20:46:23,034 [ERROR] LogOutputStream:75 - [STDERR_REDIRECT] 
2026-03-29 20:46:24,029 [ERROR] LogOutputStream:75 - [STDERR_REDIRECT] [Fatal Error] :1:1: Premature end of file.
2026-03-29 20:46:24,029 [ERROR] LogOutputStream:75 - [STDERR_REDIRECT] 
2026-03-29 20:46:25,034 [ERROR] LogOutputStream:75 - [STDERR_REDIRECT] [Fatal Error] :1:1: Premature end of file.
2026-03-29 20:46:25,034 [ERROR] LogOutputStream:75 - [STDERR_REDIRECT] 
2026-03-29 20:46:26,040 [ERROR] LogOutputStream:75 - [STDERR_REDIRECT] [Fatal Error] :1:1: Premature end of file.
2026-03-29 20:46:26,041 [ERROR] LogOutputStream:75 - [STDERR_REDIRECT] 
2026-03-29 20:46:27,038 [ERROR] LogOutputStream:75 - [STDERR_REDIRECT] [Fatal Error] :1:1: Premature end of file.
2026-03-29 20:46:27,038 [ERROR] LogOutputStream:75 - [STDERR_REDIRECT] 
2026-03-29 20:46:28,036 [ERROR] LogOutputStream:75 - [STDERR_REDIRECT] [Fatal Error] :1:1: Premature end of file.
2026-03-29 20:46:28,036 [ERROR] LogOutputStream:75 - [STDERR_REDIRECT] 
2026-03-29 20:46:29,025 [ERROR] LogOutputStream:75 - [STDERR_REDIRECT] [Fatal Error] :1:1: Premature end of file.
2026-03-29 20:46:29,026 [ERROR] LogOutputStream:75 - [STDERR_REDIRECT] 
2026-03-29 20:46:30,021 [ERROR] LogOutputStream:75 - [STDERR_REDIRECT] [Fatal Error] :1:1: Premature end of file.
2026-03-29 20:46:30,021 [ERROR] LogOutputStream:75 - [STDERR_REDIRECT] 
2026-03-29 20:46:31,035 [ERROR] LogOutputStream:75 - [STDERR_REDIRECT] [Fatal Error] :1:1: Premature end of file.
2026-03-29 20:46:31,035 [ERROR] LogOutputStream:75 - [STDERR_REDIRECT] 
2026-03-29 20:46:32,037 [ERROR] LogOutputStream:75 - [STDERR_REDIRECT] [Fatal Error] :1:1: Premature end of file.
2026-03-29 20:46:32,037 [ERROR] LogOutputStream:75 - [STDERR_REDIRECT] 
2026-03-29 20:46:33,034 [ERROR] LogOutputStream:75 - [STDERR_REDIRECT] [Fatal Error] :1:1: Premature end of file.
2026-03-29 20:46:33,034 [ERROR] LogOutputStream:75 - [STDERR_REDIRECT] 
2026-03-29 20:46:34,037 [ERROR] LogOutputStream:75 - [STDERR_REDIRECT] [Fatal Error] :1:1: Premature end of file.
2026-03-29 20:46:34,037 [ERROR] LogOutputStream:75 - [STDERR_REDIRECT] 
2026-03-29 20:46:35,034 [ERROR] LogOutputStream:75 - [STDERR_REDIRECT] [Fatal Error] :1:1: Premature end of file.
2026-03-29 20:46:35,034 [ERROR] LogOutputStream:75 - [STDERR_REDIRECT] 
2026-03-29 20:46:36,030 [ERROR] LogOutputStream:75 - [STDERR_REDIRECT] [Fatal Error] :1:1: Premature end of file.
2026-03-29 20:46:36,030 [ERROR] LogOutputStream:75 - [STDERR_REDIRECT] 
2026-03-29 20:46:37,023 [ERROR] LogOutputStream:75 - [STDERR_REDIRECT] [Fatal Error] :1:1: Premature end of file.
2026-03-29 20:46:37,023 [ERROR] LogOutputStream:75 - [STDERR_REDIRECT] 
2026-03-29 20:46:38,036 [ERROR] LogOutputStream:75 - [STDERR_REDIRECT] [Fatal Error] :1:1: Premature end of file.
2026-03-29 20:46:38,036 [ERROR] LogOutputStream:75 - [STDERR_REDIRECT] 
2026-03-29 20:46:39,037 [ERROR] LogOutputStream:75 - [STDERR_REDIRECT] [Fatal Error] :1:1: Premature end of file.
2026-03-29 20:46:39,037 [ERROR] LogOutputStream:75 - [STDERR_REDIRECT] 
2026-03-29 20:46:40,032 [ERROR] LogOutputStream:75 - [STDERR_REDIRECT] [Fatal Error] :1:1: Premature end of file.
2026-03-29 20:46:40,033 [ERROR] LogOutputStream:75 - [STDERR_REDIRECT] 
2026-03-29 20:46:41,035 [ERROR] LogOutputStream:75 - [STDERR_REDIRECT] [Fatal Error] :1:1: Premature end of file.
2026-03-29 20:46:41,035 [ERROR] LogOutputStream:75 - [STDERR_REDIRECT] 
2026-03-29 20:46:42,030 [ERROR] LogOutputStream:75 - [STDERR_REDIRECT] [Fatal Error] :1:1: Premature end of file.
2026-03-29 20:46:42,030 [ERROR] LogOutputStream:75 - [STDERR_REDIRECT] 
2026-03-29 20:46:43,034 [ERROR] LogOutputStream:75 - [STDERR_REDIRECT] [Fatal Error] :1:1: Premature end of file.
2026-03-29 20:46:43,034 [ERROR] LogOutputStream:75 - [STDERR_REDIRECT] 
2026-03-29 20:46:44,030 [ERROR] LogOutputStream:75 - [STDERR_REDIRECT] [Fatal Error] :1:1: Premature end of file.
2026-03-29 20:46:44,031 [ERROR] LogOutputStream:75 - [STDERR_REDIRECT] 
2026-03-29 20:46:45,033 [ERROR] LogOutputStream:75 - [STDERR_REDIRECT] [Fatal Error] :1:1: Premature end of file.
2026-03-29 20:46:45,033 [ERROR] LogOutputStream:75 - [STDERR_REDIRECT] 
2026-03-29 20:46:46,029 [ERROR] LogOutputStream:75 - [STDERR_REDIRECT] [Fatal Error] :1:1: Premature end of file.
2026-03-29 20:46:46,029 [ERROR] LogOutputStream:75 - [STDERR_REDIRECT] 
2026-03-29 20:46:47,033 [ERROR] LogOutputStream:75 - [STDERR_REDIRECT] [Fatal Error] :1:1: Premature end of file.
2026-03-29 20:46:47,033 [ERROR] LogOutputStream:75 - [STDERR_REDIRECT] 
2026-03-29 20:46:48,057 [ERROR] LogOutputStream:75 - [STDERR_REDIRECT] [Fatal Error] :1:1: Premature end of file.
2026-03-29 20:46:48,057 [ERROR] LogOutputStream:75 - [STDERR_REDIRECT] 
2026-03-29 20:46:49,039 [ERROR] LogOutputStream:75 - [STDERR_REDIRECT] [Fatal Error] :1:1: Premature end of file.
2026-03-29 20:46:49,040 [ERROR] LogOutputStream:75 - [STDERR_REDIRECT] 
2026-03-29 20:46:50,028 [ERROR] LogOutputStream:75 - [STDERR_REDIRECT] [Fatal Error] :1:1: Premature end of file.
2026-03-29 20:46:50,029 [ERROR] LogOutputStream:75 - [STDERR_REDIRECT] 
2026-03-29 20:46:51,029 [ERROR] LogOutputStream:75 - [STDERR_REDIRECT] [Fatal Error] :1:1: Premature end of file.
2026-03-29 20:46:51,030 [ERROR] LogOutputStream:75 - [STDERR_REDIRECT] 
2026-03-29 20:46:52,030 [ERROR] LogOutputStream:75 - [STDERR_REDIRECT] [Fatal Error] :1:1: Premature end of file.
2026-03-29 20:46:52,030 [ERROR] LogOutputStream:75 - [STDERR_REDIRECT] 
2026-03-29 20:46:53,036 [ERROR] LogOutputStream:75 - [STDERR_REDIRECT] [Fatal Error] :1:1: Premature end of file.
2026-03-29 20:46:53,037 [ERROR] LogOutputStream:75 - [STDERR_REDIRECT] 
2026-03-29 20:46:54,036 [ERROR] LogOutputStream:75 - [STDERR_REDIRECT] [Fatal Error] :1:1: Premature end of file.
2026-03-29 20:46:54,037 [ERROR] LogOutputStream:75 - [STDERR_REDIRECT] 
2026-03-29 20:46:55,033 [ERROR] LogOutputStream:75 - [STDERR_REDIRECT] [Fatal Error] :1:1: Premature end of file.
2026-03-29 20:46:55,033 [ERROR] LogOutputStream:75 - [STDERR_REDIRECT] 
2026-03-29 20:46:56,023 [ERROR] LogOutputStream:75 - [STDERR_REDIRECT] [Fatal Error] :1:1: Premature end of file.
2026-03-29 20:46:56,023 [ERROR] LogOutputStream:75 - [STDERR_REDIRECT] 
2026-03-29 20:46:57,037 [ERROR] LogOutputStream:75 - [STDERR_REDIRECT] [Fatal Error] :1:1: Premature end of file.
2026-03-29 20:46:57,037 [ERROR] LogOutputStream:75 - [STDERR_REDIRECT] 
2026-03-29 20:46:58,036 [ERROR] LogOutputStream:75 - [STDERR_REDIRECT] [Fatal Error] :1:1: Premature end of file.
2026-03-29 20:46:58,036 [ERROR] LogOutputStream:75 - [STDERR_REDIRECT] 
2026-03-29 20:46:59,036 [ERROR] LogOutputStream:75 - [STDERR_REDIRECT] [Fatal Error] :1:1: Premature end of file.
2026-03-29 20:46:59,036 [ERROR] LogOutputStream:75 - [STDERR_REDIRECT] 
2026-03-29 20:47:00,046 [ERROR] LogOutputStream:75 - [STDERR_REDIRECT] [Fatal Error] :1:1: Premature end of file.
2026-03-29 20:47:00,046 [ERROR] LogOutputStream:75 - [STDERR_REDIRECT] 
2026-03-29 20:47:01,037 [ERROR] LogOutputStream:75 - [STDERR_REDIRECT] [Fatal Error] :1:1: Premature end of file.
2026-03-29 20:47:01,037 [ERROR] LogOutputStream:75 - [STDERR_REDIRECT] 
2026-03-29 20:47:02,035 [ERROR] LogOutputStream:75 - [STDERR_REDIRECT] [Fatal Error] :1:1: Premature end of file.
2026-03-29 20:47:02,035 [ERROR] LogOutputStream:75 - [STDERR_REDIRECT] 
2026-03-29 20:47:03,033 [ERROR] LogOutputStream:75 - [STDERR_REDIRECT] [Fatal Error] :1:1: Premature end of file.
2026-03-29 20:47:03,033 [ERROR] LogOutputStream:75 - [STDERR_REDIRECT] 
2026-03-29 20:47:04,041 [ERROR] LogOutputStream:75 - [STDERR_REDIRECT] [Fatal Error] :1:1: Premature end of file.
2026-03-29 20:47:04,041 [ERROR] LogOutputStream:75 - [STDERR_REDIRECT] 
2026-03-29 20:47:05,035 [ERROR] LogOutputStream:75 - [STDERR_REDIRECT] [Fatal Error] :1:1: Premature end of file.
2026-03-29 20:47:05,036 [ERROR] LogOutputStream:75 - [STDERR_REDIRECT] 
2026-03-29 20:47:06,043 [ERROR] LogOutputStream:75 - [STDERR_REDIRECT] [Fatal Error] :1:1: Premature end of file.
2026-03-29 20:47:06,043 [ERROR] LogOutputStream:75 - [STDERR_REDIRECT] 
2026-03-29 20:47:07,037 [ERROR] LogOutputStream:75 - [STDERR_REDIRECT] [Fatal Error] :1:1: Premature end of file.
2026-03-29 20:47:07,037 [ERROR] LogOutputStream:75 - [STDERR_REDIRECT] 
2026-03-29 20:47:08,035 [ERROR] LogOutputStream:75 - [STDERR_REDIRECT] [Fatal Error] :1:1: Premature end of file.
2026-03-29 20:47:08,035 [ERROR] LogOutputStream:75 - [STDERR_REDIRECT] 
2026-03-29 20:47:09,032 [ERROR] LogOutputStream:75 - [STDERR_REDIRECT] [Fatal Error] :1:1: Premature end of file.
2026-03-29 20:47:09,032 [ERROR] LogOutputStream:75 - [STDERR_REDIRECT] 
2026-03-29 20:47:10,035 [ERROR] LogOutputStream:75 - [STDERR_REDIRECT] [Fatal Error] :1:1: Premature end of file.
2026-03-29 20:47:10,035 [ERROR] LogOutputStream:75 - [STDERR_REDIRECT] 
2026-03-29 20:47:11,040 [ERROR] LogOutputStream:75 - [STDERR_REDIRECT] [Fatal Error] :1:1: Premature end of file.
2026-03-29 20:47:11,040 [ERROR] LogOutputStream:75 - [STDERR_REDIRECT] 
2026-03-29 20:47:12,029 [ERROR] LogOutputStream:75 - [STDERR_REDIRECT] [Fatal Error] :1:1: Premature end of file.
2026-03-29 20:47:12,029 [ERROR] LogOutputStream:75 - [STDERR_REDIRECT] 
2026-03-29 20:47:13,034 [ERROR] LogOutputStream:75 - [STDERR_REDIRECT] [Fatal Error] :1:1: Premature end of file.
2026-03-29 20:47:13,034 [ERROR] LogOutputStream:75 - [STDERR_REDIRECT] 
2026-03-29 20:47:14,032 [ERROR] LogOutputStream:75 - [STDERR_REDIRECT] [Fatal Error] :1:1: Premature end of file.
2026-03-29 20:47:14,032 [ERROR] LogOutputStream:75 - [STDERR_REDIRECT] 
2026-03-29 20:47:15,032 [ERROR] LogOutputStream:75 - [STDERR_REDIRECT] [Fatal Error] :1:1: Premature end of file.
2026-03-29 20:47:15,032 [ERROR] LogOutputStream:75 - [STDERR_REDIRECT] 
2026-03-29 20:47:16,037 [ERROR] LogOutputStream:75 - [STDERR_REDIRECT] [Fatal Error] :1:1: Premature end of file.
2026-03-29 20:47:16,037 [ERROR] LogOutputStream:75 - [STDERR_REDIRECT] 
2026-03-29 20:47:17,036 [ERROR] LogOutputStream:75 - [STDERR_REDIRECT] [Fatal Error] :1:1: Premature end of file.
2026-03-29 20:47:17,037 [ERROR] LogOutputStream:75 - [STDERR_REDIRECT] 
2026-03-29 20:47:18,043 [ERROR] LogOutputStream:75 - [STDERR_REDIRECT] [Fatal Error] :1:1: Premature end of file.
2026-03-29 20:47:18,044 [ERROR] LogOutputStream:75 - [STDERR_REDIRECT] 
2026-03-29 20:47:19,045 [ERROR] LogOutputStream:75 - [STDERR_REDIRECT] [Fatal Error] :1:1: Premature end of file.
2026-03-29 20:47:19,045 [ERROR] LogOutputStream:75 - [STDERR_REDIRECT] 
2026-03-29 20:47:20,033 [ERROR] LogOutputStream:75 - [STDERR_REDIRECT] [Fatal Error] :1:1: Premature end of file.
2026-03-29 20:47:20,033 [ERROR] LogOutputStream:75 - [STDERR_REDIRECT] 
2026-03-29 20:47:21,033 [ERROR] LogOutputStream:75 - [STDERR_REDIRECT] [Fatal Error] :1:1: Premature end of file.
2026-03-29 20:47:21,033 [ERROR] LogOutputStream:75 - [STDERR_REDIRECT] 
2026-03-29 20:47:22,031 [ERROR] LogOutputStream:75 - [STDERR_REDIRECT] [Fatal Error] :1:1: Premature end of file.
2026-03-29 20:47:22,031 [ERROR] LogOutputStream:75 - [STDERR_REDIRECT] 
2026-03-29 20:47:23,040 [ERROR] LogOutputStream:75 - [STDERR_REDIRECT] [Fatal Error] :1:1: Premature end of file.
2026-03-29 20:47:23,041 [ERROR] LogOutputStream:75 - [STDERR_REDIRECT] 
2026-03-29 20:47:24,040 [ERROR] LogOutputStream:75 - [STDERR_REDIRECT] [Fatal Error] :1:1: Premature end of file.
2026-03-29 20:47:24,040 [ERROR] LogOutputStream:75 - [STDERR_REDIRECT] 
2026-03-29 20:47:25,037 [ERROR] LogOutputStream:75 - [STDERR_REDIRECT] [Fatal Error] :1:1: Premature end of file.
2026-03-29 20:47:25,037 [ERROR] LogOutputStream:75 - [STDERR_REDIRECT] 
2026-03-29 20:47:26,042 [ERROR] LogOutputStream:75 - [STDERR_REDIRECT] [Fatal Error] :1:1: Premature end of file.
2026-03-29 20:47:26,042 [ERROR] LogOutputStream:75 - [STDERR_REDIRECT] 
2026-03-29 20:47:27,023 [ERROR] LogOutputStream:75 - [STDERR_REDIRECT] [Fatal Error] :1:1: Premature end of file.
2026-03-29 20:47:27,023 [ERROR] LogOutputStream:75 - [STDERR_REDIRECT] 
2026-03-29 20:47:28,037 [ERROR] LogOutputStream:75 - [STDERR_REDIRECT] [Fatal Error] :1:1: Premature end of file.
2026-03-29 20:47:28,037 [ERROR] LogOutputStream:75 - [STDERR_REDIRECT] 
2026-03-29 20:47:29,035 [ERROR] LogOutputStream:75 - [STDERR_REDIRECT] [Fatal Error] :1:1: Premature end of file.
2026-03-29 20:47:29,036 [ERROR] LogOutputStream:75 - [STDERR_REDIRECT] 
2026-03-29 20:47:30,036 [ERROR] LogOutputStream:75 - [STDERR_REDIRECT] [Fatal Error] :1:1: Premature end of file.
2026-03-29 20:47:30,036 [ERROR] LogOutputStream:75 - [STDERR_REDIRECT] 
2026-03-29 20:47:31,040 [ERROR] LogOutputStream:75 - [STDERR_REDIRECT] [Fatal Error] :1:1: Premature end of file.
2026-03-29 20:47:31,040 [ERROR] LogOutputStream:75 - [STDERR_REDIRECT] 
2026-03-29 20:47:32,035 [ERROR] LogOutputStream:75 - [STDERR_REDIRECT] [Fatal Error] :1:1: Premature end of file.
2026-03-29 20:47:32,035 [ERROR] LogOutputStream:75 - [STDERR_REDIRECT] 
2026-03-29 20:47:33,023 [ERROR] LogOutputStream:75 - [STDERR_REDIRECT] [Fatal Error] :1:1: Premature end of file.
2026-03-29 20:47:33,023 [ERROR] LogOutputStream:75 - [STDERR_REDIRECT] 
2026-03-29 20:47:34,041 [ERROR] LogOutputStream:75 - [STDERR_REDIRECT] [Fatal Error] :1:1: Premature end of file.
2026-03-29 20:47:34,041 [ERROR] LogOutputStream:75 - [STDERR_REDIRECT] 
2026-03-29 20:47:35,039 [ERROR] LogOutputStream:75 - [STDERR_REDIRECT] [Fatal Error] :1:1: Premature end of file.
2026-03-29 20:47:35,039 [ERROR] LogOutputStream:75 - [STDERR_REDIRECT] 
2026-03-29 20:47:36,034 [ERROR] LogOutputStream:75 - [STDERR_REDIRECT] [Fatal Error] :1:1: Premature end of file.
2026-03-29 20:47:36,034 [ERROR] LogOutputStream:75 - [STDERR_REDIRECT] 
2026-03-29 20:47:37,032 [ERROR] LogOutputStream:75 - [STDERR_REDIRECT] [Fatal Error] :1:1: Premature end of file.
2026-03-29 20:47:37,033 [ERROR] LogOutputStream:75 - [STDERR_REDIRECT] 
2026-03-29 20:47:38,033 [ERROR] LogOutputStream:75 - [STDERR_REDIRECT] [Fatal Error] :1:1: Premature end of file.
2026-03-29 20:47:38,033 [ERROR] LogOutputStream:75 - [STDERR_REDIRECT] 
2026-03-29 20:47:39,035 [ERROR] LogOutputStream:75 - [STDERR_REDIRECT] [Fatal Error] :1:1: Premature end of file.
2026-03-29 20:47:39,035 [ERROR] LogOutputStream:75 - [STDERR_REDIRECT] 
2026-03-29 20:47:40,033 [ERROR] LogOutputStream:75 - [STDERR_REDIRECT] [Fatal Error] :1:1: Premature end of file.
2026-03-29 20:47:40,033 [ERROR] LogOutputStream:75 - [STDERR_REDIRECT] 
2026-03-29 20:47:41,042 [ERROR] LogOutputStream:75 - [STDERR_REDIRECT] [Fatal Error] :1:1: Premature end of file.
2026-03-29 20:47:41,043 [ERROR] LogOutputStream:75 - [STDERR_REDIRECT] 
2026-03-29 20:47:42,037 [ERROR] LogOutputStream:75 - [STDERR_REDIRECT] [Fatal Error] :1:1: Premature end of file.
2026-03-29 20:47:42,037 [ERROR] LogOutputStream:75 - [STDERR_REDIRECT] 
2026-03-29 20:47:43,040 [ERROR] LogOutputStream:75 - [STDERR_REDIRECT] [Fatal Error] :1:1: Premature end of file.
2026-03-29 20:47:43,040 [ERROR] LogOutputStream:75 - [STDERR_REDIRECT] 
2026-03-29 20:47:44,035 [ERROR] LogOutputStream:75 - [STDERR_REDIRECT] [Fatal Error] :1:1: Premature end of file.
2026-03-29 20:47:44,035 [ERROR] LogOutputStream:75 - [STDERR_REDIRECT] 
2026-03-29 20:47:45,029 [ERROR] LogOutputStream:75 - [STDERR_REDIRECT] [Fatal Error] :1:1: Premature end of file.
2026-03-29 20:47:45,029 [ERROR] LogOutputStream:75 - [STDERR_REDIRECT] 
2026-03-29 20:47:46,040 [ERROR] LogOutputStream:75 - [STDERR_REDIRECT] [Fatal Error] :1:1: Premature end of file.
2026-03-29 20:47:46,040 [ERROR] LogOutputStream:75 - [STDERR_REDIRECT] 
2026-03-29 20:47:47,039 [ERROR] LogOutputStream:75 - [STDERR_REDIRECT] [Fatal Error] :1:1: Premature end of file.
2026-03-29 20:47:47,039 [ERROR] LogOutputStream:75 - [STDERR_REDIRECT] 
2026-03-29 20:47:48,033 [ERROR] LogOutputStream:75 - [STDERR_REDIRECT] [Fatal Error] :1:1: Premature end of file.
2026-03-29 20:47:48,033 [ERROR] LogOutputStream:75 - [STDERR_REDIRECT] 
2026-03-29 20:47:49,036 [ERROR] LogOutputStream:75 - [STDERR_REDIRECT] [Fatal Error] :1:1: Premature end of file.
2026-03-29 20:47:49,036 [ERROR] LogOutputStream:75 - [STDERR_REDIRECT] 
2026-03-29 20:47:50,046 [ERROR] LogOutputStream:75 - [STDERR_REDIRECT] [Fatal Error] :1:1: Premature end of file.
2026-03-29 20:47:50,046 [ERROR] LogOutputStream:75 - [STDERR_REDIRECT] 
2026-03-29 20:47:51,044 [ERROR] LogOutputStream:75 - [STDERR_REDIRECT] [Fatal Error] :1:1: Premature end of file.
2026-03-29 20:47:51,045 [ERROR] LogOutputStream:75 - [STDERR_REDIRECT] 
2026-03-29 20:47:52,020 [ERROR] LogOutputStream:75 - [STDERR_REDIRECT] [Fatal Error] :1:1: Premature end of file.
2026-03-29 20:47:52,020 [ERROR] LogOutputStream:75 - [STDERR_REDIRECT] 
2026-03-29 20:47:53,054 [ERROR] LogOutputStream:75 - [STDERR_REDIRECT] [Fatal Error] :1:1: Premature end of file.
2026-03-29 20:47:53,055 [ERROR] LogOutputStream:75 - [STDERR_REDIRECT] 
2026-03-29 20:47:54,091 [ERROR] LogOutputStream:75 - [STDERR_REDIRECT] [Fatal Error] :1:1: Premature end of file.
2026-03-29 20:47:54,091 [ERROR] LogOutputStream:75 - [STDERR_REDIRECT] 
2026-03-29 20:47:55,034 [ERROR] LogOutputStream:75 - [STDERR_REDIRECT] [Fatal Error] :1:1: Premature end of file.
2026-03-29 20:47:55,034 [ERROR] LogOutputStream:75 - [STDERR_REDIRECT] 
2026-03-29 20:47:56,040 [ERROR] LogOutputStream:75 - [STDERR_REDIRECT] [Fatal Error] :1:1: Premature end of file.
2026-03-29 20:47:56,040 [ERROR] LogOutputStream:75 - [STDERR_REDIRECT] 
2026-03-29 20:47:57,030 [ERROR] LogOutputStream:75 - [STDERR_REDIRECT] [Fatal Error] :1:1: Premature end of file.
2026-03-29 20:47:57,030 [ERROR] LogOutputStream:75 - [STDERR_REDIRECT] 
2026-03-29 20:47:58,028 [ERROR] LogOutputStream:75 - [STDERR_REDIRECT] [Fatal Error] :1:1: Premature end of file.
2026-03-29 20:47:58,028 [ERROR] LogOutputStream:75 - [STDERR_REDIRECT] 
2026-03-29 20:47:59,049 [ERROR] LogOutputStream:75 - [STDERR_REDIRECT] [Fatal Error] :1:1: Premature end of file.
2026-03-29 20:47:59,049 [ERROR] LogOutputStream:75 - [STDERR_REDIRECT] 
2026-03-29 20:48:00,048 [ERROR] LogOutputStream:75 - [STDERR_REDIRECT] [Fatal Error] :1:1: Premature end of file.
2026-03-29 20:48:00,048 [ERROR] LogOutputStream:75 - [STDERR_REDIRECT] 
2026-03-29 20:48:01,036 [ERROR] LogOutputStream:75 - [STDERR_REDIRECT] [Fatal Error] :1:1: Premature end of file.
2026-03-29 20:48:01,036 [ERROR] LogOutputStream:75 - [STDERR_REDIRECT] 
2026-03-29 20:48:02,041 [ERROR] LogOutputStream:75 - [STDERR_REDIRECT] [Fatal Error] :1:1: Premature end of file.
2026-03-29 20:48:02,041 [ERROR] LogOutputStream:75 - [STDERR_REDIRECT] 
2026-03-29 20:48:03,037 [ERROR] LogOutputStream:75 - [STDERR_REDIRECT] [Fatal Error] :1:1: Premature end of file.
2026-03-29 20:48:03,037 [ERROR] LogOutputStream:75 - [STDERR_REDIRECT] 
2026-03-29 20:48:04,030 [ERROR] LogOutputStream:75 - [STDERR_REDIRECT] [Fatal Error] :1:1: Premature end of file.
2026-03-29 20:48:04,030 [ERROR] LogOutputStream:75 - [STDERR_REDIRECT] 
2026-03-29 20:48:05,043 [ERROR] LogOutputStream:75 - [STDERR_REDIRECT] [Fatal Error] :1:1: Premature end of file.
2026-03-29 20:48:05,043 [ERROR] LogOutputStream:75 - [STDERR_REDIRECT] 
2026-03-29 20:48:06,028 [ERROR] LogOutputStream:75 - [STDERR_REDIRECT] [Fatal Error] :1:1: Premature end of file.
2026-03-29 20:48:06,029 [ERROR] LogOutputStream:75 - [STDERR_REDIRECT] 
2026-03-29 20:48:07,028 [ERROR] LogOutputStream:75 - [STDERR_REDIRECT] [Fatal Error] :1:1: Premature end of file.
2026-03-29 20:48:07,028 [ERROR] LogOutputStream:75 - [STDERR_REDIRECT] 
2026-03-29 20:48:08,041 [ERROR] LogOutputStream:75 - [STDERR_REDIRECT] [Fatal Error] :1:1: Premature end of file.
2026-03-29 20:48:08,041 [ERROR] LogOutputStream:75 - [STDERR_REDIRECT] 
2026-03-29 20:48:09,033 [ERROR] LogOutputStream:75 - [STDERR_REDIRECT] [Fatal Error] :1:1: Premature end of file.
2026-03-29 20:48:09,033 [ERROR] LogOutputStream:75 - [STDERR_REDIRECT] 
2026-03-29 20:48:10,040 [ERROR] LogOutputStream:75 - [STDERR_REDIRECT] [Fatal Error] :1:1: Premature end of file.
2026-03-29 20:48:10,040 [ERROR] LogOutputStream:75 - [STDERR_REDIRECT] 
2026-03-29 20:48:11,030 [ERROR] LogOutputStream:75 - [STDERR_REDIRECT] [Fatal Error] :1:1: Premature end of file.
2026-03-29 20:48:11,030 [ERROR] LogOutputStream:75 - [STDERR_REDIRECT] 
2026-03-29 20:48:12,030 [ERROR] LogOutputStream:75 - [STDERR_REDIRECT] [Fatal Error] :1:1: Premature end of file.
2026-03-29 20:48:12,030 [ERROR] LogOutputStream:75 - [STDERR_REDIRECT] 
2026-03-29 20:48:13,037 [ERROR] LogOutputStream:75 - [STDERR_REDIRECT] [Fatal Error] :1:1: Premature end of file.
2026-03-29 20:48:13,037 [ERROR] LogOutputStream:75 - [STDERR_REDIRECT] 
2026-03-29 20:48:14,030 [ERROR] LogOutputStream:75 - [STDERR_REDIRECT] [Fatal Error] :1:1: Premature end of file.
2026-03-29 20:48:14,031 [ERROR] LogOutputStream:75 - [STDERR_REDIRECT] 
2026-03-29 20:48:15,031 [ERROR] LogOutputStream:75 - [STDERR_REDIRECT] [Fatal Error] :1:1: Premature end of file.
2026-03-29 20:48:15,031 [ERROR] LogOutputStream:75 - [STDERR_REDIRECT] 
2026-03-29 20:48:16,046 [ERROR] LogOutputStream:75 - [STDERR_REDIRECT] [Fatal Error] :1:1: Premature end of file.
2026-03-29 20:48:16,046 [ERROR] LogOutputStream:75 - [STDERR_REDIRECT] 
2026-03-29 20:48:17,036 [ERROR] LogOutputStream:75 - [STDERR_REDIRECT] [Fatal Error] :1:1: Premature end of file.
2026-03-29 20:48:17,036 [ERROR] LogOutputStream:75 - [STDERR_REDIRECT] 
2026-03-29 20:48:18,032 [ERROR] LogOutputStream:75 - [STDERR_REDIRECT] [Fatal Error] :1:1: Premature end of file.
2026-03-29 20:48:18,032 [ERROR] LogOutputStream:75 - [STDERR_REDIRECT] 
2026-03-29 20:48:19,039 [ERROR] LogOutputStream:75 - [STDERR_REDIRECT] [Fatal Error] :1:1: Premature end of file.
2026-03-29 20:48:19,039 [ERROR] LogOutputStream:75 - [STDERR_REDIRECT] 
2026-03-29 20:48:20,038 [ERROR] LogOutputStream:75 - [STDERR_REDIRECT] [Fatal Error] :1:1: Premature end of file.
2026-03-29 20:48:20,038 [ERROR] LogOutputStream:75 - [STDERR_REDIRECT] 
2026-03-29 20:48:21,029 [ERROR] LogOutputStream:75 - [STDERR_REDIRECT] [Fatal Error] :1:1: Premature end of file.
2026-03-29 20:48:21,029 [ERROR] LogOutputStream:75 - [STDERR_REDIRECT] 
2026-03-29 20:48:22,036 [ERROR] LogOutputStream:75 - [STDERR_REDIRECT] [Fatal Error] :1:1: Premature end of file.
2026-03-29 20:48:22,036 [ERROR] LogOutputStream:75 - [STDERR_REDIRECT] 
2026-03-29 20:48:23,039 [ERROR] LogOutputStream:75 - [STDERR_REDIRECT] [Fatal Error] :1:1: Premature end of file.
2026-03-29 20:48:23,039 [ERROR] LogOutputStream:75 - [STDERR_REDIRECT] 
2026-03-29 20:48:24,040 [ERROR] LogOutputStream:75 - [STDERR_REDIRECT] [Fatal Error] :1:1: Premature end of file.
2026-03-29 20:48:24,040 [ERROR] LogOutputStream:75 - [STDERR_REDIRECT] 
2026-03-29 20:48:25,037 [ERROR] LogOutputStream:75 - [STDERR_REDIRECT] [Fatal Error] :1:1: Premature end of file.
2026-03-29 20:48:25,037 [ERROR] LogOutputStream:75 - [STDERR_REDIRECT] 
2026-03-29 20:48:26,045 [ERROR] LogOutputStream:75 - [STDERR_REDIRECT] [Fatal Error] :1:1: Premature end of file.
2026-03-29 20:48:26,045 [ERROR] LogOutputStream:75 - [STDERR_REDIRECT] 
2026-03-29 20:48:27,033 [ERROR] LogOutputStream:75 - [STDERR_REDIRECT] [Fatal Error] :1:1: Premature end of file.
2026-03-29 20:48:27,033 [ERROR] LogOutputStream:75 - [STDERR_REDIRECT] 
2026-03-29 20:48:28,037 [ERROR] LogOutputStream:75 - [STDERR_REDIRECT] [Fatal Error] :1:1: Premature end of file.
2026-03-29 20:48:28,038 [ERROR] LogOutputStream:75 - [STDERR_REDIRECT] 
2026-03-29 20:48:29,050 [ERROR] LogOutputStream:75 - [STDERR_REDIRECT] [Fatal Error] :1:1: Premature end of file.
2026-03-29 20:48:29,051 [ERROR] LogOutputStream:75 - [STDERR_REDIRECT] 
2026-03-29 20:48:30,038 [ERROR] LogOutputStream:75 - [STDERR_REDIRECT] [Fatal Error] :1:1: Premature end of file.
2026-03-29 20:48:30,038 [ERROR] LogOutputStream:75 - [STDERR_REDIRECT] 
2026-03-29 20:48:31,038 [ERROR] LogOutputStream:75 - [STDERR_REDIRECT] [Fatal Error] :1:1: Premature end of file.
2026-03-29 20:48:31,038 [ERROR] LogOutputStream:75 - [STDERR_REDIRECT] 
2026-03-29 20:48:32,027 [ERROR] LogOutputStream:75 - [STDERR_REDIRECT] [Fatal Error] :1:1: Premature end of file.
2026-03-29 20:48:32,027 [ERROR] LogOutputStream:75 - [STDERR_REDIRECT] 
2026-03-29 20:48:33,040 [ERROR] LogOutputStream:75 - [STDERR_REDIRECT] [Fatal Error] :1:1: Premature end of file.
2026-03-29 20:48:33,040 [ERROR] LogOutputStream:75 - [STDERR_REDIRECT] 
2026-03-29 20:48:34,041 [ERROR] LogOutputStream:75 - [STDERR_REDIRECT] [Fatal Error] :1:1: Premature end of file.
2026-03-29 20:48:34,041 [ERROR] LogOutputStream:75 - [STDERR_REDIRECT] 
2026-03-29 20:48:35,038 [ERROR] LogOutputStream:75 - [STDERR_REDIRECT] [Fatal Error] :1:1: Premature end of file.
2026-03-29 20:48:35,038 [ERROR] LogOutputStream:75 - [STDERR_REDIRECT] 
2026-03-29 20:48:36,029 [ERROR] LogOutputStream:75 - [STDERR_REDIRECT] [Fatal Error] :1:1: Premature end of file.
2026-03-29 20:48:36,029 [ERROR] LogOutputStream:75 - [STDERR_REDIRECT] 
2026-03-29 20:48:37,036 [ERROR] LogOutputStream:75 - [STDERR_REDIRECT] [Fatal Error] :1:1: Premature end of file.
2026-03-29 20:48:37,036 [ERROR] LogOutputStream:75 - [STDERR_REDIRECT] 
2026-03-29 20:48:38,045 [ERROR] LogOutputStream:75 - [STDERR_REDIRECT] [Fatal Error] :1:1: Premature end of file.
2026-03-29 20:48:38,045 [ERROR] LogOutputStream:75 - [STDERR_REDIRECT] 
2026-03-29 20:48:39,036 [ERROR] LogOutputStream:75 - [STDERR_REDIRECT] [Fatal Error] :1:1: Premature end of file.
2026-03-29 20:48:39,036 [ERROR] LogOutputStream:75 - [STDERR_REDIRECT] 
2026-03-29 20:48:40,036 [ERROR] LogOutputStream:75 - [STDERR_REDIRECT] [Fatal Error] :1:1: Premature end of file.
2026-03-29 20:48:40,036 [ERROR] LogOutputStream:75 - [STDERR_REDIRECT] 
2026-03-29 20:48:41,045 [ERROR] LogOutputStream:75 - [STDERR_REDIRECT] [Fatal Error] :1:1: Premature end of file.
2026-03-29 20:48:41,045 [ERROR] LogOutputStream:75 - [STDERR_REDIRECT] 
2026-03-29 20:48:42,037 [ERROR] LogOutputStream:75 - [STDERR_REDIRECT] [Fatal Error] :1:1: Premature end of file.
2026-03-29 20:48:42,037 [ERROR] LogOutputStream:75 - [STDERR_REDIRECT] 
2026-03-29 20:48:43,033 [ERROR] LogOutputStream:75 - [STDERR_REDIRECT] [Fatal Error] :1:1: Premature end of file.
2026-03-29 20:48:43,033 [ERROR] LogOutputStream:75 - [STDERR_REDIRECT] 
2026-03-29 20:48:44,038 [ERROR] LogOutputStream:75 - [STDERR_REDIRECT] [Fatal Error] :1:1: Premature end of file.
2026-03-29 20:48:44,038 [ERROR] LogOutputStream:75 - [STDERR_REDIRECT] 
2026-03-29 20:48:45,038 [ERROR] LogOutputStream:75 - [STDERR_REDIRECT] [Fatal Error] :1:1: Premature end of file.
2026-03-29 20:48:45,038 [ERROR] LogOutputStream:75 - [STDERR_REDIRECT] 
2026-03-29 20:48:46,037 [ERROR] LogOutputStream:75 - [STDERR_REDIRECT] [Fatal Error] :1:1: Premature end of file.
2026-03-29 20:48:46,037 [ERROR] LogOutputStream:75 - [STDERR_REDIRECT] 
2026-03-29 20:48:47,034 [ERROR] LogOutputStream:75 - [STDERR_REDIRECT] [Fatal Error] :1:1: Premature end of file.
2026-03-29 20:48:47,035 [ERROR] LogOutputStream:75 - [STDERR_REDIRECT] 
2026-03-29 20:48:48,035 [ERROR] LogOutputStream:75 - [STDERR_REDIRECT] [Fatal Error] :1:1: Premature end of file.
2026-03-29 20:48:48,035 [ERROR] LogOutputStream:75 - [STDERR_REDIRECT] 
2026-03-29 20:48:49,033 [ERROR] LogOutputStream:75 - [STDERR_REDIRECT] [Fatal Error] :1:1: Premature end of file.
2026-03-29 20:48:49,033 [ERROR] LogOutputStream:75 - [STDERR_REDIRECT] 
2026-03-29 20:48:50,032 [ERROR] LogOutputStream:75 - [STDERR_REDIRECT] [Fatal Error] :1:1: Premature end of file.
2026-03-29 20:48:50,032 [ERROR] LogOutputStream:75 - [STDERR_REDIRECT] 
2026-03-29 20:48:51,039 [ERROR] LogOutputStream:75 - [STDERR_REDIRECT] [Fatal Error] :1:1: Premature end of file.
2026-03-29 20:48:51,039 [ERROR] LogOutputStream:75 - [STDERR_REDIRECT] 
2026-03-29 20:48:52,022 [ERROR] LogOutputStream:75 - [STDERR_REDIRECT] [Fatal Error] :1:1: Premature end of file.
2026-03-29 20:48:52,022 [ERROR] LogOutputStream:75 - [STDERR_REDIRECT] 
2026-03-29 20:48:53,021 [ERROR] LogOutputStream:75 - [STDERR_REDIRECT] [Fatal Error] :1:1: Premature end of file.
2026-03-29 20:48:53,021 [ERROR] LogOutputStream:75 - [STDERR_REDIRECT] 
2026-03-29 20:48:54,035 [ERROR] LogOutputStream:75 - [STDERR_REDIRECT] [Fatal Error] :1:1: Premature end of file.
2026-03-29 20:48:54,035 [ERROR] LogOutputStream:75 - [STDERR_REDIRECT] 
2026-03-29 20:48:55,037 [ERROR] LogOutputStream:75 - [STDERR_REDIRECT] [Fatal Error] :1:1: Premature end of file.
2026-03-29 20:48:55,037 [ERROR] LogOutputStream:75 - [STDERR_REDIRECT] 
2026-03-29 20:48:56,023 [ERROR] LogOutputStream:75 - [STDERR_REDIRECT] [Fatal Error] :1:1: Premature end of file.
2026-03-29 20:48:56,023 [ERROR] LogOutputStream:75 - [STDERR_REDIRECT] 
2026-03-29 20:48:57,027 [ERROR] LogOutputStream:75 - [STDERR_REDIRECT] [Fatal Error] :1:1: Premature end of file.
2026-03-29 20:48:57,027 [ERROR] LogOutputStream:75 - [STDERR_REDIRECT] 
2026-03-29 20:48:58,041 [ERROR] LogOutputStream:75 - [STDERR_REDIRECT] [Fatal Error] :1:1: Premature end of file.
2026-03-29 20:48:58,041 [ERROR] LogOutputStream:75 - [STDERR_REDIRECT] 
2026-03-29 20:48:59,038 [ERROR] LogOutputStream:75 - [STDERR_REDIRECT] [Fatal Error] :1:1: Premature end of file.
2026-03-29 20:48:59,038 [ERROR] LogOutputStream:75 - [STDERR_REDIRECT] 
2026-03-29 20:49:00,048 [ERROR] LogOutputStream:75 - [STDERR_REDIRECT] [Fatal Error] :1:1: Premature end of file.
2026-03-29 20:49:00,048 [ERROR] LogOutputStream:75 - [STDERR_REDIRECT] 
2026-03-29 20:49:01,044 [ERROR] LogOutputStream:75 - [STDERR_REDIRECT] [Fatal Error] :1:1: Premature end of file.
2026-03-29 20:49:01,045 [ERROR] LogOutputStream:75 - [STDERR_REDIRECT] 
2026-03-29 20:49:02,033 [ERROR] LogOutputStream:75 - [STDERR_REDIRECT] [Fatal Error] :1:1: Premature end of file.
2026-03-29 20:49:02,033 [ERROR] LogOutputStream:75 - [STDERR_REDIRECT] 
2026-03-29 20:49:03,040 [ERROR] LogOutputStream:75 - [STDERR_REDIRECT] [Fatal Error] :1:1: Premature end of file.
2026-03-29 20:49:03,040 [ERROR] LogOutputStream:75 - [STDERR_REDIRECT] 
2026-03-29 20:49:04,031 [ERROR] LogOutputStream:75 - [STDERR_REDIRECT] [Fatal Error] :1:1: Premature end of file.
2026-03-29 20:49:04,031 [ERROR] LogOutputStream:75 - [STDERR_REDIRECT] 
2026-03-29 20:49:05,045 [ERROR] LogOutputStream:75 - [STDERR_REDIRECT] [Fatal Error] :1:1: Premature end of file.
2026-03-29 20:49:05,045 [ERROR] LogOutputStream:75 - [STDERR_REDIRECT] 
2026-03-29 20:49:06,036 [ERROR] LogOutputStream:75 - [STDERR_REDIRECT] [Fatal Error] :1:1: Premature end of file.
2026-03-29 20:49:06,037 [ERROR] LogOutputStream:75 - [STDERR_REDIRECT] 
2026-03-29 20:49:07,037 [ERROR] LogOutputStream:75 - [STDERR_REDIRECT] [Fatal Error] :1:1: Premature end of file.
2026-03-29 20:49:07,037 [ERROR] LogOutputStream:75 - [STDERR_REDIRECT] 
2026-03-29 20:49:08,038 [ERROR] LogOutputStream:75 - [STDERR_REDIRECT] [Fatal Error] :1:1: Premature end of file.
2026-03-29 20:49:08,038 [ERROR] LogOutputStream:75 - [STDERR_REDIRECT] 
2026-03-29 20:49:09,039 [ERROR] LogOutputStream:75 - [STDERR_REDIRECT] [Fatal Error] :1:1: Premature end of file.
2026-03-29 20:49:09,039 [ERROR] LogOutputStream:75 - [STDERR_REDIRECT] 
2026-03-29 20:49:10,036 [ERROR] LogOutputStream:75 - [STDERR_REDIRECT] [Fatal Error] :1:1: Premature end of file.
2026-03-29 20:49:10,036 [ERROR] LogOutputStream:75 - [STDERR_REDIRECT] 
2026-03-29 20:49:11,022 [ERROR] LogOutputStream:75 - [STDERR_REDIRECT] [Fatal Error] :1:1: Premature end of file.
2026-03-29 20:49:11,022 [ERROR] LogOutputStream:75 - [STDERR_REDIRECT] 
2026-03-29 20:49:12,038 [ERROR] LogOutputStream:75 - [STDERR_REDIRECT] [Fatal Error] :1:1: Premature end of file.
2026-03-29 20:49:12,038 [ERROR] LogOutputStream:75 - [STDERR_REDIRECT] 
2026-03-29 20:49:13,043 [ERROR] LogOutputStream:75 - [STDERR_REDIRECT] [Fatal Error] :1:1: Premature end of file.
2026-03-29 20:49:13,043 [ERROR] LogOutputStream:75 - [STDERR_REDIRECT] 
2026-03-29 20:49:14,042 [ERROR] LogOutputStream:75 - [STDERR_REDIRECT] [Fatal Error] :1:1: Premature end of file.
2026-03-29 20:49:14,042 [ERROR] LogOutputStream:75 - [STDERR_REDIRECT] 
2026-03-29 20:49:15,039 [ERROR] LogOutputStream:75 - [STDERR_REDIRECT] [Fatal Error] :1:1: Premature end of file.
2026-03-29 20:49:15,040 [ERROR] LogOutputStream:75 - [STDERR_REDIRECT] 
2026-03-29 20:49:16,038 [ERROR] LogOutputStream:75 - [STDERR_REDIRECT] [Fatal Error] :1:1: Premature end of file.
2026-03-29 20:49:16,038 [ERROR] LogOutputStream:75 - [STDERR_REDIRECT] 
2026-03-29 20:49:17,030 [ERROR] LogOutputStream:75 - [STDERR_REDIRECT] [Fatal Error] :1:1: Premature end of file.
2026-03-29 20:49:17,030 [ERROR] LogOutputStream:75 - [STDERR_REDIRECT] 
2026-03-29 20:49:18,045 [ERROR] LogOutputStream:75 - [STDERR_REDIRECT] [Fatal Error] :1:1: Premature end of file.
2026-03-29 20:49:18,045 [ERROR] LogOutputStream:75 - [STDERR_REDIRECT] 
2026-03-29 20:49:19,038 [ERROR] LogOutputStream:75 - [STDERR_REDIRECT] [Fatal Error] :1:1: Premature end of file.
2026-03-29 20:49:19,038 [ERROR] LogOutputStream:75 - [STDERR_REDIRECT] 
2026-03-29 20:49:20,036 [ERROR] LogOutputStream:75 - [STDERR_REDIRECT] [Fatal Error] :1:1: Premature end of file.
2026-03-29 20:49:20,036 [ERROR] LogOutputStream:75 - [STDERR_REDIRECT] 
2026-03-29 20:49:21,040 [ERROR] LogOutputStream:75 - [STDERR_REDIRECT] [Fatal Error] :1:1: Premature end of file.
2026-03-29 20:49:21,040 [ERROR] LogOutputStream:75 - [STDERR_REDIRECT] 
2026-03-29 20:49:22,040 [ERROR] LogOutputStream:75 - [STDERR_REDIRECT] [Fatal Error] :1:1: Premature end of file.
2026-03-29 20:49:22,040 [ERROR] LogOutputStream:75 - [STDERR_REDIRECT] 
2026-03-29 20:49:23,021 [ERROR] LogOutputStream:75 - [STDERR_REDIRECT] [Fatal Error] :1:1: Premature end of file.
2026-03-29 20:49:23,021 [ERROR] LogOutputStream:75 - [STDERR_REDIRECT] 
2026-03-29 20:49:24,035 [ERROR] LogOutputStream:75 - [STDERR_REDIRECT] [Fatal Error] :1:1: Premature end of file.
2026-03-29 20:49:24,035 [ERROR] LogOutputStream:75 - [STDERR_REDIRECT] 
2026-03-29 20:49:25,032 [ERROR] LogOutputStream:75 - [STDERR_REDIRECT] [Fatal Error] :1:1: Premature end of file.
2026-03-29 20:49:25,032 [ERROR] LogOutputStream:75 - [STDERR_REDIRECT] 
2026-03-29 20:49:26,039 [ERROR] LogOutputStream:75 - [STDERR_REDIRECT] [Fatal Error] :1:1: Premature end of file.
2026-03-29 20:49:26,039 [ERROR] LogOutputStream:75 - [STDERR_REDIRECT] 
2026-03-29 20:49:27,037 [ERROR] LogOutputStream:75 - [STDERR_REDIRECT] [Fatal Error] :1:1: Premature end of file.
2026-03-29 20:49:27,037 [ERROR] LogOutputStream:75 - [STDERR_REDIRECT] 
2026-03-29 20:49:28,033 [ERROR] LogOutputStream:75 - [STDERR_REDIRECT] [Fatal Error] :1:1: Premature end of file.
2026-03-29 20:49:28,033 [ERROR] LogOutputStream:75 - [STDERR_REDIRECT] 
2026-03-29 20:49:29,041 [ERROR] LogOutputStream:75 - [STDERR_REDIRECT] [Fatal Error] :1:1: Premature end of file.
2026-03-29 20:49:29,041 [ERROR] LogOutputStream:75 - [STDERR_REDIRECT] 
2026-03-29 20:49:30,044 [ERROR] LogOutputStream:75 - [STDERR_REDIRECT] [Fatal Error] :1:1: Premature end of file.
2026-03-29 20:49:30,044 [ERROR] LogOutputStream:75 - [STDERR_REDIRECT] 
2026-03-29 20:49:31,036 [ERROR] LogOutputStream:75 - [STDERR_REDIRECT] [Fatal Error] :1:1: Premature end of file.
2026-03-29 20:49:31,036 [ERROR] LogOutputStream:75 - [STDERR_REDIRECT] 
2026-03-29 20:49:32,023 [ERROR] LogOutputStream:75 - [STDERR_REDIRECT] [Fatal Error] :1:1: Premature end of file.
2026-03-29 20:49:32,023 [ERROR] LogOutputStream:75 - [STDERR_REDIRECT] 
2026-03-29 20:49:33,035 [ERROR] LogOutputStream:75 - [STDERR_REDIRECT] [Fatal Error] :1:1: Premature end of file.
2026-03-29 20:49:33,036 [ERROR] LogOutputStream:75 - [STDERR_REDIRECT] 
2026-03-29 20:49:34,031 [ERROR] LogOutputStream:75 - [STDERR_REDIRECT] [Fatal Error] :1:1: Premature end of file.
2026-03-29 20:49:34,031 [ERROR] LogOutputStream:75 - [STDERR_REDIRECT] 
2026-03-29 20:49:35,033 [ERROR] LogOutputStream:75 - [STDERR_REDIRECT] [Fatal Error] :1:1: Premature end of file.
2026-03-29 20:49:35,033 [ERROR] LogOutputStream:75 - [STDERR_REDIRECT] 
2026-03-29 20:49:36,036 [ERROR] LogOutputStream:75 - [STDERR_REDIRECT] [Fatal Error] :1:1: Premature end of file.
2026-03-29 20:49:36,036 [ERROR] LogOutputStream:75 - [STDERR_REDIRECT] 
2026-03-29 20:49:37,044 [ERROR] LogOutputStream:75 - [STDERR_REDIRECT] [Fatal Error] :1:1: Premature end of file.
2026-03-29 20:49:37,045 [ERROR] LogOutputStream:75 - [STDERR_REDIRECT] 
2026-03-29 20:49:38,031 [ERROR] LogOutputStream:75 - [STDERR_REDIRECT] [Fatal Error] :1:1: Premature end of file.
2026-03-29 20:49:38,031 [ERROR] LogOutputStream:75 - [STDERR_REDIRECT] 
2026-03-29 20:49:39,034 [ERROR] LogOutputStream:75 - [STDERR_REDIRECT] [Fatal Error] :1:1: Premature end of file.
2026-03-29 20:49:39,034 [ERROR] LogOutputStream:75 - [STDERR_REDIRECT] 
2026-03-29 20:49:40,039 [ERROR] LogOutputStream:75 - [STDERR_REDIRECT] [Fatal Error] :1:1: Premature end of file.
2026-03-29 20:49:40,039 [ERROR] LogOutputStream:75 - [STDERR_REDIRECT] 
2026-03-29 20:49:41,039 [ERROR] LogOutputStream:75 - [STDERR_REDIRECT] [Fatal Error] :1:1: Premature end of file.
2026-03-29 20:49:41,039 [ERROR] LogOutputStream:75 - [STDERR_REDIRECT] 
2026-03-29 20:49:42,031 [ERROR] LogOutputStream:75 - [STDERR_REDIRECT] [Fatal Error] :1:1: Premature end of file.
2026-03-29 20:49:42,032 [ERROR] LogOutputStream:75 - [STDERR_REDIRECT] 
2026-03-29 20:49:43,034 [ERROR] LogOutputStream:75 - [STDERR_REDIRECT] [Fatal Error] :1:1: Premature end of file.
2026-03-29 20:49:43,034 [ERROR] LogOutputStream:75 - [STDERR_REDIRECT] 
2026-03-29 20:49:44,029 [ERROR] LogOutputStream:75 - [STDERR_REDIRECT] [Fatal Error] :1:1: Premature end of file.
2026-03-29 20:49:44,029 [ERROR] LogOutputStream:75 - [STDERR_REDIRECT] 
2026-03-29 20:49:45,040 [ERROR] LogOutputStream:75 - [STDERR_REDIRECT] [Fatal Error] :1:1: Premature end of file.
2026-03-29 20:49:45,040 [ERROR] LogOutputStream:75 - [STDERR_REDIRECT] 
2026-03-29 20:49:46,042 [ERROR] LogOutputStream:75 - [STDERR_REDIRECT] [Fatal Error] :1:1: Premature end of file.
2026-03-29 20:49:46,042 [ERROR] LogOutputStream:75 - [STDERR_REDIRECT] 
2026-03-29 20:49:47,035 [ERROR] LogOutputStream:75 - [STDERR_REDIRECT] [Fatal Error] :1:1: Premature end of file.
2026-03-29 20:49:47,035 [ERROR] LogOutputStream:75 - [STDERR_REDIRECT] 
2026-03-29 20:49:48,038 [ERROR] LogOutputStream:75 - [STDERR_REDIRECT] [Fatal Error] :1:1: Premature end of file.
2026-03-29 20:49:48,038 [ERROR] LogOutputStream:75 - [STDERR_REDIRECT] 
2026-03-29 20:49:49,023 [ERROR] LogOutputStream:75 - [STDERR_REDIRECT] [Fatal Error] :1:1: Premature end of file.
2026-03-29 20:49:49,023 [ERROR] LogOutputStream:75 - [STDERR_REDIRECT] 
2026-03-29 20:49:50,038 [ERROR] LogOutputStream:75 - [STDERR_REDIRECT] [Fatal Error] :1:1: Premature end of file.
2026-03-29 20:49:50,038 [ERROR] LogOutputStream:75 - [STDERR_REDIRECT] 
2026-03-29 20:49:51,046 [ERROR] LogOutputStream:75 - [STDERR_REDIRECT] [Fatal Error] :1:1: Premature end of file.
2026-03-29 20:49:51,046 [ERROR] LogOutputStream:75 - [STDERR_REDIRECT] 
2026-03-29 20:49:52,030 [ERROR] LogOutputStream:75 - [STDERR_REDIRECT] [Fatal Error] :1:1: Premature end of file.
2026-03-29 20:49:52,030 [ERROR] LogOutputStream:75 - [STDERR_REDIRECT] 
2026-03-29 20:49:53,031 [ERROR] LogOutputStream:75 - [STDERR_REDIRECT] [Fatal Error] :1:1: Premature end of file.
2026-03-29 20:49:53,031 [ERROR] LogOutputStream:75 - [STDERR_REDIRECT] 
2026-03-29 20:49:54,034 [ERROR] LogOutputStream:75 - [STDERR_REDIRECT] [Fatal Error] :1:1: Premature end of file.
2026-03-29 20:49:54,035 [ERROR] LogOutputStream:75 - [STDERR_REDIRECT] 
2026-03-29 20:49:55,046 [ERROR] LogOutputStream:75 - [STDERR_REDIRECT] [Fatal Error] :1:1: Premature end of file.
2026-03-29 20:49:55,046 [ERROR] LogOutputStream:75 - [STDERR_REDIRECT] 
2026-03-29 20:49:56,037 [ERROR] LogOutputStream:75 - [STDERR_REDIRECT] [Fatal Error] :1:1: Premature end of file.
2026-03-29 20:49:56,037 [ERROR] LogOutputStream:75 - [STDERR_REDIRECT] 
2026-03-29 20:49:57,031 [ERROR] LogOutputStream:75 - [STDERR_REDIRECT] [Fatal Error] :1:1: Premature end of file.
2026-03-29 20:49:57,031 [ERROR] LogOutputStream:75 - [STDERR_REDIRECT] 
2026-03-29 20:49:58,032 [ERROR] LogOutputStream:75 - [STDERR_REDIRECT] [Fatal Error] :1:1: Premature end of file.
2026-03-29 20:49:58,032 [ERROR] LogOutputStream:75 - [STDERR_REDIRECT] 
2026-03-29 20:49:59,032 [ERROR] LogOutputStream:75 - [STDERR_REDIRECT] [Fatal Error] :1:1: Premature end of file.
2026-03-29 20:49:59,032 [ERROR] LogOutputStream:75 - [STDERR_REDIRECT] 
2026-03-29 20:50:00,037 [ERROR] LogOutputStream:75 - [STDERR_REDIRECT] [Fatal Error] :1:1: Premature end of file.
2026-03-29 20:50:00,037 [ERROR] LogOutputStream:75 - [STDERR_REDIRECT] 
2026-03-29 20:50:01,030 [ERROR] LogOutputStream:75 - [STDERR_REDIRECT] [Fatal Error] :1:1: Premature end of file.
2026-03-29 20:50:01,031 [ERROR] LogOutputStream:75 - [STDERR_REDIRECT] 
2026-03-29 20:50:02,039 [ERROR] LogOutputStream:75 - [STDERR_REDIRECT] [Fatal Error] :1:1: Premature end of file.
2026-03-29 20:50:02,039 [ERROR] LogOutputStream:75 - [STDERR_REDIRECT] 
2026-03-29 20:50:03,032 [ERROR] LogOutputStream:75 - [STDERR_REDIRECT] [Fatal Error] :1:1: Premature end of file.
2026-03-29 20:50:03,032 [ERROR] LogOutputStream:75 - [STDERR_REDIRECT] 
2026-03-29 20:50:04,036 [ERROR] LogOutputStream:75 - [STDERR_REDIRECT] [Fatal Error] :1:1: Premature end of file.
2026-03-29 20:50:04,036 [ERROR] LogOutputStream:75 - [STDERR_REDIRECT] 
2026-03-29 20:50:05,023 [ERROR] LogOutputStream:75 - [STDERR_REDIRECT] [Fatal Error] :1:1: Premature end of file.
2026-03-29 20:50:05,024 [ERROR] LogOutputStream:75 - [STDERR_REDIRECT] 
2026-03-29 20:50:06,037 [ERROR] LogOutputStream:75 - [STDERR_REDIRECT] [Fatal Error] :1:1: Premature end of file.
2026-03-29 20:50:06,037 [ERROR] LogOutputStream:75 - [STDERR_REDIRECT] 
2026-03-29 20:50:07,033 [ERROR] LogOutputStream:75 - [STDERR_REDIRECT] [Fatal Error] :1:1: Premature end of file.
2026-03-29 20:50:07,033 [ERROR] LogOutputStream:75 - [STDERR_REDIRECT] 
2026-03-29 20:50:08,026 [ERROR] LogOutputStream:75 - [STDERR_REDIRECT] [Fatal Error] :1:1: Premature end of file.
2026-03-29 20:50:08,026 [ERROR] LogOutputStream:75 - [STDERR_REDIRECT] 
2026-03-29 20:50:09,034 [ERROR] LogOutputStream:75 - [STDERR_REDIRECT] [Fatal Error] :1:1: Premature end of file.
2026-03-29 20:50:09,035 [ERROR] LogOutputStream:75 - [STDERR_REDIRECT] 
2026-03-29 20:50:10,029 [ERROR] LogOutputStream:75 - [STDERR_REDIRECT] [Fatal Error] :1:1: Premature end of file.
2026-03-29 20:50:10,029 [ERROR] LogOutputStream:75 - [STDERR_REDIRECT] 
2026-03-29 20:50:11,031 [ERROR] LogOutputStream:75 - [STDERR_REDIRECT] [Fatal Error] :1:1: Premature end of file.
2026-03-29 20:50:11,031 [ERROR] LogOutputStream:75 - [STDERR_REDIRECT] 
2026-03-29 20:50:12,035 [ERROR] LogOutputStream:75 - [STDERR_REDIRECT] [Fatal Error] :1:1: Premature end of file.
2026-03-29 20:50:12,035 [ERROR] LogOutputStream:75 - [STDERR_REDIRECT] 
2026-03-29 20:50:13,041 [ERROR] LogOutputStream:75 - [STDERR_REDIRECT] [Fatal Error] :1:1: Premature end of file.
2026-03-29 20:50:13,041 [ERROR] LogOutputStream:75 - [STDERR_REDIRECT] 
2026-03-29 20:50:14,035 [ERROR] LogOutputStream:75 - [STDERR_REDIRECT] [Fatal Error] :1:1: Premature end of file.
2026-03-29 20:50:14,035 [ERROR] LogOutputStream:75 - [STDERR_REDIRECT] 
2026-03-29 20:50:15,037 [ERROR] LogOutputStream:75 - [STDERR_REDIRECT] [Fatal Error] :1:1: Premature end of file.
2026-03-29 20:50:15,037 [ERROR] LogOutputStream:75 - [STDERR_REDIRECT] 
2026-03-29 20:50:16,035 [ERROR] LogOutputStream:75 - [STDERR_REDIRECT] [Fatal Error] :1:1: Premature end of file.
2026-03-29 20:50:16,035 [ERROR] LogOutputStream:75 - [STDERR_REDIRECT] 
2026-03-29 20:50:17,031 [ERROR] LogOutputStream:75 - [STDERR_REDIRECT] [Fatal Error] :1:1: Premature end of file.
2026-03-29 20:50:17,031 [ERROR] LogOutputStream:75 - [STDERR_REDIRECT] 
2026-03-29 20:50:18,036 [ERROR] LogOutputStream:75 - [STDERR_REDIRECT] [Fatal Error] :1:1: Premature end of file.
2026-03-29 20:50:18,036 [ERROR] LogOutputStream:75 - [STDERR_REDIRECT] 
2026-03-29 20:50:19,036 [ERROR] LogOutputStream:75 - [STDERR_REDIRECT] [Fatal Error] :1:1: Premature end of file.
2026-03-29 20:50:19,037 [ERROR] LogOutputStream:75 - [STDERR_REDIRECT] 
2026-03-29 20:50:20,027 [ERROR] LogOutputStream:75 - [STDERR_REDIRECT] [Fatal Error] :1:1: Premature end of file.
2026-03-29 20:50:20,027 [ERROR] LogOutputStream:75 - [STDERR_REDIRECT] 
2026-03-29 20:50:21,032 [ERROR] LogOutputStream:75 - [STDERR_REDIRECT] [Fatal Error] :1:1: Premature end of file.
2026-03-29 20:50:21,032 [ERROR] LogOutputStream:75 - [STDERR_REDIRECT] 
2026-03-29 20:50:22,042 [ERROR] LogOutputStream:75 - [STDERR_REDIRECT] [Fatal Error] :1:1: Premature end of file.
2026-03-29 20:50:22,042 [ERROR] LogOutputStream:75 - [STDERR_REDIRECT] 
2026-03-29 20:50:23,029 [ERROR] LogOutputStream:75 - [STDERR_REDIRECT] [Fatal Error] :1:1: Premature end of file.
2026-03-29 20:50:23,029 [ERROR] LogOutputStream:75 - [STDERR_REDIRECT] 
2026-03-29 20:50:24,036 [ERROR] LogOutputStream:75 - [STDERR_REDIRECT] [Fatal Error] :1:1: Premature end of file.
2026-03-29 20:50:24,036 [ERROR] LogOutputStream:75 - [STDERR_REDIRECT] 
2026-03-29 20:50:25,043 [ERROR] LogOutputStream:75 - [STDERR_REDIRECT] [Fatal Error] :1:1: Premature end of file.
2026-03-29 20:50:25,043 [ERROR] LogOutputStream:75 - [STDERR_REDIRECT] 
2026-03-29 20:50:26,042 [ERROR] LogOutputStream:75 - [STDERR_REDIRECT] [Fatal Error] :1:1: Premature end of file.
2026-03-29 20:50:26,042 [ERROR] LogOutputStream:75 - [STDERR_REDIRECT] 
2026-03-29 20:50:27,033 [ERROR] LogOutputStream:75 - [STDERR_REDIRECT] [Fatal Error] :1:1: Premature end of file.
2026-03-29 20:50:27,033 [ERROR] LogOutputStream:75 - [STDERR_REDIRECT] 
2026-03-29 20:50:28,044 [ERROR] LogOutputStream:75 - [STDERR_REDIRECT] [Fatal Error] :1:1: Premature end of file.
2026-03-29 20:50:28,044 [ERROR] LogOutputStream:75 - [STDERR_REDIRECT] 
2026-03-29 20:50:29,034 [ERROR] LogOutputStream:75 - [STDERR_REDIRECT] [Fatal Error] :1:1: Premature end of file.
2026-03-29 20:50:29,035 [ERROR] LogOutputStream:75 - [STDERR_REDIRECT] 
2026-03-29 20:50:30,034 [ERROR] LogOutputStream:75 - [STDERR_REDIRECT] [Fatal Error] :1:1: Premature end of file.
2026-03-29 20:50:30,034 [ERROR] LogOutputStream:75 - [STDERR_REDIRECT] 
2026-03-29 20:50:31,040 [ERROR] LogOutputStream:75 - [STDERR_REDIRECT] [Fatal Error] :1:1: Premature end of file.
2026-03-29 20:50:31,040 [ERROR] LogOutputStream:75 - [STDERR_REDIRECT] 
2026-03-29 20:50:32,029 [ERROR] LogOutputStream:75 - [STDERR_REDIRECT] [Fatal Error] :1:1: Premature end of file.
2026-03-29 20:50:32,029 [ERROR] LogOutputStream:75 - [STDERR_REDIRECT] 
2026-03-29 20:50:33,038 [ERROR] LogOutputStream:75 - [STDERR_REDIRECT] [Fatal Error] :1:1: Premature end of file.
2026-03-29 20:50:33,038 [ERROR] LogOutputStream:75 - [STDERR_REDIRECT] 
2026-03-29 20:50:34,030 [ERROR] LogOutputStream:75 - [STDERR_REDIRECT] [Fatal Error] :1:1: Premature end of file.
2026-03-29 20:50:34,030 [ERROR] LogOutputStream:75 - [STDERR_REDIRECT] 
2026-03-29 20:50:35,037 [ERROR] LogOutputStream:75 - [STDERR_REDIRECT] [Fatal Error] :1:1: Premature end of file.
2026-03-29 20:50:35,037 [ERROR] LogOutputStream:75 - [STDERR_REDIRECT] 
2026-03-29 20:50:36,036 [ERROR] LogOutputStream:75 - [STDERR_REDIRECT] [Fatal Error] :1:1: Premature end of file.
2026-03-29 20:50:36,036 [ERROR] LogOutputStream:75 - [STDERR_REDIRECT] 
2026-03-29 20:50:37,041 [ERROR] LogOutputStream:75 - [STDERR_REDIRECT] [Fatal Error] :1:1: Premature end of file.
2026-03-29 20:50:37,041 [ERROR] LogOutputStream:75 - [STDERR_REDIRECT] 
2026-03-29 20:50:38,032 [ERROR] LogOutputStream:75 - [STDERR_REDIRECT] [Fatal Error] :1:1: Premature end of file.
2026-03-29 20:50:38,032 [ERROR] LogOutputStream:75 - [STDERR_REDIRECT] 
2026-03-29 20:50:39,030 [ERROR] LogOutputStream:75 - [STDERR_REDIRECT] [Fatal Error] :1:1: Premature end of file.
2026-03-29 20:50:39,030 [ERROR] LogOutputStream:75 - [STDERR_REDIRECT] 
2026-03-29 20:50:40,042 [ERROR] LogOutputStream:75 - [STDERR_REDIRECT] [Fatal Error] :1:1: Premature end of file.
2026-03-29 20:50:40,042 [ERROR] LogOutputStream:75 - [STDERR_REDIRECT] 
2026-03-29 20:50:41,031 [ERROR] LogOutputStream:75 - [STDERR_REDIRECT] [Fatal Error] :1:1: Premature end of file.
2026-03-29 20:50:41,031 [ERROR] LogOutputStream:75 - [STDERR_REDIRECT] 
2026-03-29 20:50:42,036 [ERROR] LogOutputStream:75 - [STDERR_REDIRECT] [Fatal Error] :1:1: Premature end of file.
2026-03-29 20:50:42,036 [ERROR] LogOutputStream:75 - [STDERR_REDIRECT] 
2026-03-29 20:50:43,043 [ERROR] LogOutputStream:75 - [STDERR_REDIRECT] [Fatal Error] :1:1: Premature end of file.
2026-03-29 20:50:43,043 [ERROR] LogOutputStream:75 - [STDERR_REDIRECT] 
2026-03-29 20:50:44,039 [ERROR] LogOutputStream:75 - [STDERR_REDIRECT] [Fatal Error] :1:1: Premature end of file.
2026-03-29 20:50:44,039 [ERROR] LogOutputStream:75 - [STDERR_REDIRECT] 
2026-03-29 20:50:45,038 [ERROR] LogOutputStream:75 - [STDERR_REDIRECT] [Fatal Error] :1:1: Premature end of file.
2026-03-29 20:50:45,038 [ERROR] LogOutputStream:75 - [STDERR_REDIRECT] 
2026-03-29 20:50:46,039 [ERROR] LogOutputStream:75 - [STDERR_REDIRECT] [Fatal Error] :1:1: Premature end of file.
2026-03-29 20:50:46,039 [ERROR] LogOutputStream:75 - [STDERR_REDIRECT] 
2026-03-29 20:50:47,044 [ERROR] LogOutputStream:75 - [STDERR_REDIRECT] [Fatal Error] :1:1: Premature end of file.
2026-03-29 20:50:47,044 [ERROR] LogOutputStream:75 - [STDERR_REDIRECT] 
2026-03-29 20:50:48,033 [ERROR] LogOutputStream:75 - [STDERR_REDIRECT] [Fatal Error] :1:1: Premature end of file.
2026-03-29 20:50:48,033 [ERROR] LogOutputStream:75 - [STDERR_REDIRECT] 
2026-03-29 20:50:49,038 [ERROR] LogOutputStream:75 - [STDERR_REDIRECT] [Fatal Error] :1:1: Premature end of file.
2026-03-29 20:50:49,038 [ERROR] LogOutputStream:75 - [STDERR_REDIRECT] 
2026-03-29 20:50:50,043 [ERROR] LogOutputStream:75 - [STDERR_REDIRECT] [Fatal Error] :1:1: Premature end of file.
2026-03-29 20:50:50,043 [ERROR] LogOutputStream:75 - [STDERR_REDIRECT] 
2026-03-29 20:50:51,033 [ERROR] LogOutputStream:75 - [STDERR_REDIRECT] [Fatal Error] :1:1: Premature end of file.
2026-03-29 20:50:51,033 [ERROR] LogOutputStream:75 - [STDERR_REDIRECT] 
2026-03-29 20:50:52,022 [ERROR] LogOutputStream:75 - [STDERR_REDIRECT] [Fatal Error] :1:1: Premature end of file.
2026-03-29 20:50:52,022 [ERROR] LogOutputStream:75 - [STDERR_REDIRECT] 
2026-03-29 20:50:53,036 [ERROR] LogOutputStream:75 - [STDERR_REDIRECT] [Fatal Error] :1:1: Premature end of file.
2026-03-29 20:50:53,036 [ERROR] LogOutputStream:75 - [STDERR_REDIRECT] 
2026-03-29 20:50:54,026 [ERROR] LogOutputStream:75 - [STDERR_REDIRECT] [Fatal Error] :1:1: Premature end of file.
2026-03-29 20:50:54,026 [ERROR] LogOutputStream:75 - [STDERR_REDIRECT] 
2026-03-29 20:50:55,037 [ERROR] LogOutputStream:75 - [STDERR_REDIRECT] [Fatal Error] :1:1: Premature end of file.
2026-03-29 20:50:55,037 [ERROR] LogOutputStream:75 - [STDERR_REDIRECT] 
2026-03-29 20:50:56,038 [ERROR] LogOutputStream:75 - [STDERR_REDIRECT] [Fatal Error] :1:1: Premature end of file.
2026-03-29 20:50:56,038 [ERROR] LogOutputStream:75 - [STDERR_REDIRECT] 
2026-03-29 20:50:57,038 [ERROR] LogOutputStream:75 - [STDERR_REDIRECT] [Fatal Error] :1:1: Premature end of file.
2026-03-29 20:50:57,039 [ERROR] LogOutputStream:75 - [STDERR_REDIRECT] 
2026-03-29 20:50:58,033 [ERROR] LogOutputStream:75 - [STDERR_REDIRECT] [Fatal Error] :1:1: Premature end of file.
2026-03-29 20:50:58,033 [ERROR] LogOutputStream:75 - [STDERR_REDIRECT] 
2026-03-29 20:50:59,041 [ERROR] LogOutputStream:75 - [STDERR_REDIRECT] [Fatal Error] :1:1: Premature end of file.
2026-03-29 20:50:59,042 [ERROR] LogOutputStream:75 - [STDERR_REDIRECT] 
2026-03-29 20:51:00,041 [ERROR] LogOutputStream:75 - [STDERR_REDIRECT] [Fatal Error] :1:1: Premature end of file.
2026-03-29 20:51:00,042 [ERROR] LogOutputStream:75 - [STDERR_REDIRECT] 
2026-03-29 20:51:01,034 [ERROR] LogOutputStream:75 - [STDERR_REDIRECT] [Fatal Error] :1:1: Premature end of file.
2026-03-29 20:51:01,034 [ERROR] LogOutputStream:75 - [STDERR_REDIRECT] 
2026-03-29 20:51:02,027 [ERROR] LogOutputStream:75 - [STDERR_REDIRECT] [Fatal Error] :1:1: Premature end of file.
2026-03-29 20:51:02,027 [ERROR] LogOutputStream:75 - [STDERR_REDIRECT] 
2026-03-29 20:51:03,039 [ERROR] LogOutputStream:75 - [STDERR_REDIRECT] [Fatal Error] :1:1: Premature end of file.
2026-03-29 20:51:03,039 [ERROR] LogOutputStream:75 - [STDERR_REDIRECT] 
2026-03-29 20:51:04,027 [ERROR] LogOutputStream:75 - [STDERR_REDIRECT] [Fatal Error] :1:1: Premature end of file.
2026-03-29 20:51:04,028 [ERROR] LogOutputStream:75 - [STDERR_REDIRECT] 
2026-03-29 20:51:05,031 [ERROR] LogOutputStream:75 - [STDERR_REDIRECT] [Fatal Error] :1:1: Premature end of file.
2026-03-29 20:51:05,032 [ERROR] LogOutputStream:75 - [STDERR_REDIRECT] 
2026-03-29 20:51:06,023 [ERROR] LogOutputStream:75 - [STDERR_REDIRECT] [Fatal Error] :1:1: Premature end of file.
2026-03-29 20:51:06,023 [ERROR] LogOutputStream:75 - [STDERR_REDIRECT] 
2026-03-29 20:51:07,035 [ERROR] LogOutputStream:75 - [STDERR_REDIRECT] [Fatal Error] :1:1: Premature end of file.
2026-03-29 20:51:07,035 [ERROR] LogOutputStream:75 - [STDERR_REDIRECT] 
2026-03-29 20:51:08,028 [ERROR] LogOutputStream:75 - [STDERR_REDIRECT] [Fatal Error] :1:1: Premature end of file.
2026-03-29 20:51:08,028 [ERROR] LogOutputStream:75 - [STDERR_REDIRECT] 
2026-03-29 20:51:09,036 [ERROR] LogOutputStream:75 - [STDERR_REDIRECT] [Fatal Error] :1:1: Premature end of file.
2026-03-29 20:51:09,036 [ERROR] LogOutputStream:75 - [STDERR_REDIRECT] 
2026-03-29 20:51:10,063 [ERROR] LogOutputStream:75 - [STDERR_REDIRECT] [Fatal Error] :1:1: Premature end of file.
2026-03-29 20:51:10,063 [ERROR] LogOutputStream:75 - [STDERR_REDIRECT] 
2026-03-29 20:51:11,035 [ERROR] LogOutputStream:75 - [STDERR_REDIRECT] [Fatal Error] :1:1: Premature end of file.
2026-03-29 20:51:11,035 [ERROR] LogOutputStream:75 - [STDERR_REDIRECT] 
2026-03-29 20:51:12,037 [ERROR] LogOutputStream:75 - [STDERR_REDIRECT] [Fatal Error] :1:1: Premature end of file.
2026-03-29 20:51:12,037 [ERROR] LogOutputStream:75 - [STDERR_REDIRECT] 
2026-03-29 20:51:13,036 [ERROR] LogOutputStream:75 - [STDERR_REDIRECT] [Fatal Error] :1:1: Premature end of file.
2026-03-29 20:51:13,036 [ERROR] LogOutputStream:75 - [STDERR_REDIRECT] 
2026-03-29 20:51:14,030 [ERROR] LogOutputStream:75 - [STDERR_REDIRECT] [Fatal Error] :1:1: Premature end of file.
2026-03-29 20:51:14,030 [ERROR] LogOutputStream:75 - [STDERR_REDIRECT] 
2026-03-29 20:51:15,038 [ERROR] LogOutputStream:75 - [STDERR_REDIRECT] [Fatal Error] :1:1: Premature end of file.
2026-03-29 20:51:15,038 [ERROR] LogOutputStream:75 - [STDERR_REDIRECT] 
2026-03-29 20:51:16,042 [ERROR] LogOutputStream:75 - [STDERR_REDIRECT] [Fatal Error] :1:1: Premature end of file.
2026-03-29 20:51:16,042 [ERROR] LogOutputStream:75 - [STDERR_REDIRECT] 
2026-03-29 20:51:17,026 [ERROR] LogOutputStream:75 - [STDERR_REDIRECT] [Fatal Error] :1:1: Premature end of file.
2026-03-29 20:51:17,026 [ERROR] LogOutputStream:75 - [STDERR_REDIRECT] 
2026-03-29 20:51:18,035 [ERROR] LogOutputStream:75 - [STDERR_REDIRECT] [Fatal Error] :1:1: Premature end of file.
2026-03-29 20:51:18,035 [ERROR] LogOutputStream:75 - [STDERR_REDIRECT] 
2026-03-29 20:51:19,037 [ERROR] LogOutputStream:75 - [STDERR_REDIRECT] [Fatal Error] :1:1: Premature end of file.
2026-03-29 20:51:19,038 [ERROR] LogOutputStream:75 - [STDERR_REDIRECT] 
2026-03-29 20:51:20,035 [ERROR] LogOutputStream:75 - [STDERR_REDIRECT] [Fatal Error] :1:1: Premature end of file.
2026-03-29 20:51:20,035 [ERROR] LogOutputStream:75 - [STDERR_REDIRECT] 
2026-03-29 20:51:21,037 [ERROR] LogOutputStream:75 - [STDERR_REDIRECT] [Fatal Error] :1:1: Premature end of file.
2026-03-29 20:51:21,037 [ERROR] LogOutputStream:75 - [STDERR_REDIRECT] 
2026-03-29 20:51:22,028 [ERROR] LogOutputStream:75 - [STDERR_REDIRECT] [Fatal Error] :1:1: Premature end of file.
2026-03-29 20:51:22,028 [ERROR] LogOutputStream:75 - [STDERR_REDIRECT] 
2026-03-29 20:51:23,035 [ERROR] LogOutputStream:75 - [STDERR_REDIRECT] [Fatal Error] :1:1: Premature end of file.
2026-03-29 20:51:23,035 [ERROR] LogOutputStream:75 - [STDERR_REDIRECT] 
2026-03-29 20:51:24,035 [ERROR] LogOutputStream:75 - [STDERR_REDIRECT] [Fatal Error] :1:1: Premature end of file.
2026-03-29 20:51:24,036 [ERROR] LogOutputStream:75 - [STDERR_REDIRECT] 
2026-03-29 20:51:25,025 [ERROR] LogOutputStream:75 - [STDERR_REDIRECT] [Fatal Error] :1:1: Premature end of file.
2026-03-29 20:51:25,025 [ERROR] LogOutputStream:75 - [STDERR_REDIRECT] 
2026-03-29 20:51:26,042 [ERROR] LogOutputStream:75 - [STDERR_REDIRECT] [Fatal Error] :1:1: Premature end of file.
2026-03-29 20:51:26,042 [ERROR] LogOutputStream:75 - [STDERR_REDIRECT] 
2026-03-29 20:51:27,034 [ERROR] LogOutputStream:75 - [STDERR_REDIRECT] [Fatal Error] :1:1: Premature end of file.
2026-03-29 20:51:27,035 [ERROR] LogOutputStream:75 - [STDERR_REDIRECT] 
2026-03-29 20:51:28,036 [ERROR] LogOutputStream:75 - [STDERR_REDIRECT] [Fatal Error] :1:1: Premature end of file.
2026-03-29 20:51:28,036 [ERROR] LogOutputStream:75 - [STDERR_REDIRECT] 
2026-03-29 20:51:29,029 [ERROR] LogOutputStream:75 - [STDERR_REDIRECT] [Fatal Error] :1:1: Premature end of file.
2026-03-29 20:51:29,030 [ERROR] LogOutputStream:75 - [STDERR_REDIRECT] 
2026-03-29 20:51:30,041 [ERROR] LogOutputStream:75 - [STDERR_REDIRECT] [Fatal Error] :1:1: Premature end of file.
2026-03-29 20:51:30,041 [ERROR] LogOutputStream:75 - [STDERR_REDIRECT] 
2026-03-29 20:51:31,034 [ERROR] LogOutputStream:75 - [STDERR_REDIRECT] [Fatal Error] :1:1: Premature end of file.
2026-03-29 20:51:31,034 [ERROR] LogOutputStream:75 - [STDERR_REDIRECT] 
2026-03-29 20:51:32,043 [ERROR] LogOutputStream:75 - [STDERR_REDIRECT] [Fatal Error] :1:1: Premature end of file.
2026-03-29 20:51:32,043 [ERROR] LogOutputStream:75 - [STDERR_REDIRECT] 
2026-03-29 20:51:33,081 [ERROR] LogOutputStream:75 - [STDERR_REDIRECT] [Fatal Error] :1:1: Premature end of file.
2026-03-29 20:51:33,081 [ERROR] LogOutputStream:75 - [STDERR_REDIRECT] 
2026-03-29 20:51:34,025 [ERROR] LogOutputStream:75 - [STDERR_REDIRECT] [Fatal Error] :1:1: Premature end of file.
2026-03-29 20:51:34,025 [ERROR] LogOutputStream:75 - [STDERR_REDIRECT] 
2026-03-29 20:51:35,037 [ERROR] LogOutputStream:75 - [STDERR_REDIRECT] [Fatal Error] :1:1: Premature end of file.
2026-03-29 20:51:35,037 [ERROR] LogOutputStream:75 - [STDERR_REDIRECT] 
2026-03-29 20:51:36,046 [ERROR] LogOutputStream:75 - [STDERR_REDIRECT] [Fatal Error] :1:1: Premature end of file.
2026-03-29 20:51:36,046 [ERROR] LogOutputStream:75 - [STDERR_REDIRECT] 
2026-03-29 20:51:37,037 [ERROR] LogOutputStream:75 - [STDERR_REDIRECT] [Fatal Error] :1:1: Premature end of file.
2026-03-29 20:51:37,037 [ERROR] LogOutputStream:75 - [STDERR_REDIRECT] 
2026-03-29 20:51:38,041 [ERROR] LogOutputStream:75 - [STDERR_REDIRECT] [Fatal Error] :1:1: Premature end of file.
2026-03-29 20:51:38,042 [ERROR] LogOutputStream:75 - [STDERR_REDIRECT] 
2026-03-29 20:51:39,034 [ERROR] LogOutputStream:75 - [STDERR_REDIRECT] [Fatal Error] :1:1: Premature end of file.
2026-03-29 20:51:39,034 [ERROR] LogOutputStream:75 - [STDERR_REDIRECT] 
2026-03-29 20:51:40,035 [ERROR] LogOutputStream:75 - [STDERR_REDIRECT] [Fatal Error] :1:1: Premature end of file.
2026-03-29 20:51:40,035 [ERROR] LogOutputStream:75 - [STDERR_REDIRECT] 
2026-03-29 20:51:41,036 [ERROR] LogOutputStream:75 - [STDERR_REDIRECT] [Fatal Error] :1:1: Premature end of file.
2026-03-29 20:51:41,036 [ERROR] LogOutputStream:75 - [STDERR_REDIRECT] 
2026-03-29 20:51:42,038 [ERROR] LogOutputStream:75 - [STDERR_REDIRECT] [Fatal Error] :1:1: Premature end of file.
2026-03-29 20:51:42,038 [ERROR] LogOutputStream:75 - [STDERR_REDIRECT] 
2026-03-29 20:51:43,046 [ERROR] LogOutputStream:75 - [STDERR_REDIRECT] [Fatal Error] :1:1: Premature end of file.
2026-03-29 20:51:43,046 [ERROR] LogOutputStream:75 - [STDERR_REDIRECT] 
2026-03-29 20:51:44,044 [ERROR] LogOutputStream:75 - [STDERR_REDIRECT] [Fatal Error] :1:1: Premature end of file.
2026-03-29 20:51:44,044 [ERROR] LogOutputStream:75 - [STDERR_REDIRECT] 
2026-03-29 20:51:45,037 [ERROR] LogOutputStream:75 - [STDERR_REDIRECT] [Fatal Error] :1:1: Premature end of file.
2026-03-29 20:51:45,037 [ERROR] LogOutputStream:75 - [STDERR_REDIRECT] 
2026-03-29 20:51:46,033 [ERROR] LogOutputStream:75 - [STDERR_REDIRECT] [Fatal Error] :1:1: Premature end of file.
2026-03-29 20:51:46,033 [ERROR] LogOutputStream:75 - [STDERR_REDIRECT] 
2026-03-29 20:51:47,025 [ERROR] LogOutputStream:75 - [STDERR_REDIRECT] [Fatal Error] :1:1: Premature end of file.
2026-03-29 20:51:47,026 [ERROR] LogOutputStream:75 - [STDERR_REDIRECT] 
2026-03-29 20:51:48,028 [ERROR] LogOutputStream:75 - [STDERR_REDIRECT] [Fatal Error] :1:1: Premature end of file.
2026-03-29 20:51:48,028 [ERROR] LogOutputStream:75 - [STDERR_REDIRECT] 
2026-03-29 20:51:49,045 [ERROR] LogOutputStream:75 - [STDERR_REDIRECT] [Fatal Error] :1:1: Premature end of file.
2026-03-29 20:51:49,045 [ERROR] LogOutputStream:75 - [STDERR_REDIRECT] 
2026-03-29 20:51:50,044 [ERROR] LogOutputStream:75 - [STDERR_REDIRECT] [Fatal Error] :1:1: Premature end of file.
2026-03-29 20:51:50,044 [ERROR] LogOutputStream:75 - [STDERR_REDIRECT] 
2026-03-29 20:51:51,303 [ERROR] LogOutputStream:75 - [STDERR_REDIRECT] [Fatal Error] :1:1: Premature end of file.
2026-03-29 20:51:51,303 [ERROR] LogOutputStream:75 - [STDERR_REDIRECT] 
2026-03-29 20:51:52,020 [ERROR] LogOutputStream:75 - [STDERR_REDIRECT] [Fatal Error] :1:1: Premature end of file.
2026-03-29 20:51:52,020 [ERROR] LogOutputStream:75 - [STDERR_REDIRECT] 
2026-03-29 20:51:53,041 [ERROR] LogOutputStream:75 - [STDERR_REDIRECT] [Fatal Error] :1:1: Premature end of file.
2026-03-29 20:51:53,041 [ERROR] LogOutputStream:75 - [STDERR_REDIRECT] 
2026-03-29 20:51:54,037 [ERROR] LogOutputStream:75 - [STDERR_REDIRECT] [Fatal Error] :1:1: Premature end of file.
2026-03-29 20:51:54,038 [ERROR] LogOutputStream:75 - [STDERR_REDIRECT] 
2026-03-29 20:51:55,019 [ERROR] LogOutputStream:75 - [STDERR_REDIRECT] [Fatal Error] :1:1: Premature end of file.
2026-03-29 20:51:55,019 [ERROR] LogOutputStream:75 - [STDERR_REDIRECT] 
2026-03-29 20:51:56,045 [ERROR] LogOutputStream:75 - [STDERR_REDIRECT] [Fatal Error] :1:1: Premature end of file.
2026-03-29 20:51:56,045 [ERROR] LogOutputStream:75 - [STDERR_REDIRECT] 
2026-03-29 20:51:57,035 [ERROR] LogOutputStream:75 - [STDERR_REDIRECT] [Fatal Error] :1:1: Premature end of file.
2026-03-29 20:51:57,035 [ERROR] LogOutputStream:75 - [STDERR_REDIRECT] 
2026-03-29 20:51:58,044 [ERROR] LogOutputStream:75 - [STDERR_REDIRECT] [Fatal Error] :1:1: Premature end of file.
2026-03-29 20:51:58,044 [ERROR] LogOutputStream:75 - [STDERR_REDIRECT] 
2026-03-29 20:51:59,039 [ERROR] LogOutputStream:75 - [STDERR_REDIRECT] [Fatal Error] :1:1: Premature end of file.
2026-03-29 20:51:59,039 [ERROR] LogOutputStream:75 - [STDERR_REDIRECT] 
2026-03-29 20:52:00,050 [ERROR] LogOutputStream:75 - [STDERR_REDIRECT] [Fatal Error] :1:1: Premature end of file.
2026-03-29 20:52:00,050 [ERROR] LogOutputStream:75 - [STDERR_REDIRECT] 
2026-03-29 20:52:00,779 [ERROR] ConfigurationRetriever:142 - IOException on connection: Read timed out
2026-03-29 20:52:01,021 [ERROR] LogOutputStream:75 - [STDERR_REDIRECT] [Fatal Error] :1:1: Premature end of file.
2026-03-29 20:52:01,021 [ERROR] LogOutputStream:75 - [STDERR_REDIRECT] 
2026-03-29 20:52:02,038 [ERROR] LogOutputStream:75 - [STDERR_REDIRECT] [Fatal Error] :1:1: Premature end of file.
2026-03-29 20:52:02,038 [ERROR] LogOutputStream:75 - [STDERR_REDIRECT] 
2026-03-29 20:52:03,035 [ERROR] LogOutputStream:75 - [STDERR_REDIRECT] [Fatal Error] :1:1: Premature end of file.
2026-03-29 20:52:03,036 [ERROR] LogOutputStream:75 - [STDERR_REDIRECT] 
2026-03-29 20:52:04,037 [ERROR] LogOutputStream:75 - [STDERR_REDIRECT] [Fatal Error] :1:1: Premature end of file.
2026-03-29 20:52:04,037 [ERROR] LogOutputStream:75 - [STDERR_REDIRECT] 
2026-03-29 20:52:05,030 [ERROR] LogOutputStream:75 - [STDERR_REDIRECT] [Fatal Error] :1:1: Premature end of file.
2026-03-29 20:52:05,031 [ERROR] LogOutputStream:75 - [STDERR_REDIRECT] 
2026-03-29 20:52:05,061 [ERROR] ConfigurationRetriever:142 - IOException on connection: Read timed out
2026-03-29 20:52:06,042 [ERROR] LogOutputStream:75 - [STDERR_REDIRECT] [Fatal Error] :1:1: Premature end of file.
2026-03-29 20:52:06,043 [ERROR] LogOutputStream:75 - [STDERR_REDIRECT] 
2026-03-29 20:52:07,029 [ERROR] LogOutputStream:75 - [STDERR_REDIRECT] [Fatal Error] :1:1: Premature end of file.
2026-03-29 20:52:07,029 [ERROR] LogOutputStream:75 - [STDERR_REDIRECT] 
2026-03-29 20:52:08,040 [ERROR] LogOutputStream:75 - [STDERR_REDIRECT] [Fatal Error] :1:1: Premature end of file.
2026-03-29 20:52:08,040 [ERROR] LogOutputStream:75 - [STDERR_REDIRECT] 
2026-03-29 20:52:09,035 [ERROR] LogOutputStream:75 - [STDERR_REDIRECT] [Fatal Error] :1:1: Premature end of file.
2026-03-29 20:52:09,035 [ERROR] LogOutputStream:75 - [STDERR_REDIRECT] 
2026-03-29 20:52:10,035 [ERROR] LogOutputStream:75 - [STDERR_REDIRECT] [Fatal Error] :1:1: Premature end of file.
2026-03-29 20:52:10,035 [ERROR] LogOutputStream:75 - [STDERR_REDIRECT] 
2026-03-29 20:52:11,037 [ERROR] LogOutputStream:75 - [STDERR_REDIRECT] [Fatal Error] :1:1: Premature end of file.
2026-03-29 20:52:11,037 [ERROR] LogOutputStream:75 - [STDERR_REDIRECT] 
2026-03-29 20:52:12,042 [ERROR] LogOutputStream:75 - [STDERR_REDIRECT] [Fatal Error] :1:1: Premature end of file.
2026-03-29 20:52:12,042 [ERROR] LogOutputStream:75 - [STDERR_REDIRECT] 
2026-03-29 20:52:13,036 [ERROR] LogOutputStream:75 - [STDERR_REDIRECT] [Fatal Error] :1:1: Premature end of file.
2026-03-29 20:52:13,036 [ERROR] LogOutputStream:75 - [STDERR_REDIRECT] 
2026-03-29 20:52:14,047 [ERROR] LogOutputStream:75 - [STDERR_REDIRECT] [Fatal Error] :1:1: Premature end of file.
2026-03-29 20:52:14,047 [ERROR] LogOutputStream:75 - [STDERR_REDIRECT] 
2026-03-29 20:52:15,041 [ERROR] LogOutputStream:75 - [STDERR_REDIRECT] [Fatal Error] :1:1: Premature end of file.
2026-03-29 20:52:15,041 [ERROR] LogOutputStream:75 - [STDERR_REDIRECT] 
2026-03-29 20:52:16,043 [ERROR] LogOutputStream:75 - [STDERR_REDIRECT] [Fatal Error] :1:1: Premature end of file.
2026-03-29 20:52:16,043 [ERROR] LogOutputStream:75 - [STDERR_REDIRECT] 
2026-03-29 20:52:17,042 [ERROR] LogOutputStream:75 - [STDERR_REDIRECT] [Fatal Error] :1:1: Premature end of file.
2026-03-29 20:52:17,042 [ERROR] LogOutputStream:75 - [STDERR_REDIRECT] 
2026-03-29 20:52:18,040 [ERROR] LogOutputStream:75 - [STDERR_REDIRECT] [Fatal Error] :1:1: Premature end of file.
2026-03-29 20:52:18,040 [ERROR] LogOutputStream:75 - [STDERR_REDIRECT] 
2026-03-29 20:52:19,037 [ERROR] LogOutputStream:75 - [STDERR_REDIRECT] [Fatal Error] :1:1: Premature end of file.
2026-03-29 20:52:19,037 [ERROR] LogOutputStream:75 - [STDERR_REDIRECT] 
2026-03-29 20:52:20,036 [ERROR] LogOutputStream:75 - [STDERR_REDIRECT] [Fatal Error] :1:1: Premature end of file.
2026-03-29 20:52:20,036 [ERROR] LogOutputStream:75 - [STDERR_REDIRECT] 
2026-03-29 20:52:21,040 [ERROR] LogOutputStream:75 - [STDERR_REDIRECT] [Fatal Error] :1:1: Premature end of file.
2026-03-29 20:52:21,040 [ERROR] LogOutputStream:75 - [STDERR_REDIRECT] 
2026-03-29 20:52:22,041 [ERROR] LogOutputStream:75 - [STDERR_REDIRECT] [Fatal Error] :1:1: Premature end of file.
2026-03-29 20:52:22,041 [ERROR] LogOutputStream:75 - [STDERR_REDIRECT] 
2026-03-29 20:52:23,043 [ERROR] LogOutputStream:75 - [STDERR_REDIRECT] [Fatal Error] :1:1: Premature end of file.
2026-03-29 20:52:23,044 [ERROR] LogOutputStream:75 - [STDERR_REDIRECT] 
2026-03-29 20:52:24,025 [ERROR] LogOutputStream:75 - [STDERR_REDIRECT] [Fatal Error] :1:1: Premature end of file.
2026-03-29 20:52:24,025 [ERROR] LogOutputStream:75 - [STDERR_REDIRECT] 
2026-03-29 20:52:25,039 [ERROR] LogOutputStream:75 - [STDERR_REDIRECT] [Fatal Error] :1:1: Premature end of file.
2026-03-29 20:52:25,040 [ERROR] LogOutputStream:75 - [STDERR_REDIRECT] 
2026-03-29 20:52:26,042 [ERROR] LogOutputStream:75 - [STDERR_REDIRECT] [Fatal Error] :1:1: Premature end of file.
2026-03-29 20:52:26,042 [ERROR] LogOutputStream:75 - [STDERR_REDIRECT] 
2026-03-29 20:52:27,040 [ERROR] LogOutputStream:75 - [STDERR_REDIRECT] [Fatal Error] :1:1: Premature end of file.
2026-03-29 20:52:27,040 [ERROR] LogOutputStream:75 - [STDERR_REDIRECT] 
2026-03-29 20:52:28,043 [ERROR] LogOutputStream:75 - [STDERR_REDIRECT] [Fatal Error] :1:1: Premature end of file.
2026-03-29 20:52:28,043 [ERROR] LogOutputStream:75 - [STDERR_REDIRECT] 
2026-03-29 20:52:29,041 [ERROR] LogOutputStream:75 - [STDERR_REDIRECT] [Fatal Error] :1:1: Premature end of file.
2026-03-29 20:52:29,041 [ERROR] LogOutputStream:75 - [STDERR_REDIRECT] 
2026-03-29 20:52:30,038 [ERROR] LogOutputStream:75 - [STDERR_REDIRECT] [Fatal Error] :1:1: Premature end of file.
2026-03-29 20:52:30,039 [ERROR] LogOutputStream:75 - [STDERR_REDIRECT] 
2026-03-29 20:52:31,044 [ERROR] LogOutputStream:75 - [STDERR_REDIRECT] [Fatal Error] :1:1: Premature end of file.
2026-03-29 20:52:31,044 [ERROR] LogOutputStream:75 - [STDERR_REDIRECT] 
2026-03-29 20:52:32,037 [ERROR] LogOutputStream:75 - [STDERR_REDIRECT] [Fatal Error] :1:1: Premature end of file.
2026-03-29 20:52:32,037 [ERROR] LogOutputStream:75 - [STDERR_REDIRECT] 
2026-03-29 20:52:33,038 [ERROR] LogOutputStream:75 - [STDERR_REDIRECT] [Fatal Error] :1:1: Premature end of file.
2026-03-29 20:52:33,038 [ERROR] LogOutputStream:75 - [STDERR_REDIRECT] 
2026-03-29 20:52:34,035 [ERROR] LogOutputStream:75 - [STDERR_REDIRECT] [Fatal Error] :1:1: Premature end of file.
2026-03-29 20:52:34,036 [ERROR] LogOutputStream:75 - [STDERR_REDIRECT] 
2026-03-29 20:52:35,036 [ERROR] LogOutputStream:75 - [STDERR_REDIRECT] [Fatal Error] :1:1: Premature end of file.
2026-03-29 20:52:35,036 [ERROR] LogOutputStream:75 - [STDERR_REDIRECT] 
2026-03-29 20:52:36,041 [ERROR] LogOutputStream:75 - [STDERR_REDIRECT] [Fatal Error] :1:1: Premature end of file.
2026-03-29 20:52:36,041 [ERROR] LogOutputStream:75 - [STDERR_REDIRECT] 
2026-03-29 20:52:37,035 [ERROR] LogOutputStream:75 - [STDERR_REDIRECT] [Fatal Error] :1:1: Premature end of file.
2026-03-29 20:52:37,035 [ERROR] LogOutputStream:75 - [STDERR_REDIRECT] 
2026-03-29 20:52:38,037 [ERROR] LogOutputStream:75 - [STDERR_REDIRECT] [Fatal Error] :1:1: Premature end of file.
2026-03-29 20:52:38,037 [ERROR] LogOutputStream:75 - [STDERR_REDIRECT] 
2026-03-29 20:52:39,044 [ERROR] LogOutputStream:75 - [STDERR_REDIRECT] [Fatal Error] :1:1: Premature end of file.
2026-03-29 20:52:39,044 [ERROR] LogOutputStream:75 - [STDERR_REDIRECT] 
2026-03-29 20:52:40,035 [ERROR] LogOutputStream:75 - [STDERR_REDIRECT] [Fatal Error] :1:1: Premature end of file.
2026-03-29 20:52:40,035 [ERROR] LogOutputStream:75 - [STDERR_REDIRECT] 
2026-03-29 20:52:41,040 [ERROR] LogOutputStream:75 - [STDERR_REDIRECT] [Fatal Error] :1:1: Premature end of file.
2026-03-29 20:52:41,041 [ERROR] LogOutputStream:75 - [STDERR_REDIRECT] 
2026-03-29 20:52:42,042 [ERROR] LogOutputStream:75 - [STDERR_REDIRECT] [Fatal Error] :1:1: Premature end of file.
2026-03-29 20:52:42,042 [ERROR] LogOutputStream:75 - [STDERR_REDIRECT] 
2026-03-29 20:52:43,035 [ERROR] LogOutputStream:75 - [STDERR_REDIRECT] [Fatal Error] :1:1: Premature end of file.
2026-03-29 20:52:43,035 [ERROR] LogOutputStream:75 - [STDERR_REDIRECT] 
2026-03-29 20:52:44,037 [ERROR] LogOutputStream:75 - [STDERR_REDIRECT] [Fatal Error] :1:1: Premature end of file.
2026-03-29 20:52:44,037 [ERROR] LogOutputStream:75 - [STDERR_REDIRECT] 
2026-03-29 20:52:45,043 [ERROR] LogOutputStream:75 - [STDERR_REDIRECT] [Fatal Error] :1:1: Premature end of file.
2026-03-29 20:52:45,043 [ERROR] LogOutputStream:75 - [STDERR_REDIRECT] 
2026-03-29 20:52:46,035 [ERROR] LogOutputStream:75 - [STDERR_REDIRECT] [Fatal Error] :1:1: Premature end of file.
2026-03-29 20:52:46,035 [ERROR] LogOutputStream:75 - [STDERR_REDIRECT] 
2026-03-29 20:52:47,037 [ERROR] LogOutputStream:75 - [STDERR_REDIRECT] [Fatal Error] :1:1: Premature end of file.
2026-03-29 20:52:47,037 [ERROR] LogOutputStream:75 - [STDERR_REDIRECT] 
2026-03-29 20:52:48,038 [ERROR] LogOutputStream:75 - [STDERR_REDIRECT] [Fatal Error] :1:1: Premature end of file.
2026-03-29 20:52:48,038 [ERROR] LogOutputStream:75 - [STDERR_REDIRECT] 
2026-03-29 20:52:49,038 [ERROR] LogOutputStream:75 - [STDERR_REDIRECT] [Fatal Error] :1:1: Premature end of file.
2026-03-29 20:52:49,038 [ERROR] LogOutputStream:75 - [STDERR_REDIRECT] 
2026-03-29 20:52:50,032 [ERROR] LogOutputStream:75 - [STDERR_REDIRECT] [Fatal Error] :1:1: Premature end of file.
2026-03-29 20:52:50,032 [ERROR] LogOutputStream:75 - [STDERR_REDIRECT] 
2026-03-29 20:52:51,042 [ERROR] LogOutputStream:75 - [STDERR_REDIRECT] [Fatal Error] :1:1: Premature end of file.
2026-03-29 20:52:51,043 [ERROR] LogOutputStream:75 - [STDERR_REDIRECT] 
2026-03-29 20:52:52,020 [ERROR] LogOutputStream:75 - [STDERR_REDIRECT] [Fatal Error] :1:1: Premature end of file.
2026-03-29 20:52:52,020 [ERROR] LogOutputStream:75 - [STDERR_REDIRECT] 
2026-03-29 20:52:53,031 [ERROR] LogOutputStream:75 - [STDERR_REDIRECT] [Fatal Error] :1:1: Premature end of file.
2026-03-29 20:52:53,032 [ERROR] LogOutputStream:75 - [STDERR_REDIRECT] 
2026-03-29 20:52:54,036 [ERROR] LogOutputStream:75 - [STDERR_REDIRECT] [Fatal Error] :1:1: Premature end of file.
2026-03-29 20:52:54,036 [ERROR] LogOutputStream:75 - [STDERR_REDIRECT] 
2026-03-29 20:52:55,045 [ERROR] LogOutputStream:75 - [STDERR_REDIRECT] [Fatal Error] :1:1: Premature end of file.
2026-03-29 20:52:55,045 [ERROR] LogOutputStream:75 - [STDERR_REDIRECT] 
2026-03-29 20:52:56,044 [ERROR] LogOutputStream:75 - [STDERR_REDIRECT] [Fatal Error] :1:1: Premature end of file.
2026-03-29 20:52:56,044 [ERROR] LogOutputStream:75 - [STDERR_REDIRECT] 
2026-03-29 20:52:57,041 [ERROR] LogOutputStream:75 - [STDERR_REDIRECT] [Fatal Error] :1:1: Premature end of file.
2026-03-29 20:52:57,041 [ERROR] LogOutputStream:75 - [STDERR_REDIRECT] 
2026-03-29 20:52:58,028 [ERROR] LogOutputStream:75 - [STDERR_REDIRECT] [Fatal Error] :1:1: Premature end of file.
2026-03-29 20:52:58,028 [ERROR] LogOutputStream:75 - [STDERR_REDIRECT] 
2026-03-29 20:52:59,031 [ERROR] LogOutputStream:75 - [STDERR_REDIRECT] [Fatal Error] :1:1: Premature end of file.
2026-03-29 20:52:59,031 [ERROR] LogOutputStream:75 - [STDERR_REDIRECT] 
2026-03-29 20:53:00,045 [ERROR] LogOutputStream:75 - [STDERR_REDIRECT] [Fatal Error] :1:1: Premature end of file.
2026-03-29 20:53:00,045 [ERROR] LogOutputStream:75 - [STDERR_REDIRECT] 
2026-03-29 20:53:01,040 [ERROR] LogOutputStream:75 - [STDERR_REDIRECT] [Fatal Error] :1:1: Premature end of file.
2026-03-29 20:53:01,040 [ERROR] LogOutputStream:75 - [STDERR_REDIRECT] 
2026-03-29 20:53:02,041 [ERROR] LogOutputStream:75 - [STDERR_REDIRECT] [Fatal Error] :1:1: Premature end of file.
2026-03-29 20:53:02,041 [ERROR] LogOutputStream:75 - [STDERR_REDIRECT] 
2026-03-29 20:53:03,036 [ERROR] LogOutputStream:75 - [STDERR_REDIRECT] [Fatal Error] :1:1: Premature end of file.
2026-03-29 20:53:03,036 [ERROR] LogOutputStream:75 - [STDERR_REDIRECT] 
2026-03-29 20:53:04,038 [ERROR] LogOutputStream:75 - [STDERR_REDIRECT] [Fatal Error] :1:1: Premature end of file.
2026-03-29 20:53:04,038 [ERROR] LogOutputStream:75 - [STDERR_REDIRECT] 
2026-03-29 20:53:05,044 [ERROR] LogOutputStream:75 - [STDERR_REDIRECT] [Fatal Error] :1:1: Premature end of file.
2026-03-29 20:53:05,044 [ERROR] LogOutputStream:75 - [STDERR_REDIRECT] 
2026-03-29 20:53:06,033 [ERROR] LogOutputStream:75 - [STDERR_REDIRECT] [Fatal Error] :1:1: Premature end of file.
2026-03-29 20:53:06,033 [ERROR] LogOutputStream:75 - [STDERR_REDIRECT] 
2026-03-29 20:53:07,035 [ERROR] LogOutputStream:75 - [STDERR_REDIRECT] [Fatal Error] :1:1: Premature end of file.
2026-03-29 20:53:07,035 [ERROR] LogOutputStream:75 - [STDERR_REDIRECT] 
2026-03-29 20:53:08,036 [ERROR] LogOutputStream:75 - [STDERR_REDIRECT] [Fatal Error] :1:1: Premature end of file.
2026-03-29 20:53:08,036 [ERROR] LogOutputStream:75 - [STDERR_REDIRECT] 
2026-03-29 20:53:09,035 [ERROR] LogOutputStream:75 - [STDERR_REDIRECT] [Fatal Error] :1:1: Premature end of file.
2026-03-29 20:53:09,035 [ERROR] LogOutputStream:75 - [STDERR_REDIRECT] 
2026-03-29 20:53:10,045 [ERROR] LogOutputStream:75 - [STDERR_REDIRECT] [Fatal Error] :1:1: Premature end of file.
2026-03-29 20:53:10,045 [ERROR] LogOutputStream:75 - [STDERR_REDIRECT] 
2026-03-29 20:53:11,041 [ERROR] LogOutputStream:75 - [STDERR_REDIRECT] [Fatal Error] :1:1: Premature end of file.
2026-03-29 20:53:11,041 [ERROR] LogOutputStream:75 - [STDERR_REDIRECT] 
2026-03-29 20:53:12,034 [ERROR] LogOutputStream:75 - [STDERR_REDIRECT] [Fatal Error] :1:1: Premature end of file.
2026-03-29 20:53:12,034 [ERROR] LogOutputStream:75 - [STDERR_REDIRECT] 
2026-03-29 20:53:13,037 [ERROR] LogOutputStream:75 - [STDERR_REDIRECT] [Fatal Error] :1:1: Premature end of file.
2026-03-29 20:53:13,037 [ERROR] LogOutputStream:75 - [STDERR_REDIRECT] 
2026-03-29 20:53:14,040 [ERROR] LogOutputStream:75 - [STDERR_REDIRECT] [Fatal Error] :1:1: Premature end of file.
2026-03-29 20:53:14,040 [ERROR] LogOutputStream:75 - [STDERR_REDIRECT] 
2026-03-29 20:53:15,034 [ERROR] LogOutputStream:75 - [STDERR_REDIRECT] [Fatal Error] :1:1: Premature end of file.
2026-03-29 20:53:15,034 [ERROR] LogOutputStream:75 - [STDERR_REDIRECT] 
2026-03-29 20:53:16,043 [ERROR] LogOutputStream:75 - [STDERR_REDIRECT] [Fatal Error] :1:1: Premature end of file.
2026-03-29 20:53:16,043 [ERROR] LogOutputStream:75 - [STDERR_REDIRECT] 
2026-03-29 20:53:17,041 [ERROR] LogOutputStream:75 - [STDERR_REDIRECT] [Fatal Error] :1:1: Premature end of file.
2026-03-29 20:53:17,041 [ERROR] LogOutputStream:75 - [STDERR_REDIRECT] 
2026-03-29 20:53:18,045 [ERROR] LogOutputStream:75 - [STDERR_REDIRECT] [Fatal Error] :1:1: Premature end of file.
2026-03-29 20:53:18,046 [ERROR] LogOutputStream:75 - [STDERR_REDIRECT] 
2026-03-29 20:53:19,031 [ERROR] LogOutputStream:75 - [STDERR_REDIRECT] [Fatal Error] :1:1: Premature end of file.
2026-03-29 20:53:19,031 [ERROR] LogOutputStream:75 - [STDERR_REDIRECT] 
2026-03-29 20:53:20,042 [ERROR] LogOutputStream:75 - [STDERR_REDIRECT] [Fatal Error] :1:1: Premature end of file.
2026-03-29 20:53:20,042 [ERROR] LogOutputStream:75 - [STDERR_REDIRECT] 
2026-03-29 20:53:21,037 [ERROR] LogOutputStream:75 - [STDERR_REDIRECT] [Fatal Error] :1:1: Premature end of file.
2026-03-29 20:53:21,037 [ERROR] LogOutputStream:75 - [STDERR_REDIRECT] 
2026-03-29 20:53:22,039 [ERROR] LogOutputStream:75 - [STDERR_REDIRECT] [Fatal Error] :1:1: Premature end of file.
2026-03-29 20:53:22,039 [ERROR] LogOutputStream:75 - [STDERR_REDIRECT] 
2026-03-29 20:53:23,032 [ERROR] LogOutputStream:75 - [STDERR_REDIRECT] [Fatal Error] :1:1: Premature end of file.
2026-03-29 20:53:23,032 [ERROR] LogOutputStream:75 - [STDERR_REDIRECT] 
2026-03-29 20:53:24,037 [ERROR] LogOutputStream:75 - [STDERR_REDIRECT] [Fatal Error] :1:1: Premature end of file.
2026-03-29 20:53:24,037 [ERROR] LogOutputStream:75 - [STDERR_REDIRECT] 
2026-03-29 20:53:25,034 [ERROR] LogOutputStream:75 - [STDERR_REDIRECT] [Fatal Error] :1:1: Premature end of file.
2026-03-29 20:53:25,035 [ERROR] LogOutputStream:75 - [STDERR_REDIRECT] 
2026-03-29 20:53:26,042 [ERROR] LogOutputStream:75 - [STDERR_REDIRECT] [Fatal Error] :1:1: Premature end of file.
2026-03-29 20:53:26,042 [ERROR] LogOutputStream:75 - [STDERR_REDIRECT] 
2026-03-29 20:53:27,035 [ERROR] LogOutputStream:75 - [STDERR_REDIRECT] [Fatal Error] :1:1: Premature end of file.
2026-03-29 20:53:27,035 [ERROR] LogOutputStream:75 - [STDERR_REDIRECT] 
2026-03-29 20:53:28,030 [ERROR] LogOutputStream:75 - [STDERR_REDIRECT] [Fatal Error] :1:1: Premature end of file.
2026-03-29 20:53:28,030 [ERROR] LogOutputStream:75 - [STDERR_REDIRECT] 
2026-03-29 20:53:29,045 [ERROR] LogOutputStream:75 - [STDERR_REDIRECT] [Fatal Error] :1:1: Premature end of file.
2026-03-29 20:53:29,046 [ERROR] LogOutputStream:75 - [STDERR_REDIRECT] 
2026-03-29 20:53:30,042 [ERROR] LogOutputStream:75 - [STDERR_REDIRECT] [Fatal Error] :1:1: Premature end of file.
2026-03-29 20:53:30,042 [ERROR] LogOutputStream:75 - [STDERR_REDIRECT] 
2026-03-29 20:53:31,040 [ERROR] LogOutputStream:75 - [STDERR_REDIRECT] [Fatal Error] :1:1: Premature end of file.
2026-03-29 20:53:31,040 [ERROR] LogOutputStream:75 - [STDERR_REDIRECT] 
2026-03-29 20:53:32,034 [ERROR] LogOutputStream:75 - [STDERR_REDIRECT] [Fatal Error] :1:1: Premature end of file.
2026-03-29 20:53:32,034 [ERROR] LogOutputStream:75 - [STDERR_REDIRECT] 
2026-03-29 20:53:33,046 [ERROR] LogOutputStream:75 - [STDERR_REDIRECT] [Fatal Error] :1:1: Premature end of file.
2026-03-29 20:53:33,046 [ERROR] LogOutputStream:75 - [STDERR_REDIRECT] 
2026-03-29 20:53:34,041 [ERROR] LogOutputStream:75 - [STDERR_REDIRECT] [Fatal Error] :1:1: Premature end of file.
2026-03-29 20:53:34,041 [ERROR] LogOutputStream:75 - [STDERR_REDIRECT] 
2026-03-29 20:53:35,044 [ERROR] LogOutputStream:75 - [STDERR_REDIRECT] [Fatal Error] :1:1: Premature end of file.
2026-03-29 20:53:35,044 [ERROR] LogOutputStream:75 - [STDERR_REDIRECT] 
2026-03-29 20:53:36,030 [ERROR] LogOutputStream:75 - [STDERR_REDIRECT] [Fatal Error] :1:1: Premature end of file.
2026-03-29 20:53:36,031 [ERROR] LogOutputStream:75 - [STDERR_REDIRECT] 
2026-03-29 20:53:37,040 [ERROR] LogOutputStream:75 - [STDERR_REDIRECT] [Fatal Error] :1:1: Premature end of file.
2026-03-29 20:53:37,040 [ERROR] LogOutputStream:75 - [STDERR_REDIRECT] 
2026-03-29 20:53:38,037 [ERROR] LogOutputStream:75 - [STDERR_REDIRECT] [Fatal Error] :1:1: Premature end of file.
2026-03-29 20:53:38,037 [ERROR] LogOutputStream:75 - [STDERR_REDIRECT] 
2026-03-29 20:53:39,037 [ERROR] LogOutputStream:75 - [STDERR_REDIRECT] [Fatal Error] :1:1: Premature end of file.
2026-03-29 20:53:39,037 [ERROR] LogOutputStream:75 - [STDERR_REDIRECT] 
2026-03-29 20:53:40,035 [ERROR] LogOutputStream:75 - [STDERR_REDIRECT] [Fatal Error] :1:1: Premature end of file.
2026-03-29 20:53:40,035 [ERROR] LogOutputStream:75 - [STDERR_REDIRECT] 
2026-03-29 20:53:41,044 [ERROR] LogOutputStream:75 - [STDERR_REDIRECT] [Fatal Error] :1:1: Premature end of file.
2026-03-29 20:53:41,045 [ERROR] LogOutputStream:75 - [STDERR_REDIRECT] 
2026-03-29 20:53:42,038 [ERROR] LogOutputStream:75 - [STDERR_REDIRECT] [Fatal Error] :1:1: Premature end of file.
2026-03-29 20:53:42,038 [ERROR] LogOutputStream:75 - [STDERR_REDIRECT] 
2026-03-29 20:53:43,031 [ERROR] LogOutputStream:75 - [STDERR_REDIRECT] [Fatal Error] :1:1: Premature end of file.
2026-03-29 20:53:43,031 [ERROR] LogOutputStream:75 - [STDERR_REDIRECT] 
2026-03-29 20:53:44,040 [ERROR] LogOutputStream:75 - [STDERR_REDIRECT] [Fatal Error] :1:1: Premature end of file.
2026-03-29 20:53:44,040 [ERROR] LogOutputStream:75 - [STDERR_REDIRECT] 
2026-03-29 20:53:45,038 [ERROR] LogOutputStream:75 - [STDERR_REDIRECT] [Fatal Error] :1:1: Premature end of file.
2026-03-29 20:53:45,038 [ERROR] LogOutputStream:75 - [STDERR_REDIRECT] 
2026-03-29 20:53:46,039 [ERROR] LogOutputStream:75 - [STDERR_REDIRECT] [Fatal Error] :1:1: Premature end of file.
2026-03-29 20:53:46,039 [ERROR] LogOutputStream:75 - [STDERR_REDIRECT] 
2026-03-29 20:53:47,024 [ERROR] LogOutputStream:75 - [STDERR_REDIRECT] [Fatal Error] :1:1: Premature end of file.
2026-03-29 20:53:47,024 [ERROR] LogOutputStream:75 - [STDERR_REDIRECT] 
2026-03-29 20:53:48,026 [ERROR] LogOutputStream:75 - [STDERR_REDIRECT] [Fatal Error] :1:1: Premature end of file.
2026-03-29 20:53:48,026 [ERROR] LogOutputStream:75 - [STDERR_REDIRECT] 
2026-03-29 20:53:49,042 [ERROR] LogOutputStream:75 - [STDERR_REDIRECT] [Fatal Error] :1:1: Premature end of file.
2026-03-29 20:53:49,042 [ERROR] LogOutputStream:75 - [STDERR_REDIRECT] 
2026-03-29 20:53:50,036 [ERROR] LogOutputStream:75 - [STDERR_REDIRECT] [Fatal Error] :1:1: Premature end of file.
2026-03-29 20:53:50,036 [ERROR] LogOutputStream:75 - [STDERR_REDIRECT] 
2026-03-29 20:53:51,031 [ERROR] LogOutputStream:75 - [STDERR_REDIRECT] [Fatal Error] :1:1: Premature end of file.
2026-03-29 20:53:51,031 [ERROR] LogOutputStream:75 - [STDERR_REDIRECT] 
2026-03-29 20:53:52,030 [ERROR] LogOutputStream:75 - [STDERR_REDIRECT] [Fatal Error] :1:1: Premature end of file.
2026-03-29 20:53:52,030 [ERROR] LogOutputStream:75 - [STDERR_REDIRECT] 
2026-03-29 20:53:53,035 [ERROR] LogOutputStream:75 - [STDERR_REDIRECT] [Fatal Error] :1:1: Premature end of file.
2026-03-29 20:53:53,035 [ERROR] LogOutputStream:75 - [STDERR_REDIRECT] 
2026-03-29 20:53:54,035 [ERROR] LogOutputStream:75 - [STDERR_REDIRECT] [Fatal Error] :1:1: Premature end of file.
2026-03-29 20:53:54,035 [ERROR] LogOutputStream:75 - [STDERR_REDIRECT] 
2026-03-29 20:53:55,046 [ERROR] LogOutputStream:75 - [STDERR_REDIRECT] [Fatal Error] :1:1: Premature end of file.
2026-03-29 20:53:55,047 [ERROR] LogOutputStream:75 - [STDERR_REDIRECT] 
2026-03-29 20:53:56,043 [ERROR] LogOutputStream:75 - [STDERR_REDIRECT] [Fatal Error] :1:1: Premature end of file.
2026-03-29 20:53:56,043 [ERROR] LogOutputStream:75 - [STDERR_REDIRECT] 
2026-03-29 20:53:57,048 [ERROR] LogOutputStream:75 - [STDERR_REDIRECT] [Fatal Error] :1:1: Premature end of file.
2026-03-29 20:53:57,048 [ERROR] LogOutputStream:75 - [STDERR_REDIRECT] 
2026-03-29 20:53:58,041 [ERROR] LogOutputStream:75 - [STDERR_REDIRECT] [Fatal Error] :1:1: Premature end of file.
2026-03-29 20:53:58,041 [ERROR] LogOutputStream:75 - [STDERR_REDIRECT] 
2026-03-29 20:53:59,039 [ERROR] LogOutputStream:75 - [STDERR_REDIRECT] [Fatal Error] :1:1: Premature end of file.
2026-03-29 20:53:59,039 [ERROR] LogOutputStream:75 - [STDERR_REDIRECT] 
2026-03-29 20:54:00,041 [ERROR] LogOutputStream:75 - [STDERR_REDIRECT] [Fatal Error] :1:1: Premature end of file.
2026-03-29 20:54:00,041 [ERROR] LogOutputStream:75 - [STDERR_REDIRECT] 
2026-03-29 20:54:01,035 [ERROR] LogOutputStream:75 - [STDERR_REDIRECT] [Fatal Error] :1:1: Premature end of file.
2026-03-29 20:54:01,035 [ERROR] LogOutputStream:75 - [STDERR_REDIRECT] 
2026-03-29 20:54:02,043 [ERROR] LogOutputStream:75 - [STDERR_REDIRECT] [Fatal Error] :1:1: Premature end of file.
2026-03-29 20:54:02,043 [ERROR] LogOutputStream:75 - [STDERR_REDIRECT] 
2026-03-29 20:54:03,033 [ERROR] LogOutputStream:75 - [STDERR_REDIRECT] [Fatal Error] :1:1: Premature end of file.
2026-03-29 20:54:03,033 [ERROR] LogOutputStream:75 - [STDERR_REDIRECT] 
2026-03-29 20:54:04,034 [ERROR] LogOutputStream:75 - [STDERR_REDIRECT] [Fatal Error] :1:1: Premature end of file.
2026-03-29 20:54:04,035 [ERROR] LogOutputStream:75 - [STDERR_REDIRECT] 
2026-03-29 20:54:05,039 [ERROR] LogOutputStream:75 - [STDERR_REDIRECT] [Fatal Error] :1:1: Premature end of file.
2026-03-29 20:54:05,039 [ERROR] LogOutputStream:75 - [STDERR_REDIRECT] 
2026-03-29 20:54:06,034 [ERROR] LogOutputStream:75 - [STDERR_REDIRECT] [Fatal Error] :1:1: Premature end of file.
2026-03-29 20:54:06,034 [ERROR] LogOutputStream:75 - [STDERR_REDIRECT] 
2026-03-29 20:54:07,036 [ERROR] LogOutputStream:75 - [STDERR_REDIRECT] [Fatal Error] :1:1: Premature end of file.
2026-03-29 20:54:07,036 [ERROR] LogOutputStream:75 - [STDERR_REDIRECT] 
2026-03-29 20:54:08,046 [ERROR] LogOutputStream:75 - [STDERR_REDIRECT] [Fatal Error] :1:1: Premature end of file.
2026-03-29 20:54:08,046 [ERROR] LogOutputStream:75 - [STDERR_REDIRECT] 
2026-03-29 20:54:09,038 [ERROR] LogOutputStream:75 - [STDERR_REDIRECT] [Fatal Error] :1:1: Premature end of file.
2026-03-29 20:54:09,038 [ERROR] LogOutputStream:75 - [STDERR_REDIRECT] 
2026-03-29 20:54:10,031 [ERROR] LogOutputStream:75 - [STDERR_REDIRECT] [Fatal Error] :1:1: Premature end of file.
2026-03-29 20:54:10,031 [ERROR] LogOutputStream:75 - [STDERR_REDIRECT] 
2026-03-29 20:54:11,039 [ERROR] LogOutputStream:75 - [STDERR_REDIRECT] [Fatal Error] :1:1: Premature end of file.
2026-03-29 20:54:11,039 [ERROR] LogOutputStream:75 - [STDERR_REDIRECT] 
2026-03-29 20:54:12,041 [ERROR] LogOutputStream:75 - [STDERR_REDIRECT] [Fatal Error] :1:1: Premature end of file.
2026-03-29 20:54:12,041 [ERROR] LogOutputStream:75 - [STDERR_REDIRECT] 
2026-03-29 20:54:13,041 [ERROR] LogOutputStream:75 - [STDERR_REDIRECT] [Fatal Error] :1:1: Premature end of file.
2026-03-29 20:54:13,042 [ERROR] LogOutputStream:75 - [STDERR_REDIRECT] 
2026-03-29 20:54:14,045 [ERROR] LogOutputStream:75 - [STDERR_REDIRECT] [Fatal Error] :1:1: Premature end of file.
2026-03-29 20:54:14,045 [ERROR] LogOutputStream:75 - [STDERR_REDIRECT] 
2026-03-29 20:54:15,036 [ERROR] LogOutputStream:75 - [STDERR_REDIRECT] [Fatal Error] :1:1: Premature end of file.
2026-03-29 20:54:15,036 [ERROR] LogOutputStream:75 - [STDERR_REDIRECT] 
2026-03-29 20:54:16,045 [ERROR] LogOutputStream:75 - [STDERR_REDIRECT] [Fatal Error] :1:1: Premature end of file.
2026-03-29 20:54:16,046 [ERROR] LogOutputStream:75 - [STDERR_REDIRECT] 
2026-03-29 20:54:17,041 [ERROR] LogOutputStream:75 - [STDERR_REDIRECT] [Fatal Error] :1:1: Premature end of file.
2026-03-29 20:54:17,041 [ERROR] LogOutputStream:75 - [STDERR_REDIRECT] 
2026-03-29 20:54:18,036 [ERROR] LogOutputStream:75 - [STDERR_REDIRECT] [Fatal Error] :1:1: Premature end of file.
2026-03-29 20:54:18,036 [ERROR] LogOutputStream:75 - [STDERR_REDIRECT] 
2026-03-29 20:54:19,039 [ERROR] LogOutputStream:75 - [STDERR_REDIRECT] [Fatal Error] :1:1: Premature end of file.
2026-03-29 20:54:19,039 [ERROR] LogOutputStream:75 - [STDERR_REDIRECT] 
2026-03-29 20:54:20,044 [ERROR] LogOutputStream:75 - [STDERR_REDIRECT] [Fatal Error] :1:1: Premature end of file.
2026-03-29 20:54:20,044 [ERROR] LogOutputStream:75 - [STDERR_REDIRECT] 
2026-03-29 20:54:21,039 [ERROR] LogOutputStream:75 - [STDERR_REDIRECT] [Fatal Error] :1:1: Premature end of file.
2026-03-29 20:54:21,040 [ERROR] LogOutputStream:75 - [STDERR_REDIRECT] 
2026-03-29 20:54:22,035 [ERROR] LogOutputStream:75 - [STDERR_REDIRECT] [Fatal Error] :1:1: Premature end of file.
2026-03-29 20:54:22,035 [ERROR] LogOutputStream:75 - [STDERR_REDIRECT] 
2026-03-29 20:54:23,039 [ERROR] LogOutputStream:75 - [STDERR_REDIRECT] [Fatal Error] :1:1: Premature end of file.
2026-03-29 20:54:23,039 [ERROR] LogOutputStream:75 - [STDERR_REDIRECT] 
2026-03-29 20:54:24,041 [ERROR] LogOutputStream:75 - [STDERR_REDIRECT] [Fatal Error] :1:1: Premature end of file.
2026-03-29 20:54:24,041 [ERROR] LogOutputStream:75 - [STDERR_REDIRECT] 
2026-03-29 20:54:25,041 [ERROR] LogOutputStream:75 - [STDERR_REDIRECT] [Fatal Error] :1:1: Premature end of file.
2026-03-29 20:54:25,041 [ERROR] LogOutputStream:75 - [STDERR_REDIRECT] 
2026-03-29 20:54:26,046 [ERROR] LogOutputStream:75 - [STDERR_REDIRECT] [Fatal Error] :1:1: Premature end of file.
2026-03-29 20:54:26,046 [ERROR] LogOutputStream:75 - [STDERR_REDIRECT] 
2026-03-29 20:54:27,026 [ERROR] LogOutputStream:75 - [STDERR_REDIRECT] [Fatal Error] :1:1: Premature end of file.
2026-03-29 20:54:27,026 [ERROR] LogOutputStream:75 - [STDERR_REDIRECT] 
2026-03-29 20:54:28,040 [ERROR] LogOutputStream:75 - [STDERR_REDIRECT] [Fatal Error] :1:1: Premature end of file.
2026-03-29 20:54:28,040 [ERROR] LogOutputStream:75 - [STDERR_REDIRECT] 
2026-03-29 20:54:29,045 [ERROR] LogOutputStream:75 - [STDERR_REDIRECT] [Fatal Error] :1:1: Premature end of file.
2026-03-29 20:54:29,045 [ERROR] LogOutputStream:75 - [STDERR_REDIRECT] 
2026-03-29 20:54:30,033 [ERROR] LogOutputStream:75 - [STDERR_REDIRECT] [Fatal Error] :1:1: Premature end of file.
2026-03-29 20:54:30,033 [ERROR] LogOutputStream:75 - [STDERR_REDIRECT] 
2026-03-29 20:54:31,045 [ERROR] LogOutputStream:75 - [STDERR_REDIRECT] [Fatal Error] :1:1: Premature end of file.
2026-03-29 20:54:31,045 [ERROR] LogOutputStream:75 - [STDERR_REDIRECT] 
2026-03-29 20:54:32,036 [ERROR] LogOutputStream:75 - [STDERR_REDIRECT] [Fatal Error] :1:1: Premature end of file.
2026-03-29 20:54:32,036 [ERROR] LogOutputStream:75 - [STDERR_REDIRECT] 
2026-03-29 20:54:33,038 [ERROR] LogOutputStream:75 - [STDERR_REDIRECT] [Fatal Error] :1:1: Premature end of file.
2026-03-29 20:54:33,038 [ERROR] LogOutputStream:75 - [STDERR_REDIRECT] 
2026-03-29 20:54:34,031 [ERROR] LogOutputStream:75 - [STDERR_REDIRECT] [Fatal Error] :1:1: Premature end of file.
2026-03-29 20:54:34,031 [ERROR] LogOutputStream:75 - [STDERR_REDIRECT] 
2026-03-29 20:54:35,035 [ERROR] LogOutputStream:75 - [STDERR_REDIRECT] [Fatal Error] :1:1: Premature end of file.
2026-03-29 20:54:35,035 [ERROR] LogOutputStream:75 - [STDERR_REDIRECT] 
2026-03-29 20:54:36,034 [ERROR] LogOutputStream:75 - [STDERR_REDIRECT] [Fatal Error] :1:1: Premature end of file.
2026-03-29 20:54:36,034 [ERROR] LogOutputStream:75 - [STDERR_REDIRECT] 
2026-03-29 20:54:37,040 [ERROR] LogOutputStream:75 - [STDERR_REDIRECT] [Fatal Error] :1:1: Premature end of file.
2026-03-29 20:54:37,041 [ERROR] LogOutputStream:75 - [STDERR_REDIRECT] 
2026-03-29 20:54:38,023 [ERROR] LogOutputStream:75 - [STDERR_REDIRECT] [Fatal Error] :1:1: Premature end of file.
2026-03-29 20:54:38,024 [ERROR] LogOutputStream:75 - [STDERR_REDIRECT] 
2026-03-29 20:54:39,033 [ERROR] LogOutputStream:75 - [STDERR_REDIRECT] [Fatal Error] :1:1: Premature end of file.
2026-03-29 20:54:39,033 [ERROR] LogOutputStream:75 - [STDERR_REDIRECT] 
2026-03-29 20:54:40,042 [ERROR] LogOutputStream:75 - [STDERR_REDIRECT] [Fatal Error] :1:1: Premature end of file.
2026-03-29 20:54:40,042 [ERROR] LogOutputStream:75 - [STDERR_REDIRECT] 
2026-03-29 20:54:41,046 [ERROR] LogOutputStream:75 - [STDERR_REDIRECT] [Fatal Error] :1:1: Premature end of file.
2026-03-29 20:54:41,046 [ERROR] LogOutputStream:75 - [STDERR_REDIRECT] 
2026-03-29 20:54:42,043 [ERROR] LogOutputStream:75 - [STDERR_REDIRECT] [Fatal Error] :1:1: Premature end of file.
2026-03-29 20:54:42,043 [ERROR] LogOutputStream:75 - [STDERR_REDIRECT] 
2026-03-29 20:54:43,043 [ERROR] LogOutputStream:75 - [STDERR_REDIRECT] [Fatal Error] :1:1: Premature end of file.
2026-03-29 20:54:43,043 [ERROR] LogOutputStream:75 - [STDERR_REDIRECT] 
2026-03-29 20:54:44,025 [ERROR] LogOutputStream:75 - [STDERR_REDIRECT] [Fatal Error] :1:1: Premature end of file.
2026-03-29 20:54:44,025 [ERROR] LogOutputStream:75 - [STDERR_REDIRECT] 
2026-03-29 20:54:45,034 [ERROR] LogOutputStream:75 - [STDERR_REDIRECT] [Fatal Error] :1:1: Premature end of file.
2026-03-29 20:54:45,034 [ERROR] LogOutputStream:75 - [STDERR_REDIRECT] 
2026-03-29 20:54:46,040 [ERROR] LogOutputStream:75 - [STDERR_REDIRECT] [Fatal Error] :1:1: Premature end of file.
2026-03-29 20:54:46,040 [ERROR] LogOutputStream:75 - [STDERR_REDIRECT] 
2026-03-29 20:54:47,039 [ERROR] LogOutputStream:75 - [STDERR_REDIRECT] [Fatal Error] :1:1: Premature end of file.
2026-03-29 20:54:47,039 [ERROR] LogOutputStream:75 - [STDERR_REDIRECT] 
2026-03-29 20:54:48,039 [ERROR] LogOutputStream:75 - [STDERR_REDIRECT] [Fatal Error] :1:1: Premature end of file.
2026-03-29 20:54:48,039 [ERROR] LogOutputStream:75 - [STDERR_REDIRECT] 
2026-03-29 20:54:49,043 [ERROR] LogOutputStream:75 - [STDERR_REDIRECT] [Fatal Error] :1:1: Premature end of file.
2026-03-29 20:54:49,043 [ERROR] LogOutputStream:75 - [STDERR_REDIRECT] 
2026-03-29 20:54:50,040 [ERROR] LogOutputStream:75 - [STDERR_REDIRECT] [Fatal Error] :1:1: Premature end of file.
2026-03-29 20:54:50,040 [ERROR] LogOutputStream:75 - [STDERR_REDIRECT] 
2026-03-29 20:54:51,041 [ERROR] LogOutputStream:75 - [STDERR_REDIRECT] [Fatal Error] :1:1: Premature end of file.
2026-03-29 20:54:51,041 [ERROR] LogOutputStream:75 - [STDERR_REDIRECT] 
2026-03-29 20:54:52,032 [ERROR] LogOutputStream:75 - [STDERR_REDIRECT] [Fatal Error] :1:1: Premature end of file.
2026-03-29 20:54:52,032 [ERROR] LogOutputStream:75 - [STDERR_REDIRECT] 
2026-03-29 20:54:53,044 [ERROR] LogOutputStream:75 - [STDERR_REDIRECT] [Fatal Error] :1:1: Premature end of file.
2026-03-29 20:54:53,044 [ERROR] LogOutputStream:75 - [STDERR_REDIRECT] 
2026-03-29 20:54:54,032 [ERROR] LogOutputStream:75 - [STDERR_REDIRECT] [Fatal Error] :1:1: Premature end of file.
2026-03-29 20:54:54,032 [ERROR] LogOutputStream:75 - [STDERR_REDIRECT] 
2026-03-29 20:54:55,045 [ERROR] LogOutputStream:75 - [STDERR_REDIRECT] [Fatal Error] :1:1: Premature end of file.
2026-03-29 20:54:55,045 [ERROR] LogOutputStream:75 - [STDERR_REDIRECT] 
2026-03-29 20:54:56,033 [ERROR] LogOutputStream:75 - [STDERR_REDIRECT] [Fatal Error] :1:1: Premature end of file.
2026-03-29 20:54:56,033 [ERROR] LogOutputStream:75 - [STDERR_REDIRECT] 
2026-03-29 20:54:57,028 [ERROR] LogOutputStream:75 - [STDERR_REDIRECT] [Fatal Error] :1:1: Premature end of file.
2026-03-29 20:54:57,028 [ERROR] LogOutputStream:75 - [STDERR_REDIRECT] 
2026-03-29 20:54:58,041 [ERROR] LogOutputStream:75 - [STDERR_REDIRECT] [Fatal Error] :1:1: Premature end of file.
2026-03-29 20:54:58,041 [ERROR] LogOutputStream:75 - [STDERR_REDIRECT] 
2026-03-29 20:54:59,043 [ERROR] LogOutputStream:75 - [STDERR_REDIRECT] [Fatal Error] :1:1: Premature end of file.
2026-03-29 20:54:59,043 [ERROR] LogOutputStream:75 - [STDERR_REDIRECT] 
2026-03-29 20:55:00,050 [ERROR] LogOutputStream:75 - [STDERR_REDIRECT] [Fatal Error] :1:1: Premature end of file.
2026-03-29 20:55:00,050 [ERROR] LogOutputStream:75 - [STDERR_REDIRECT] 
2026-03-29 20:55:01,040 [ERROR] LogOutputStream:75 - [STDERR_REDIRECT] [Fatal Error] :1:1: Premature end of file.
2026-03-29 20:55:01,040 [ERROR] LogOutputStream:75 - [STDERR_REDIRECT] 
2026-03-29 20:55:02,032 [ERROR] LogOutputStream:75 - [STDERR_REDIRECT] [Fatal Error] :1:1: Premature end of file.
2026-03-29 20:55:02,033 [ERROR] LogOutputStream:75 - [STDERR_REDIRECT] 
2026-03-29 20:55:03,039 [ERROR] LogOutputStream:75 - [STDERR_REDIRECT] [Fatal Error] :1:1: Premature end of file.
2026-03-29 20:55:03,039 [ERROR] LogOutputStream:75 - [STDERR_REDIRECT] 
2026-03-29 20:55:04,040 [ERROR] LogOutputStream:75 - [STDERR_REDIRECT] [Fatal Error] :1:1: Premature end of file.
2026-03-29 20:55:04,041 [ERROR] LogOutputStream:75 - [STDERR_REDIRECT] 
2026-03-29 20:55:05,043 [ERROR] LogOutputStream:75 - [STDERR_REDIRECT] [Fatal Error] :1:1: Premature end of file.
2026-03-29 20:55:05,043 [ERROR] LogOutputStream:75 - [STDERR_REDIRECT] 
2026-03-29 20:55:06,032 [ERROR] LogOutputStream:75 - [STDERR_REDIRECT] [Fatal Error] :1:1: Premature end of file.
2026-03-29 20:55:06,032 [ERROR] LogOutputStream:75 - [STDERR_REDIRECT] 
2026-03-29 20:55:07,030 [ERROR] LogOutputStream:75 - [STDERR_REDIRECT] [Fatal Error] :1:1: Premature end of file.
2026-03-29 20:55:07,030 [ERROR] LogOutputStream:75 - [STDERR_REDIRECT] 
2026-03-29 20:55:08,026 [ERROR] LogOutputStream:75 - [STDERR_REDIRECT] [Fatal Error] :1:1: Premature end of file.
2026-03-29 20:55:08,026 [ERROR] LogOutputStream:75 - [STDERR_REDIRECT] 
2026-03-29 20:55:09,028 [ERROR] LogOutputStream:75 - [STDERR_REDIRECT] [Fatal Error] :1:1: Premature end of file.
2026-03-29 20:55:09,028 [ERROR] LogOutputStream:75 - [STDERR_REDIRECT] 
2026-03-29 20:55:10,034 [ERROR] LogOutputStream:75 - [STDERR_REDIRECT] [Fatal Error] :1:1: Premature end of file.
2026-03-29 20:55:10,034 [ERROR] LogOutputStream:75 - [STDERR_REDIRECT] 
2026-03-29 20:55:11,040 [ERROR] LogOutputStream:75 - [STDERR_REDIRECT] [Fatal Error] :1:1: Premature end of file.
2026-03-29 20:55:11,040 [ERROR] LogOutputStream:75 - [STDERR_REDIRECT] 
2026-03-29 20:55:12,045 [ERROR] LogOutputStream:75 - [STDERR_REDIRECT] [Fatal Error] :1:1: Premature end of file.
2026-03-29 20:55:12,045 [ERROR] LogOutputStream:75 - [STDERR_REDIRECT] 
2026-03-29 20:55:13,026 [ERROR] LogOutputStream:75 - [STDERR_REDIRECT] [Fatal Error] :1:1: Premature end of file.
2026-03-29 20:55:13,026 [ERROR] LogOutputStream:75 - [STDERR_REDIRECT] 
2026-03-29 20:55:14,037 [ERROR] LogOutputStream:75 - [STDERR_REDIRECT] [Fatal Error] :1:1: Premature end of file.
2026-03-29 20:55:14,037 [ERROR] LogOutputStream:75 - [STDERR_REDIRECT] 
2026-03-29 20:55:15,039 [ERROR] LogOutputStream:75 - [STDERR_REDIRECT] [Fatal Error] :1:1: Premature end of file.
2026-03-29 20:55:15,040 [ERROR] LogOutputStream:75 - [STDERR_REDIRECT] 
2026-03-29 20:55:16,034 [ERROR] LogOutputStream:75 - [STDERR_REDIRECT] [Fatal Error] :1:1: Premature end of file.
2026-03-29 20:55:16,034 [ERROR] LogOutputStream:75 - [STDERR_REDIRECT] 
2026-03-29 20:55:17,039 [ERROR] LogOutputStream:75 - [STDERR_REDIRECT] [Fatal Error] :1:1: Premature end of file.
2026-03-29 20:55:17,039 [ERROR] LogOutputStream:75 - [STDERR_REDIRECT] 
2026-03-29 20:55:18,042 [ERROR] LogOutputStream:75 - [STDERR_REDIRECT] [Fatal Error] :1:1: Premature end of file.
2026-03-29 20:55:18,042 [ERROR] LogOutputStream:75 - [STDERR_REDIRECT] 
2026-03-29 20:55:19,032 [ERROR] LogOutputStream:75 - [STDERR_REDIRECT] [Fatal Error] :1:1: Premature end of file.
2026-03-29 20:55:19,033 [ERROR] LogOutputStream:75 - [STDERR_REDIRECT] 
2026-03-29 20:55:20,041 [ERROR] LogOutputStream:75 - [STDERR_REDIRECT] [Fatal Error] :1:1: Premature end of file.
2026-03-29 20:55:20,041 [ERROR] LogOutputStream:75 - [STDERR_REDIRECT] 
2026-03-29 20:55:21,038 [ERROR] LogOutputStream:75 - [STDERR_REDIRECT] [Fatal Error] :1:1: Premature end of file.
2026-03-29 20:55:21,038 [ERROR] LogOutputStream:75 - [STDERR_REDIRECT] 
2026-03-29 20:55:22,028 [ERROR] LogOutputStream:75 - [STDERR_REDIRECT] [Fatal Error] :1:1: Premature end of file.
2026-03-29 20:55:22,028 [ERROR] LogOutputStream:75 - [STDERR_REDIRECT] 
2026-03-29 20:55:23,033 [ERROR] LogOutputStream:75 - [STDERR_REDIRECT] [Fatal Error] :1:1: Premature end of file.
2026-03-29 20:55:23,033 [ERROR] LogOutputStream:75 - [STDERR_REDIRECT] 
2026-03-29 20:55:24,032 [ERROR] LogOutputStream:75 - [STDERR_REDIRECT] [Fatal Error] :1:1: Premature end of file.
2026-03-29 20:55:24,032 [ERROR] LogOutputStream:75 - [STDERR_REDIRECT] 
2026-03-29 20:55:25,042 [ERROR] LogOutputStream:75 - [STDERR_REDIRECT] [Fatal Error] :1:1: Premature end of file.
2026-03-29 20:55:25,042 [ERROR] LogOutputStream:75 - [STDERR_REDIRECT] 
2026-03-29 20:55:26,042 [ERROR] LogOutputStream:75 - [STDERR_REDIRECT] [Fatal Error] :1:1: Premature end of file.
2026-03-29 20:55:26,042 [ERROR] LogOutputStream:75 - [STDERR_REDIRECT] 
2026-03-29 20:55:27,039 [ERROR] LogOutputStream:75 - [STDERR_REDIRECT] [Fatal Error] :1:1: Premature end of file.
2026-03-29 20:55:27,039 [ERROR] LogOutputStream:75 - [STDERR_REDIRECT] 
2026-03-29 20:55:28,040 [ERROR] LogOutputStream:75 - [STDERR_REDIRECT] [Fatal Error] :1:1: Premature end of file.
2026-03-29 20:55:28,040 [ERROR] LogOutputStream:75 - [STDERR_REDIRECT] 
2026-03-29 20:55:29,045 [ERROR] LogOutputStream:75 - [STDERR_REDIRECT] [Fatal Error] :1:1: Premature end of file.
2026-03-29 20:55:29,045 [ERROR] LogOutputStream:75 - [STDERR_REDIRECT] 
2026-03-29 20:55:30,034 [ERROR] LogOutputStream:75 - [STDERR_REDIRECT] [Fatal Error] :1:1: Premature end of file.
2026-03-29 20:55:30,034 [ERROR] LogOutputStream:75 - [STDERR_REDIRECT] 
2026-03-29 20:55:31,041 [ERROR] LogOutputStream:75 - [STDERR_REDIRECT] [Fatal Error] :1:1: Premature end of file.
2026-03-29 20:55:31,041 [ERROR] LogOutputStream:75 - [STDERR_REDIRECT] 
2026-03-29 20:55:32,034 [ERROR] LogOutputStream:75 - [STDERR_REDIRECT] [Fatal Error] :1:1: Premature end of file.
2026-03-29 20:55:32,034 [ERROR] LogOutputStream:75 - [STDERR_REDIRECT] 
2026-03-29 20:55:33,039 [ERROR] LogOutputStream:75 - [STDERR_REDIRECT] [Fatal Error] :1:1: Premature end of file.
2026-03-29 20:55:33,039 [ERROR] LogOutputStream:75 - [STDERR_REDIRECT] 
2026-03-29 20:55:34,044 [ERROR] LogOutputStream:75 - [STDERR_REDIRECT] [Fatal Error] :1:1: Premature end of file.
2026-03-29 20:55:34,044 [ERROR] LogOutputStream:75 - [STDERR_REDIRECT] 
2026-03-29 20:55:35,042 [ERROR] LogOutputStream:75 - [STDERR_REDIRECT] [Fatal Error] :1:1: Premature end of file.
2026-03-29 20:55:35,042 [ERROR] LogOutputStream:75 - [STDERR_REDIRECT] 
2026-03-29 20:55:36,031 [ERROR] LogOutputStream:75 - [STDERR_REDIRECT] [Fatal Error] :1:1: Premature end of file.
2026-03-29 20:55:36,032 [ERROR] LogOutputStream:75 - [STDERR_REDIRECT] 
2026-03-29 20:55:37,041 [ERROR] LogOutputStream:75 - [STDERR_REDIRECT] [Fatal Error] :1:1: Premature end of file.
2026-03-29 20:55:37,042 [ERROR] LogOutputStream:75 - [STDERR_REDIRECT] 
2026-03-29 20:55:38,036 [ERROR] LogOutputStream:75 - [STDERR_REDIRECT] [Fatal Error] :1:1: Premature end of file.
2026-03-29 20:55:38,036 [ERROR] LogOutputStream:75 - [STDERR_REDIRECT] 
2026-03-29 20:55:39,043 [ERROR] LogOutputStream:75 - [STDERR_REDIRECT] [Fatal Error] :1:1: Premature end of file.
2026-03-29 20:55:39,043 [ERROR] LogOutputStream:75 - [STDERR_REDIRECT] 
2026-03-29 20:55:40,043 [ERROR] LogOutputStream:75 - [STDERR_REDIRECT] [Fatal Error] :1:1: Premature end of file.
2026-03-29 20:55:40,043 [ERROR] LogOutputStream:75 - [STDERR_REDIRECT] 
2026-03-29 20:55:41,039 [ERROR] LogOutputStream:75 - [STDERR_REDIRECT] [Fatal Error] :1:1: Premature end of file.
2026-03-29 20:55:41,039 [ERROR] LogOutputStream:75 - [STDERR_REDIRECT] 
2026-03-29 20:55:42,043 [ERROR] LogOutputStream:75 - [STDERR_REDIRECT] [Fatal Error] :1:1: Premature end of file.
2026-03-29 20:55:42,044 [ERROR] LogOutputStream:75 - [STDERR_REDIRECT] 
2026-03-29 20:55:43,040 [ERROR] LogOutputStream:75 - [STDERR_REDIRECT] [Fatal Error] :1:1: Premature end of file.
2026-03-29 20:55:43,040 [ERROR] LogOutputStream:75 - [STDERR_REDIRECT] 
2026-03-29 20:55:44,041 [ERROR] LogOutputStream:75 - [STDERR_REDIRECT] [Fatal Error] :1:1: Premature end of file.
2026-03-29 20:55:44,041 [ERROR] LogOutputStream:75 - [STDERR_REDIRECT] 
2026-03-29 20:55:45,037 [ERROR] LogOutputStream:75 - [STDERR_REDIRECT] [Fatal Error] :1:1: Premature end of file.
2026-03-29 20:55:45,037 [ERROR] LogOutputStream:75 - [STDERR_REDIRECT] 
2026-03-29 20:55:46,044 [ERROR] LogOutputStream:75 - [STDERR_REDIRECT] [Fatal Error] :1:1: Premature end of file.
2026-03-29 20:55:46,044 [ERROR] LogOutputStream:75 - [STDERR_REDIRECT] 
2026-03-29 20:55:47,044 [ERROR] LogOutputStream:75 - [STDERR_REDIRECT] [Fatal Error] :1:1: Premature end of file.
2026-03-29 20:55:47,044 [ERROR] LogOutputStream:75 - [STDERR_REDIRECT] 
2026-03-29 20:55:48,042 [ERROR] LogOutputStream:75 - [STDERR_REDIRECT] [Fatal Error] :1:1: Premature end of file.
2026-03-29 20:55:48,042 [ERROR] LogOutputStream:75 - [STDERR_REDIRECT] 
2026-03-29 20:55:49,043 [ERROR] LogOutputStream:75 - [STDERR_REDIRECT] [Fatal Error] :1:1: Premature end of file.
2026-03-29 20:55:49,043 [ERROR] LogOutputStream:75 - [STDERR_REDIRECT] 
2026-03-29 20:55:50,022 [ERROR] LogOutputStream:75 - [STDERR_REDIRECT] [Fatal Error] :1:1: Premature end of file.
2026-03-29 20:55:50,022 [ERROR] LogOutputStream:75 - [STDERR_REDIRECT] 
2026-03-29 20:55:51,037 [ERROR] LogOutputStream:75 - [STDERR_REDIRECT] [Fatal Error] :1:1: Premature end of file.
2026-03-29 20:55:51,037 [ERROR] LogOutputStream:75 - [STDERR_REDIRECT] 
2026-03-29 20:55:52,036 [ERROR] LogOutputStream:75 - [STDERR_REDIRECT] [Fatal Error] :1:1: Premature end of file.
2026-03-29 20:55:52,037 [ERROR] LogOutputStream:75 - [STDERR_REDIRECT] 
2026-03-29 20:55:53,037 [ERROR] LogOutputStream:75 - [STDERR_REDIRECT] [Fatal Error] :1:1: Premature end of file.
2026-03-29 20:55:53,037 [ERROR] LogOutputStream:75 - [STDERR_REDIRECT] 
2026-03-29 20:55:54,032 [ERROR] LogOutputStream:75 - [STDERR_REDIRECT] [Fatal Error] :1:1: Premature end of file.
2026-03-29 20:55:54,032 [ERROR] LogOutputStream:75 - [STDERR_REDIRECT] 
2026-03-29 20:55:55,030 [ERROR] LogOutputStream:75 - [STDERR_REDIRECT] [Fatal Error] :1:1: Premature end of file.
2026-03-29 20:55:55,030 [ERROR] LogOutputStream:75 - [STDERR_REDIRECT] 
2026-03-29 20:55:56,023 [ERROR] LogOutputStream:75 - [STDERR_REDIRECT] [Fatal Error] :1:1: Premature end of file.
2026-03-29 20:55:56,023 [ERROR] LogOutputStream:75 - [STDERR_REDIRECT] 
2026-03-29 20:55:57,043 [ERROR] LogOutputStream:75 - [STDERR_REDIRECT] [Fatal Error] :1:1: Premature end of file.
2026-03-29 20:55:57,043 [ERROR] LogOutputStream:75 - [STDERR_REDIRECT] 
2026-03-29 20:55:58,042 [ERROR] LogOutputStream:75 - [STDERR_REDIRECT] [Fatal Error] :1:1: Premature end of file.
2026-03-29 20:55:58,042 [ERROR] LogOutputStream:75 - [STDERR_REDIRECT] 
2026-03-29 20:55:59,026 [ERROR] LogOutputStream:75 - [STDERR_REDIRECT] [Fatal Error] :1:1: Premature end of file.
2026-03-29 20:55:59,026 [ERROR] LogOutputStream:75 - [STDERR_REDIRECT] 
2026-03-29 20:56:00,035 [ERROR] LogOutputStream:75 - [STDERR_REDIRECT] [Fatal Error] :1:1: Premature end of file.
2026-03-29 20:56:00,035 [ERROR] LogOutputStream:75 - [STDERR_REDIRECT] 
2026-03-29 20:56:01,042 [ERROR] LogOutputStream:75 - [STDERR_REDIRECT] [Fatal Error] :1:1: Premature end of file.
2026-03-29 20:56:01,042 [ERROR] LogOutputStream:75 - [STDERR_REDIRECT] 
2026-03-29 20:56:02,040 [ERROR] LogOutputStream:75 - [STDERR_REDIRECT] [Fatal Error] :1:1: Premature end of file.
2026-03-29 20:56:02,040 [ERROR] LogOutputStream:75 - [STDERR_REDIRECT] 
2026-03-29 20:56:03,032 [ERROR] LogOutputStream:75 - [STDERR_REDIRECT] [Fatal Error] :1:1: Premature end of file.
2026-03-29 20:56:03,032 [ERROR] LogOutputStream:75 - [STDERR_REDIRECT] 
2026-03-29 20:56:04,032 [ERROR] LogOutputStream:75 - [STDERR_REDIRECT] [Fatal Error] :1:1: Premature end of file.
2026-03-29 20:56:04,033 [ERROR] LogOutputStream:75 - [STDERR_REDIRECT] 
2026-03-29 20:56:05,035 [ERROR] LogOutputStream:75 - [STDERR_REDIRECT] [Fatal Error] :1:1: Premature end of file.
2026-03-29 20:56:05,035 [ERROR] LogOutputStream:75 - [STDERR_REDIRECT] 
2026-03-29 20:56:06,041 [ERROR] LogOutputStream:75 - [STDERR_REDIRECT] [Fatal Error] :1:1: Premature end of file.
2026-03-29 20:56:06,041 [ERROR] LogOutputStream:75 - [STDERR_REDIRECT] 
2026-03-29 20:56:07,041 [ERROR] LogOutputStream:75 - [STDERR_REDIRECT] [Fatal Error] :1:1: Premature end of file.
2026-03-29 20:56:07,041 [ERROR] LogOutputStream:75 - [STDERR_REDIRECT] 
2026-03-29 20:56:08,039 [ERROR] LogOutputStream:75 - [STDERR_REDIRECT] [Fatal Error] :1:1: Premature end of file.
2026-03-29 20:56:08,040 [ERROR] LogOutputStream:75 - [STDERR_REDIRECT] 
2026-03-29 20:56:09,037 [ERROR] LogOutputStream:75 - [STDERR_REDIRECT] [Fatal Error] :1:1: Premature end of file.
2026-03-29 20:56:09,038 [ERROR] LogOutputStream:75 - [STDERR_REDIRECT] 
2026-03-29 20:56:10,033 [ERROR] LogOutputStream:75 - [STDERR_REDIRECT] [Fatal Error] :1:1: Premature end of file.
2026-03-29 20:56:10,033 [ERROR] LogOutputStream:75 - [STDERR_REDIRECT] 
2026-03-29 20:56:11,042 [ERROR] LogOutputStream:75 - [STDERR_REDIRECT] [Fatal Error] :1:1: Premature end of file.
2026-03-29 20:56:11,042 [ERROR] LogOutputStream:75 - [STDERR_REDIRECT] 
2026-03-29 20:56:12,043 [ERROR] LogOutputStream:75 - [STDERR_REDIRECT] [Fatal Error] :1:1: Premature end of file.
2026-03-29 20:56:12,043 [ERROR] LogOutputStream:75 - [STDERR_REDIRECT] 
2026-03-29 20:56:13,042 [ERROR] LogOutputStream:75 - [STDERR_REDIRECT] [Fatal Error] :1:1: Premature end of file.
2026-03-29 20:56:13,042 [ERROR] LogOutputStream:75 - [STDERR_REDIRECT] 
2026-03-29 20:56:14,018 [ERROR] LogOutputStream:75 - [STDERR_REDIRECT] [Fatal Error] :1:1: Premature end of file.
2026-03-29 20:56:14,018 [ERROR] LogOutputStream:75 - [STDERR_REDIRECT] 
2026-03-29 20:56:15,045 [ERROR] LogOutputStream:75 - [STDERR_REDIRECT] [Fatal Error] :1:1: Premature end of file.
2026-03-29 20:56:15,045 [ERROR] LogOutputStream:75 - [STDERR_REDIRECT] 
2026-03-29 20:56:16,042 [ERROR] LogOutputStream:75 - [STDERR_REDIRECT] [Fatal Error] :1:1: Premature end of file.
2026-03-29 20:56:16,042 [ERROR] LogOutputStream:75 - [STDERR_REDIRECT] 
2026-03-29 20:56:17,039 [ERROR] LogOutputStream:75 - [STDERR_REDIRECT] [Fatal Error] :1:1: Premature end of file.
2026-03-29 20:56:17,039 [ERROR] LogOutputStream:75 - [STDERR_REDIRECT] 
2026-03-29 20:56:18,032 [ERROR] LogOutputStream:75 - [STDERR_REDIRECT] [Fatal Error] :1:1: Premature end of file.
2026-03-29 20:56:18,032 [ERROR] LogOutputStream:75 - [STDERR_REDIRECT] 
2026-03-29 20:56:19,038 [ERROR] LogOutputStream:75 - [STDERR_REDIRECT] [Fatal Error] :1:1: Premature end of file.
2026-03-29 20:56:19,038 [ERROR] LogOutputStream:75 - [STDERR_REDIRECT] 
2026-03-29 20:56:20,040 [ERROR] LogOutputStream:75 - [STDERR_REDIRECT] [Fatal Error] :1:1: Premature end of file.
2026-03-29 20:56:20,040 [ERROR] LogOutputStream:75 - [STDERR_REDIRECT] 
2026-03-29 20:56:21,044 [ERROR] LogOutputStream:75 - [STDERR_REDIRECT] [Fatal Error] :1:1: Premature end of file.
2026-03-29 20:56:21,044 [ERROR] LogOutputStream:75 - [STDERR_REDIRECT] 
2026-03-29 20:56:22,037 [ERROR] LogOutputStream:75 - [STDERR_REDIRECT] [Fatal Error] :1:1: Premature end of file.
2026-03-29 20:56:22,037 [ERROR] LogOutputStream:75 - [STDERR_REDIRECT] 
2026-03-29 20:56:23,037 [ERROR] LogOutputStream:75 - [STDERR_REDIRECT] [Fatal Error] :1:1: Premature end of file.
2026-03-29 20:56:23,038 [ERROR] LogOutputStream:75 - [STDERR_REDIRECT] 
2026-03-29 20:56:24,031 [ERROR] LogOutputStream:75 - [STDERR_REDIRECT] [Fatal Error] :1:1: Premature end of file.
2026-03-29 20:56:24,031 [ERROR] LogOutputStream:75 - [STDERR_REDIRECT] 
2026-03-29 20:56:25,046 [ERROR] LogOutputStream:75 - [STDERR_REDIRECT] [Fatal Error] :1:1: Premature end of file.
2026-03-29 20:56:25,046 [ERROR] LogOutputStream:75 - [STDERR_REDIRECT] 
2026-03-29 20:56:26,043 [ERROR] LogOutputStream:75 - [STDERR_REDIRECT] [Fatal Error] :1:1: Premature end of file.
2026-03-29 20:56:26,043 [ERROR] LogOutputStream:75 - [STDERR_REDIRECT] 
2026-03-29 20:56:27,036 [ERROR] LogOutputStream:75 - [STDERR_REDIRECT] [Fatal Error] :1:1: Premature end of file.
2026-03-29 20:56:27,037 [ERROR] LogOutputStream:75 - [STDERR_REDIRECT] 
2026-03-29 20:56:28,044 [ERROR] LogOutputStream:75 - [STDERR_REDIRECT] [Fatal Error] :1:1: Premature end of file.
2026-03-29 20:56:28,044 [ERROR] LogOutputStream:75 - [STDERR_REDIRECT] 
2026-03-29 20:56:29,043 [ERROR] LogOutputStream:75 - [STDERR_REDIRECT] [Fatal Error] :1:1: Premature end of file.
2026-03-29 20:56:29,043 [ERROR] LogOutputStream:75 - [STDERR_REDIRECT] 
2026-03-29 20:56:30,037 [ERROR] LogOutputStream:75 - [STDERR_REDIRECT] [Fatal Error] :1:1: Premature end of file.
2026-03-29 20:56:30,037 [ERROR] LogOutputStream:75 - [STDERR_REDIRECT] 
2026-03-29 20:56:31,046 [ERROR] LogOutputStream:75 - [STDERR_REDIRECT] [Fatal Error] :1:1: Premature end of file.
2026-03-29 20:56:31,046 [ERROR] LogOutputStream:75 - [STDERR_REDIRECT] 
2026-03-29 20:56:32,029 [ERROR] LogOutputStream:75 - [STDERR_REDIRECT] [Fatal Error] :1:1: Premature end of file.
2026-03-29 20:56:32,030 [ERROR] LogOutputStream:75 - [STDERR_REDIRECT] 
2026-03-29 20:56:33,034 [ERROR] LogOutputStream:75 - [STDERR_REDIRECT] [Fatal Error] :1:1: Premature end of file.
2026-03-29 20:56:33,034 [ERROR] LogOutputStream:75 - [STDERR_REDIRECT] 
2026-03-29 20:56:34,077 [ERROR] LogOutputStream:75 - [STDERR_REDIRECT] [Fatal Error] :1:1: Premature end of file.
2026-03-29 20:56:34,077 [ERROR] LogOutputStream:75 - [STDERR_REDIRECT] 
2026-03-29 20:56:35,041 [ERROR] LogOutputStream:75 - [STDERR_REDIRECT] [Fatal Error] :1:1: Premature end of file.
2026-03-29 20:56:35,041 [ERROR] LogOutputStream:75 - [STDERR_REDIRECT] 
2026-03-29 20:56:36,030 [ERROR] LogOutputStream:75 - [STDERR_REDIRECT] [Fatal Error] :1:1: Premature end of file.
2026-03-29 20:56:36,030 [ERROR] LogOutputStream:75 - [STDERR_REDIRECT] 
2026-03-29 20:56:37,034 [ERROR] LogOutputStream:75 - [STDERR_REDIRECT] [Fatal Error] :1:1: Premature end of file.
2026-03-29 20:56:37,034 [ERROR] LogOutputStream:75 - [STDERR_REDIRECT] 
2026-03-29 20:56:38,047 [ERROR] LogOutputStream:75 - [STDERR_REDIRECT] [Fatal Error] :1:1: Premature end of file.
2026-03-29 20:56:38,047 [ERROR] LogOutputStream:75 - [STDERR_REDIRECT] 
2026-03-29 20:56:39,042 [ERROR] LogOutputStream:75 - [STDERR_REDIRECT] [Fatal Error] :1:1: Premature end of file.
2026-03-29 20:56:39,042 [ERROR] LogOutputStream:75 - [STDERR_REDIRECT] 
2026-03-29 20:56:40,043 [ERROR] LogOutputStream:75 - [STDERR_REDIRECT] [Fatal Error] :1:1: Premature end of file.
2026-03-29 20:56:40,044 [ERROR] LogOutputStream:75 - [STDERR_REDIRECT] 
2026-03-29 20:56:41,044 [ERROR] LogOutputStream:75 - [STDERR_REDIRECT] [Fatal Error] :1:1: Premature end of file.
2026-03-29 20:56:41,044 [ERROR] LogOutputStream:75 - [STDERR_REDIRECT] 
2026-03-29 20:56:42,030 [ERROR] LogOutputStream:75 - [STDERR_REDIRECT] [Fatal Error] :1:1: Premature end of file.
2026-03-29 20:56:42,030 [ERROR] LogOutputStream:75 - [STDERR_REDIRECT] 
2026-03-29 20:56:43,033 [ERROR] LogOutputStream:75 - [STDERR_REDIRECT] [Fatal Error] :1:1: Premature end of file.
2026-03-29 20:56:43,033 [ERROR] LogOutputStream:75 - [STDERR_REDIRECT] 
2026-03-29 20:56:44,035 [ERROR] LogOutputStream:75 - [STDERR_REDIRECT] [Fatal Error] :1:1: Premature end of file.
2026-03-29 20:56:44,035 [ERROR] LogOutputStream:75 - [STDERR_REDIRECT] 
2026-03-29 20:56:45,039 [ERROR] LogOutputStream:75 - [STDERR_REDIRECT] [Fatal Error] :1:1: Premature end of file.
2026-03-29 20:56:45,039 [ERROR] LogOutputStream:75 - [STDERR_REDIRECT] 
2026-03-29 20:56:46,037 [ERROR] LogOutputStream:75 - [STDERR_REDIRECT] [Fatal Error] :1:1: Premature end of file.
2026-03-29 20:56:46,038 [ERROR] LogOutputStream:75 - [STDERR_REDIRECT] 
2026-03-29 20:56:47,044 [ERROR] LogOutputStream:75 - [STDERR_REDIRECT] [Fatal Error] :1:1: Premature end of file.
2026-03-29 20:56:47,045 [ERROR] LogOutputStream:75 - [STDERR_REDIRECT] 
2026-03-29 20:56:48,038 [ERROR] LogOutputStream:75 - [STDERR_REDIRECT] [Fatal Error] :1:1: Premature end of file.
2026-03-29 20:56:48,038 [ERROR] LogOutputStream:75 - [STDERR_REDIRECT] 
2026-03-29 20:56:49,039 [ERROR] LogOutputStream:75 - [STDERR_REDIRECT] [Fatal Error] :1:1: Premature end of file.
2026-03-29 20:56:49,039 [ERROR] LogOutputStream:75 - [STDERR_REDIRECT] 
2026-03-29 20:56:50,039 [ERROR] LogOutputStream:75 - [STDERR_REDIRECT] [Fatal Error] :1:1: Premature end of file.
2026-03-29 20:56:50,040 [ERROR] LogOutputStream:75 - [STDERR_REDIRECT] 
2026-03-29 20:56:51,039 [ERROR] LogOutputStream:75 - [STDERR_REDIRECT] [Fatal Error] :1:1: Premature end of file.
2026-03-29 20:56:51,039 [ERROR] LogOutputStream:75 - [STDERR_REDIRECT] 
2026-03-29 20:56:52,041 [ERROR] LogOutputStream:75 - [STDERR_REDIRECT] [Fatal Error] :1:1: Premature end of file.
2026-03-29 20:56:52,042 [ERROR] LogOutputStream:75 - [STDERR_REDIRECT] 
2026-03-29 20:56:53,035 [ERROR] LogOutputStream:75 - [STDERR_REDIRECT] [Fatal Error] :1:1: Premature end of file.
2026-03-29 20:56:53,035 [ERROR] LogOutputStream:75 - [STDERR_REDIRECT] 
2026-03-29 20:56:54,038 [ERROR] LogOutputStream:75 - [STDERR_REDIRECT] [Fatal Error] :1:1: Premature end of file.
2026-03-29 20:56:54,038 [ERROR] LogOutputStream:75 - [STDERR_REDIRECT] 
2026-03-29 20:56:55,042 [ERROR] LogOutputStream:75 - [STDERR_REDIRECT] [Fatal Error] :1:1: Premature end of file.
2026-03-29 20:56:55,042 [ERROR] LogOutputStream:75 - [STDERR_REDIRECT] 
2026-03-29 20:56:56,037 [ERROR] LogOutputStream:75 - [STDERR_REDIRECT] [Fatal Error] :1:1: Premature end of file.
2026-03-29 20:56:56,037 [ERROR] LogOutputStream:75 - [STDERR_REDIRECT] 
2026-03-29 20:56:57,034 [ERROR] LogOutputStream:75 - [STDERR_REDIRECT] [Fatal Error] :1:1: Premature end of file.
2026-03-29 20:56:57,034 [ERROR] LogOutputStream:75 - [STDERR_REDIRECT] 
2026-03-29 20:56:58,042 [ERROR] LogOutputStream:75 - [STDERR_REDIRECT] [Fatal Error] :1:1: Premature end of file.
2026-03-29 20:56:58,042 [ERROR] LogOutputStream:75 - [STDERR_REDIRECT] 
2026-03-29 20:56:59,043 [ERROR] LogOutputStream:75 - [STDERR_REDIRECT] [Fatal Error] :1:1: Premature end of file.
2026-03-29 20:56:59,043 [ERROR] LogOutputStream:75 - [STDERR_REDIRECT] 
2026-03-29 20:57:00,044 [ERROR] LogOutputStream:75 - [STDERR_REDIRECT] [Fatal Error] :1:1: Premature end of file.
2026-03-29 20:57:00,045 [ERROR] LogOutputStream:75 - [STDERR_REDIRECT] 
2026-03-29 20:57:01,043 [ERROR] LogOutputStream:75 - [STDERR_REDIRECT] [Fatal Error] :1:1: Premature end of file.
2026-03-29 20:57:01,043 [ERROR] LogOutputStream:75 - [STDERR_REDIRECT] 
2026-03-29 20:57:02,042 [ERROR] LogOutputStream:75 - [STDERR_REDIRECT] [Fatal Error] :1:1: Premature end of file.
2026-03-29 20:57:02,042 [ERROR] LogOutputStream:75 - [STDERR_REDIRECT] 
2026-03-29 20:57:03,041 [ERROR] LogOutputStream:75 - [STDERR_REDIRECT] [Fatal Error] :1:1: Premature end of file.
2026-03-29 20:57:03,041 [ERROR] LogOutputStream:75 - [STDERR_REDIRECT] 
2026-03-29 20:57:04,035 [ERROR] LogOutputStream:75 - [STDERR_REDIRECT] [Fatal Error] :1:1: Premature end of file.
2026-03-29 20:57:04,035 [ERROR] LogOutputStream:75 - [STDERR_REDIRECT] 
2026-03-29 20:57:05,039 [ERROR] LogOutputStream:75 - [STDERR_REDIRECT] [Fatal Error] :1:1: Premature end of file.
2026-03-29 20:57:05,040 [ERROR] LogOutputStream:75 - [STDERR_REDIRECT] 
2026-03-29 20:57:06,043 [ERROR] LogOutputStream:75 - [STDERR_REDIRECT] [Fatal Error] :1:1: Premature end of file.
2026-03-29 20:57:06,043 [ERROR] LogOutputStream:75 - [STDERR_REDIRECT] 
2026-03-29 20:57:07,033 [ERROR] LogOutputStream:75 - [STDERR_REDIRECT] [Fatal Error] :1:1: Premature end of file.
2026-03-29 20:57:07,033 [ERROR] LogOutputStream:75 - [STDERR_REDIRECT] 
2026-03-29 20:57:08,042 [ERROR] LogOutputStream:75 - [STDERR_REDIRECT] [Fatal Error] :1:1: Premature end of file.
2026-03-29 20:57:08,043 [ERROR] LogOutputStream:75 - [STDERR_REDIRECT] 
2026-03-29 20:57:09,038 [ERROR] LogOutputStream:75 - [STDERR_REDIRECT] [Fatal Error] :1:1: Premature end of file.
2026-03-29 20:57:09,038 [ERROR] LogOutputStream:75 - [STDERR_REDIRECT] 
2026-03-29 20:57:10,042 [ERROR] LogOutputStream:75 - [STDERR_REDIRECT] [Fatal Error] :1:1: Premature end of file.
2026-03-29 20:57:10,042 [ERROR] LogOutputStream:75 - [STDERR_REDIRECT] 
2026-03-29 20:57:11,033 [ERROR] LogOutputStream:75 - [STDERR_REDIRECT] [Fatal Error] :1:1: Premature end of file.
2026-03-29 20:57:11,033 [ERROR] LogOutputStream:75 - [STDERR_REDIRECT] 
2026-03-29 20:57:12,038 [ERROR] LogOutputStream:75 - [STDERR_REDIRECT] [Fatal Error] :1:1: Premature end of file.
2026-03-29 20:57:12,038 [ERROR] LogOutputStream:75 - [STDERR_REDIRECT] 
2026-03-29 20:57:13,040 [ERROR] LogOutputStream:75 - [STDERR_REDIRECT] [Fatal Error] :1:1: Premature end of file.
2026-03-29 20:57:13,040 [ERROR] LogOutputStream:75 - [STDERR_REDIRECT] 
2026-03-29 20:57:14,043 [ERROR] LogOutputStream:75 - [STDERR_REDIRECT] [Fatal Error] :1:1: Premature end of file.
2026-03-29 20:57:14,043 [ERROR] LogOutputStream:75 - [STDERR_REDIRECT] 
2026-03-29 20:57:15,039 [ERROR] LogOutputStream:75 - [STDERR_REDIRECT] [Fatal Error] :1:1: Premature end of file.
2026-03-29 20:57:15,039 [ERROR] LogOutputStream:75 - [STDERR_REDIRECT] 
2026-03-29 20:57:16,040 [ERROR] LogOutputStream:75 - [STDERR_REDIRECT] [Fatal Error] :1:1: Premature end of file.
2026-03-29 20:57:16,040 [ERROR] LogOutputStream:75 - [STDERR_REDIRECT] 
2026-03-29 20:57:17,038 [ERROR] LogOutputStream:75 - [STDERR_REDIRECT] [Fatal Error] :1:1: Premature end of file.
2026-03-29 20:57:17,038 [ERROR] LogOutputStream:75 - [STDERR_REDIRECT] 
2026-03-29 20:57:18,041 [ERROR] LogOutputStream:75 - [STDERR_REDIRECT] [Fatal Error] :1:1: Premature end of file.
2026-03-29 20:57:18,042 [ERROR] LogOutputStream:75 - [STDERR_REDIRECT] 
2026-03-29 20:57:19,038 [ERROR] LogOutputStream:75 - [STDERR_REDIRECT] [Fatal Error] :1:1: Premature end of file.
2026-03-29 20:57:19,038 [ERROR] LogOutputStream:75 - [STDERR_REDIRECT] 
2026-03-29 20:57:20,039 [ERROR] LogOutputStream:75 - [STDERR_REDIRECT] [Fatal Error] :1:1: Premature end of file.
2026-03-29 20:57:20,039 [ERROR] LogOutputStream:75 - [STDERR_REDIRECT] 
2026-03-29 20:57:21,044 [ERROR] LogOutputStream:75 - [STDERR_REDIRECT] [Fatal Error] :1:1: Premature end of file.
2026-03-29 20:57:21,044 [ERROR] LogOutputStream:75 - [STDERR_REDIRECT] 
2026-03-29 20:57:22,031 [ERROR] LogOutputStream:75 - [STDERR_REDIRECT] [Fatal Error] :1:1: Premature end of file.
2026-03-29 20:57:22,031 [ERROR] LogOutputStream:75 - [STDERR_REDIRECT] 
2026-03-29 20:57:23,030 [ERROR] LogOutputStream:75 - [STDERR_REDIRECT] [Fatal Error] :1:1: Premature end of file.
2026-03-29 20:57:23,030 [ERROR] LogOutputStream:75 - [STDERR_REDIRECT] 
2026-03-29 20:57:24,037 [ERROR] LogOutputStream:75 - [STDERR_REDIRECT] [Fatal Error] :1:1: Premature end of file.
2026-03-29 20:57:24,038 [ERROR] LogOutputStream:75 - [STDERR_REDIRECT] 
2026-03-29 20:57:25,041 [ERROR] LogOutputStream:75 - [STDERR_REDIRECT] [Fatal Error] :1:1: Premature end of file.
2026-03-29 20:57:25,041 [ERROR] LogOutputStream:75 - [STDERR_REDIRECT] 
2026-03-29 20:57:26,037 [ERROR] LogOutputStream:75 - [STDERR_REDIRECT] [Fatal Error] :1:1: Premature end of file.
2026-03-29 20:57:26,037 [ERROR] LogOutputStream:75 - [STDERR_REDIRECT] 
2026-03-29 20:57:27,025 [ERROR] LogOutputStream:75 - [STDERR_REDIRECT] [Fatal Error] :1:1: Premature end of file.
2026-03-29 20:57:27,025 [ERROR] LogOutputStream:75 - [STDERR_REDIRECT] 
2026-03-29 20:57:28,037 [ERROR] LogOutputStream:75 - [STDERR_REDIRECT] [Fatal Error] :1:1: Premature end of file.
2026-03-29 20:57:28,037 [ERROR] LogOutputStream:75 - [STDERR_REDIRECT] 
2026-03-29 20:57:29,039 [ERROR] LogOutputStream:75 - [STDERR_REDIRECT] [Fatal Error] :1:1: Premature end of file.
2026-03-29 20:57:29,039 [ERROR] LogOutputStream:75 - [STDERR_REDIRECT] 
2026-03-29 20:57:30,039 [ERROR] LogOutputStream:75 - [STDERR_REDIRECT] [Fatal Error] :1:1: Premature end of file.
2026-03-29 20:57:30,039 [ERROR] LogOutputStream:75 - [STDERR_REDIRECT] 
2026-03-29 20:57:31,037 [ERROR] LogOutputStream:75 - [STDERR_REDIRECT] [Fatal Error] :1:1: Premature end of file.
2026-03-29 20:57:31,037 [ERROR] LogOutputStream:75 - [STDERR_REDIRECT] 
2026-03-29 20:57:32,038 [ERROR] LogOutputStream:75 - [STDERR_REDIRECT] [Fatal Error] :1:1: Premature end of file.
2026-03-29 20:57:32,038 [ERROR] LogOutputStream:75 - [STDERR_REDIRECT] 
2026-03-29 20:57:33,031 [ERROR] LogOutputStream:75 - [STDERR_REDIRECT] [Fatal Error] :1:1: Premature end of file.
2026-03-29 20:57:33,031 [ERROR] LogOutputStream:75 - [STDERR_REDIRECT] 
2026-03-29 20:57:34,041 [ERROR] LogOutputStream:75 - [STDERR_REDIRECT] [Fatal Error] :1:1: Premature end of file.
2026-03-29 20:57:34,041 [ERROR] LogOutputStream:75 - [STDERR_REDIRECT] 
2026-03-29 20:57:35,039 [ERROR] LogOutputStream:75 - [STDERR_REDIRECT] [Fatal Error] :1:1: Premature end of file.
2026-03-29 20:57:35,039 [ERROR] LogOutputStream:75 - [STDERR_REDIRECT] 
2026-03-29 20:57:36,038 [ERROR] LogOutputStream:75 - [STDERR_REDIRECT] [Fatal Error] :1:1: Premature end of file.
2026-03-29 20:57:36,039 [ERROR] LogOutputStream:75 - [STDERR_REDIRECT] 
2026-03-29 20:57:37,040 [ERROR] LogOutputStream:75 - [STDERR_REDIRECT] [Fatal Error] :1:1: Premature end of file.
2026-03-29 20:57:37,040 [ERROR] LogOutputStream:75 - [STDERR_REDIRECT] 
2026-03-29 20:57:38,034 [ERROR] LogOutputStream:75 - [STDERR_REDIRECT] [Fatal Error] :1:1: Premature end of file.
2026-03-29 20:57:38,034 [ERROR] LogOutputStream:75 - [STDERR_REDIRECT] 
2026-03-29 20:57:39,032 [ERROR] LogOutputStream:75 - [STDERR_REDIRECT] [Fatal Error] :1:1: Premature end of file.
2026-03-29 20:57:39,032 [ERROR] LogOutputStream:75 - [STDERR_REDIRECT] 
2026-03-29 20:57:40,038 [ERROR] LogOutputStream:75 - [STDERR_REDIRECT] [Fatal Error] :1:1: Premature end of file.
2026-03-29 20:57:40,038 [ERROR] LogOutputStream:75 - [STDERR_REDIRECT] 
2026-03-29 20:57:41,029 [ERROR] LogOutputStream:75 - [STDERR_REDIRECT] [Fatal Error] :1:1: Premature end of file.
2026-03-29 20:57:41,030 [ERROR] LogOutputStream:75 - [STDERR_REDIRECT] 
2026-03-29 20:57:42,032 [ERROR] LogOutputStream:75 - [STDERR_REDIRECT] [Fatal Error] :1:1: Premature end of file.
2026-03-29 20:57:42,033 [ERROR] LogOutputStream:75 - [STDERR_REDIRECT] 
2026-03-29 20:57:43,035 [ERROR] LogOutputStream:75 - [STDERR_REDIRECT] [Fatal Error] :1:1: Premature end of file.
2026-03-29 20:57:43,035 [ERROR] LogOutputStream:75 - [STDERR_REDIRECT] 
2026-03-29 20:57:44,034 [ERROR] LogOutputStream:75 - [STDERR_REDIRECT] [Fatal Error] :1:1: Premature end of file.
2026-03-29 20:57:44,035 [ERROR] LogOutputStream:75 - [STDERR_REDIRECT] 
2026-03-29 20:57:45,036 [ERROR] LogOutputStream:75 - [STDERR_REDIRECT] [Fatal Error] :1:1: Premature end of file.
2026-03-29 20:57:45,036 [ERROR] LogOutputStream:75 - [STDERR_REDIRECT] 
2026-03-29 20:57:46,035 [ERROR] LogOutputStream:75 - [STDERR_REDIRECT] [Fatal Error] :1:1: Premature end of file.
2026-03-29 20:57:46,035 [ERROR] LogOutputStream:75 - [STDERR_REDIRECT] 
2026-03-29 20:57:47,041 [ERROR] LogOutputStream:75 - [STDERR_REDIRECT] [Fatal Error] :1:1: Premature end of file.
2026-03-29 20:57:47,042 [ERROR] LogOutputStream:75 - [STDERR_REDIRECT] 
2026-03-29 20:57:48,037 [ERROR] LogOutputStream:75 - [STDERR_REDIRECT] [Fatal Error] :1:1: Premature end of file.
2026-03-29 20:57:48,037 [ERROR] LogOutputStream:75 - [STDERR_REDIRECT] 
2026-03-29 20:57:49,039 [ERROR] LogOutputStream:75 - [STDERR_REDIRECT] [Fatal Error] :1:1: Premature end of file.
2026-03-29 20:57:49,039 [ERROR] LogOutputStream:75 - [STDERR_REDIRECT] 
2026-03-29 20:57:50,028 [ERROR] LogOutputStream:75 - [STDERR_REDIRECT] [Fatal Error] :1:1: Premature end of file.
2026-03-29 20:57:50,028 [ERROR] LogOutputStream:75 - [STDERR_REDIRECT] 
2026-03-29 20:57:51,041 [ERROR] LogOutputStream:75 - [STDERR_REDIRECT] [Fatal Error] :1:1: Premature end of file.
2026-03-29 20:57:51,041 [ERROR] LogOutputStream:75 - [STDERR_REDIRECT] 
2026-03-29 20:57:52,040 [ERROR] LogOutputStream:75 - [STDERR_REDIRECT] [Fatal Error] :1:1: Premature end of file.
2026-03-29 20:57:52,041 [ERROR] LogOutputStream:75 - [STDERR_REDIRECT] 
2026-03-29 20:57:53,042 [ERROR] LogOutputStream:75 - [STDERR_REDIRECT] [Fatal Error] :1:1: Premature end of file.
2026-03-29 20:57:53,042 [ERROR] LogOutputStream:75 - [STDERR_REDIRECT] 
2026-03-29 20:57:54,036 [ERROR] LogOutputStream:75 - [STDERR_REDIRECT] [Fatal Error] :1:1: Premature end of file.
2026-03-29 20:57:54,036 [ERROR] LogOutputStream:75 - [STDERR_REDIRECT] 
2026-03-29 20:57:55,043 [ERROR] LogOutputStream:75 - [STDERR_REDIRECT] [Fatal Error] :1:1: Premature end of file.
2026-03-29 20:57:55,043 [ERROR] LogOutputStream:75 - [STDERR_REDIRECT] 
2026-03-29 20:57:56,032 [ERROR] LogOutputStream:75 - [STDERR_REDIRECT] [Fatal Error] :1:1: Premature end of file.
2026-03-29 20:57:56,032 [ERROR] LogOutputStream:75 - [STDERR_REDIRECT] 
2026-03-29 20:57:57,039 [ERROR] LogOutputStream:75 - [STDERR_REDIRECT] [Fatal Error] :1:1: Premature end of file.
2026-03-29 20:57:57,039 [ERROR] LogOutputStream:75 - [STDERR_REDIRECT] 
2026-03-29 20:57:58,044 [ERROR] LogOutputStream:75 - [STDERR_REDIRECT] [Fatal Error] :1:1: Premature end of file.
2026-03-29 20:57:58,045 [ERROR] LogOutputStream:75 - [STDERR_REDIRECT] 
2026-03-29 20:57:59,034 [ERROR] LogOutputStream:75 - [STDERR_REDIRECT] [Fatal Error] :1:1: Premature end of file.
2026-03-29 20:57:59,034 [ERROR] LogOutputStream:75 - [STDERR_REDIRECT] 
2026-03-29 20:58:00,041 [ERROR] LogOutputStream:75 - [STDERR_REDIRECT] [Fatal Error] :1:1: Premature end of file.
2026-03-29 20:58:00,041 [ERROR] LogOutputStream:75 - [STDERR_REDIRECT] 
2026-03-29 20:58:01,037 [ERROR] LogOutputStream:75 - [STDERR_REDIRECT] [Fatal Error] :1:1: Premature end of file.
2026-03-29 20:58:01,037 [ERROR] LogOutputStream:75 - [STDERR_REDIRECT] 
2026-03-29 20:58:02,035 [ERROR] LogOutputStream:75 - [STDERR_REDIRECT] [Fatal Error] :1:1: Premature end of file.
2026-03-29 20:58:02,035 [ERROR] LogOutputStream:75 - [STDERR_REDIRECT] 
2026-03-29 20:58:03,031 [ERROR] LogOutputStream:75 - [STDERR_REDIRECT] [Fatal Error] :1:1: Premature end of file.
2026-03-29 20:58:03,032 [ERROR] LogOutputStream:75 - [STDERR_REDIRECT] 
2026-03-29 20:58:04,032 [ERROR] LogOutputStream:75 - [STDERR_REDIRECT] [Fatal Error] :1:1: Premature end of file.
2026-03-29 20:58:04,032 [ERROR] LogOutputStream:75 - [STDERR_REDIRECT] 
2026-03-29 20:58:05,039 [ERROR] LogOutputStream:75 - [STDERR_REDIRECT] [Fatal Error] :1:1: Premature end of file.
2026-03-29 20:58:05,039 [ERROR] LogOutputStream:75 - [STDERR_REDIRECT] 
2026-03-29 20:58:06,033 [ERROR] LogOutputStream:75 - [STDERR_REDIRECT] [Fatal Error] :1:1: Premature end of file.
2026-03-29 20:58:06,034 [ERROR] LogOutputStream:75 - [STDERR_REDIRECT] 
2026-03-29 20:58:07,024 [ERROR] LogOutputStream:75 - [STDERR_REDIRECT] [Fatal Error] :1:1: Premature end of file.
2026-03-29 20:58:07,024 [ERROR] LogOutputStream:75 - [STDERR_REDIRECT] 
2026-03-29 20:58:08,033 [ERROR] LogOutputStream:75 - [STDERR_REDIRECT] [Fatal Error] :1:1: Premature end of file.
2026-03-29 20:58:08,033 [ERROR] LogOutputStream:75 - [STDERR_REDIRECT] 
2026-03-29 20:58:09,039 [ERROR] LogOutputStream:75 - [STDERR_REDIRECT] [Fatal Error] :1:1: Premature end of file.
2026-03-29 20:58:09,039 [ERROR] LogOutputStream:75 - [STDERR_REDIRECT] 
2026-03-29 20:58:10,031 [ERROR] LogOutputStream:75 - [STDERR_REDIRECT] [Fatal Error] :1:1: Premature end of file.
2026-03-29 20:58:10,031 [ERROR] LogOutputStream:75 - [STDERR_REDIRECT] 
2026-03-29 20:58:11,042 [ERROR] LogOutputStream:75 - [STDERR_REDIRECT] [Fatal Error] :1:1: Premature end of file.
2026-03-29 20:58:11,042 [ERROR] LogOutputStream:75 - [STDERR_REDIRECT] 
2026-03-29 20:58:12,041 [ERROR] LogOutputStream:75 - [STDERR_REDIRECT] [Fatal Error] :1:1: Premature end of file.
2026-03-29 20:58:12,041 [ERROR] LogOutputStream:75 - [STDERR_REDIRECT] 
2026-03-29 20:58:13,031 [ERROR] LogOutputStream:75 - [STDERR_REDIRECT] [Fatal Error] :1:1: Premature end of file.
2026-03-29 20:58:13,031 [ERROR] LogOutputStream:75 - [STDERR_REDIRECT] 
2026-03-29 20:58:14,029 [ERROR] LogOutputStream:75 - [STDERR_REDIRECT] [Fatal Error] :1:1: Premature end of file.
2026-03-29 20:58:14,029 [ERROR] LogOutputStream:75 - [STDERR_REDIRECT] 
2026-03-29 20:58:15,026 [ERROR] LogOutputStream:75 - [STDERR_REDIRECT] [Fatal Error] :1:1: Premature end of file.
2026-03-29 20:58:15,026 [ERROR] LogOutputStream:75 - [STDERR_REDIRECT] 
2026-03-29 20:58:16,296 [ERROR] LogOutputStream:75 - [STDERR_REDIRECT] 
2026-03-29 20:58:16,297 [ERROR] LogOutputStream:75 - [STDERR_REDIRECT] 
