2026-03-29 19:45:17,174 [INFO] Activator:176 - 


2026-03-29 19:45:17,177 [INFO] Activator:177 - !SESSION log4j initialized
2026-03-29 19:45:20,125 [INFO] LogOutputStream:77 - [STDOUT_REDIRECT] 
2026-03-29 19:45:26,652 [INFO] ApplicationProperties:184 - Using Application install path: D:\05_Desarrollo_y_Codigo\03_Recursos_y_Config\CubeIDESTM32\STM32CubeIDE_1.19.0\STM32CubeIDE\plugins\com.st.stm32cube.common.mx_6.15.0.202507011659
2026-03-29 19:45:26,669 [INFO] DbMcusXml:78 - Set database path to: D:\05_Desarrollo_y_Codigo\03_Recursos_y_Config\CubeIDESTM32\STM32CubeIDE_1.19.0\STM32CubeIDE\plugins\com.st.stm32cube.common.mx_6.15.0.202507011659\\db\/mcu/
2026-03-29 19:45:26,670 [INFO] ApiDb:274 - Set plugin database path to: D:\05_Desarrollo_y_Codigo\03_Recursos_y_Config\CubeIDESTM32\STM32CubeIDE_1.19.0\STM32CubeIDE\plugins\com.st.stm32cube.common.mx_6.15.0.202507011659\\db\/plugins/boardmanager/
2026-03-29 19:45:26,670 [WARN] ApiDb:259 - Overriding images path with different value:  => D:\05_Desarrollo_y_Codigo\03_Recursos_y_Config\CubeIDESTM32\STM32CubeIDE_1.19.0\STM32CubeIDE\plugins\com.st.stm32cube.common.mx_6.15.0.202507011659\\db\/plugins/mcufinder/images/
2026-03-29 19:45:26,676 [INFO] ApiDb:250 - Set database path to: C:\Users\jaloz\.stmcufinder\plugins\mcufinder//mcu/
2026-03-29 19:45:26,678 [INFO] DbMcusAds:125 - Set database path to: C:\Users\jaloz\.stmcufinder\plugins\mcufinder//mcu/
2026-03-29 19:45:26,681 [INFO] CrossReferenceDbSqlite:203 - Set database path to: C:\Users\jaloz\.stmcufinder\plugins\mcufinder//mcu/cs/
2026-03-29 19:45:26,797 [INFO] RulesReader:64 - Compatibility file has been processed (317 Rules)
2026-03-29 19:45:26,901 [INFO] DbMcusXml:78 - Set database path to: D:\05_Desarrollo_y_Codigo\03_Recursos_y_Config\CubeIDESTM32\STM32CubeIDE_1.19.0\STM32CubeIDE\plugins\com.st.stm32cube.common.mx_6.15.0.202507011659\\db\/mcu/
2026-03-29 19:45:26,902 [INFO] ApiDb:274 - Set plugin database path to: D:\05_Desarrollo_y_Codigo\03_Recursos_y_Config\CubeIDESTM32\STM32CubeIDE_1.19.0\STM32CubeIDE\plugins\com.st.stm32cube.common.mx_6.15.0.202507011659\\db\/plugins/boardmanager/
2026-03-29 19:45:26,902 [INFO] ApiDb:261 - Set plugin images path to: D:\05_Desarrollo_y_Codigo\03_Recursos_y_Config\CubeIDESTM32\STM32CubeIDE_1.19.0\STM32CubeIDE\plugins\com.st.stm32cube.common.mx_6.15.0.202507011659\\db\/plugins/mcufinder/images/
2026-03-29 19:45:26,902 [WARN] DbFile:41 - Overriding database path with different value: C:\Users\jaloz\.stmcufinder\plugins\mcufinder/ => C:\Users\jaloz\.stmcufinder\plugins\mcufinder
2026-03-29 19:45:26,902 [INFO] ApiDb:250 - Set database path to: C:\Users\jaloz\.stmcufinder\plugins\mcufinder//mcu/
2026-03-29 19:45:26,902 [WARN] DbFile:41 - Overriding database path with different value: C:\Users\jaloz\.stmcufinder\plugins\mcufinder/ => C:\Users\jaloz\.stmcufinder\plugins\mcufinder
2026-03-29 19:45:26,902 [INFO] DbMcusAds:125 - Set database path to: C:\Users\jaloz\.stmcufinder\plugins\mcufinder//mcu/
2026-03-29 19:45:26,902 [WARN] DbFile:41 - Overriding database path with different value: C:\Users\jaloz\.stmcufinder\plugins\mcufinder/ => C:\Users\jaloz\.stmcufinder\plugins\mcufinder
2026-03-29 19:45:26,902 [WARN] DbFile:41 - Overriding database path with different value: C:\Users\jaloz\.stmcufinder\plugins\mcufinder/ => C:\Users\jaloz\.stmcufinder\plugins\mcufinder
2026-03-29 19:45:26,904 [INFO] CrossReferenceDbSqlite:203 - Set database path to: C:\Users\jaloz\.stmcufinder\plugins\mcufinder//mcu/cs/
2026-03-29 19:45:26,997 [INFO] MainPanel:274 - HeapMemory: 268435456
2026-03-29 19:45:27,065 [INFO] DbMcusXml:78 - Set database path to: D:\05_Desarrollo_y_Codigo\03_Recursos_y_Config\CubeIDESTM32\STM32CubeIDE_1.19.0\STM32CubeIDE\plugins\com.st.stm32cube.common.mx_6.15.0.202507011659\\db\/mcu/
2026-03-29 19:45:27,065 [INFO] ApiDb:274 - Set plugin database path to: D:\05_Desarrollo_y_Codigo\03_Recursos_y_Config\CubeIDESTM32\STM32CubeIDE_1.19.0\STM32CubeIDE\plugins\com.st.stm32cube.common.mx_6.15.0.202507011659\\db\/plugins/boardmanager/
2026-03-29 19:45:27,065 [INFO] ApiDb:261 - Set plugin images path to: D:\05_Desarrollo_y_Codigo\03_Recursos_y_Config\CubeIDESTM32\STM32CubeIDE_1.19.0\STM32CubeIDE\plugins\com.st.stm32cube.common.mx_6.15.0.202507011659\\db\/plugins/mcufinder/images/
2026-03-29 19:45:27,065 [WARN] DbFile:41 - Overriding database path with different value: C:\Users\jaloz\.stmcufinder\plugins\mcufinder/ => C:\Users\jaloz\.stmcufinder\plugins\mcufinder
2026-03-29 19:45:27,065 [INFO] ApiDb:250 - Set database path to: C:\Users\jaloz\.stmcufinder\plugins\mcufinder//mcu/
2026-03-29 19:45:27,065 [WARN] DbFile:41 - Overriding database path with different value: C:\Users\jaloz\.stmcufinder\plugins\mcufinder/ => C:\Users\jaloz\.stmcufinder\plugins\mcufinder
2026-03-29 19:45:27,065 [INFO] DbMcusAds:125 - Set database path to: C:\Users\jaloz\.stmcufinder\plugins\mcufinder//mcu/
2026-03-29 19:45:27,065 [WARN] DbFile:41 - Overriding database path with different value: C:\Users\jaloz\.stmcufinder\plugins\mcufinder/ => C:\Users\jaloz\.stmcufinder\plugins\mcufinder
2026-03-29 19:45:27,066 [WARN] DbFile:41 - Overriding database path with different value: C:\Users\jaloz\.stmcufinder\plugins\mcufinder/ => C:\Users\jaloz\.stmcufinder\plugins\mcufinder
2026-03-29 19:45:27,066 [INFO] CrossReferenceDbSqlite:203 - Set database path to: C:\Users\jaloz\.stmcufinder\plugins\mcufinder//mcu/cs/
2026-03-29 19:45:27,080 [INFO] ApplicationProperties:184 - Using Application install path: D:\05_Desarrollo_y_Codigo\03_Recursos_y_Config\CubeIDESTM32\STM32CubeIDE_1.19.0\STM32CubeIDE\plugins\com.st.stm32cube.common.mx_6.15.0.202507011659
2026-03-29 19:45:27,082 [INFO] PluginManage:196 - Search for loadable plugins [exclusion list=, ]
2026-03-29 19:45:27,083 [INFO] PluginManage:310 - Check plugin analytics
2026-03-29 19:45:32,233 [INFO] AnalyticsPlugin:253 - Accepted Software Licenses: 
2026-03-29 19:45:32,234 [INFO] AnalyticsPlugin:255 - Accepted CMSIS Pack Licenses: 
2026-03-29 19:45:32,234 [INFO] AnalyticsPlugin:257 - Accepted Firmware Licenses: FW.L4.1.18.0
2026-03-29 19:45:32,237 [INFO] PluginManage:359 - Loaded plugin analytics (category:tool,tabindex:-1)
2026-03-29 19:45:32,237 [INFO] PluginManage:310 - Check plugin cadmodel
2026-03-29 19:45:32,240 [INFO] CADModel:105 - Init CAD model plugin
2026-03-29 19:45:32,240 [INFO] PluginManage:359 - Loaded plugin cadmodel (category:power,tabindex:5)
2026-03-29 19:45:32,241 [INFO] PluginManage:310 - Check plugin clock
2026-03-29 19:45:32,247 [INFO] PluginManage:359 - Loaded plugin clock (category:base,tabindex:2)
2026-03-29 19:45:32,247 [INFO] PluginManage:310 - Check plugin ddr
2026-03-29 19:45:32,249 [INFO] PluginManage:359 - Loaded plugin ddr (category:tool,tabindex:6)
2026-03-29 19:45:32,249 [INFO] PluginManage:310 - Check plugin filemanager
2026-03-29 19:45:32,381 [INFO] PluginManage:359 - Loaded plugin filemanager (category:base,tabindex:10)
2026-03-29 19:45:32,381 [INFO] PluginManage:310 - Check plugin ipmanager
2026-03-29 19:45:32,389 [INFO] PluginManage:359 - Loaded plugin ipmanager (category:base,tabindex:5)
2026-03-29 19:45:32,389 [INFO] PluginManage:310 - Check plugin lpbam
2026-03-29 19:45:32,400 [INFO] PluginManage:359 - Loaded plugin lpbam (category:base,tabindex:0)
2026-03-29 19:45:32,400 [INFO] PluginManage:310 - Check plugin memorymap
2026-03-29 19:45:32,423 [INFO] PluginManage:359 - Loaded plugin memorymap (category:base,tabindex:4)
2026-03-29 19:45:32,423 [INFO] PluginManage:310 - Check plugin pinoutandconfiguration
2026-03-29 19:45:32,431 [INFO] PluginManage:359 - Loaded plugin pinoutandconfiguration (category:base,tabindex:1)
2026-03-29 19:45:32,431 [INFO] PluginManage:310 - Check plugin pinoutconfig
2026-03-29 19:45:32,535 [WARN] SupportedApi:132 - Cannot load RTOS API schema: s4s-elt-must-match.1: The content of 'definitions' must match (annotation?, (simpleType | complexType)?, (unique | key | keyref)*)). A problem was found starting at: attribute.
2026-03-29 19:45:32,678 [INFO] PluginManage:359 - Loaded plugin pinoutconfig (category:base,tabindex:0)
2026-03-29 19:45:32,678 [INFO] PluginManage:310 - Check plugin power
2026-03-29 19:45:32,685 [INFO] PluginManage:359 - Loaded plugin power (category:power,tabindex:4)
2026-03-29 19:45:32,685 [INFO] PluginManage:310 - Check plugin projectmanager
2026-03-29 19:45:32,724 [INFO] PluginManage:359 - Loaded plugin projectmanager (category:projectmanager,tabindex:4)
2026-03-29 19:45:32,724 [INFO] PluginManage:310 - Check plugin rif
2026-03-29 19:45:32,732 [INFO] PluginManage:359 - Loaded plugin rif (category:base,tabindex:3)
2026-03-29 19:45:32,733 [INFO] PluginManage:310 - Check plugin thirdparty
2026-03-29 19:45:32,888 [INFO] PluginManage:359 - Loaded plugin thirdparty (category:base,tabindex:-1)
2026-03-29 19:45:32,888 [WARN] IntegrityCheckThread:84 - waiting for thirdparty lock release [integrity check]
2026-03-29 19:45:32,888 [INFO] PluginManage:310 - Check plugin tools
2026-03-29 19:45:32,889 [INFO] IntegrityCheckThread:86 - entering critical section [integrity check]
2026-03-29 19:45:32,889 [INFO] ThirdPartyUpdaterWithRetryManager:70 - Updater plugin not ready yet. [1/15]
2026-03-29 19:45:32,891 [INFO] PluginManage:359 - Loaded plugin tools (category:base,tabindex:7)
2026-03-29 19:45:32,891 [INFO] PluginManage:310 - Check plugin tutovideos
2026-03-29 19:45:33,057 [INFO] PluginManage:359 - Loaded plugin tutovideos (category:base,tabindex:-1)
2026-03-29 19:45:33,057 [INFO] PluginManage:310 - Check plugin updater
2026-03-29 19:45:33,081 [INFO] PluginManage:359 - Loaded plugin updater (category:base,tabindex:12)
2026-03-29 19:45:33,081 [INFO] PluginManage:310 - Check plugin userauth
2026-03-29 19:45:33,084 [INFO] UserAuth:118 - Init User Auth plugin
2026-03-29 19:45:33,086 [INFO] PluginManage:359 - Loaded plugin userauth (category:base,tabindex:14)
2026-03-29 19:45:33,087 [INFO] PluginManage:283 - PluginManage : Loaded plugins [18]
2026-03-29 19:45:33,299 [INFO] PinOutPanel:1589 - setPackage(No Configuration,No Configuration)
2026-03-29 19:45:33,416 [INFO] CADModel:165 - CPN selected for project level
2026-03-29 19:45:33,416 [INFO] CADModel:114 - Register for checkConnection events
2026-03-29 19:45:33,432 [INFO] IPUIPlugin:80 - create IPUIPlugin
2026-03-29 19:45:33,432 [INFO] PluginManager:220 - loadIPPluginJar : add adc
2026-03-29 19:45:33,434 [INFO] IPUIPlugin:80 - create IPUIPlugin
2026-03-29 19:45:33,434 [INFO] PluginManager:220 - loadIPPluginJar : add aes
2026-03-29 19:45:33,438 [INFO] IPUIPlugin:80 - create IPUIPlugin
2026-03-29 19:45:33,438 [INFO] PluginManager:220 - loadIPPluginJar : add can
2026-03-29 19:45:33,440 [INFO] IPUIPlugin:80 - create IPUIPlugin
2026-03-29 19:45:33,440 [INFO] PluginManager:220 - loadIPPluginJar : add comp
2026-03-29 19:45:33,442 [INFO] IPUIPlugin:80 - create IPUIPlugin
2026-03-29 19:45:33,442 [INFO] PluginManager:220 - loadIPPluginJar : add cryp
2026-03-29 19:45:33,444 [INFO] IPUIPlugin:80 - create IPUIPlugin
2026-03-29 19:45:33,444 [INFO] PluginManager:220 - loadIPPluginJar : add ddr_ctrl_phy
2026-03-29 19:45:33,446 [INFO] IPUIPlugin:80 - create IPUIPlugin
2026-03-29 19:45:33,447 [INFO] PluginManager:220 - loadIPPluginJar : add dfsdm
2026-03-29 19:45:33,452 [INFO] IPUIPlugin:80 - create IPUIPlugin
2026-03-29 19:45:33,452 [INFO] PluginManager:220 - loadIPPluginJar : add dma
2026-03-29 19:45:33,455 [INFO] IPUIPlugin:80 - create IPUIPlugin
2026-03-29 19:45:33,455 [INFO] PluginManager:220 - loadIPPluginJar : add dma3
2026-03-29 19:45:33,457 [INFO] IPUIPlugin:80 - create IPUIPlugin
2026-03-29 19:45:33,457 [INFO] PluginManager:220 - loadIPPluginJar : add extmemmanager
2026-03-29 19:45:33,459 [INFO] IPUIPlugin:80 - create IPUIPlugin
2026-03-29 19:45:33,459 [INFO] PluginManager:220 - loadIPPluginJar : add fatfs
2026-03-29 19:45:33,465 [INFO] IPUIPlugin:80 - create IPUIPlugin
2026-03-29 19:45:33,465 [INFO] PluginManager:220 - loadIPPluginJar : add fmc
2026-03-29 19:45:33,473 [INFO] IPUIPlugin:80 - create IPUIPlugin
2026-03-29 19:45:33,474 [INFO] PluginManager:220 - loadIPPluginJar : add freertos
2026-03-29 19:45:33,476 [INFO] IPUIPlugin:80 - create IPUIPlugin
2026-03-29 19:45:33,476 [INFO] PluginManager:220 - loadIPPluginJar : add genericplugin
2026-03-29 19:45:33,479 [INFO] IPUIPlugin:80 - create IPUIPlugin
2026-03-29 19:45:33,480 [INFO] PluginManager:220 - loadIPPluginJar : add gfxmmu
2026-03-29 19:45:33,488 [INFO] IPUIPlugin:80 - create IPUIPlugin
2026-03-29 19:45:33,488 [INFO] PluginManager:220 - loadIPPluginJar : add gic
2026-03-29 19:45:33,495 [INFO] IPUIPlugin:80 - create IPUIPlugin
2026-03-29 19:45:33,495 [INFO] PluginManager:220 - loadIPPluginJar : add gpio
2026-03-29 19:45:33,499 [INFO] IPUIPlugin:80 - create IPUIPlugin
2026-03-29 19:45:33,499 [INFO] PluginManager:220 - loadIPPluginJar : add gtzc
2026-03-29 19:45:33,502 [INFO] IPUIPlugin:80 - create IPUIPlugin
2026-03-29 19:45:33,502 [INFO] PluginManager:220 - loadIPPluginJar : add hash
2026-03-29 19:45:33,507 [INFO] IPUIPlugin:80 - create IPUIPlugin
2026-03-29 19:45:33,508 [INFO] PluginManager:220 - loadIPPluginJar : add i2c
2026-03-29 19:45:33,512 [INFO] IPUIPlugin:80 - create IPUIPlugin
2026-03-29 19:45:33,513 [INFO] PluginManager:220 - loadIPPluginJar : add i2s
2026-03-29 19:45:33,518 [INFO] IPUIPlugin:80 - create IPUIPlugin
2026-03-29 19:45:33,518 [INFO] PluginManager:220 - loadIPPluginJar : add i3c
2026-03-29 19:45:33,523 [INFO] IPUIPlugin:80 - create IPUIPlugin
2026-03-29 19:45:33,523 [INFO] PluginManager:220 - loadIPPluginJar : add ipddr
2026-03-29 19:45:33,536 [INFO] IPUIPlugin:80 - create IPUIPlugin
2026-03-29 19:45:33,537 [INFO] PluginManager:220 - loadIPPluginJar : add linkedlist
2026-03-29 19:45:33,542 [INFO] IPUIPlugin:80 - create IPUIPlugin
2026-03-29 19:45:33,543 [INFO] PluginManager:220 - loadIPPluginJar : add lorawan
2026-03-29 19:45:33,549 [INFO] IPUIPlugin:80 - create IPUIPlugin
2026-03-29 19:45:33,550 [INFO] PluginManager:220 - loadIPPluginJar : add ltdc
2026-03-29 19:45:33,566 [INFO] IPUIPlugin:80 - create IPUIPlugin
2026-03-29 19:45:33,567 [INFO] PluginManager:220 - loadIPPluginJar : add mdma
2026-03-29 19:45:33,576 [INFO] IPUIPlugin:80 - create IPUIPlugin
2026-03-29 19:45:33,577 [INFO] PluginManager:220 - loadIPPluginJar : add nvic
2026-03-29 19:45:33,585 [INFO] IPUIPlugin:80 - create IPUIPlugin
2026-03-29 19:45:33,586 [INFO] PluginManager:220 - loadIPPluginJar : add opamp
2026-03-29 19:45:33,595 [INFO] IPUIPlugin:80 - create IPUIPlugin
2026-03-29 19:45:33,595 [INFO] PluginManager:220 - loadIPPluginJar : add openamp
2026-03-29 19:45:33,603 [INFO] IPUIPlugin:80 - create IPUIPlugin
2026-03-29 19:45:33,603 [INFO] PluginManager:220 - loadIPPluginJar : add pdm2pcm
2026-03-29 19:45:33,617 [INFO] IPUIPlugin:80 - create IPUIPlugin
2026-03-29 19:45:33,622 [INFO] PluginManager:220 - loadIPPluginJar : add plateformsettings
2026-03-29 19:45:33,624 [INFO] IPUIPlugin:80 - create IPUIPlugin
2026-03-29 19:45:33,625 [INFO] PluginManager:220 - loadIPPluginJar : add quadspi
2026-03-29 19:45:33,628 [INFO] IPUIPlugin:80 - create IPUIPlugin
2026-03-29 19:45:33,629 [INFO] PluginManager:220 - loadIPPluginJar : add radio
2026-03-29 19:45:33,632 [INFO] IPUIPlugin:80 - create IPUIPlugin
2026-03-29 19:45:33,633 [INFO] PluginManager:220 - loadIPPluginJar : add resmgrutility
2026-03-29 19:45:33,635 [INFO] IPUIPlugin:80 - create IPUIPlugin
2026-03-29 19:45:33,635 [INFO] PluginManager:220 - loadIPPluginJar : add sai
2026-03-29 19:45:33,639 [INFO] IPUIPlugin:80 - create IPUIPlugin
2026-03-29 19:45:33,640 [INFO] PluginManager:220 - loadIPPluginJar : add spi
2026-03-29 19:45:33,648 [INFO] IPUIPlugin:80 - create IPUIPlugin
2026-03-29 19:45:33,648 [INFO] PluginManager:220 - loadIPPluginJar : add stm32_wpan
2026-03-29 19:45:33,650 [INFO] IPUIPlugin:80 - create IPUIPlugin
2026-03-29 19:45:33,650 [INFO] PluginManager:220 - loadIPPluginJar : add tim
2026-03-29 19:45:33,655 [INFO] IPUIPlugin:80 - create IPUIPlugin
2026-03-29 19:45:33,656 [INFO] PluginManager:220 - loadIPPluginJar : add touchsensing
2026-03-29 19:45:33,660 [INFO] IPUIPlugin:80 - create IPUIPlugin
2026-03-29 19:45:33,660 [INFO] PluginManager:220 - loadIPPluginJar : add tracer_emb
2026-03-29 19:45:33,662 [INFO] IPUIPlugin:80 - create IPUIPlugin
2026-03-29 19:45:33,662 [INFO] PluginManager:220 - loadIPPluginJar : add ts
2026-03-29 19:45:33,664 [INFO] IPUIPlugin:80 - create IPUIPlugin
2026-03-29 19:45:33,664 [INFO] PluginManager:220 - loadIPPluginJar : add tsc
2026-03-29 19:45:33,666 [INFO] IPUIPlugin:80 - create IPUIPlugin
2026-03-29 19:45:33,666 [INFO] PluginManager:220 - loadIPPluginJar : add ucpd
2026-03-29 19:45:33,671 [INFO] IPUIPlugin:80 - create IPUIPlugin
2026-03-29 19:45:33,672 [INFO] PluginManager:220 - loadIPPluginJar : add usart
2026-03-29 19:45:33,678 [INFO] IPUIPlugin:80 - create IPUIPlugin
2026-03-29 19:45:33,678 [INFO] PluginManager:220 - loadIPPluginJar : add usbx
2026-03-29 19:45:33,818 [FATAL] Updater:351 - Updater called before beeing initialized
2026-03-29 19:45:33,858 [INFO] RulesReader:64 - Compatibility file has been processed (317 Rules)
2026-03-29 19:45:33,882 [INFO] RulesReader:64 - Compatibility file has been processed (317 Rules)
2026-03-29 19:45:33,893 [INFO] CADModel:165 - CPN selected for project level
2026-03-29 19:45:33,894 [INFO] CADModel:114 - Register for checkConnection events
2026-03-29 19:45:33,894 [FATAL] Updater:351 - Updater called before beeing initialized
2026-03-29 19:45:33,894 [ERROR] CADModel:125 - Updater not yet initialized, retry later 
2026-03-29 19:45:34,037 [FATAL] Updater:351 - Updater called before beeing initialized
2026-03-29 19:45:34,039 [INFO] CADModel:165 - CPN selected for project level
2026-03-29 19:45:34,039 [INFO] CADModel:114 - Register for checkConnection events
2026-03-29 19:45:34,039 [FATAL] Updater:351 - Updater called before beeing initialized
2026-03-29 19:45:34,039 [ERROR] CADModel:125 - Updater not yet initialized, retry later 
2026-03-29 19:45:34,044 [FATAL] Updater:351 - Updater called before beeing initialized
2026-03-29 19:45:34,149 [FATAL] Updater:351 - Updater called before beeing initialized
2026-03-29 19:45:34,153 [INFO] DbMcusAds:53 - JSON generation date=Thu Mar 05 15:32:52 CET 2026 (1772721172610)
2026-03-29 19:45:34,153 [FATAL] Updater:351 - Updater called before beeing initialized
2026-03-29 19:45:34,182 [WARN] DetailPanel:346 - Failed to get advertising image, set to default
2026-03-29 19:45:34,268 [FATAL] Updater:351 - Updater called before beeing initialized
2026-03-29 19:45:34,269 [FATAL] Updater:351 - Updater called before beeing initialized
2026-03-29 19:45:34,269 [FATAL] Updater:351 - Updater called before beeing initialized
2026-03-29 19:45:34,269 [WARN] DetailPanel:346 - Failed to get advertising image, set to default
2026-03-29 19:45:34,271 [FATAL] Updater:351 - Updater called before beeing initialized
2026-03-29 19:45:34,307 [ERROR] Updater:1198 - MainUpdater not yet initialized. External WinMGr cannot be set.
2026-03-29 19:45:34,308 [INFO] Updater:1134 - Updater Version found : 6.15.0
2026-03-29 19:45:34,324 [INFO] ApplicationProperties:184 - Using Application install path: D:\05_Desarrollo_y_Codigo\03_Recursos_y_Config\CubeIDESTM32\STM32CubeIDE_1.19.0\STM32CubeIDE\plugins\com.st.stm32cube.common.mx_6.15.0.202507011659
2026-03-29 19:45:35,892 [INFO] ThirdPartyUpdaterWithRetryManager:70 - Updater plugin not ready yet. [2/15]
2026-03-29 19:45:35,923 [ERROR] LogOutputStream:75 - [STDERR_REDIRECT] Mar 29, 2026 7:45:35 PM java.util.prefs.WindowsPreferences <init>
2026-03-29 19:45:35,925 [ERROR] LogOutputStream:75 - [STDERR_REDIRECT] WARNING: Could not open/create prefs root node Software\JavaSoft\Prefs at root 0xffffffff80000002. Windows RegCreateKeyEx(...) returned error code 5.
2026-03-29 19:45:35,925 [ERROR] LogOutputStream:75 - [STDERR_REDIRECT] 
2026-03-29 19:45:36,403 [INFO] MainUpdater:2872 - connection check result : 10
2026-03-29 19:45:36,403 [INFO] MainUpdater:289 - Updater Check For Update Now.
2026-03-29 19:45:36,403 [INFO] MicroXplorer:498 - Change Database Version : DB.6.0.150
2026-03-29 19:45:36,408 [INFO] McuFinderGlobals:63 - Set McuFinder mode to 2 (CubeIDE integrated)
2026-03-29 19:45:36,409 [INFO] UserAuth:171 - activating auth plugin
2026-03-29 19:45:36,413 [INFO] UserAuth:487 - Internet connection configuration mode: 1
2026-03-29 19:45:36,432 [INFO] JxBrowserEngine:152 - Initiate JxBrowser Engine with user profile folder
2026-03-29 19:45:36,670 [INFO] CheckServerUpdateThread:120 - End of CheckServer Thread
2026-03-29 19:45:37,192 [INFO] WebApp:169 - Instantiating new browser for Auth
2026-03-29 19:45:37,837 [INFO] WebApp:463 - Apply proxy settings
2026-03-29 19:45:37,838 [INFO] WebApp:548 - Chromium requires no authentication
2026-03-29 19:45:37,849 [INFO] WebApp:491 - Direct internet connection detected
2026-03-29 19:45:37,876 [INFO] WebApp:900 - Register for checkConnection events
2026-03-29 19:45:37,877 [INFO] WebApp:463 - Apply proxy settings
2026-03-29 19:45:37,877 [INFO] WebApp:548 - Chromium requires no authentication
2026-03-29 19:45:37,878 [INFO] WebApp:491 - Direct internet connection detected
2026-03-29 19:45:38,031 [INFO] WebApp:225 - Starting web application
2026-03-29 19:45:38,031 [INFO] WebApp:593 - Web application path used D:\05_Desarrollo_y_Codigo\03_Recursos_y_Config\CubeIDESTM32\STM32CubeIDE_1.19.0\STM32CubeIDE\plugins\com.st.stm32cube.common.mx_6.15.0.202507011659\db\plugins\mcufinder\reactClient1\index.html
2026-03-29 19:45:38,195 [ERROR] LogOutputStream:75 - [STDERR_REDIRECT] [Fatal Error] :1:1: Premature end of file.
2026-03-29 19:45:38,196 [ERROR] LogOutputStream:75 - [STDERR_REDIRECT] 
2026-03-29 19:45:38,315 [INFO] WebApp:191 - Connection restablished
2026-03-29 19:45:39,210 [WARN] PackLoader:240 - Cannot read IP mode file for STMicroelectronics.X-CUBE-AZRTOS-H7.3.5.0
2026-03-29 19:45:39,225 [WARN] PackLoader:240 - Cannot read IP mode file for STMicroelectronics.FP-SNS-MOTENVWB1.1.4.0
2026-03-29 19:45:39,235 [WARN] PackLoader:240 - Cannot read IP mode file for STMicroelectronics.FP-ATR-ASTRA1.2.0.2
2026-03-29 19:45:39,237 [ERROR] LogOutputStream:75 - [STDERR_REDIRECT] [Fatal Error] :1:1: Premature end of file.
2026-03-29 19:45:39,238 [ERROR] LogOutputStream:75 - [STDERR_REDIRECT] 
2026-03-29 19:45:39,250 [WARN] PackLoader:240 - Cannot read IP mode file for STMicroelectronics.X-CUBE-SMBUS.2.1.0
2026-03-29 19:45:39,280 [WARN] PackLoader:240 - Cannot read IP mode file for STMicroelectronics.X-CUBE-AZRTOS-F7.1.1.0
2026-03-29 19:45:39,291 [WARN] PackLoader:240 - Cannot read IP mode file for STMicroelectronics.FP-SNS-MOTENV1.5.1.0
2026-03-29 19:45:39,305 [WARN] PackLoader:240 - Cannot read IP mode file for WES.I-CUBE-Cesium.1.4.0
2026-03-29 19:45:39,333 [WARN] PackLoader:240 - Cannot read IP mode file for STMicroelectronics.X-CUBE-AZRTOS-H7.3.4.0
2026-03-29 19:45:39,348 [WARN] PackLoader:240 - Cannot read IP mode file for STMicroelectronics.X-CUBE-DISPLAY.3.0.0
2026-03-29 19:45:39,360 [WARN] PackLoader:240 - Cannot read IP mode file for STMicroelectronics.FP-SNS-MOTENVWB1.1.5.0
2026-03-29 19:45:39,371 [WARN] PackLoader:240 - Cannot read IP mode file for STMicroelectronics.X-CUBE-NFC10.1.0.0
2026-03-29 19:45:39,380 [WARN] PackLoader:240 - Cannot read IP mode file for STMicroelectronics.X-CUBE-ST60.1.1.0
2026-03-29 19:45:39,389 [WARN] PackLoader:240 - Cannot read IP mode file for emotas.I-CUBE-CANOPEN.1.3.0
2026-03-29 19:45:39,396 [WARN] PackLoader:240 - Cannot read IP mode file for STMicroelectronics.X-CUBE-GNSS1.7.1.0
2026-03-29 19:45:39,408 [WARN] PackLoader:240 - Cannot read IP mode file for STMicroelectronics.FP-SNS-STBOX1.2.1.0
2026-03-29 19:45:39,417 [WARN] PackLoader:240 - Cannot read IP mode file for STMicroelectronics.FP-SNS-SMARTAG2.1.2.0
2026-03-29 19:45:39,423 [WARN] PackLoader:240 - Cannot read IP mode file for STMicroelectronics.FP-SNS-FLIGHT1.5.1.0
2026-03-29 19:45:39,435 [INFO] LogOutputStream:77 - [STDOUT_REDIRECT] 1 : Invalid condition id : UX_CORESTACK_Condition cause : null
2026-03-29 19:45:39,440 [INFO] LogOutputStream:77 - [STDOUT_REDIRECT] 1 : Invalid condition id : UX_CORESTACK_Condition cause : null
2026-03-29 19:45:39,443 [INFO] LogOutputStream:77 - [STDOUT_REDIRECT] 1 : Invalid condition id : UX_CORESTACK_Condition cause : null
2026-03-29 19:45:39,444 [INFO] LogOutputStream:77 - [STDOUT_REDIRECT] 1 : Invalid condition id : UX_CORESTACK_Condition cause : null
2026-03-29 19:45:39,446 [INFO] LogOutputStream:77 - [STDOUT_REDIRECT] 1 : Invalid condition id : UX_CORESTACK_Condition cause : null
2026-03-29 19:45:39,448 [WARN] PackLoader:240 - Cannot read IP mode file for STMicroelectronics.X-CUBE-AZRTOS-WL.2.0.0
2026-03-29 19:45:39,486 [WARN] PackLoader:240 - Cannot read IP mode file for STMicroelectronics.X-CUBE-AZRTOS-H7RS.1.2.0
2026-03-29 19:45:39,498 [WARN] PackLoader:240 - Cannot read IP mode file for STMicroelectronics.X-CUBE-BLE2.3.3.0
2026-03-29 19:45:39,577 [WARN] PackLoader:240 - Cannot read IP mode file for Infineon.AIROC-Wi-Fi-Bluetooth-STM32.1.8.0
2026-03-29 19:45:39,593 [WARN] PackLoader:240 - Cannot read IP mode file for STMicroelectronics.X-CUBE-NFC9.1.0.0
2026-03-29 19:45:39,601 [WARN] PackLoader:240 - Cannot read IP mode file for STMicroelectronics.X-CUBE-BLE1.7.1.0
2026-03-29 19:45:39,609 [WARN] PackLoader:240 - Cannot read IP mode file for wolfSSL.I-CUBE-wolfMQTT.1.19.2
2026-03-29 19:45:39,617 [WARN] PackLoader:240 - Cannot read IP mode file for STMicroelectronics.X-CUBE-FREERTOS.1.4.0
2026-03-29 19:45:39,626 [WARN] PackLoader:240 - Cannot read IP mode file for STMicroelectronics.X-CUBE-EEPRMA1.5.2.0
2026-03-29 19:45:39,634 [WARN] PackLoader:240 - Cannot read IP mode file for wolfSSL.I-CUBE-wolfSSL.5.8.4
2026-03-29 19:45:39,644 [WARN] PackLoader:240 - Cannot read IP mode file for Cesanta.I-CUBE-Mongoose.7.20.0
2026-03-29 19:45:39,693 [WARN] PackLoader:240 - Cannot read IP mode file for STMicroelectronics.X-CUBE-MEMS1.12.0.0
2026-03-29 19:45:39,822 [WARN] PackLoader:240 - Cannot read IP mode file for STMicroelectronics.X-CUBE-AZRTOS-G0.1.1.0
2026-03-29 19:45:39,842 [WARN] PackLoader:240 - Cannot read IP mode file for STMicroelectronics.X-CUBE-NFC4.3.0.0
2026-03-29 19:45:39,881 [WARN] PackLoader:240 - Cannot read IP mode file for EmbeddedOffice.I-CUBE-FS-RTOS.1.0.1
2026-03-29 19:45:39,896 [WARN] PackLoader:240 - Cannot read IP mode file for STMicroelectronics.X-CUBE-WB05N.2.0.0
2026-03-29 19:45:39,909 [WARN] PackLoader:240 - Cannot read IP mode file for wolfSSL.I-CUBE-wolfTPM.3.8.0
2026-03-29 19:45:39,920 [WARN] PackLoader:240 - Cannot read IP mode file for STMicroelectronics.X-CUBE-TCPP.4.2.0
2026-03-29 19:45:39,932 [WARN] PackLoader:240 - Cannot read IP mode file for RealThread.X-CUBE-RT-Thread_Nano.4.1.1
2026-03-29 19:45:39,974 [WARN] PackLoader:240 - Cannot read IP mode file for STMicroelectronics.FP-ATR-SIGFOX1.3.2.0
2026-03-29 19:45:39,986 [WARN] PackLoader:240 - Cannot read IP mode file for STMicroelectronics.X-CUBE-FREERTOS.1.5.0
2026-03-29 19:45:40,004 [WARN] PackLoader:240 - Cannot read IP mode file for ITTIA_DB.I-CUBE-ITTIADB.8.9.0
2026-03-29 19:45:40,019 [WARN] PackLoader:240 - Cannot read IP mode file for STMicroelectronics.X-CUBE-NFC6.3.2.0
2026-03-29 19:45:40,031 [WARN] PackLoader:240 - Cannot read IP mode file for STMicroelectronics.X-CUBE-AI.10.2.0
2026-03-29 19:45:40,067 [WARN] PackLoader:240 - Cannot read IP mode file for SEGGER.I-CUBE-embOS.1.3.1
2026-03-29 19:45:40,128 [WARN] PackLoader:240 - Cannot read IP mode file for STMicroelectronics.X-CUBE-ALGOBUILD.1.4.0
2026-03-29 19:45:40,134 [WARN] PackLoader:240 - Cannot read IP mode file for STMicroelectronics.X-CUBE-PM33A1.1.0.0
2026-03-29 19:45:40,154 [WARN] PackLoader:240 - Cannot read IP mode file for STMicroelectronics.X-CUBE-AZRTOS-F4.1.1.0
2026-03-29 19:45:40,165 [WARN] PackLoader:240 - Cannot read IP mode file for STMicroelectronics.X-CUBE-ISPU.2.1.0
2026-03-29 19:45:40,181 [WARN] PackLoader:240 - Cannot read IP mode file for STMicroelectronics.X-CUBE-IPS.3.2.0
2026-03-29 19:45:40,201 [WARN] PackLoader:240 - Cannot read IP mode file for STMicroelectronics.X-CUBE-NFC12.1.0.0
2026-03-29 19:45:40,227 [WARN] PackLoader:240 - Cannot read IP mode file for STMicroelectronics.X-CUBE-AZRTOS-L5.2.0.0
2026-03-29 19:45:40,245 [WARN] PackLoader:240 - Cannot read IP mode file for STMicroelectronics.X-CUBE-TOUCHGFX.4.26.0
2026-03-29 19:45:40,253 [WARN] PackLoader:240 - Cannot read IP mode file for STMicroelectronics.X-CUBE-TOUCHGFX.4.26.1
2026-03-29 19:45:40,265 [WARN] PackLoader:240 - Cannot read IP mode file for STMicroelectronics.FP-SNS-STAIOTCFT.1.0.0
2026-03-29 19:45:40,273 [ERROR] LogOutputStream:75 - [STDERR_REDIRECT] [Fatal Error] :1:1: Premature end of file.
2026-03-29 19:45:40,274 [ERROR] LogOutputStream:75 - [STDERR_REDIRECT] 
2026-03-29 19:45:40,279 [WARN] PackLoader:240 - Cannot read IP mode file for STMicroelectronics.X-CUBE-DPower.1.3.0
2026-03-29 19:45:40,309 [WARN] ConditionMgr:438 - getConditionDescription Invalid condition id : LAN8742 Phy interface Condition cause : null
2026-03-29 19:45:40,311 [WARN] PackLoader:240 - Cannot read IP mode file for STMicroelectronics.X-CUBE-AZRTOS-L4.2.0.0
2026-03-29 19:45:40,313 [WARN] ConditionMgr:1044 - genDependencies : Invalid condition id : LAN8742 Phy interface Condition cause : null
2026-03-29 19:45:40,314 [WARN] ConditionMgr:1044 - genDependencies : Invalid condition id : LAN8742 Phy interface Condition cause : null
2026-03-29 19:45:40,315 [WARN] ConditionMgr:1044 - genDependencies : Invalid condition id : LAN8742 Phy interface Condition cause : null
2026-03-29 19:45:40,330 [WARN] PackLoader:240 - Cannot read IP mode file for STMicroelectronics.X-CUBE-SFXS2LP1.4.0.0
2026-03-29 19:45:40,348 [WARN] PackLoader:240 - Cannot read IP mode file for STMicroelectronics.X-CUBE-ST67W61.1.2.0
2026-03-29 19:45:40,372 [WARN] PackLoader:240 - Cannot read IP mode file for STMicroelectronics.X-CUBE-BLEMGR.4.1.0
2026-03-29 19:45:40,400 [WARN] ConditionMgr:438 - getConditionDescription Invalid condition id : UX DEVICE CLASS RTOS Condition cause : null
2026-03-29 19:45:40,401 [WARN] ConditionMgr:438 - getConditionDescription Invalid condition id : UX DEVICE CLASS RTOS Condition cause : null
2026-03-29 19:45:40,404 [WARN] PackLoader:240 - Cannot read IP mode file for STMicroelectronics.X-CUBE-AZRTOS-WB.2.0.0
2026-03-29 19:45:40,405 [WARN] ConditionMgr:1044 - genDependencies : Invalid condition id : UX DEVICE CLASS RTOS Condition cause : null
2026-03-29 19:45:40,406 [WARN] ConditionMgr:1044 - genDependencies : Invalid condition id : UX DEVICE CLASS RTOS Condition cause : null
2026-03-29 19:45:40,407 [WARN] ConditionMgr:1044 - genDependencies : Invalid condition id : UX DEVICE CLASS RTOS Condition cause : null
2026-03-29 19:45:40,407 [WARN] ConditionMgr:1044 - genDependencies : Invalid condition id : UX DEVICE CLASS RTOS Condition cause : null
2026-03-29 19:45:40,408 [WARN] ConditionMgr:1044 - genDependencies : Invalid condition id : UX DEVICE CLASS RTOS Condition cause : null
2026-03-29 19:45:40,418 [WARN] ConditionMgr:438 - getConditionDescription Invalid condition id : Cortex-A Device cause : null
2026-03-29 19:45:40,441 [WARN] ConditionMgr:1044 - genDependencies : Invalid condition id : Cortex-A Device cause : null
2026-03-29 19:45:40,441 [WARN] ConditionMgr:1044 - genDependencies : Invalid condition id : Cortex-A Device cause : null
2026-03-29 19:45:40,441 [WARN] ConditionMgr:1044 - genDependencies : Invalid condition id : Cortex-A Device cause : null
2026-03-29 19:45:40,453 [WARN] PackLoader:240 - Cannot read IP mode file for STMicroelectronics.X-CUBE-STSE01.2.0.0
2026-03-29 19:45:40,472 [WARN] PackLoader:240 - Cannot read IP mode file for STMicroelectronics.X-CUBE-SUBG2.5.0.0
2026-03-29 19:45:40,491 [WARN] PackLoader:240 - Cannot read IP mode file for STMicroelectronics.X-CUBE-AZRTOS-G4.2.0.0
2026-03-29 19:45:40,500 [WARN] PackLoader:240 - Cannot read IP mode file for wolfSSL.I-CUBE-wolfSSH.1.4.20
2026-03-29 19:45:40,508 [WARN] PackLoader:240 - Cannot read IP mode file for STMicroelectronics.X-CUBE-NFC7.2.0.0
2026-03-29 19:45:40,515 [WARN] PackLoader:240 - Cannot read IP mode file for STMicroelectronics.X-CUBE-ALS.1.0.2
2026-03-29 19:45:40,525 [WARN] PackLoader:240 - Cannot read IP mode file for STMicroelectronics.X-CUBE-TOF1.3.4.3
2026-03-29 19:45:40,532 [INFO] ThirdParty:978 - Integrity check success = true
2026-03-29 19:45:40,532 [INFO] IntegrityCheckThread:100 - exiting critical section [integrity check]
2026-03-29 19:45:40,532 [INFO] IntegrityCheckThread:103 - End integrity checks thread
2026-03-29 19:45:41,195 [ERROR] LogOutputStream:75 - [STDERR_REDIRECT] [Fatal Error] :1:1: Premature end of file.
2026-03-29 19:45:41,196 [ERROR] LogOutputStream:75 - [STDERR_REDIRECT] 
2026-03-29 19:45:42,195 [ERROR] LogOutputStream:75 - [STDERR_REDIRECT] [Fatal Error] :1:1: Premature end of file.
2026-03-29 19:45:42,196 [ERROR] LogOutputStream:75 - [STDERR_REDIRECT] 
2026-03-29 19:45:43,210 [ERROR] LogOutputStream:75 - [STDERR_REDIRECT] [Fatal Error] :1:1: Premature end of file.
2026-03-29 19:45:43,210 [ERROR] LogOutputStream:75 - [STDERR_REDIRECT] 
2026-03-29 19:45:44,194 [ERROR] LogOutputStream:75 - [STDERR_REDIRECT] [Fatal Error] :1:1: Premature end of file.
2026-03-29 19:45:44,194 [ERROR] LogOutputStream:75 - [STDERR_REDIRECT] 
2026-03-29 19:45:45,193 [ERROR] LogOutputStream:75 - [STDERR_REDIRECT] [Fatal Error] :1:1: Premature end of file.
2026-03-29 19:45:45,193 [ERROR] LogOutputStream:75 - [STDERR_REDIRECT] 
2026-03-29 19:45:46,200 [ERROR] LogOutputStream:75 - [STDERR_REDIRECT] [Fatal Error] :1:1: Premature end of file.
2026-03-29 19:45:46,200 [ERROR] LogOutputStream:75 - [STDERR_REDIRECT] 
2026-03-29 19:45:47,194 [ERROR] LogOutputStream:75 - [STDERR_REDIRECT] [Fatal Error] :1:1: Premature end of file.
2026-03-29 19:45:47,194 [ERROR] LogOutputStream:75 - [STDERR_REDIRECT] 
2026-03-29 19:45:48,194 [ERROR] LogOutputStream:75 - [STDERR_REDIRECT] [Fatal Error] :1:1: Premature end of file.
2026-03-29 19:45:48,194 [ERROR] LogOutputStream:75 - [STDERR_REDIRECT] 
2026-03-29 19:45:49,198 [ERROR] LogOutputStream:75 - [STDERR_REDIRECT] [Fatal Error] :1:1: Premature end of file.
2026-03-29 19:45:49,198 [ERROR] LogOutputStream:75 - [STDERR_REDIRECT] 
2026-03-29 19:45:50,197 [ERROR] LogOutputStream:75 - [STDERR_REDIRECT] [Fatal Error] :1:1: Premature end of file.
2026-03-29 19:45:50,197 [ERROR] LogOutputStream:75 - [STDERR_REDIRECT] 
2026-03-29 19:45:51,206 [ERROR] LogOutputStream:75 - [STDERR_REDIRECT] [Fatal Error] :1:1: Premature end of file.
2026-03-29 19:45:51,206 [ERROR] LogOutputStream:75 - [STDERR_REDIRECT] 
2026-03-29 19:45:52,207 [ERROR] LogOutputStream:75 - [STDERR_REDIRECT] [Fatal Error] :1:1: Premature end of file.
2026-03-29 19:45:52,207 [ERROR] LogOutputStream:75 - [STDERR_REDIRECT] 
2026-03-29 19:45:53,201 [ERROR] LogOutputStream:75 - [STDERR_REDIRECT] [Fatal Error] :1:1: Premature end of file.
2026-03-29 19:45:53,201 [ERROR] LogOutputStream:75 - [STDERR_REDIRECT] 
2026-03-29 19:45:54,234 [ERROR] LogOutputStream:75 - [STDERR_REDIRECT] [Fatal Error] :1:1: Premature end of file.
2026-03-29 19:45:54,235 [ERROR] LogOutputStream:75 - [STDERR_REDIRECT] 
2026-03-29 19:45:55,215 [ERROR] LogOutputStream:75 - [STDERR_REDIRECT] [Fatal Error] :1:1: Premature end of file.
2026-03-29 19:45:55,215 [ERROR] LogOutputStream:75 - [STDERR_REDIRECT] 
2026-03-29 19:45:56,203 [ERROR] LogOutputStream:75 - [STDERR_REDIRECT] [Fatal Error] :1:1: Premature end of file.
2026-03-29 19:45:56,204 [ERROR] LogOutputStream:75 - [STDERR_REDIRECT] 
2026-03-29 19:45:57,233 [ERROR] LogOutputStream:75 - [STDERR_REDIRECT] [Fatal Error] :1:1: Premature end of file.
2026-03-29 19:45:57,234 [ERROR] LogOutputStream:75 - [STDERR_REDIRECT] 
2026-03-29 19:45:58,230 [ERROR] LogOutputStream:75 - [STDERR_REDIRECT] [Fatal Error] :1:1: Premature end of file.
2026-03-29 19:45:58,231 [ERROR] LogOutputStream:75 - [STDERR_REDIRECT] 
2026-03-29 19:45:59,647 [ERROR] LogOutputStream:75 - [STDERR_REDIRECT] [Fatal Error] :1:1: Premature end of file.
2026-03-29 19:45:59,647 [ERROR] LogOutputStream:75 - [STDERR_REDIRECT] 
2026-03-29 19:46:00,392 [ERROR] LogOutputStream:75 - [STDERR_REDIRECT] [Fatal Error] :1:1: Premature end of file.
2026-03-29 19:46:00,392 [ERROR] LogOutputStream:75 - [STDERR_REDIRECT] 
2026-03-29 19:46:01,205 [ERROR] LogOutputStream:75 - [STDERR_REDIRECT] [Fatal Error] :1:1: Premature end of file.
2026-03-29 19:46:01,206 [ERROR] LogOutputStream:75 - [STDERR_REDIRECT] 
2026-03-29 19:46:02,209 [ERROR] LogOutputStream:75 - [STDERR_REDIRECT] [Fatal Error] :1:1: Premature end of file.
2026-03-29 19:46:02,209 [ERROR] LogOutputStream:75 - [STDERR_REDIRECT] 
2026-03-29 19:46:03,979 [ERROR] LogOutputStream:75 - [STDERR_REDIRECT] [Fatal Error] :1:1: Premature end of file.
2026-03-29 19:46:03,980 [ERROR] LogOutputStream:75 - [STDERR_REDIRECT] 
2026-03-29 19:46:05,644 [ERROR] LogOutputStream:75 - [STDERR_REDIRECT] [Fatal Error] :1:1: Premature end of file.
2026-03-29 19:46:05,645 [ERROR] LogOutputStream:75 - [STDERR_REDIRECT] 
2026-03-29 19:46:05,732 [ERROR] LogOutputStream:75 - [STDERR_REDIRECT] [Fatal Error] :1:1: Premature end of file.
2026-03-29 19:46:05,733 [ERROR] LogOutputStream:75 - [STDERR_REDIRECT] 
2026-03-29 19:46:06,208 [ERROR] LogOutputStream:75 - [STDERR_REDIRECT] [Fatal Error] :1:1: Premature end of file.
2026-03-29 19:46:06,209 [ERROR] LogOutputStream:75 - [STDERR_REDIRECT] 
2026-03-29 19:46:07,198 [ERROR] LogOutputStream:75 - [STDERR_REDIRECT] [Fatal Error] :1:1: Premature end of file.
2026-03-29 19:46:07,199 [ERROR] LogOutputStream:75 - [STDERR_REDIRECT] 
2026-03-29 19:46:08,197 [ERROR] LogOutputStream:75 - [STDERR_REDIRECT] [Fatal Error] :1:1: Premature end of file.
2026-03-29 19:46:08,198 [ERROR] LogOutputStream:75 - [STDERR_REDIRECT] 
2026-03-29 19:46:09,210 [ERROR] LogOutputStream:75 - [STDERR_REDIRECT] [Fatal Error] :1:1: Premature end of file.
2026-03-29 19:46:09,211 [ERROR] LogOutputStream:75 - [STDERR_REDIRECT] 
2026-03-29 19:46:10,196 [ERROR] LogOutputStream:75 - [STDERR_REDIRECT] [Fatal Error] :1:1: Premature end of file.
2026-03-29 19:46:10,196 [ERROR] LogOutputStream:75 - [STDERR_REDIRECT] 
2026-03-29 19:46:11,191 [ERROR] LogOutputStream:75 - [STDERR_REDIRECT] [Fatal Error] :1:1: Premature end of file.
2026-03-29 19:46:11,192 [ERROR] LogOutputStream:75 - [STDERR_REDIRECT] 
2026-03-29 19:46:12,198 [ERROR] LogOutputStream:75 - [STDERR_REDIRECT] [Fatal Error] :1:1: Premature end of file.
2026-03-29 19:46:12,198 [ERROR] LogOutputStream:75 - [STDERR_REDIRECT] 
2026-03-29 19:46:13,194 [ERROR] LogOutputStream:75 - [STDERR_REDIRECT] [Fatal Error] :1:1: Premature end of file.
2026-03-29 19:46:13,194 [ERROR] LogOutputStream:75 - [STDERR_REDIRECT] 
2026-03-29 19:46:14,183 [ERROR] LogOutputStream:75 - [STDERR_REDIRECT] [Fatal Error] :1:1: Premature end of file.
2026-03-29 19:46:14,183 [ERROR] LogOutputStream:75 - [STDERR_REDIRECT] 
2026-03-29 19:46:15,184 [ERROR] LogOutputStream:75 - [STDERR_REDIRECT] [Fatal Error] :1:1: Premature end of file.
2026-03-29 19:46:15,185 [ERROR] LogOutputStream:75 - [STDERR_REDIRECT] 
2026-03-29 19:46:16,192 [ERROR] LogOutputStream:75 - [STDERR_REDIRECT] [Fatal Error] :1:1: Premature end of file.
2026-03-29 19:46:16,193 [ERROR] LogOutputStream:75 - [STDERR_REDIRECT] 
2026-03-29 19:46:17,190 [ERROR] LogOutputStream:75 - [STDERR_REDIRECT] [Fatal Error] :1:1: Premature end of file.
2026-03-29 19:46:17,191 [ERROR] LogOutputStream:75 - [STDERR_REDIRECT] 
2026-03-29 19:46:18,195 [ERROR] LogOutputStream:75 - [STDERR_REDIRECT] [Fatal Error] :1:1: Premature end of file.
2026-03-29 19:46:18,195 [ERROR] LogOutputStream:75 - [STDERR_REDIRECT] 
2026-03-29 19:46:19,192 [ERROR] LogOutputStream:75 - [STDERR_REDIRECT] [Fatal Error] :1:1: Premature end of file.
2026-03-29 19:46:19,192 [ERROR] LogOutputStream:75 - [STDERR_REDIRECT] 
2026-03-29 19:46:20,203 [ERROR] LogOutputStream:75 - [STDERR_REDIRECT] [Fatal Error] :1:1: Premature end of file.
2026-03-29 19:46:20,203 [ERROR] LogOutputStream:75 - [STDERR_REDIRECT] 
2026-03-29 19:46:21,188 [ERROR] LogOutputStream:75 - [STDERR_REDIRECT] [Fatal Error] :1:1: Premature end of file.
2026-03-29 19:46:21,189 [ERROR] LogOutputStream:75 - [STDERR_REDIRECT] 
2026-03-29 19:46:22,255 [ERROR] LogOutputStream:75 - [STDERR_REDIRECT] [Fatal Error] :1:1: Premature end of file.
2026-03-29 19:46:22,255 [ERROR] LogOutputStream:75 - [STDERR_REDIRECT] 
2026-03-29 19:46:23,187 [ERROR] LogOutputStream:75 - [STDERR_REDIRECT] [Fatal Error] :1:1: Premature end of file.
2026-03-29 19:46:23,187 [ERROR] LogOutputStream:75 - [STDERR_REDIRECT] 
2026-03-29 19:46:24,198 [ERROR] LogOutputStream:75 - [STDERR_REDIRECT] [Fatal Error] :1:1: Premature end of file.
2026-03-29 19:46:24,199 [ERROR] LogOutputStream:75 - [STDERR_REDIRECT] 
2026-03-29 19:46:25,268 [ERROR] LogOutputStream:75 - [STDERR_REDIRECT] [Fatal Error] :1:1: Premature end of file.
2026-03-29 19:46:25,268 [ERROR] LogOutputStream:75 - [STDERR_REDIRECT] 
2026-03-29 19:46:26,183 [ERROR] LogOutputStream:75 - [STDERR_REDIRECT] [Fatal Error] :1:1: Premature end of file.
2026-03-29 19:46:26,183 [ERROR] LogOutputStream:75 - [STDERR_REDIRECT] 
2026-03-29 19:46:27,218 [ERROR] LogOutputStream:75 - [STDERR_REDIRECT] [Fatal Error] :1:1: Premature end of file.
2026-03-29 19:46:27,219 [ERROR] LogOutputStream:75 - [STDERR_REDIRECT] 
2026-03-29 19:46:28,188 [ERROR] LogOutputStream:75 - [STDERR_REDIRECT] [Fatal Error] :1:1: Premature end of file.
2026-03-29 19:46:28,188 [ERROR] LogOutputStream:75 - [STDERR_REDIRECT] 
2026-03-29 19:46:29,193 [ERROR] LogOutputStream:75 - [STDERR_REDIRECT] [Fatal Error] :1:1: Premature end of file.
2026-03-29 19:46:29,194 [ERROR] LogOutputStream:75 - [STDERR_REDIRECT] 
2026-03-29 19:46:30,188 [ERROR] LogOutputStream:75 - [STDERR_REDIRECT] [Fatal Error] :1:1: Premature end of file.
2026-03-29 19:46:30,188 [ERROR] LogOutputStream:75 - [STDERR_REDIRECT] 
2026-03-29 19:46:31,198 [ERROR] LogOutputStream:75 - [STDERR_REDIRECT] [Fatal Error] :1:1: Premature end of file.
2026-03-29 19:46:31,199 [ERROR] LogOutputStream:75 - [STDERR_REDIRECT] 
2026-03-29 19:46:32,189 [ERROR] LogOutputStream:75 - [STDERR_REDIRECT] [Fatal Error] :1:1: Premature end of file.
2026-03-29 19:46:32,190 [ERROR] LogOutputStream:75 - [STDERR_REDIRECT] 
2026-03-29 19:46:33,186 [ERROR] LogOutputStream:75 - [STDERR_REDIRECT] [Fatal Error] :1:1: Premature end of file.
2026-03-29 19:46:33,187 [ERROR] LogOutputStream:75 - [STDERR_REDIRECT] 
2026-03-29 19:46:34,189 [ERROR] LogOutputStream:75 - [STDERR_REDIRECT] [Fatal Error] :1:1: Premature end of file.
2026-03-29 19:46:34,189 [ERROR] LogOutputStream:75 - [STDERR_REDIRECT] 
2026-03-29 19:46:35,192 [ERROR] LogOutputStream:75 - [STDERR_REDIRECT] [Fatal Error] :1:1: Premature end of file.
2026-03-29 19:46:35,192 [ERROR] LogOutputStream:75 - [STDERR_REDIRECT] 
2026-03-29 19:46:36,192 [ERROR] LogOutputStream:75 - [STDERR_REDIRECT] [Fatal Error] :1:1: Premature end of file.
2026-03-29 19:46:36,193 [ERROR] LogOutputStream:75 - [STDERR_REDIRECT] 
2026-03-29 19:46:37,191 [ERROR] LogOutputStream:75 - [STDERR_REDIRECT] [Fatal Error] :1:1: Premature end of file.
2026-03-29 19:46:37,191 [ERROR] LogOutputStream:75 - [STDERR_REDIRECT] 
2026-03-29 19:46:38,185 [ERROR] LogOutputStream:75 - [STDERR_REDIRECT] [Fatal Error] :1:1: Premature end of file.
2026-03-29 19:46:38,185 [ERROR] LogOutputStream:75 - [STDERR_REDIRECT] 
2026-03-29 19:46:39,192 [ERROR] LogOutputStream:75 - [STDERR_REDIRECT] [Fatal Error] :1:1: Premature end of file.
2026-03-29 19:46:39,193 [ERROR] LogOutputStream:75 - [STDERR_REDIRECT] 
2026-03-29 19:46:40,193 [ERROR] LogOutputStream:75 - [STDERR_REDIRECT] [Fatal Error] :1:1: Premature end of file.
2026-03-29 19:46:40,194 [ERROR] LogOutputStream:75 - [STDERR_REDIRECT] 
2026-03-29 19:46:41,190 [ERROR] LogOutputStream:75 - [STDERR_REDIRECT] [Fatal Error] :1:1: Premature end of file.
2026-03-29 19:46:41,191 [ERROR] LogOutputStream:75 - [STDERR_REDIRECT] 
2026-03-29 19:46:42,190 [ERROR] LogOutputStream:75 - [STDERR_REDIRECT] [Fatal Error] :1:1: Premature end of file.
2026-03-29 19:46:42,190 [ERROR] LogOutputStream:75 - [STDERR_REDIRECT] 
2026-03-29 19:46:43,191 [ERROR] LogOutputStream:75 - [STDERR_REDIRECT] [Fatal Error] :1:1: Premature end of file.
2026-03-29 19:46:43,191 [ERROR] LogOutputStream:75 - [STDERR_REDIRECT] 
2026-03-29 19:46:44,190 [ERROR] LogOutputStream:75 - [STDERR_REDIRECT] [Fatal Error] :1:1: Premature end of file.
2026-03-29 19:46:44,190 [ERROR] LogOutputStream:75 - [STDERR_REDIRECT] 
2026-03-29 19:46:45,194 [ERROR] LogOutputStream:75 - [STDERR_REDIRECT] [Fatal Error] :1:1: Premature end of file.
2026-03-29 19:46:45,195 [ERROR] LogOutputStream:75 - [STDERR_REDIRECT] 
2026-03-29 19:46:46,193 [ERROR] LogOutputStream:75 - [STDERR_REDIRECT] [Fatal Error] :1:1: Premature end of file.
2026-03-29 19:46:46,193 [ERROR] LogOutputStream:75 - [STDERR_REDIRECT] 
2026-03-29 19:46:47,197 [ERROR] LogOutputStream:75 - [STDERR_REDIRECT] [Fatal Error] :1:1: Premature end of file.
2026-03-29 19:46:47,197 [ERROR] LogOutputStream:75 - [STDERR_REDIRECT] 
2026-03-29 19:46:48,193 [ERROR] LogOutputStream:75 - [STDERR_REDIRECT] [Fatal Error] :1:1: Premature end of file.
2026-03-29 19:46:48,194 [ERROR] LogOutputStream:75 - [STDERR_REDIRECT] 
2026-03-29 19:46:49,189 [ERROR] LogOutputStream:75 - [STDERR_REDIRECT] [Fatal Error] :1:1: Premature end of file.
2026-03-29 19:46:49,189 [ERROR] LogOutputStream:75 - [STDERR_REDIRECT] 
2026-03-29 19:46:50,191 [ERROR] LogOutputStream:75 - [STDERR_REDIRECT] [Fatal Error] :1:1: Premature end of file.
2026-03-29 19:46:50,191 [ERROR] LogOutputStream:75 - [STDERR_REDIRECT] 
2026-03-29 19:46:51,194 [ERROR] LogOutputStream:75 - [STDERR_REDIRECT] [Fatal Error] :1:1: Premature end of file.
2026-03-29 19:46:51,194 [ERROR] LogOutputStream:75 - [STDERR_REDIRECT] 
2026-03-29 19:46:52,192 [ERROR] LogOutputStream:75 - [STDERR_REDIRECT] [Fatal Error] :1:1: Premature end of file.
2026-03-29 19:46:52,192 [ERROR] LogOutputStream:75 - [STDERR_REDIRECT] 
2026-03-29 19:46:53,193 [ERROR] LogOutputStream:75 - [STDERR_REDIRECT] [Fatal Error] :1:1: Premature end of file.
2026-03-29 19:46:53,193 [ERROR] LogOutputStream:75 - [STDERR_REDIRECT] 
2026-03-29 19:46:54,196 [ERROR] LogOutputStream:75 - [STDERR_REDIRECT] [Fatal Error] :1:1: Premature end of file.
2026-03-29 19:46:54,196 [ERROR] LogOutputStream:75 - [STDERR_REDIRECT] 
2026-03-29 19:46:55,192 [ERROR] LogOutputStream:75 - [STDERR_REDIRECT] [Fatal Error] :1:1: Premature end of file.
2026-03-29 19:46:55,192 [ERROR] LogOutputStream:75 - [STDERR_REDIRECT] 
2026-03-29 19:46:56,193 [ERROR] LogOutputStream:75 - [STDERR_REDIRECT] [Fatal Error] :1:1: Premature end of file.
2026-03-29 19:46:56,195 [ERROR] LogOutputStream:75 - [STDERR_REDIRECT] 
2026-03-29 19:46:57,205 [ERROR] LogOutputStream:75 - [STDERR_REDIRECT] [Fatal Error] :1:1: Premature end of file.
2026-03-29 19:46:57,205 [ERROR] LogOutputStream:75 - [STDERR_REDIRECT] 
2026-03-29 19:46:58,191 [ERROR] LogOutputStream:75 - [STDERR_REDIRECT] [Fatal Error] :1:1: Premature end of file.
2026-03-29 19:46:58,191 [ERROR] LogOutputStream:75 - [STDERR_REDIRECT] 
2026-03-29 19:46:59,189 [ERROR] LogOutputStream:75 - [STDERR_REDIRECT] [Fatal Error] :1:1: Premature end of file.
2026-03-29 19:46:59,189 [ERROR] LogOutputStream:75 - [STDERR_REDIRECT] 
2026-03-29 19:47:00,212 [ERROR] LogOutputStream:75 - [STDERR_REDIRECT] [Fatal Error] :1:1: Premature end of file.
2026-03-29 19:47:00,212 [ERROR] LogOutputStream:75 - [STDERR_REDIRECT] 
2026-03-29 19:47:01,200 [ERROR] LogOutputStream:75 - [STDERR_REDIRECT] [Fatal Error] :1:1: Premature end of file.
2026-03-29 19:47:01,200 [ERROR] LogOutputStream:75 - [STDERR_REDIRECT] 
2026-03-29 19:47:02,199 [ERROR] LogOutputStream:75 - [STDERR_REDIRECT] [Fatal Error] :1:1: Premature end of file.
2026-03-29 19:47:02,200 [ERROR] LogOutputStream:75 - [STDERR_REDIRECT] 
2026-03-29 19:47:03,188 [ERROR] LogOutputStream:75 - [STDERR_REDIRECT] [Fatal Error] :1:1: Premature end of file.
2026-03-29 19:47:03,189 [ERROR] LogOutputStream:75 - [STDERR_REDIRECT] 
2026-03-29 19:47:04,192 [ERROR] LogOutputStream:75 - [STDERR_REDIRECT] [Fatal Error] :1:1: Premature end of file.
2026-03-29 19:47:04,192 [ERROR] LogOutputStream:75 - [STDERR_REDIRECT] 
2026-03-29 19:47:05,195 [ERROR] LogOutputStream:75 - [STDERR_REDIRECT] [Fatal Error] :1:1: Premature end of file.
2026-03-29 19:47:05,195 [ERROR] LogOutputStream:75 - [STDERR_REDIRECT] 
2026-03-29 19:47:06,197 [ERROR] LogOutputStream:75 - [STDERR_REDIRECT] [Fatal Error] :1:1: Premature end of file.
2026-03-29 19:47:06,197 [ERROR] LogOutputStream:75 - [STDERR_REDIRECT] 
2026-03-29 19:47:07,193 [ERROR] LogOutputStream:75 - [STDERR_REDIRECT] [Fatal Error] :1:1: Premature end of file.
2026-03-29 19:47:07,193 [ERROR] LogOutputStream:75 - [STDERR_REDIRECT] 
2026-03-29 19:47:08,195 [ERROR] LogOutputStream:75 - [STDERR_REDIRECT] [Fatal Error] :1:1: Premature end of file.
2026-03-29 19:47:08,195 [ERROR] LogOutputStream:75 - [STDERR_REDIRECT] 
2026-03-29 19:47:09,185 [ERROR] LogOutputStream:75 - [STDERR_REDIRECT] [Fatal Error] :1:1: Premature end of file.
2026-03-29 19:47:09,185 [ERROR] LogOutputStream:75 - [STDERR_REDIRECT] 
2026-03-29 19:47:10,210 [ERROR] LogOutputStream:75 - [STDERR_REDIRECT] [Fatal Error] :1:1: Premature end of file.
2026-03-29 19:47:10,210 [ERROR] LogOutputStream:75 - [STDERR_REDIRECT] 
2026-03-29 19:47:11,190 [ERROR] LogOutputStream:75 - [STDERR_REDIRECT] [Fatal Error] :1:1: Premature end of file.
2026-03-29 19:47:11,191 [ERROR] LogOutputStream:75 - [STDERR_REDIRECT] 
2026-03-29 19:47:12,212 [ERROR] LogOutputStream:75 - [STDERR_REDIRECT] [Fatal Error] :1:1: Premature end of file.
2026-03-29 19:47:12,213 [ERROR] LogOutputStream:75 - [STDERR_REDIRECT] 
2026-03-29 19:47:13,193 [ERROR] LogOutputStream:75 - [STDERR_REDIRECT] [Fatal Error] :1:1: Premature end of file.
2026-03-29 19:47:13,194 [ERROR] LogOutputStream:75 - [STDERR_REDIRECT] 
2026-03-29 19:47:14,189 [ERROR] LogOutputStream:75 - [STDERR_REDIRECT] [Fatal Error] :1:1: Premature end of file.
2026-03-29 19:47:14,189 [ERROR] LogOutputStream:75 - [STDERR_REDIRECT] 
2026-03-29 19:47:15,248 [ERROR] LogOutputStream:75 - [STDERR_REDIRECT] [Fatal Error] :1:1: Premature end of file.
2026-03-29 19:47:15,248 [ERROR] LogOutputStream:75 - [STDERR_REDIRECT] 
2026-03-29 19:47:16,183 [ERROR] LogOutputStream:75 - [STDERR_REDIRECT] [Fatal Error] :1:1: Premature end of file.
2026-03-29 19:47:16,184 [ERROR] LogOutputStream:75 - [STDERR_REDIRECT] 
2026-03-29 19:47:17,184 [ERROR] LogOutputStream:75 - [STDERR_REDIRECT] [Fatal Error] :1:1: Premature end of file.
2026-03-29 19:47:17,184 [ERROR] LogOutputStream:75 - [STDERR_REDIRECT] 
2026-03-29 19:47:18,185 [ERROR] LogOutputStream:75 - [STDERR_REDIRECT] [Fatal Error] :1:1: Premature end of file.
2026-03-29 19:47:18,185 [ERROR] LogOutputStream:75 - [STDERR_REDIRECT] 
2026-03-29 19:47:19,202 [ERROR] LogOutputStream:75 - [STDERR_REDIRECT] [Fatal Error] :1:1: Premature end of file.
2026-03-29 19:47:19,203 [ERROR] LogOutputStream:75 - [STDERR_REDIRECT] 
2026-03-29 19:47:20,202 [ERROR] LogOutputStream:75 - [STDERR_REDIRECT] [Fatal Error] :1:1: Premature end of file.
2026-03-29 19:47:20,203 [ERROR] LogOutputStream:75 - [STDERR_REDIRECT] 
2026-03-29 19:47:21,186 [ERROR] LogOutputStream:75 - [STDERR_REDIRECT] [Fatal Error] :1:1: Premature end of file.
2026-03-29 19:47:21,186 [ERROR] LogOutputStream:75 - [STDERR_REDIRECT] 
2026-03-29 19:47:22,197 [ERROR] LogOutputStream:75 - [STDERR_REDIRECT] [Fatal Error] :1:1: Premature end of file.
2026-03-29 19:47:22,198 [ERROR] LogOutputStream:75 - [STDERR_REDIRECT] 
2026-03-29 19:47:23,193 [ERROR] LogOutputStream:75 - [STDERR_REDIRECT] [Fatal Error] :1:1: Premature end of file.
2026-03-29 19:47:23,193 [ERROR] LogOutputStream:75 - [STDERR_REDIRECT] 
2026-03-29 19:47:24,196 [ERROR] LogOutputStream:75 - [STDERR_REDIRECT] [Fatal Error] :1:1: Premature end of file.
2026-03-29 19:47:24,197 [ERROR] LogOutputStream:75 - [STDERR_REDIRECT] 
2026-03-29 19:47:25,188 [ERROR] LogOutputStream:75 - [STDERR_REDIRECT] [Fatal Error] :1:1: Premature end of file.
2026-03-29 19:47:25,188 [ERROR] LogOutputStream:75 - [STDERR_REDIRECT] 
2026-03-29 19:47:26,191 [ERROR] LogOutputStream:75 - [STDERR_REDIRECT] [Fatal Error] :1:1: Premature end of file.
2026-03-29 19:47:26,191 [ERROR] LogOutputStream:75 - [STDERR_REDIRECT] 
2026-03-29 19:47:27,192 [ERROR] LogOutputStream:75 - [STDERR_REDIRECT] [Fatal Error] :1:1: Premature end of file.
2026-03-29 19:47:27,192 [ERROR] LogOutputStream:75 - [STDERR_REDIRECT] 
2026-03-29 19:47:28,193 [ERROR] LogOutputStream:75 - [STDERR_REDIRECT] [Fatal Error] :1:1: Premature end of file.
2026-03-29 19:47:28,193 [ERROR] LogOutputStream:75 - [STDERR_REDIRECT] 
2026-03-29 19:47:29,194 [ERROR] LogOutputStream:75 - [STDERR_REDIRECT] [Fatal Error] :1:1: Premature end of file.
2026-03-29 19:47:29,194 [ERROR] LogOutputStream:75 - [STDERR_REDIRECT] 
2026-03-29 19:47:30,193 [ERROR] LogOutputStream:75 - [STDERR_REDIRECT] [Fatal Error] :1:1: Premature end of file.
2026-03-29 19:47:30,194 [ERROR] LogOutputStream:75 - [STDERR_REDIRECT] 
2026-03-29 19:47:31,192 [ERROR] LogOutputStream:75 - [STDERR_REDIRECT] [Fatal Error] :1:1: Premature end of file.
2026-03-29 19:47:31,193 [ERROR] LogOutputStream:75 - [STDERR_REDIRECT] 
2026-03-29 19:47:32,192 [ERROR] LogOutputStream:75 - [STDERR_REDIRECT] [Fatal Error] :1:1: Premature end of file.
2026-03-29 19:47:32,192 [ERROR] LogOutputStream:75 - [STDERR_REDIRECT] 
2026-03-29 19:47:33,193 [ERROR] LogOutputStream:75 - [STDERR_REDIRECT] [Fatal Error] :1:1: Premature end of file.
2026-03-29 19:47:33,193 [ERROR] LogOutputStream:75 - [STDERR_REDIRECT] 
2026-03-29 19:47:34,200 [ERROR] LogOutputStream:75 - [STDERR_REDIRECT] [Fatal Error] :1:1: Premature end of file.
2026-03-29 19:47:34,200 [ERROR] LogOutputStream:75 - [STDERR_REDIRECT] 
2026-03-29 19:47:35,189 [ERROR] LogOutputStream:75 - [STDERR_REDIRECT] [Fatal Error] :1:1: Premature end of file.
2026-03-29 19:47:35,190 [ERROR] LogOutputStream:75 - [STDERR_REDIRECT] 
2026-03-29 19:47:36,191 [ERROR] LogOutputStream:75 - [STDERR_REDIRECT] [Fatal Error] :1:1: Premature end of file.
2026-03-29 19:47:36,191 [ERROR] LogOutputStream:75 - [STDERR_REDIRECT] 
2026-03-29 19:47:37,198 [ERROR] LogOutputStream:75 - [STDERR_REDIRECT] [Fatal Error] :1:1: Premature end of file.
2026-03-29 19:47:37,198 [ERROR] LogOutputStream:75 - [STDERR_REDIRECT] 
2026-03-29 19:47:38,192 [ERROR] LogOutputStream:75 - [STDERR_REDIRECT] [Fatal Error] :1:1: Premature end of file.
2026-03-29 19:47:38,192 [ERROR] LogOutputStream:75 - [STDERR_REDIRECT] 
2026-03-29 19:47:39,209 [ERROR] LogOutputStream:75 - [STDERR_REDIRECT] [Fatal Error] :1:1: Premature end of file.
2026-03-29 19:47:39,209 [ERROR] LogOutputStream:75 - [STDERR_REDIRECT] 
2026-03-29 19:47:40,194 [ERROR] LogOutputStream:75 - [STDERR_REDIRECT] [Fatal Error] :1:1: Premature end of file.
2026-03-29 19:47:40,195 [ERROR] LogOutputStream:75 - [STDERR_REDIRECT] 
2026-03-29 19:47:41,208 [ERROR] LogOutputStream:75 - [STDERR_REDIRECT] [Fatal Error] :1:1: Premature end of file.
2026-03-29 19:47:41,208 [ERROR] LogOutputStream:75 - [STDERR_REDIRECT] 
2026-03-29 19:47:42,206 [ERROR] LogOutputStream:75 - [STDERR_REDIRECT] [Fatal Error] :1:1: Premature end of file.
2026-03-29 19:47:42,206 [ERROR] LogOutputStream:75 - [STDERR_REDIRECT] 
2026-03-29 19:47:43,208 [ERROR] LogOutputStream:75 - [STDERR_REDIRECT] [Fatal Error] :1:1: Premature end of file.
2026-03-29 19:47:43,208 [ERROR] LogOutputStream:75 - [STDERR_REDIRECT] 
2026-03-29 19:47:44,202 [ERROR] LogOutputStream:75 - [STDERR_REDIRECT] [Fatal Error] :1:1: Premature end of file.
2026-03-29 19:47:44,203 [ERROR] LogOutputStream:75 - [STDERR_REDIRECT] 
2026-03-29 19:47:45,203 [ERROR] LogOutputStream:75 - [STDERR_REDIRECT] [Fatal Error] :1:1: Premature end of file.
2026-03-29 19:47:45,203 [ERROR] LogOutputStream:75 - [STDERR_REDIRECT] 
2026-03-29 19:47:46,207 [ERROR] LogOutputStream:75 - [STDERR_REDIRECT] [Fatal Error] :1:1: Premature end of file.
2026-03-29 19:47:46,207 [ERROR] LogOutputStream:75 - [STDERR_REDIRECT] 
2026-03-29 19:47:47,204 [ERROR] LogOutputStream:75 - [STDERR_REDIRECT] [Fatal Error] :1:1: Premature end of file.
2026-03-29 19:47:47,204 [ERROR] LogOutputStream:75 - [STDERR_REDIRECT] 
2026-03-29 19:47:48,203 [ERROR] LogOutputStream:75 - [STDERR_REDIRECT] [Fatal Error] :1:1: Premature end of file.
2026-03-29 19:47:48,203 [ERROR] LogOutputStream:75 - [STDERR_REDIRECT] 
2026-03-29 19:47:49,203 [ERROR] LogOutputStream:75 - [STDERR_REDIRECT] [Fatal Error] :1:1: Premature end of file.
2026-03-29 19:47:49,204 [ERROR] LogOutputStream:75 - [STDERR_REDIRECT] 
2026-03-29 19:47:50,198 [ERROR] LogOutputStream:75 - [STDERR_REDIRECT] [Fatal Error] :1:1: Premature end of file.
2026-03-29 19:47:50,198 [ERROR] LogOutputStream:75 - [STDERR_REDIRECT] 
2026-03-29 19:47:51,201 [ERROR] LogOutputStream:75 - [STDERR_REDIRECT] [Fatal Error] :1:1: Premature end of file.
2026-03-29 19:47:51,201 [ERROR] LogOutputStream:75 - [STDERR_REDIRECT] 
2026-03-29 19:47:52,192 [ERROR] LogOutputStream:75 - [STDERR_REDIRECT] [Fatal Error] :1:1: Premature end of file.
2026-03-29 19:47:52,193 [ERROR] LogOutputStream:75 - [STDERR_REDIRECT] 
2026-03-29 19:47:53,219 [ERROR] LogOutputStream:75 - [STDERR_REDIRECT] [Fatal Error] :1:1: Premature end of file.
2026-03-29 19:47:53,219 [ERROR] LogOutputStream:75 - [STDERR_REDIRECT] 
2026-03-29 19:47:54,189 [ERROR] LogOutputStream:75 - [STDERR_REDIRECT] [Fatal Error] :1:1: Premature end of file.
2026-03-29 19:47:54,189 [ERROR] LogOutputStream:75 - [STDERR_REDIRECT] 
2026-03-29 19:47:55,201 [ERROR] LogOutputStream:75 - [STDERR_REDIRECT] [Fatal Error] :1:1: Premature end of file.
2026-03-29 19:47:55,201 [ERROR] LogOutputStream:75 - [STDERR_REDIRECT] 
2026-03-29 19:47:56,201 [ERROR] LogOutputStream:75 - [STDERR_REDIRECT] [Fatal Error] :1:1: Premature end of file.
2026-03-29 19:47:56,201 [ERROR] LogOutputStream:75 - [STDERR_REDIRECT] 
2026-03-29 19:47:57,202 [ERROR] LogOutputStream:75 - [STDERR_REDIRECT] [Fatal Error] :1:1: Premature end of file.
2026-03-29 19:47:57,202 [ERROR] LogOutputStream:75 - [STDERR_REDIRECT] 
2026-03-29 19:47:58,200 [ERROR] LogOutputStream:75 - [STDERR_REDIRECT] [Fatal Error] :1:1: Premature end of file.
2026-03-29 19:47:58,200 [ERROR] LogOutputStream:75 - [STDERR_REDIRECT] 
2026-03-29 19:47:59,206 [ERROR] LogOutputStream:75 - [STDERR_REDIRECT] [Fatal Error] :1:1: Premature end of file.
2026-03-29 19:47:59,206 [ERROR] LogOutputStream:75 - [STDERR_REDIRECT] 
2026-03-29 19:48:00,211 [ERROR] LogOutputStream:75 - [STDERR_REDIRECT] [Fatal Error] :1:1: Premature end of file.
2026-03-29 19:48:00,211 [ERROR] LogOutputStream:75 - [STDERR_REDIRECT] 
2026-03-29 19:48:01,207 [ERROR] LogOutputStream:75 - [STDERR_REDIRECT] [Fatal Error] :1:1: Premature end of file.
2026-03-29 19:48:01,209 [ERROR] LogOutputStream:75 - [STDERR_REDIRECT] 
2026-03-29 19:48:02,202 [ERROR] LogOutputStream:75 - [STDERR_REDIRECT] [Fatal Error] :1:1: Premature end of file.
2026-03-29 19:48:02,202 [ERROR] LogOutputStream:75 - [STDERR_REDIRECT] 
2026-03-29 19:48:03,205 [ERROR] LogOutputStream:75 - [STDERR_REDIRECT] [Fatal Error] :1:1: Premature end of file.
2026-03-29 19:48:03,205 [ERROR] LogOutputStream:75 - [STDERR_REDIRECT] 
2026-03-29 19:48:04,209 [ERROR] LogOutputStream:75 - [STDERR_REDIRECT] [Fatal Error] :1:1: Premature end of file.
2026-03-29 19:48:04,209 [ERROR] LogOutputStream:75 - [STDERR_REDIRECT] 
2026-03-29 19:48:05,205 [ERROR] LogOutputStream:75 - [STDERR_REDIRECT] [Fatal Error] :1:1: Premature end of file.
2026-03-29 19:48:05,205 [ERROR] LogOutputStream:75 - [STDERR_REDIRECT] 
2026-03-29 19:48:06,197 [ERROR] LogOutputStream:75 - [STDERR_REDIRECT] [Fatal Error] :1:1: Premature end of file.
2026-03-29 19:48:06,197 [ERROR] LogOutputStream:75 - [STDERR_REDIRECT] 
2026-03-29 19:48:07,203 [ERROR] LogOutputStream:75 - [STDERR_REDIRECT] [Fatal Error] :1:1: Premature end of file.
2026-03-29 19:48:07,203 [ERROR] LogOutputStream:75 - [STDERR_REDIRECT] 
2026-03-29 19:48:08,202 [ERROR] LogOutputStream:75 - [STDERR_REDIRECT] [Fatal Error] :1:1: Premature end of file.
2026-03-29 19:48:08,202 [ERROR] LogOutputStream:75 - [STDERR_REDIRECT] 
2026-03-29 19:48:09,190 [ERROR] LogOutputStream:75 - [STDERR_REDIRECT] [Fatal Error] :1:1: Premature end of file.
2026-03-29 19:48:09,191 [ERROR] LogOutputStream:75 - [STDERR_REDIRECT] 
2026-03-29 19:48:10,184 [ERROR] LogOutputStream:75 - [STDERR_REDIRECT] [Fatal Error] :1:1: Premature end of file.
2026-03-29 19:48:10,185 [ERROR] LogOutputStream:75 - [STDERR_REDIRECT] 
2026-03-29 19:48:11,193 [ERROR] LogOutputStream:75 - [STDERR_REDIRECT] [Fatal Error] :1:1: Premature end of file.
2026-03-29 19:48:11,193 [ERROR] LogOutputStream:75 - [STDERR_REDIRECT] 
2026-03-29 19:48:12,214 [ERROR] LogOutputStream:75 - [STDERR_REDIRECT] [Fatal Error] :1:1: Premature end of file.
2026-03-29 19:48:12,214 [ERROR] LogOutputStream:75 - [STDERR_REDIRECT] 
2026-03-29 19:48:13,199 [ERROR] LogOutputStream:75 - [STDERR_REDIRECT] [Fatal Error] :1:1: Premature end of file.
2026-03-29 19:48:13,199 [ERROR] LogOutputStream:75 - [STDERR_REDIRECT] 
2026-03-29 19:48:14,195 [ERROR] LogOutputStream:75 - [STDERR_REDIRECT] [Fatal Error] :1:1: Premature end of file.
2026-03-29 19:48:14,196 [ERROR] LogOutputStream:75 - [STDERR_REDIRECT] 
2026-03-29 19:48:15,204 [ERROR] LogOutputStream:75 - [STDERR_REDIRECT] [Fatal Error] :1:1: Premature end of file.
2026-03-29 19:48:15,204 [ERROR] LogOutputStream:75 - [STDERR_REDIRECT] 
2026-03-29 19:48:16,202 [ERROR] LogOutputStream:75 - [STDERR_REDIRECT] [Fatal Error] :1:1: Premature end of file.
2026-03-29 19:48:16,202 [ERROR] LogOutputStream:75 - [STDERR_REDIRECT] 
2026-03-29 19:48:17,205 [ERROR] LogOutputStream:75 - [STDERR_REDIRECT] [Fatal Error] :1:1: Premature end of file.
2026-03-29 19:48:17,206 [ERROR] LogOutputStream:75 - [STDERR_REDIRECT] 
2026-03-29 19:48:18,201 [ERROR] LogOutputStream:75 - [STDERR_REDIRECT] [Fatal Error] :1:1: Premature end of file.
2026-03-29 19:48:18,202 [ERROR] LogOutputStream:75 - [STDERR_REDIRECT] 
2026-03-29 19:48:19,200 [ERROR] LogOutputStream:75 - [STDERR_REDIRECT] [Fatal Error] :1:1: Premature end of file.
2026-03-29 19:48:19,200 [ERROR] LogOutputStream:75 - [STDERR_REDIRECT] 
2026-03-29 19:48:20,201 [ERROR] LogOutputStream:75 - [STDERR_REDIRECT] [Fatal Error] :1:1: Premature end of file.
2026-03-29 19:48:20,201 [ERROR] LogOutputStream:75 - [STDERR_REDIRECT] 
2026-03-29 19:48:21,204 [ERROR] LogOutputStream:75 - [STDERR_REDIRECT] [Fatal Error] :1:1: Premature end of file.
2026-03-29 19:48:21,204 [ERROR] LogOutputStream:75 - [STDERR_REDIRECT] 
2026-03-29 19:48:22,198 [ERROR] LogOutputStream:75 - [STDERR_REDIRECT] [Fatal Error] :1:1: Premature end of file.
2026-03-29 19:48:22,198 [ERROR] LogOutputStream:75 - [STDERR_REDIRECT] 
2026-03-29 19:48:23,210 [ERROR] LogOutputStream:75 - [STDERR_REDIRECT] [Fatal Error] :1:1: Premature end of file.
2026-03-29 19:48:23,211 [ERROR] LogOutputStream:75 - [STDERR_REDIRECT] 
2026-03-29 19:48:24,196 [ERROR] LogOutputStream:75 - [STDERR_REDIRECT] [Fatal Error] :1:1: Premature end of file.
2026-03-29 19:48:24,197 [ERROR] LogOutputStream:75 - [STDERR_REDIRECT] 
2026-03-29 19:48:25,205 [ERROR] LogOutputStream:75 - [STDERR_REDIRECT] [Fatal Error] :1:1: Premature end of file.
2026-03-29 19:48:25,205 [ERROR] LogOutputStream:75 - [STDERR_REDIRECT] 
2026-03-29 19:48:26,205 [ERROR] LogOutputStream:75 - [STDERR_REDIRECT] [Fatal Error] :1:1: Premature end of file.
2026-03-29 19:48:26,205 [ERROR] LogOutputStream:75 - [STDERR_REDIRECT] 
2026-03-29 19:48:27,205 [ERROR] LogOutputStream:75 - [STDERR_REDIRECT] [Fatal Error] :1:1: Premature end of file.
2026-03-29 19:48:27,205 [ERROR] LogOutputStream:75 - [STDERR_REDIRECT] 
2026-03-29 19:48:28,210 [ERROR] LogOutputStream:75 - [STDERR_REDIRECT] [Fatal Error] :1:1: Premature end of file.
2026-03-29 19:48:28,210 [ERROR] LogOutputStream:75 - [STDERR_REDIRECT] 
2026-03-29 19:48:29,195 [ERROR] LogOutputStream:75 - [STDERR_REDIRECT] [Fatal Error] :1:1: Premature end of file.
2026-03-29 19:48:29,196 [ERROR] LogOutputStream:75 - [STDERR_REDIRECT] 
2026-03-29 19:48:30,194 [ERROR] LogOutputStream:75 - [STDERR_REDIRECT] [Fatal Error] :1:1: Premature end of file.
2026-03-29 19:48:30,195 [ERROR] LogOutputStream:75 - [STDERR_REDIRECT] 
2026-03-29 19:48:31,204 [ERROR] LogOutputStream:75 - [STDERR_REDIRECT] [Fatal Error] :1:1: Premature end of file.
2026-03-29 19:48:31,204 [ERROR] LogOutputStream:75 - [STDERR_REDIRECT] 
2026-03-29 19:48:32,206 [ERROR] LogOutputStream:75 - [STDERR_REDIRECT] [Fatal Error] :1:1: Premature end of file.
2026-03-29 19:48:32,206 [ERROR] LogOutputStream:75 - [STDERR_REDIRECT] 
2026-03-29 19:48:33,204 [ERROR] LogOutputStream:75 - [STDERR_REDIRECT] [Fatal Error] :1:1: Premature end of file.
2026-03-29 19:48:33,204 [ERROR] LogOutputStream:75 - [STDERR_REDIRECT] 
2026-03-29 19:48:34,198 [ERROR] LogOutputStream:75 - [STDERR_REDIRECT] [Fatal Error] :1:1: Premature end of file.
2026-03-29 19:48:34,199 [ERROR] LogOutputStream:75 - [STDERR_REDIRECT] 
2026-03-29 19:48:35,205 [ERROR] LogOutputStream:75 - [STDERR_REDIRECT] [Fatal Error] :1:1: Premature end of file.
2026-03-29 19:48:35,205 [ERROR] LogOutputStream:75 - [STDERR_REDIRECT] 
2026-03-29 19:48:36,193 [ERROR] LogOutputStream:75 - [STDERR_REDIRECT] [Fatal Error] :1:1: Premature end of file.
2026-03-29 19:48:36,193 [ERROR] LogOutputStream:75 - [STDERR_REDIRECT] 
2026-03-29 19:48:37,292 [ERROR] LogOutputStream:75 - [STDERR_REDIRECT] [Fatal Error] :1:1: Premature end of file.
2026-03-29 19:48:37,293 [ERROR] LogOutputStream:75 - [STDERR_REDIRECT] 
2026-03-29 19:48:38,204 [ERROR] LogOutputStream:75 - [STDERR_REDIRECT] [Fatal Error] :1:1: Premature end of file.
2026-03-29 19:48:38,205 [ERROR] LogOutputStream:75 - [STDERR_REDIRECT] 
2026-03-29 19:48:39,205 [ERROR] LogOutputStream:75 - [STDERR_REDIRECT] [Fatal Error] :1:1: Premature end of file.
2026-03-29 19:48:39,207 [ERROR] LogOutputStream:75 - [STDERR_REDIRECT] 
2026-03-29 19:48:40,201 [ERROR] LogOutputStream:75 - [STDERR_REDIRECT] [Fatal Error] :1:1: Premature end of file.
2026-03-29 19:48:40,202 [ERROR] LogOutputStream:75 - [STDERR_REDIRECT] 
2026-03-29 19:48:41,196 [ERROR] LogOutputStream:75 - [STDERR_REDIRECT] [Fatal Error] :1:1: Premature end of file.
2026-03-29 19:48:41,196 [ERROR] LogOutputStream:75 - [STDERR_REDIRECT] 
2026-03-29 19:48:42,202 [ERROR] LogOutputStream:75 - [STDERR_REDIRECT] [Fatal Error] :1:1: Premature end of file.
2026-03-29 19:48:42,202 [ERROR] LogOutputStream:75 - [STDERR_REDIRECT] 
2026-03-29 19:48:43,203 [ERROR] LogOutputStream:75 - [STDERR_REDIRECT] [Fatal Error] :1:1: Premature end of file.
2026-03-29 19:48:43,203 [ERROR] LogOutputStream:75 - [STDERR_REDIRECT] 
2026-03-29 19:48:44,208 [ERROR] LogOutputStream:75 - [STDERR_REDIRECT] [Fatal Error] :1:1: Premature end of file.
2026-03-29 19:48:44,208 [ERROR] LogOutputStream:75 - [STDERR_REDIRECT] 
2026-03-29 19:48:45,205 [ERROR] LogOutputStream:75 - [STDERR_REDIRECT] [Fatal Error] :1:1: Premature end of file.
2026-03-29 19:48:45,205 [ERROR] LogOutputStream:75 - [STDERR_REDIRECT] 
2026-03-29 19:48:46,201 [ERROR] LogOutputStream:75 - [STDERR_REDIRECT] [Fatal Error] :1:1: Premature end of file.
2026-03-29 19:48:46,201 [ERROR] LogOutputStream:75 - [STDERR_REDIRECT] 
2026-03-29 19:48:47,195 [ERROR] LogOutputStream:75 - [STDERR_REDIRECT] [Fatal Error] :1:1: Premature end of file.
2026-03-29 19:48:47,196 [ERROR] LogOutputStream:75 - [STDERR_REDIRECT] 
2026-03-29 19:48:48,224 [ERROR] LogOutputStream:75 - [STDERR_REDIRECT] [Fatal Error] :1:1: Premature end of file.
2026-03-29 19:48:48,224 [ERROR] LogOutputStream:75 - [STDERR_REDIRECT] 
2026-03-29 19:48:49,205 [ERROR] LogOutputStream:75 - [STDERR_REDIRECT] [Fatal Error] :1:1: Premature end of file.
2026-03-29 19:48:49,205 [ERROR] LogOutputStream:75 - [STDERR_REDIRECT] 
2026-03-29 19:48:50,200 [ERROR] LogOutputStream:75 - [STDERR_REDIRECT] [Fatal Error] :1:1: Premature end of file.
2026-03-29 19:48:50,200 [ERROR] LogOutputStream:75 - [STDERR_REDIRECT] 
2026-03-29 19:48:51,192 [ERROR] LogOutputStream:75 - [STDERR_REDIRECT] [Fatal Error] :1:1: Premature end of file.
2026-03-29 19:48:51,192 [ERROR] LogOutputStream:75 - [STDERR_REDIRECT] 
2026-03-29 19:48:52,206 [ERROR] LogOutputStream:75 - [STDERR_REDIRECT] [Fatal Error] :1:1: Premature end of file.
2026-03-29 19:48:52,206 [ERROR] LogOutputStream:75 - [STDERR_REDIRECT] 
2026-03-29 19:48:53,193 [ERROR] LogOutputStream:75 - [STDERR_REDIRECT] [Fatal Error] :1:1: Premature end of file.
2026-03-29 19:48:53,193 [ERROR] LogOutputStream:75 - [STDERR_REDIRECT] 
2026-03-29 19:48:54,190 [ERROR] LogOutputStream:75 - [STDERR_REDIRECT] [Fatal Error] :1:1: Premature end of file.
2026-03-29 19:48:54,190 [ERROR] LogOutputStream:75 - [STDERR_REDIRECT] 
2026-03-29 19:48:55,196 [ERROR] LogOutputStream:75 - [STDERR_REDIRECT] [Fatal Error] :1:1: Premature end of file.
2026-03-29 19:48:55,196 [ERROR] LogOutputStream:75 - [STDERR_REDIRECT] 
2026-03-29 19:48:56,203 [ERROR] LogOutputStream:75 - [STDERR_REDIRECT] [Fatal Error] :1:1: Premature end of file.
2026-03-29 19:48:56,204 [ERROR] LogOutputStream:75 - [STDERR_REDIRECT] 
2026-03-29 19:48:57,198 [ERROR] LogOutputStream:75 - [STDERR_REDIRECT] [Fatal Error] :1:1: Premature end of file.
2026-03-29 19:48:57,198 [ERROR] LogOutputStream:75 - [STDERR_REDIRECT] 
2026-03-29 19:48:58,197 [ERROR] LogOutputStream:75 - [STDERR_REDIRECT] [Fatal Error] :1:1: Premature end of file.
2026-03-29 19:48:58,198 [ERROR] LogOutputStream:75 - [STDERR_REDIRECT] 
2026-03-29 19:48:59,205 [ERROR] LogOutputStream:75 - [STDERR_REDIRECT] [Fatal Error] :1:1: Premature end of file.
2026-03-29 19:48:59,205 [ERROR] LogOutputStream:75 - [STDERR_REDIRECT] 
2026-03-29 19:49:00,214 [ERROR] LogOutputStream:75 - [STDERR_REDIRECT] [Fatal Error] :1:1: Premature end of file.
2026-03-29 19:49:00,214 [ERROR] LogOutputStream:75 - [STDERR_REDIRECT] 
2026-03-29 19:49:01,198 [ERROR] LogOutputStream:75 - [STDERR_REDIRECT] [Fatal Error] :1:1: Premature end of file.
2026-03-29 19:49:01,198 [ERROR] LogOutputStream:75 - [STDERR_REDIRECT] 
2026-03-29 19:49:02,208 [ERROR] LogOutputStream:75 - [STDERR_REDIRECT] [Fatal Error] :1:1: Premature end of file.
2026-03-29 19:49:02,208 [ERROR] LogOutputStream:75 - [STDERR_REDIRECT] 
2026-03-29 19:49:03,203 [ERROR] LogOutputStream:75 - [STDERR_REDIRECT] [Fatal Error] :1:1: Premature end of file.
2026-03-29 19:49:03,203 [ERROR] LogOutputStream:75 - [STDERR_REDIRECT] 
2026-03-29 19:49:04,207 [ERROR] LogOutputStream:75 - [STDERR_REDIRECT] [Fatal Error] :1:1: Premature end of file.
2026-03-29 19:49:04,207 [ERROR] LogOutputStream:75 - [STDERR_REDIRECT] 
2026-03-29 19:49:05,204 [ERROR] LogOutputStream:75 - [STDERR_REDIRECT] [Fatal Error] :1:1: Premature end of file.
2026-03-29 19:49:05,204 [ERROR] LogOutputStream:75 - [STDERR_REDIRECT] 
2026-03-29 19:49:06,212 [ERROR] LogOutputStream:75 - [STDERR_REDIRECT] [Fatal Error] :1:1: Premature end of file.
2026-03-29 19:49:06,213 [ERROR] LogOutputStream:75 - [STDERR_REDIRECT] 
2026-03-29 19:49:07,201 [ERROR] LogOutputStream:75 - [STDERR_REDIRECT] [Fatal Error] :1:1: Premature end of file.
2026-03-29 19:49:07,201 [ERROR] LogOutputStream:75 - [STDERR_REDIRECT] 
2026-03-29 19:49:08,203 [ERROR] LogOutputStream:75 - [STDERR_REDIRECT] [Fatal Error] :1:1: Premature end of file.
2026-03-29 19:49:08,204 [ERROR] LogOutputStream:75 - [STDERR_REDIRECT] 
2026-03-29 19:49:09,207 [ERROR] LogOutputStream:75 - [STDERR_REDIRECT] [Fatal Error] :1:1: Premature end of file.
2026-03-29 19:49:09,208 [ERROR] LogOutputStream:75 - [STDERR_REDIRECT] 
2026-03-29 19:49:10,206 [ERROR] LogOutputStream:75 - [STDERR_REDIRECT] [Fatal Error] :1:1: Premature end of file.
2026-03-29 19:49:10,206 [ERROR] LogOutputStream:75 - [STDERR_REDIRECT] 
2026-03-29 19:49:11,209 [ERROR] LogOutputStream:75 - [STDERR_REDIRECT] [Fatal Error] :1:1: Premature end of file.
2026-03-29 19:49:11,209 [ERROR] LogOutputStream:75 - [STDERR_REDIRECT] 
2026-03-29 19:49:12,206 [ERROR] LogOutputStream:75 - [STDERR_REDIRECT] [Fatal Error] :1:1: Premature end of file.
2026-03-29 19:49:12,206 [ERROR] LogOutputStream:75 - [STDERR_REDIRECT] 
2026-03-29 19:49:13,208 [ERROR] LogOutputStream:75 - [STDERR_REDIRECT] [Fatal Error] :1:1: Premature end of file.
2026-03-29 19:49:13,208 [ERROR] LogOutputStream:75 - [STDERR_REDIRECT] 
2026-03-29 19:49:14,196 [ERROR] LogOutputStream:75 - [STDERR_REDIRECT] [Fatal Error] :1:1: Premature end of file.
2026-03-29 19:49:14,196 [ERROR] LogOutputStream:75 - [STDERR_REDIRECT] 
2026-03-29 19:49:15,205 [ERROR] LogOutputStream:75 - [STDERR_REDIRECT] [Fatal Error] :1:1: Premature end of file.
2026-03-29 19:49:15,205 [ERROR] LogOutputStream:75 - [STDERR_REDIRECT] 
2026-03-29 19:49:16,208 [ERROR] LogOutputStream:75 - [STDERR_REDIRECT] [Fatal Error] :1:1: Premature end of file.
2026-03-29 19:49:16,208 [ERROR] LogOutputStream:75 - [STDERR_REDIRECT] 
2026-03-29 19:49:17,209 [ERROR] LogOutputStream:75 - [STDERR_REDIRECT] [Fatal Error] :1:1: Premature end of file.
2026-03-29 19:49:17,209 [ERROR] LogOutputStream:75 - [STDERR_REDIRECT] 
2026-03-29 19:49:18,211 [ERROR] LogOutputStream:75 - [STDERR_REDIRECT] [Fatal Error] :1:1: Premature end of file.
2026-03-29 19:49:18,211 [ERROR] LogOutputStream:75 - [STDERR_REDIRECT] 
2026-03-29 19:49:19,210 [ERROR] LogOutputStream:75 - [STDERR_REDIRECT] [Fatal Error] :1:1: Premature end of file.
2026-03-29 19:49:19,210 [ERROR] LogOutputStream:75 - [STDERR_REDIRECT] 
2026-03-29 19:49:20,198 [ERROR] LogOutputStream:75 - [STDERR_REDIRECT] [Fatal Error] :1:1: Premature end of file.
2026-03-29 19:49:20,198 [ERROR] LogOutputStream:75 - [STDERR_REDIRECT] 
2026-03-29 19:49:21,208 [ERROR] LogOutputStream:75 - [STDERR_REDIRECT] [Fatal Error] :1:1: Premature end of file.
2026-03-29 19:49:21,208 [ERROR] LogOutputStream:75 - [STDERR_REDIRECT] 
2026-03-29 19:49:22,202 [ERROR] LogOutputStream:75 - [STDERR_REDIRECT] [Fatal Error] :1:1: Premature end of file.
2026-03-29 19:49:22,202 [ERROR] LogOutputStream:75 - [STDERR_REDIRECT] 
2026-03-29 19:49:23,201 [ERROR] LogOutputStream:75 - [STDERR_REDIRECT] [Fatal Error] :1:1: Premature end of file.
2026-03-29 19:49:23,202 [ERROR] LogOutputStream:75 - [STDERR_REDIRECT] 
2026-03-29 19:49:24,199 [ERROR] LogOutputStream:75 - [STDERR_REDIRECT] [Fatal Error] :1:1: Premature end of file.
2026-03-29 19:49:24,199 [ERROR] LogOutputStream:75 - [STDERR_REDIRECT] 
2026-03-29 19:49:25,199 [ERROR] LogOutputStream:75 - [STDERR_REDIRECT] [Fatal Error] :1:1: Premature end of file.
2026-03-29 19:49:25,199 [ERROR] LogOutputStream:75 - [STDERR_REDIRECT] 
2026-03-29 19:49:26,209 [ERROR] LogOutputStream:75 - [STDERR_REDIRECT] [Fatal Error] :1:1: Premature end of file.
2026-03-29 19:49:26,209 [ERROR] LogOutputStream:75 - [STDERR_REDIRECT] 
2026-03-29 19:49:27,221 [ERROR] LogOutputStream:75 - [STDERR_REDIRECT] [Fatal Error] :1:1: Premature end of file.
2026-03-29 19:49:27,222 [ERROR] LogOutputStream:75 - [STDERR_REDIRECT] 
2026-03-29 19:49:28,199 [ERROR] LogOutputStream:75 - [STDERR_REDIRECT] [Fatal Error] :1:1: Premature end of file.
2026-03-29 19:49:28,199 [ERROR] LogOutputStream:75 - [STDERR_REDIRECT] 
2026-03-29 19:49:29,207 [ERROR] LogOutputStream:75 - [STDERR_REDIRECT] [Fatal Error] :1:1: Premature end of file.
2026-03-29 19:49:29,208 [ERROR] LogOutputStream:75 - [STDERR_REDIRECT] 
2026-03-29 19:49:30,191 [ERROR] LogOutputStream:75 - [STDERR_REDIRECT] [Fatal Error] :1:1: Premature end of file.
2026-03-29 19:49:30,191 [ERROR] LogOutputStream:75 - [STDERR_REDIRECT] 
2026-03-29 19:49:31,206 [ERROR] LogOutputStream:75 - [STDERR_REDIRECT] [Fatal Error] :1:1: Premature end of file.
2026-03-29 19:49:31,206 [ERROR] LogOutputStream:75 - [STDERR_REDIRECT] 
2026-03-29 19:49:32,206 [ERROR] LogOutputStream:75 - [STDERR_REDIRECT] [Fatal Error] :1:1: Premature end of file.
2026-03-29 19:49:32,207 [ERROR] LogOutputStream:75 - [STDERR_REDIRECT] 
2026-03-29 19:49:33,196 [ERROR] LogOutputStream:75 - [STDERR_REDIRECT] [Fatal Error] :1:1: Premature end of file.
2026-03-29 19:49:33,196 [ERROR] LogOutputStream:75 - [STDERR_REDIRECT] 
2026-03-29 19:49:34,203 [ERROR] LogOutputStream:75 - [STDERR_REDIRECT] [Fatal Error] :1:1: Premature end of file.
2026-03-29 19:49:34,204 [ERROR] LogOutputStream:75 - [STDERR_REDIRECT] 
2026-03-29 19:49:35,197 [ERROR] LogOutputStream:75 - [STDERR_REDIRECT] [Fatal Error] :1:1: Premature end of file.
2026-03-29 19:49:35,198 [ERROR] LogOutputStream:75 - [STDERR_REDIRECT] 
2026-03-29 19:49:36,189 [ERROR] LogOutputStream:75 - [STDERR_REDIRECT] [Fatal Error] :1:1: Premature end of file.
2026-03-29 19:49:36,189 [ERROR] LogOutputStream:75 - [STDERR_REDIRECT] 
2026-03-29 19:49:37,204 [ERROR] LogOutputStream:75 - [STDERR_REDIRECT] [Fatal Error] :1:1: Premature end of file.
2026-03-29 19:49:37,205 [ERROR] LogOutputStream:75 - [STDERR_REDIRECT] 
2026-03-29 19:49:38,192 [ERROR] LogOutputStream:75 - [STDERR_REDIRECT] [Fatal Error] :1:1: Premature end of file.
2026-03-29 19:49:38,192 [ERROR] LogOutputStream:75 - [STDERR_REDIRECT] 
2026-03-29 19:49:39,190 [ERROR] LogOutputStream:75 - [STDERR_REDIRECT] [Fatal Error] :1:1: Premature end of file.
2026-03-29 19:49:39,190 [ERROR] LogOutputStream:75 - [STDERR_REDIRECT] 
2026-03-29 19:49:40,189 [ERROR] LogOutputStream:75 - [STDERR_REDIRECT] [Fatal Error] :1:1: Premature end of file.
2026-03-29 19:49:40,189 [ERROR] LogOutputStream:75 - [STDERR_REDIRECT] 
2026-03-29 19:49:41,189 [ERROR] LogOutputStream:75 - [STDERR_REDIRECT] [Fatal Error] :1:1: Premature end of file.
2026-03-29 19:49:41,190 [ERROR] LogOutputStream:75 - [STDERR_REDIRECT] 
2026-03-29 19:49:42,226 [ERROR] LogOutputStream:75 - [STDERR_REDIRECT] [Fatal Error] :1:1: Premature end of file.
2026-03-29 19:49:42,227 [ERROR] LogOutputStream:75 - [STDERR_REDIRECT] 
2026-03-29 19:49:43,210 [ERROR] LogOutputStream:75 - [STDERR_REDIRECT] [Fatal Error] :1:1: Premature end of file.
2026-03-29 19:49:43,211 [ERROR] LogOutputStream:75 - [STDERR_REDIRECT] 
2026-03-29 19:49:44,206 [ERROR] LogOutputStream:75 - [STDERR_REDIRECT] [Fatal Error] :1:1: Premature end of file.
2026-03-29 19:49:44,206 [ERROR] LogOutputStream:75 - [STDERR_REDIRECT] 
2026-03-29 19:49:45,206 [ERROR] LogOutputStream:75 - [STDERR_REDIRECT] [Fatal Error] :1:1: Premature end of file.
2026-03-29 19:49:45,206 [ERROR] LogOutputStream:75 - [STDERR_REDIRECT] 
2026-03-29 19:49:46,205 [ERROR] LogOutputStream:75 - [STDERR_REDIRECT] [Fatal Error] :1:1: Premature end of file.
2026-03-29 19:49:46,205 [ERROR] LogOutputStream:75 - [STDERR_REDIRECT] 
2026-03-29 19:49:47,206 [ERROR] LogOutputStream:75 - [STDERR_REDIRECT] [Fatal Error] :1:1: Premature end of file.
2026-03-29 19:49:47,207 [ERROR] LogOutputStream:75 - [STDERR_REDIRECT] 
2026-03-29 19:49:48,207 [ERROR] LogOutputStream:75 - [STDERR_REDIRECT] [Fatal Error] :1:1: Premature end of file.
2026-03-29 19:49:48,208 [ERROR] LogOutputStream:75 - [STDERR_REDIRECT] 
2026-03-29 19:49:49,205 [ERROR] LogOutputStream:75 - [STDERR_REDIRECT] [Fatal Error] :1:1: Premature end of file.
2026-03-29 19:49:49,205 [ERROR] LogOutputStream:75 - [STDERR_REDIRECT] 
2026-03-29 19:49:50,217 [ERROR] LogOutputStream:75 - [STDERR_REDIRECT] [Fatal Error] :1:1: Premature end of file.
2026-03-29 19:49:50,218 [ERROR] LogOutputStream:75 - [STDERR_REDIRECT] 
2026-03-29 19:49:51,198 [ERROR] LogOutputStream:75 - [STDERR_REDIRECT] [Fatal Error] :1:1: Premature end of file.
2026-03-29 19:49:51,198 [ERROR] LogOutputStream:75 - [STDERR_REDIRECT] 
2026-03-29 19:49:52,198 [ERROR] LogOutputStream:75 - [STDERR_REDIRECT] [Fatal Error] :1:1: Premature end of file.
2026-03-29 19:49:52,198 [ERROR] LogOutputStream:75 - [STDERR_REDIRECT] 
2026-03-29 19:49:53,198 [ERROR] LogOutputStream:75 - [STDERR_REDIRECT] [Fatal Error] :1:1: Premature end of file.
2026-03-29 19:49:53,198 [ERROR] LogOutputStream:75 - [STDERR_REDIRECT] 
2026-03-29 19:49:54,202 [ERROR] LogOutputStream:75 - [STDERR_REDIRECT] [Fatal Error] :1:1: Premature end of file.
2026-03-29 19:49:54,202 [ERROR] LogOutputStream:75 - [STDERR_REDIRECT] 
2026-03-29 19:49:55,196 [ERROR] LogOutputStream:75 - [STDERR_REDIRECT] [Fatal Error] :1:1: Premature end of file.
2026-03-29 19:49:55,196 [ERROR] LogOutputStream:75 - [STDERR_REDIRECT] 
2026-03-29 19:49:56,206 [ERROR] LogOutputStream:75 - [STDERR_REDIRECT] [Fatal Error] :1:1: Premature end of file.
2026-03-29 19:49:56,206 [ERROR] LogOutputStream:75 - [STDERR_REDIRECT] 
2026-03-29 19:49:57,197 [ERROR] LogOutputStream:75 - [STDERR_REDIRECT] [Fatal Error] :1:1: Premature end of file.
2026-03-29 19:49:57,197 [ERROR] LogOutputStream:75 - [STDERR_REDIRECT] 
2026-03-29 19:49:58,207 [ERROR] LogOutputStream:75 - [STDERR_REDIRECT] [Fatal Error] :1:1: Premature end of file.
2026-03-29 19:49:58,207 [ERROR] LogOutputStream:75 - [STDERR_REDIRECT] 
2026-03-29 19:49:59,191 [ERROR] LogOutputStream:75 - [STDERR_REDIRECT] [Fatal Error] :1:1: Premature end of file.
2026-03-29 19:49:59,192 [ERROR] LogOutputStream:75 - [STDERR_REDIRECT] 
2026-03-29 19:50:00,201 [ERROR] LogOutputStream:75 - [STDERR_REDIRECT] [Fatal Error] :1:1: Premature end of file.
2026-03-29 19:50:00,202 [ERROR] LogOutputStream:75 - [STDERR_REDIRECT] 
2026-03-29 19:50:01,204 [ERROR] LogOutputStream:75 - [STDERR_REDIRECT] [Fatal Error] :1:1: Premature end of file.
2026-03-29 19:50:01,204 [ERROR] LogOutputStream:75 - [STDERR_REDIRECT] 
2026-03-29 19:50:02,197 [ERROR] LogOutputStream:75 - [STDERR_REDIRECT] [Fatal Error] :1:1: Premature end of file.
2026-03-29 19:50:02,197 [ERROR] LogOutputStream:75 - [STDERR_REDIRECT] 
2026-03-29 19:50:03,205 [ERROR] LogOutputStream:75 - [STDERR_REDIRECT] [Fatal Error] :1:1: Premature end of file.
2026-03-29 19:50:03,205 [ERROR] LogOutputStream:75 - [STDERR_REDIRECT] 
2026-03-29 19:50:04,204 [ERROR] LogOutputStream:75 - [STDERR_REDIRECT] [Fatal Error] :1:1: Premature end of file.
2026-03-29 19:50:04,204 [ERROR] LogOutputStream:75 - [STDERR_REDIRECT] 
2026-03-29 19:50:05,199 [ERROR] LogOutputStream:75 - [STDERR_REDIRECT] [Fatal Error] :1:1: Premature end of file.
2026-03-29 19:50:05,199 [ERROR] LogOutputStream:75 - [STDERR_REDIRECT] 
2026-03-29 19:50:06,207 [ERROR] LogOutputStream:75 - [STDERR_REDIRECT] [Fatal Error] :1:1: Premature end of file.
2026-03-29 19:50:06,207 [ERROR] LogOutputStream:75 - [STDERR_REDIRECT] 
2026-03-29 19:50:07,203 [ERROR] LogOutputStream:75 - [STDERR_REDIRECT] [Fatal Error] :1:1: Premature end of file.
2026-03-29 19:50:07,203 [ERROR] LogOutputStream:75 - [STDERR_REDIRECT] 
2026-03-29 19:50:08,199 [ERROR] LogOutputStream:75 - [STDERR_REDIRECT] [Fatal Error] :1:1: Premature end of file.
2026-03-29 19:50:08,199 [ERROR] LogOutputStream:75 - [STDERR_REDIRECT] 
2026-03-29 19:50:09,195 [ERROR] LogOutputStream:75 - [STDERR_REDIRECT] [Fatal Error] :1:1: Premature end of file.
2026-03-29 19:50:09,195 [ERROR] LogOutputStream:75 - [STDERR_REDIRECT] 
2026-03-29 19:50:10,206 [ERROR] LogOutputStream:75 - [STDERR_REDIRECT] [Fatal Error] :1:1: Premature end of file.
2026-03-29 19:50:10,206 [ERROR] LogOutputStream:75 - [STDERR_REDIRECT] 
2026-03-29 19:50:11,202 [ERROR] LogOutputStream:75 - [STDERR_REDIRECT] [Fatal Error] :1:1: Premature end of file.
2026-03-29 19:50:11,202 [ERROR] LogOutputStream:75 - [STDERR_REDIRECT] 
2026-03-29 19:50:12,205 [ERROR] LogOutputStream:75 - [STDERR_REDIRECT] [Fatal Error] :1:1: Premature end of file.
2026-03-29 19:50:12,205 [ERROR] LogOutputStream:75 - [STDERR_REDIRECT] 
2026-03-29 19:50:13,210 [ERROR] LogOutputStream:75 - [STDERR_REDIRECT] [Fatal Error] :1:1: Premature end of file.
2026-03-29 19:50:13,210 [ERROR] LogOutputStream:75 - [STDERR_REDIRECT] 
2026-03-29 19:50:14,208 [ERROR] LogOutputStream:75 - [STDERR_REDIRECT] [Fatal Error] :1:1: Premature end of file.
2026-03-29 19:50:14,209 [ERROR] LogOutputStream:75 - [STDERR_REDIRECT] 
2026-03-29 19:50:15,192 [ERROR] LogOutputStream:75 - [STDERR_REDIRECT] [Fatal Error] :1:1: Premature end of file.
2026-03-29 19:50:15,193 [ERROR] LogOutputStream:75 - [STDERR_REDIRECT] 
2026-03-29 19:50:16,188 [ERROR] LogOutputStream:75 - [STDERR_REDIRECT] [Fatal Error] :1:1: Premature end of file.
2026-03-29 19:50:16,188 [ERROR] LogOutputStream:75 - [STDERR_REDIRECT] 
2026-03-29 19:50:17,209 [ERROR] LogOutputStream:75 - [STDERR_REDIRECT] [Fatal Error] :1:1: Premature end of file.
2026-03-29 19:50:17,210 [ERROR] LogOutputStream:75 - [STDERR_REDIRECT] 
2026-03-29 19:50:18,200 [ERROR] LogOutputStream:75 - [STDERR_REDIRECT] [Fatal Error] :1:1: Premature end of file.
2026-03-29 19:50:18,200 [ERROR] LogOutputStream:75 - [STDERR_REDIRECT] 
2026-03-29 19:50:19,203 [ERROR] LogOutputStream:75 - [STDERR_REDIRECT] [Fatal Error] :1:1: Premature end of file.
2026-03-29 19:50:19,203 [ERROR] LogOutputStream:75 - [STDERR_REDIRECT] 
2026-03-29 19:50:20,209 [ERROR] LogOutputStream:75 - [STDERR_REDIRECT] [Fatal Error] :1:1: Premature end of file.
2026-03-29 19:50:20,209 [ERROR] LogOutputStream:75 - [STDERR_REDIRECT] 
2026-03-29 19:50:21,208 [ERROR] LogOutputStream:75 - [STDERR_REDIRECT] [Fatal Error] :1:1: Premature end of file.
2026-03-29 19:50:21,208 [ERROR] LogOutputStream:75 - [STDERR_REDIRECT] 
2026-03-29 19:50:22,207 [ERROR] LogOutputStream:75 - [STDERR_REDIRECT] [Fatal Error] :1:1: Premature end of file.
2026-03-29 19:50:22,207 [ERROR] LogOutputStream:75 - [STDERR_REDIRECT] 
2026-03-29 19:50:23,207 [ERROR] LogOutputStream:75 - [STDERR_REDIRECT] [Fatal Error] :1:1: Premature end of file.
2026-03-29 19:50:23,207 [ERROR] LogOutputStream:75 - [STDERR_REDIRECT] 
2026-03-29 19:50:24,206 [ERROR] LogOutputStream:75 - [STDERR_REDIRECT] [Fatal Error] :1:1: Premature end of file.
2026-03-29 19:50:24,206 [ERROR] LogOutputStream:75 - [STDERR_REDIRECT] 
2026-03-29 19:50:25,203 [ERROR] LogOutputStream:75 - [STDERR_REDIRECT] [Fatal Error] :1:1: Premature end of file.
2026-03-29 19:50:25,204 [ERROR] LogOutputStream:75 - [STDERR_REDIRECT] 
2026-03-29 19:50:26,202 [ERROR] LogOutputStream:75 - [STDERR_REDIRECT] [Fatal Error] :1:1: Premature end of file.
2026-03-29 19:50:26,203 [ERROR] LogOutputStream:75 - [STDERR_REDIRECT] 
2026-03-29 19:50:27,203 [ERROR] LogOutputStream:75 - [STDERR_REDIRECT] [Fatal Error] :1:1: Premature end of file.
2026-03-29 19:50:27,203 [ERROR] LogOutputStream:75 - [STDERR_REDIRECT] 
2026-03-29 19:50:28,199 [ERROR] LogOutputStream:75 - [STDERR_REDIRECT] [Fatal Error] :1:1: Premature end of file.
2026-03-29 19:50:28,199 [ERROR] LogOutputStream:75 - [STDERR_REDIRECT] 
2026-03-29 19:50:29,191 [ERROR] LogOutputStream:75 - [STDERR_REDIRECT] [Fatal Error] :1:1: Premature end of file.
2026-03-29 19:50:29,191 [ERROR] LogOutputStream:75 - [STDERR_REDIRECT] 
2026-03-29 19:50:30,204 [ERROR] LogOutputStream:75 - [STDERR_REDIRECT] [Fatal Error] :1:1: Premature end of file.
2026-03-29 19:50:30,204 [ERROR] LogOutputStream:75 - [STDERR_REDIRECT] 
2026-03-29 19:50:31,198 [ERROR] LogOutputStream:75 - [STDERR_REDIRECT] [Fatal Error] :1:1: Premature end of file.
2026-03-29 19:50:31,198 [ERROR] LogOutputStream:75 - [STDERR_REDIRECT] 
2026-03-29 19:50:32,196 [ERROR] LogOutputStream:75 - [STDERR_REDIRECT] [Fatal Error] :1:1: Premature end of file.
2026-03-29 19:50:32,196 [ERROR] LogOutputStream:75 - [STDERR_REDIRECT] 
2026-03-29 19:50:33,201 [ERROR] LogOutputStream:75 - [STDERR_REDIRECT] [Fatal Error] :1:1: Premature end of file.
2026-03-29 19:50:33,201 [ERROR] LogOutputStream:75 - [STDERR_REDIRECT] 
2026-03-29 19:50:34,206 [ERROR] LogOutputStream:75 - [STDERR_REDIRECT] [Fatal Error] :1:1: Premature end of file.
2026-03-29 19:50:34,206 [ERROR] LogOutputStream:75 - [STDERR_REDIRECT] 
2026-03-29 19:50:35,197 [ERROR] LogOutputStream:75 - [STDERR_REDIRECT] [Fatal Error] :1:1: Premature end of file.
2026-03-29 19:50:35,198 [ERROR] LogOutputStream:75 - [STDERR_REDIRECT] 
2026-03-29 19:50:36,197 [ERROR] LogOutputStream:75 - [STDERR_REDIRECT] [Fatal Error] :1:1: Premature end of file.
2026-03-29 19:50:36,197 [ERROR] LogOutputStream:75 - [STDERR_REDIRECT] 
2026-03-29 19:50:37,203 [ERROR] LogOutputStream:75 - [STDERR_REDIRECT] [Fatal Error] :1:1: Premature end of file.
2026-03-29 19:50:37,203 [ERROR] LogOutputStream:75 - [STDERR_REDIRECT] 
2026-03-29 19:50:38,206 [ERROR] LogOutputStream:75 - [STDERR_REDIRECT] [Fatal Error] :1:1: Premature end of file.
2026-03-29 19:50:38,206 [ERROR] LogOutputStream:75 - [STDERR_REDIRECT] 
2026-03-29 19:50:39,204 [ERROR] LogOutputStream:75 - [STDERR_REDIRECT] [Fatal Error] :1:1: Premature end of file.
2026-03-29 19:50:39,204 [ERROR] LogOutputStream:75 - [STDERR_REDIRECT] 
2026-03-29 19:50:40,205 [ERROR] LogOutputStream:75 - [STDERR_REDIRECT] [Fatal Error] :1:1: Premature end of file.
2026-03-29 19:50:40,205 [ERROR] LogOutputStream:75 - [STDERR_REDIRECT] 
2026-03-29 19:50:41,228 [ERROR] LogOutputStream:75 - [STDERR_REDIRECT] [Fatal Error] :1:1: Premature end of file.
2026-03-29 19:50:41,228 [ERROR] LogOutputStream:75 - [STDERR_REDIRECT] 
2026-03-29 19:50:42,202 [ERROR] LogOutputStream:75 - [STDERR_REDIRECT] [Fatal Error] :1:1: Premature end of file.
2026-03-29 19:50:42,203 [ERROR] LogOutputStream:75 - [STDERR_REDIRECT] 
2026-03-29 19:50:43,207 [ERROR] LogOutputStream:75 - [STDERR_REDIRECT] [Fatal Error] :1:1: Premature end of file.
2026-03-29 19:50:43,207 [ERROR] LogOutputStream:75 - [STDERR_REDIRECT] 
2026-03-29 19:50:44,192 [ERROR] LogOutputStream:75 - [STDERR_REDIRECT] [Fatal Error] :1:1: Premature end of file.
2026-03-29 19:50:44,193 [ERROR] LogOutputStream:75 - [STDERR_REDIRECT] 
2026-03-29 19:50:45,187 [ERROR] LogOutputStream:75 - [STDERR_REDIRECT] [Fatal Error] :1:1: Premature end of file.
2026-03-29 19:50:45,189 [ERROR] LogOutputStream:75 - [STDERR_REDIRECT] 
2026-03-29 19:50:46,197 [ERROR] LogOutputStream:75 - [STDERR_REDIRECT] [Fatal Error] :1:1: Premature end of file.
2026-03-29 19:50:46,198 [ERROR] LogOutputStream:75 - [STDERR_REDIRECT] 
2026-03-29 19:50:47,241 [ERROR] LogOutputStream:75 - [STDERR_REDIRECT] [Fatal Error] :1:1: Premature end of file.
2026-03-29 19:50:47,241 [ERROR] LogOutputStream:75 - [STDERR_REDIRECT] 
2026-03-29 19:50:48,189 [ERROR] LogOutputStream:75 - [STDERR_REDIRECT] [Fatal Error] :1:1: Premature end of file.
2026-03-29 19:50:48,189 [ERROR] LogOutputStream:75 - [STDERR_REDIRECT] 
2026-03-29 19:50:49,196 [ERROR] LogOutputStream:75 - [STDERR_REDIRECT] [Fatal Error] :1:1: Premature end of file.
2026-03-29 19:50:49,196 [ERROR] LogOutputStream:75 - [STDERR_REDIRECT] 
2026-03-29 19:50:50,194 [ERROR] LogOutputStream:75 - [STDERR_REDIRECT] [Fatal Error] :1:1: Premature end of file.
2026-03-29 19:50:50,194 [ERROR] LogOutputStream:75 - [STDERR_REDIRECT] 
2026-03-29 19:50:51,192 [ERROR] LogOutputStream:75 - [STDERR_REDIRECT] [Fatal Error] :1:1: Premature end of file.
2026-03-29 19:50:51,192 [ERROR] LogOutputStream:75 - [STDERR_REDIRECT] 
2026-03-29 19:50:52,189 [ERROR] LogOutputStream:75 - [STDERR_REDIRECT] [Fatal Error] :1:1: Premature end of file.
2026-03-29 19:50:52,191 [ERROR] LogOutputStream:75 - [STDERR_REDIRECT] 
2026-03-29 19:50:53,211 [ERROR] LogOutputStream:75 - [STDERR_REDIRECT] [Fatal Error] :1:1: Premature end of file.
2026-03-29 19:50:53,212 [ERROR] LogOutputStream:75 - [STDERR_REDIRECT] 
2026-03-29 19:50:54,204 [ERROR] LogOutputStream:75 - [STDERR_REDIRECT] [Fatal Error] :1:1: Premature end of file.
2026-03-29 19:50:54,205 [ERROR] LogOutputStream:75 - [STDERR_REDIRECT] 
2026-03-29 19:50:55,205 [ERROR] LogOutputStream:75 - [STDERR_REDIRECT] [Fatal Error] :1:1: Premature end of file.
2026-03-29 19:50:55,205 [ERROR] LogOutputStream:75 - [STDERR_REDIRECT] 
2026-03-29 19:50:56,202 [ERROR] LogOutputStream:75 - [STDERR_REDIRECT] [Fatal Error] :1:1: Premature end of file.
2026-03-29 19:50:56,203 [ERROR] LogOutputStream:75 - [STDERR_REDIRECT] 
2026-03-29 19:50:57,206 [ERROR] LogOutputStream:75 - [STDERR_REDIRECT] [Fatal Error] :1:1: Premature end of file.
2026-03-29 19:50:57,207 [ERROR] LogOutputStream:75 - [STDERR_REDIRECT] 
2026-03-29 19:50:58,193 [ERROR] LogOutputStream:75 - [STDERR_REDIRECT] [Fatal Error] :1:1: Premature end of file.
2026-03-29 19:50:58,193 [ERROR] LogOutputStream:75 - [STDERR_REDIRECT] 
2026-03-29 19:50:59,200 [ERROR] LogOutputStream:75 - [STDERR_REDIRECT] [Fatal Error] :1:1: Premature end of file.
2026-03-29 19:50:59,200 [ERROR] LogOutputStream:75 - [STDERR_REDIRECT] 
2026-03-29 19:51:00,200 [ERROR] LogOutputStream:75 - [STDERR_REDIRECT] [Fatal Error] :1:1: Premature end of file.
2026-03-29 19:51:00,200 [ERROR] LogOutputStream:75 - [STDERR_REDIRECT] 
2026-03-29 19:51:01,192 [ERROR] LogOutputStream:75 - [STDERR_REDIRECT] [Fatal Error] :1:1: Premature end of file.
2026-03-29 19:51:01,192 [ERROR] LogOutputStream:75 - [STDERR_REDIRECT] 
2026-03-29 19:51:02,190 [ERROR] LogOutputStream:75 - [STDERR_REDIRECT] [Fatal Error] :1:1: Premature end of file.
2026-03-29 19:51:02,190 [ERROR] LogOutputStream:75 - [STDERR_REDIRECT] 
2026-03-29 19:51:03,191 [ERROR] LogOutputStream:75 - [STDERR_REDIRECT] [Fatal Error] :1:1: Premature end of file.
2026-03-29 19:51:03,191 [ERROR] LogOutputStream:75 - [STDERR_REDIRECT] 
2026-03-29 19:51:04,210 [ERROR] LogOutputStream:75 - [STDERR_REDIRECT] [Fatal Error] :1:1: Premature end of file.
2026-03-29 19:51:04,210 [ERROR] LogOutputStream:75 - [STDERR_REDIRECT] 
2026-03-29 19:51:05,192 [ERROR] LogOutputStream:75 - [STDERR_REDIRECT] [Fatal Error] :1:1: Premature end of file.
2026-03-29 19:51:05,192 [ERROR] LogOutputStream:75 - [STDERR_REDIRECT] 
2026-03-29 19:51:06,191 [ERROR] LogOutputStream:75 - [STDERR_REDIRECT] [Fatal Error] :1:1: Premature end of file.
2026-03-29 19:51:06,191 [ERROR] LogOutputStream:75 - [STDERR_REDIRECT] 
2026-03-29 19:51:07,194 [ERROR] LogOutputStream:75 - [STDERR_REDIRECT] [Fatal Error] :1:1: Premature end of file.
2026-03-29 19:51:07,194 [ERROR] LogOutputStream:75 - [STDERR_REDIRECT] 
2026-03-29 19:51:08,268 [ERROR] LogOutputStream:75 - [STDERR_REDIRECT] [Fatal Error] :1:1: Premature end of file.
2026-03-29 19:51:08,269 [ERROR] LogOutputStream:75 - [STDERR_REDIRECT] 
2026-03-29 19:51:09,194 [ERROR] LogOutputStream:75 - [STDERR_REDIRECT] [Fatal Error] :1:1: Premature end of file.
2026-03-29 19:51:09,195 [ERROR] LogOutputStream:75 - [STDERR_REDIRECT] 
2026-03-29 19:51:10,198 [ERROR] LogOutputStream:75 - [STDERR_REDIRECT] [Fatal Error] :1:1: Premature end of file.
2026-03-29 19:51:10,198 [ERROR] LogOutputStream:75 - [STDERR_REDIRECT] 
2026-03-29 19:51:11,205 [ERROR] LogOutputStream:75 - [STDERR_REDIRECT] [Fatal Error] :1:1: Premature end of file.
2026-03-29 19:51:11,205 [ERROR] LogOutputStream:75 - [STDERR_REDIRECT] 
2026-03-29 19:51:12,207 [ERROR] LogOutputStream:75 - [STDERR_REDIRECT] [Fatal Error] :1:1: Premature end of file.
2026-03-29 19:51:12,207 [ERROR] LogOutputStream:75 - [STDERR_REDIRECT] 
2026-03-29 19:51:13,194 [ERROR] LogOutputStream:75 - [STDERR_REDIRECT] [Fatal Error] :1:1: Premature end of file.
2026-03-29 19:51:13,196 [ERROR] LogOutputStream:75 - [STDERR_REDIRECT] 
2026-03-29 19:51:14,204 [ERROR] LogOutputStream:75 - [STDERR_REDIRECT] [Fatal Error] :1:1: Premature end of file.
2026-03-29 19:51:14,205 [ERROR] LogOutputStream:75 - [STDERR_REDIRECT] 
2026-03-29 19:51:15,193 [ERROR] LogOutputStream:75 - [STDERR_REDIRECT] [Fatal Error] :1:1: Premature end of file.
2026-03-29 19:51:15,193 [ERROR] LogOutputStream:75 - [STDERR_REDIRECT] 
2026-03-29 19:51:16,205 [ERROR] LogOutputStream:75 - [STDERR_REDIRECT] [Fatal Error] :1:1: Premature end of file.
2026-03-29 19:51:16,205 [ERROR] LogOutputStream:75 - [STDERR_REDIRECT] 
2026-03-29 19:51:17,206 [ERROR] LogOutputStream:75 - [STDERR_REDIRECT] [Fatal Error] :1:1: Premature end of file.
2026-03-29 19:51:17,206 [ERROR] LogOutputStream:75 - [STDERR_REDIRECT] 
2026-03-29 19:51:18,206 [ERROR] LogOutputStream:75 - [STDERR_REDIRECT] [Fatal Error] :1:1: Premature end of file.
2026-03-29 19:51:18,206 [ERROR] LogOutputStream:75 - [STDERR_REDIRECT] 
2026-03-29 19:51:19,190 [ERROR] LogOutputStream:75 - [STDERR_REDIRECT] [Fatal Error] :1:1: Premature end of file.
2026-03-29 19:51:19,190 [ERROR] LogOutputStream:75 - [STDERR_REDIRECT] 
2026-03-29 19:51:20,208 [ERROR] LogOutputStream:75 - [STDERR_REDIRECT] [Fatal Error] :1:1: Premature end of file.
2026-03-29 19:51:20,208 [ERROR] LogOutputStream:75 - [STDERR_REDIRECT] 
2026-03-29 19:51:21,199 [ERROR] LogOutputStream:75 - [STDERR_REDIRECT] [Fatal Error] :1:1: Premature end of file.
2026-03-29 19:51:21,199 [ERROR] LogOutputStream:75 - [STDERR_REDIRECT] 
2026-03-29 19:51:22,205 [ERROR] LogOutputStream:75 - [STDERR_REDIRECT] [Fatal Error] :1:1: Premature end of file.
2026-03-29 19:51:22,205 [ERROR] LogOutputStream:75 - [STDERR_REDIRECT] 
2026-03-29 19:51:23,205 [ERROR] LogOutputStream:75 - [STDERR_REDIRECT] [Fatal Error] :1:1: Premature end of file.
2026-03-29 19:51:23,206 [ERROR] LogOutputStream:75 - [STDERR_REDIRECT] 
2026-03-29 19:51:24,215 [ERROR] LogOutputStream:75 - [STDERR_REDIRECT] [Fatal Error] :1:1: Premature end of file.
2026-03-29 19:51:24,216 [ERROR] LogOutputStream:75 - [STDERR_REDIRECT] 
2026-03-29 19:51:25,212 [ERROR] LogOutputStream:75 - [STDERR_REDIRECT] [Fatal Error] :1:1: Premature end of file.
2026-03-29 19:51:25,212 [ERROR] LogOutputStream:75 - [STDERR_REDIRECT] 
2026-03-29 19:51:26,206 [ERROR] LogOutputStream:75 - [STDERR_REDIRECT] [Fatal Error] :1:1: Premature end of file.
2026-03-29 19:51:26,206 [ERROR] LogOutputStream:75 - [STDERR_REDIRECT] 
2026-03-29 19:51:27,195 [ERROR] LogOutputStream:75 - [STDERR_REDIRECT] [Fatal Error] :1:1: Premature end of file.
2026-03-29 19:51:27,196 [ERROR] LogOutputStream:75 - [STDERR_REDIRECT] 
2026-03-29 19:51:28,203 [ERROR] LogOutputStream:75 - [STDERR_REDIRECT] [Fatal Error] :1:1: Premature end of file.
2026-03-29 19:51:28,203 [ERROR] LogOutputStream:75 - [STDERR_REDIRECT] 
2026-03-29 19:51:29,205 [ERROR] LogOutputStream:75 - [STDERR_REDIRECT] [Fatal Error] :1:1: Premature end of file.
2026-03-29 19:51:29,206 [ERROR] LogOutputStream:75 - [STDERR_REDIRECT] 
2026-03-29 19:51:30,195 [ERROR] LogOutputStream:75 - [STDERR_REDIRECT] [Fatal Error] :1:1: Premature end of file.
2026-03-29 19:51:30,195 [ERROR] LogOutputStream:75 - [STDERR_REDIRECT] 
2026-03-29 19:51:31,206 [ERROR] LogOutputStream:75 - [STDERR_REDIRECT] [Fatal Error] :1:1: Premature end of file.
2026-03-29 19:51:31,207 [ERROR] LogOutputStream:75 - [STDERR_REDIRECT] 
2026-03-29 19:51:32,275 [ERROR] LogOutputStream:75 - [STDERR_REDIRECT] [Fatal Error] :1:1: Premature end of file.
2026-03-29 19:51:32,276 [ERROR] LogOutputStream:75 - [STDERR_REDIRECT] 
2026-03-29 19:51:33,219 [ERROR] LogOutputStream:75 - [STDERR_REDIRECT] [Fatal Error] :1:1: Premature end of file.
2026-03-29 19:51:33,220 [ERROR] LogOutputStream:75 - [STDERR_REDIRECT] 
2026-03-29 19:51:34,270 [ERROR] LogOutputStream:75 - [STDERR_REDIRECT] [Fatal Error] :1:1: Premature end of file.
2026-03-29 19:51:34,270 [ERROR] LogOutputStream:75 - [STDERR_REDIRECT] 
2026-03-29 19:51:35,196 [ERROR] LogOutputStream:75 - [STDERR_REDIRECT] [Fatal Error] :1:1: Premature end of file.
2026-03-29 19:51:35,196 [ERROR] LogOutputStream:75 - [STDERR_REDIRECT] 
2026-03-29 19:51:36,216 [ERROR] LogOutputStream:75 - [STDERR_REDIRECT] [Fatal Error] :1:1: Premature end of file.
2026-03-29 19:51:36,217 [ERROR] LogOutputStream:75 - [STDERR_REDIRECT] 
2026-03-29 19:51:37,188 [ERROR] LogOutputStream:75 - [STDERR_REDIRECT] [Fatal Error] :1:1: Premature end of file.
2026-03-29 19:51:37,188 [ERROR] LogOutputStream:75 - [STDERR_REDIRECT] 
2026-03-29 19:51:38,194 [ERROR] LogOutputStream:75 - [STDERR_REDIRECT] [Fatal Error] :1:1: Premature end of file.
2026-03-29 19:51:38,194 [ERROR] LogOutputStream:75 - [STDERR_REDIRECT] 
2026-03-29 19:51:39,199 [ERROR] LogOutputStream:75 - [STDERR_REDIRECT] [Fatal Error] :1:1: Premature end of file.
2026-03-29 19:51:39,199 [ERROR] LogOutputStream:75 - [STDERR_REDIRECT] 
2026-03-29 19:51:40,202 [ERROR] LogOutputStream:75 - [STDERR_REDIRECT] [Fatal Error] :1:1: Premature end of file.
2026-03-29 19:51:40,204 [ERROR] LogOutputStream:75 - [STDERR_REDIRECT] 
2026-03-29 19:51:41,192 [ERROR] LogOutputStream:75 - [STDERR_REDIRECT] [Fatal Error] :1:1: Premature end of file.
2026-03-29 19:51:41,193 [ERROR] LogOutputStream:75 - [STDERR_REDIRECT] 
2026-03-29 19:51:42,192 [ERROR] LogOutputStream:75 - [STDERR_REDIRECT] [Fatal Error] :1:1: Premature end of file.
2026-03-29 19:51:42,193 [ERROR] LogOutputStream:75 - [STDERR_REDIRECT] 
2026-03-29 19:51:43,190 [ERROR] LogOutputStream:75 - [STDERR_REDIRECT] [Fatal Error] :1:1: Premature end of file.
2026-03-29 19:51:43,190 [ERROR] LogOutputStream:75 - [STDERR_REDIRECT] 
2026-03-29 19:51:44,205 [ERROR] LogOutputStream:75 - [STDERR_REDIRECT] [Fatal Error] :1:1: Premature end of file.
2026-03-29 19:51:44,205 [ERROR] LogOutputStream:75 - [STDERR_REDIRECT] 
2026-03-29 19:51:45,205 [ERROR] LogOutputStream:75 - [STDERR_REDIRECT] [Fatal Error] :1:1: Premature end of file.
2026-03-29 19:51:45,205 [ERROR] LogOutputStream:75 - [STDERR_REDIRECT] 
2026-03-29 19:51:46,204 [ERROR] LogOutputStream:75 - [STDERR_REDIRECT] [Fatal Error] :1:1: Premature end of file.
2026-03-29 19:51:46,204 [ERROR] LogOutputStream:75 - [STDERR_REDIRECT] 
2026-03-29 19:51:47,205 [ERROR] LogOutputStream:75 - [STDERR_REDIRECT] [Fatal Error] :1:1: Premature end of file.
2026-03-29 19:51:47,205 [ERROR] LogOutputStream:75 - [STDERR_REDIRECT] 
2026-03-29 19:51:48,196 [ERROR] LogOutputStream:75 - [STDERR_REDIRECT] [Fatal Error] :1:1: Premature end of file.
2026-03-29 19:51:48,196 [ERROR] LogOutputStream:75 - [STDERR_REDIRECT] 
2026-03-29 19:51:49,193 [ERROR] LogOutputStream:75 - [STDERR_REDIRECT] [Fatal Error] :1:1: Premature end of file.
2026-03-29 19:51:49,193 [ERROR] LogOutputStream:75 - [STDERR_REDIRECT] 
2026-03-29 19:51:50,191 [ERROR] LogOutputStream:75 - [STDERR_REDIRECT] [Fatal Error] :1:1: Premature end of file.
2026-03-29 19:51:50,191 [ERROR] LogOutputStream:75 - [STDERR_REDIRECT] 
2026-03-29 19:51:51,190 [ERROR] LogOutputStream:75 - [STDERR_REDIRECT] [Fatal Error] :1:1: Premature end of file.
2026-03-29 19:51:51,190 [ERROR] LogOutputStream:75 - [STDERR_REDIRECT] 
2026-03-29 19:51:52,189 [ERROR] LogOutputStream:75 - [STDERR_REDIRECT] [Fatal Error] :1:1: Premature end of file.
2026-03-29 19:51:52,189 [ERROR] LogOutputStream:75 - [STDERR_REDIRECT] 
2026-03-29 19:51:53,202 [ERROR] LogOutputStream:75 - [STDERR_REDIRECT] [Fatal Error] :1:1: Premature end of file.
2026-03-29 19:51:53,202 [ERROR] LogOutputStream:75 - [STDERR_REDIRECT] 
2026-03-29 19:51:54,188 [ERROR] LogOutputStream:75 - [STDERR_REDIRECT] [Fatal Error] :1:1: Premature end of file.
2026-03-29 19:51:54,189 [ERROR] LogOutputStream:75 - [STDERR_REDIRECT] 
2026-03-29 19:51:55,190 [ERROR] LogOutputStream:75 - [STDERR_REDIRECT] [Fatal Error] :1:1: Premature end of file.
2026-03-29 19:51:55,190 [ERROR] LogOutputStream:75 - [STDERR_REDIRECT] 
2026-03-29 19:51:56,203 [ERROR] LogOutputStream:75 - [STDERR_REDIRECT] [Fatal Error] :1:1: Premature end of file.
2026-03-29 19:51:56,203 [ERROR] LogOutputStream:75 - [STDERR_REDIRECT] 
2026-03-29 19:51:57,205 [ERROR] LogOutputStream:75 - [STDERR_REDIRECT] [Fatal Error] :1:1: Premature end of file.
2026-03-29 19:51:57,205 [ERROR] LogOutputStream:75 - [STDERR_REDIRECT] 
2026-03-29 19:51:58,193 [ERROR] LogOutputStream:75 - [STDERR_REDIRECT] [Fatal Error] :1:1: Premature end of file.
2026-03-29 19:51:58,193 [ERROR] LogOutputStream:75 - [STDERR_REDIRECT] 
2026-03-29 19:51:59,202 [ERROR] LogOutputStream:75 - [STDERR_REDIRECT] [Fatal Error] :1:1: Premature end of file.
2026-03-29 19:51:59,202 [ERROR] LogOutputStream:75 - [STDERR_REDIRECT] 
2026-03-29 19:52:00,198 [ERROR] LogOutputStream:75 - [STDERR_REDIRECT] [Fatal Error] :1:1: Premature end of file.
2026-03-29 19:52:00,198 [ERROR] LogOutputStream:75 - [STDERR_REDIRECT] 
2026-03-29 19:52:01,206 [ERROR] LogOutputStream:75 - [STDERR_REDIRECT] [Fatal Error] :1:1: Premature end of file.
2026-03-29 19:52:01,207 [ERROR] LogOutputStream:75 - [STDERR_REDIRECT] 
2026-03-29 19:52:02,192 [ERROR] LogOutputStream:75 - [STDERR_REDIRECT] [Fatal Error] :1:1: Premature end of file.
2026-03-29 19:52:02,192 [ERROR] LogOutputStream:75 - [STDERR_REDIRECT] 
2026-03-29 19:52:03,209 [ERROR] LogOutputStream:75 - [STDERR_REDIRECT] [Fatal Error] :1:1: Premature end of file.
2026-03-29 19:52:03,209 [ERROR] LogOutputStream:75 - [STDERR_REDIRECT] 
2026-03-29 19:52:04,190 [ERROR] LogOutputStream:75 - [STDERR_REDIRECT] [Fatal Error] :1:1: Premature end of file.
2026-03-29 19:52:04,190 [ERROR] LogOutputStream:75 - [STDERR_REDIRECT] 
2026-03-29 19:52:05,199 [ERROR] LogOutputStream:75 - [STDERR_REDIRECT] [Fatal Error] :1:1: Premature end of file.
2026-03-29 19:52:05,199 [ERROR] LogOutputStream:75 - [STDERR_REDIRECT] 
2026-03-29 19:52:06,191 [ERROR] LogOutputStream:75 - [STDERR_REDIRECT] [Fatal Error] :1:1: Premature end of file.
2026-03-29 19:52:06,192 [ERROR] LogOutputStream:75 - [STDERR_REDIRECT] 
2026-03-29 19:52:07,193 [ERROR] LogOutputStream:75 - [STDERR_REDIRECT] [Fatal Error] :1:1: Premature end of file.
2026-03-29 19:52:07,193 [ERROR] LogOutputStream:75 - [STDERR_REDIRECT] 
2026-03-29 19:52:08,194 [ERROR] LogOutputStream:75 - [STDERR_REDIRECT] [Fatal Error] :1:1: Premature end of file.
2026-03-29 19:52:08,196 [ERROR] LogOutputStream:75 - [STDERR_REDIRECT] 
2026-03-29 19:52:09,192 [ERROR] LogOutputStream:75 - [STDERR_REDIRECT] [Fatal Error] :1:1: Premature end of file.
2026-03-29 19:52:09,192 [ERROR] LogOutputStream:75 - [STDERR_REDIRECT] 
2026-03-29 19:52:10,190 [ERROR] LogOutputStream:75 - [STDERR_REDIRECT] [Fatal Error] :1:1: Premature end of file.
2026-03-29 19:52:10,190 [ERROR] LogOutputStream:75 - [STDERR_REDIRECT] 
2026-03-29 19:52:11,203 [ERROR] LogOutputStream:75 - [STDERR_REDIRECT] [Fatal Error] :1:1: Premature end of file.
2026-03-29 19:52:11,203 [ERROR] LogOutputStream:75 - [STDERR_REDIRECT] 
2026-03-29 19:52:12,196 [ERROR] LogOutputStream:75 - [STDERR_REDIRECT] [Fatal Error] :1:1: Premature end of file.
2026-03-29 19:52:12,197 [ERROR] LogOutputStream:75 - [STDERR_REDIRECT] 
2026-03-29 19:52:13,191 [ERROR] LogOutputStream:75 - [STDERR_REDIRECT] [Fatal Error] :1:1: Premature end of file.
2026-03-29 19:52:13,191 [ERROR] LogOutputStream:75 - [STDERR_REDIRECT] 
2026-03-29 19:52:14,195 [ERROR] LogOutputStream:75 - [STDERR_REDIRECT] [Fatal Error] :1:1: Premature end of file.
2026-03-29 19:52:14,195 [ERROR] LogOutputStream:75 - [STDERR_REDIRECT] 
2026-03-29 19:52:15,201 [ERROR] LogOutputStream:75 - [STDERR_REDIRECT] [Fatal Error] :1:1: Premature end of file.
2026-03-29 19:52:15,201 [ERROR] LogOutputStream:75 - [STDERR_REDIRECT] 
2026-03-29 19:52:16,193 [ERROR] LogOutputStream:75 - [STDERR_REDIRECT] [Fatal Error] :1:1: Premature end of file.
2026-03-29 19:52:16,193 [ERROR] LogOutputStream:75 - [STDERR_REDIRECT] 
2026-03-29 19:52:17,199 [ERROR] LogOutputStream:75 - [STDERR_REDIRECT] [Fatal Error] :1:1: Premature end of file.
2026-03-29 19:52:17,199 [ERROR] LogOutputStream:75 - [STDERR_REDIRECT] 
2026-03-29 19:52:18,193 [ERROR] LogOutputStream:75 - [STDERR_REDIRECT] [Fatal Error] :1:1: Premature end of file.
2026-03-29 19:52:18,194 [ERROR] LogOutputStream:75 - [STDERR_REDIRECT] 
2026-03-29 19:52:19,194 [ERROR] LogOutputStream:75 - [STDERR_REDIRECT] [Fatal Error] :1:1: Premature end of file.
2026-03-29 19:52:19,194 [ERROR] LogOutputStream:75 - [STDERR_REDIRECT] 
2026-03-29 19:52:20,207 [ERROR] LogOutputStream:75 - [STDERR_REDIRECT] [Fatal Error] :1:1: Premature end of file.
2026-03-29 19:52:20,207 [ERROR] LogOutputStream:75 - [STDERR_REDIRECT] 
2026-03-29 19:52:21,197 [ERROR] LogOutputStream:75 - [STDERR_REDIRECT] [Fatal Error] :1:1: Premature end of file.
2026-03-29 19:52:21,198 [ERROR] LogOutputStream:75 - [STDERR_REDIRECT] 
2026-03-29 19:52:22,197 [ERROR] LogOutputStream:75 - [STDERR_REDIRECT] [Fatal Error] :1:1: Premature end of file.
2026-03-29 19:52:22,197 [ERROR] LogOutputStream:75 - [STDERR_REDIRECT] 
2026-03-29 19:52:23,185 [ERROR] LogOutputStream:75 - [STDERR_REDIRECT] [Fatal Error] :1:1: Premature end of file.
2026-03-29 19:52:23,185 [ERROR] LogOutputStream:75 - [STDERR_REDIRECT] 
2026-03-29 19:52:24,197 [ERROR] LogOutputStream:75 - [STDERR_REDIRECT] [Fatal Error] :1:1: Premature end of file.
2026-03-29 19:52:24,197 [ERROR] LogOutputStream:75 - [STDERR_REDIRECT] 
2026-03-29 19:52:25,205 [ERROR] LogOutputStream:75 - [STDERR_REDIRECT] [Fatal Error] :1:1: Premature end of file.
2026-03-29 19:52:25,205 [ERROR] LogOutputStream:75 - [STDERR_REDIRECT] 
2026-03-29 19:52:26,193 [ERROR] LogOutputStream:75 - [STDERR_REDIRECT] [Fatal Error] :1:1: Premature end of file.
2026-03-29 19:52:26,193 [ERROR] LogOutputStream:75 - [STDERR_REDIRECT] 
2026-03-29 19:52:27,193 [ERROR] LogOutputStream:75 - [STDERR_REDIRECT] [Fatal Error] :1:1: Premature end of file.
2026-03-29 19:52:27,193 [ERROR] LogOutputStream:75 - [STDERR_REDIRECT] 
2026-03-29 19:52:28,205 [ERROR] LogOutputStream:75 - [STDERR_REDIRECT] [Fatal Error] :1:1: Premature end of file.
2026-03-29 19:52:28,206 [ERROR] LogOutputStream:75 - [STDERR_REDIRECT] 
2026-03-29 19:52:29,204 [ERROR] LogOutputStream:75 - [STDERR_REDIRECT] [Fatal Error] :1:1: Premature end of file.
2026-03-29 19:52:29,204 [ERROR] LogOutputStream:75 - [STDERR_REDIRECT] 
2026-03-29 19:52:30,204 [ERROR] LogOutputStream:75 - [STDERR_REDIRECT] [Fatal Error] :1:1: Premature end of file.
2026-03-29 19:52:30,204 [ERROR] LogOutputStream:75 - [STDERR_REDIRECT] 
2026-03-29 19:52:31,201 [ERROR] LogOutputStream:75 - [STDERR_REDIRECT] [Fatal Error] :1:1: Premature end of file.
2026-03-29 19:52:31,202 [ERROR] LogOutputStream:75 - [STDERR_REDIRECT] 
2026-03-29 19:52:32,189 [ERROR] LogOutputStream:75 - [STDERR_REDIRECT] [Fatal Error] :1:1: Premature end of file.
2026-03-29 19:52:32,189 [ERROR] LogOutputStream:75 - [STDERR_REDIRECT] 
2026-03-29 19:52:33,188 [ERROR] LogOutputStream:75 - [STDERR_REDIRECT] [Fatal Error] :1:1: Premature end of file.
2026-03-29 19:52:33,188 [ERROR] LogOutputStream:75 - [STDERR_REDIRECT] 
2026-03-29 19:52:34,208 [ERROR] LogOutputStream:75 - [STDERR_REDIRECT] [Fatal Error] :1:1: Premature end of file.
2026-03-29 19:52:34,208 [ERROR] LogOutputStream:75 - [STDERR_REDIRECT] 
2026-03-29 19:52:35,200 [ERROR] LogOutputStream:75 - [STDERR_REDIRECT] [Fatal Error] :1:1: Premature end of file.
2026-03-29 19:52:35,201 [ERROR] LogOutputStream:75 - [STDERR_REDIRECT] 
2026-03-29 19:52:36,191 [ERROR] LogOutputStream:75 - [STDERR_REDIRECT] [Fatal Error] :1:1: Premature end of file.
2026-03-29 19:52:36,191 [ERROR] LogOutputStream:75 - [STDERR_REDIRECT] 
2026-03-29 19:52:37,197 [ERROR] LogOutputStream:75 - [STDERR_REDIRECT] [Fatal Error] :1:1: Premature end of file.
2026-03-29 19:52:37,197 [ERROR] LogOutputStream:75 - [STDERR_REDIRECT] 
2026-03-29 19:52:38,200 [ERROR] LogOutputStream:75 - [STDERR_REDIRECT] [Fatal Error] :1:1: Premature end of file.
2026-03-29 19:52:38,200 [ERROR] LogOutputStream:75 - [STDERR_REDIRECT] 
2026-03-29 19:52:39,202 [ERROR] LogOutputStream:75 - [STDERR_REDIRECT] [Fatal Error] :1:1: Premature end of file.
2026-03-29 19:52:39,202 [ERROR] LogOutputStream:75 - [STDERR_REDIRECT] 
2026-03-29 19:52:40,206 [ERROR] LogOutputStream:75 - [STDERR_REDIRECT] [Fatal Error] :1:1: Premature end of file.
2026-03-29 19:52:40,206 [ERROR] LogOutputStream:75 - [STDERR_REDIRECT] 
2026-03-29 19:52:41,204 [ERROR] LogOutputStream:75 - [STDERR_REDIRECT] [Fatal Error] :1:1: Premature end of file.
2026-03-29 19:52:41,204 [ERROR] LogOutputStream:75 - [STDERR_REDIRECT] 
2026-03-29 19:52:42,205 [ERROR] LogOutputStream:75 - [STDERR_REDIRECT] [Fatal Error] :1:1: Premature end of file.
2026-03-29 19:52:42,205 [ERROR] LogOutputStream:75 - [STDERR_REDIRECT] 
2026-03-29 19:52:43,208 [ERROR] LogOutputStream:75 - [STDERR_REDIRECT] [Fatal Error] :1:1: Premature end of file.
2026-03-29 19:52:43,208 [ERROR] LogOutputStream:75 - [STDERR_REDIRECT] 
2026-03-29 19:52:44,193 [ERROR] LogOutputStream:75 - [STDERR_REDIRECT] [Fatal Error] :1:1: Premature end of file.
2026-03-29 19:52:44,193 [ERROR] LogOutputStream:75 - [STDERR_REDIRECT] 
2026-03-29 19:52:45,189 [ERROR] LogOutputStream:75 - [STDERR_REDIRECT] [Fatal Error] :1:1: Premature end of file.
2026-03-29 19:52:45,189 [ERROR] LogOutputStream:75 - [STDERR_REDIRECT] 
2026-03-29 19:52:46,191 [ERROR] LogOutputStream:75 - [STDERR_REDIRECT] [Fatal Error] :1:1: Premature end of file.
2026-03-29 19:52:46,192 [ERROR] LogOutputStream:75 - [STDERR_REDIRECT] 
2026-03-29 19:52:47,193 [ERROR] LogOutputStream:75 - [STDERR_REDIRECT] [Fatal Error] :1:1: Premature end of file.
2026-03-29 19:52:47,194 [ERROR] LogOutputStream:75 - [STDERR_REDIRECT] 
2026-03-29 19:52:48,191 [ERROR] LogOutputStream:75 - [STDERR_REDIRECT] [Fatal Error] :1:1: Premature end of file.
2026-03-29 19:52:48,191 [ERROR] LogOutputStream:75 - [STDERR_REDIRECT] 
2026-03-29 19:52:49,204 [ERROR] LogOutputStream:75 - [STDERR_REDIRECT] [Fatal Error] :1:1: Premature end of file.
2026-03-29 19:52:49,204 [ERROR] LogOutputStream:75 - [STDERR_REDIRECT] 
2026-03-29 19:52:50,203 [ERROR] LogOutputStream:75 - [STDERR_REDIRECT] [Fatal Error] :1:1: Premature end of file.
2026-03-29 19:52:50,204 [ERROR] LogOutputStream:75 - [STDERR_REDIRECT] 
2026-03-29 19:52:51,203 [ERROR] LogOutputStream:75 - [STDERR_REDIRECT] [Fatal Error] :1:1: Premature end of file.
2026-03-29 19:52:51,203 [ERROR] LogOutputStream:75 - [STDERR_REDIRECT] 
2026-03-29 19:52:52,194 [ERROR] LogOutputStream:75 - [STDERR_REDIRECT] [Fatal Error] :1:1: Premature end of file.
2026-03-29 19:52:52,194 [ERROR] LogOutputStream:75 - [STDERR_REDIRECT] 
2026-03-29 19:52:53,202 [ERROR] LogOutputStream:75 - [STDERR_REDIRECT] [Fatal Error] :1:1: Premature end of file.
2026-03-29 19:52:53,203 [ERROR] LogOutputStream:75 - [STDERR_REDIRECT] 
2026-03-29 19:52:54,199 [ERROR] LogOutputStream:75 - [STDERR_REDIRECT] [Fatal Error] :1:1: Premature end of file.
2026-03-29 19:52:54,200 [ERROR] LogOutputStream:75 - [STDERR_REDIRECT] 
2026-03-29 19:52:55,187 [ERROR] LogOutputStream:75 - [STDERR_REDIRECT] [Fatal Error] :1:1: Premature end of file.
2026-03-29 19:52:55,188 [ERROR] LogOutputStream:75 - [STDERR_REDIRECT] 
2026-03-29 19:52:56,199 [ERROR] LogOutputStream:75 - [STDERR_REDIRECT] [Fatal Error] :1:1: Premature end of file.
2026-03-29 19:52:56,200 [ERROR] LogOutputStream:75 - [STDERR_REDIRECT] 
2026-03-29 19:52:57,196 [ERROR] LogOutputStream:75 - [STDERR_REDIRECT] [Fatal Error] :1:1: Premature end of file.
2026-03-29 19:52:57,197 [ERROR] LogOutputStream:75 - [STDERR_REDIRECT] 
2026-03-29 19:52:58,213 [ERROR] LogOutputStream:75 - [STDERR_REDIRECT] [Fatal Error] :1:1: Premature end of file.
2026-03-29 19:52:58,213 [ERROR] LogOutputStream:75 - [STDERR_REDIRECT] 
2026-03-29 19:52:59,207 [ERROR] LogOutputStream:75 - [STDERR_REDIRECT] [Fatal Error] :1:1: Premature end of file.
2026-03-29 19:52:59,207 [ERROR] LogOutputStream:75 - [STDERR_REDIRECT] 
2026-03-29 19:53:00,200 [ERROR] LogOutputStream:75 - [STDERR_REDIRECT] [Fatal Error] :1:1: Premature end of file.
2026-03-29 19:53:00,200 [ERROR] LogOutputStream:75 - [STDERR_REDIRECT] 
2026-03-29 19:53:01,191 [ERROR] LogOutputStream:75 - [STDERR_REDIRECT] [Fatal Error] :1:1: Premature end of file.
2026-03-29 19:53:01,191 [ERROR] LogOutputStream:75 - [STDERR_REDIRECT] 
2026-03-29 19:53:02,198 [ERROR] LogOutputStream:75 - [STDERR_REDIRECT] [Fatal Error] :1:1: Premature end of file.
2026-03-29 19:53:02,198 [ERROR] LogOutputStream:75 - [STDERR_REDIRECT] 
2026-03-29 19:53:03,220 [ERROR] LogOutputStream:75 - [STDERR_REDIRECT] [Fatal Error] :1:1: Premature end of file.
2026-03-29 19:53:03,220 [ERROR] LogOutputStream:75 - [STDERR_REDIRECT] 
2026-03-29 19:53:04,195 [ERROR] LogOutputStream:75 - [STDERR_REDIRECT] [Fatal Error] :1:1: Premature end of file.
2026-03-29 19:53:04,195 [ERROR] LogOutputStream:75 - [STDERR_REDIRECT] 
2026-03-29 19:53:05,189 [ERROR] LogOutputStream:75 - [STDERR_REDIRECT] [Fatal Error] :1:1: Premature end of file.
2026-03-29 19:53:05,189 [ERROR] LogOutputStream:75 - [STDERR_REDIRECT] 
2026-03-29 19:53:06,203 [ERROR] LogOutputStream:75 - [STDERR_REDIRECT] [Fatal Error] :1:1: Premature end of file.
2026-03-29 19:53:06,203 [ERROR] LogOutputStream:75 - [STDERR_REDIRECT] 
2026-03-29 19:53:07,194 [ERROR] LogOutputStream:75 - [STDERR_REDIRECT] [Fatal Error] :1:1: Premature end of file.
2026-03-29 19:53:07,194 [ERROR] LogOutputStream:75 - [STDERR_REDIRECT] 
2026-03-29 19:53:08,204 [ERROR] LogOutputStream:75 - [STDERR_REDIRECT] [Fatal Error] :1:1: Premature end of file.
2026-03-29 19:53:08,204 [ERROR] LogOutputStream:75 - [STDERR_REDIRECT] 
2026-03-29 19:53:09,192 [ERROR] LogOutputStream:75 - [STDERR_REDIRECT] [Fatal Error] :1:1: Premature end of file.
2026-03-29 19:53:09,192 [ERROR] LogOutputStream:75 - [STDERR_REDIRECT] 
2026-03-29 19:53:10,192 [ERROR] LogOutputStream:75 - [STDERR_REDIRECT] [Fatal Error] :1:1: Premature end of file.
2026-03-29 19:53:10,192 [ERROR] LogOutputStream:75 - [STDERR_REDIRECT] 
2026-03-29 19:53:11,190 [ERROR] LogOutputStream:75 - [STDERR_REDIRECT] [Fatal Error] :1:1: Premature end of file.
2026-03-29 19:53:11,191 [ERROR] LogOutputStream:75 - [STDERR_REDIRECT] 
2026-03-29 19:53:12,225 [ERROR] LogOutputStream:75 - [STDERR_REDIRECT] [Fatal Error] :1:1: Premature end of file.
2026-03-29 19:53:12,225 [ERROR] LogOutputStream:75 - [STDERR_REDIRECT] 
2026-03-29 19:53:13,203 [ERROR] LogOutputStream:75 - [STDERR_REDIRECT] [Fatal Error] :1:1: Premature end of file.
2026-03-29 19:53:13,203 [ERROR] LogOutputStream:75 - [STDERR_REDIRECT] 
2026-03-29 19:53:14,201 [ERROR] LogOutputStream:75 - [STDERR_REDIRECT] [Fatal Error] :1:1: Premature end of file.
2026-03-29 19:53:14,201 [ERROR] LogOutputStream:75 - [STDERR_REDIRECT] 
2026-03-29 19:53:15,192 [ERROR] LogOutputStream:75 - [STDERR_REDIRECT] [Fatal Error] :1:1: Premature end of file.
2026-03-29 19:53:15,193 [ERROR] LogOutputStream:75 - [STDERR_REDIRECT] 
2026-03-29 19:53:16,206 [ERROR] LogOutputStream:75 - [STDERR_REDIRECT] [Fatal Error] :1:1: Premature end of file.
2026-03-29 19:53:16,206 [ERROR] LogOutputStream:75 - [STDERR_REDIRECT] 
2026-03-29 19:53:17,195 [ERROR] LogOutputStream:75 - [STDERR_REDIRECT] [Fatal Error] :1:1: Premature end of file.
2026-03-29 19:53:17,195 [ERROR] LogOutputStream:75 - [STDERR_REDIRECT] 
2026-03-29 19:53:18,205 [ERROR] LogOutputStream:75 - [STDERR_REDIRECT] [Fatal Error] :1:1: Premature end of file.
2026-03-29 19:53:18,206 [ERROR] LogOutputStream:75 - [STDERR_REDIRECT] 
2026-03-29 19:53:19,208 [ERROR] LogOutputStream:75 - [STDERR_REDIRECT] [Fatal Error] :1:1: Premature end of file.
2026-03-29 19:53:19,208 [ERROR] LogOutputStream:75 - [STDERR_REDIRECT] 
2026-03-29 19:53:20,203 [ERROR] LogOutputStream:75 - [STDERR_REDIRECT] [Fatal Error] :1:1: Premature end of file.
2026-03-29 19:53:20,203 [ERROR] LogOutputStream:75 - [STDERR_REDIRECT] 
2026-03-29 19:53:21,208 [ERROR] LogOutputStream:75 - [STDERR_REDIRECT] [Fatal Error] :1:1: Premature end of file.
2026-03-29 19:53:21,208 [ERROR] LogOutputStream:75 - [STDERR_REDIRECT] 
2026-03-29 19:53:22,204 [ERROR] LogOutputStream:75 - [STDERR_REDIRECT] [Fatal Error] :1:1: Premature end of file.
2026-03-29 19:53:22,204 [ERROR] LogOutputStream:75 - [STDERR_REDIRECT] 
2026-03-29 19:53:23,202 [ERROR] LogOutputStream:75 - [STDERR_REDIRECT] [Fatal Error] :1:1: Premature end of file.
2026-03-29 19:53:23,203 [ERROR] LogOutputStream:75 - [STDERR_REDIRECT] 
2026-03-29 19:53:24,197 [ERROR] LogOutputStream:75 - [STDERR_REDIRECT] [Fatal Error] :1:1: Premature end of file.
2026-03-29 19:53:24,197 [ERROR] LogOutputStream:75 - [STDERR_REDIRECT] 
2026-03-29 19:53:25,204 [ERROR] LogOutputStream:75 - [STDERR_REDIRECT] [Fatal Error] :1:1: Premature end of file.
2026-03-29 19:53:25,204 [ERROR] LogOutputStream:75 - [STDERR_REDIRECT] 
2026-03-29 19:53:26,205 [ERROR] LogOutputStream:75 - [STDERR_REDIRECT] [Fatal Error] :1:1: Premature end of file.
2026-03-29 19:53:26,205 [ERROR] LogOutputStream:75 - [STDERR_REDIRECT] 
2026-03-29 19:53:27,197 [ERROR] LogOutputStream:75 - [STDERR_REDIRECT] [Fatal Error] :1:1: Premature end of file.
2026-03-29 19:53:27,198 [ERROR] LogOutputStream:75 - [STDERR_REDIRECT] 
2026-03-29 19:53:28,203 [ERROR] LogOutputStream:75 - [STDERR_REDIRECT] [Fatal Error] :1:1: Premature end of file.
2026-03-29 19:53:28,203 [ERROR] LogOutputStream:75 - [STDERR_REDIRECT] 
2026-03-29 19:53:29,202 [ERROR] LogOutputStream:75 - [STDERR_REDIRECT] [Fatal Error] :1:1: Premature end of file.
2026-03-29 19:53:29,202 [ERROR] LogOutputStream:75 - [STDERR_REDIRECT] 
2026-03-29 19:53:30,204 [ERROR] LogOutputStream:75 - [STDERR_REDIRECT] [Fatal Error] :1:1: Premature end of file.
2026-03-29 19:53:30,204 [ERROR] LogOutputStream:75 - [STDERR_REDIRECT] 
2026-03-29 19:53:31,204 [ERROR] LogOutputStream:75 - [STDERR_REDIRECT] [Fatal Error] :1:1: Premature end of file.
2026-03-29 19:53:31,204 [ERROR] LogOutputStream:75 - [STDERR_REDIRECT] 
2026-03-29 19:53:32,205 [ERROR] LogOutputStream:75 - [STDERR_REDIRECT] [Fatal Error] :1:1: Premature end of file.
2026-03-29 19:53:32,205 [ERROR] LogOutputStream:75 - [STDERR_REDIRECT] 
2026-03-29 19:53:33,192 [ERROR] LogOutputStream:75 - [STDERR_REDIRECT] [Fatal Error] :1:1: Premature end of file.
2026-03-29 19:53:33,192 [ERROR] LogOutputStream:75 - [STDERR_REDIRECT] 
2026-03-29 19:53:34,208 [ERROR] LogOutputStream:75 - [STDERR_REDIRECT] [Fatal Error] :1:1: Premature end of file.
2026-03-29 19:53:34,208 [ERROR] LogOutputStream:75 - [STDERR_REDIRECT] 
2026-03-29 19:53:35,204 [ERROR] LogOutputStream:75 - [STDERR_REDIRECT] [Fatal Error] :1:1: Premature end of file.
2026-03-29 19:53:35,204 [ERROR] LogOutputStream:75 - [STDERR_REDIRECT] 
2026-03-29 19:53:36,210 [ERROR] LogOutputStream:75 - [STDERR_REDIRECT] [Fatal Error] :1:1: Premature end of file.
2026-03-29 19:53:36,210 [ERROR] LogOutputStream:75 - [STDERR_REDIRECT] 
2026-03-29 19:53:37,227 [ERROR] LogOutputStream:75 - [STDERR_REDIRECT] [Fatal Error] :1:1: Premature end of file.
2026-03-29 19:53:37,227 [ERROR] LogOutputStream:75 - [STDERR_REDIRECT] 
2026-03-29 19:53:38,195 [ERROR] LogOutputStream:75 - [STDERR_REDIRECT] [Fatal Error] :1:1: Premature end of file.
2026-03-29 19:53:38,196 [ERROR] LogOutputStream:75 - [STDERR_REDIRECT] 
2026-03-29 19:53:39,201 [ERROR] LogOutputStream:75 - [STDERR_REDIRECT] [Fatal Error] :1:1: Premature end of file.
2026-03-29 19:53:39,201 [ERROR] LogOutputStream:75 - [STDERR_REDIRECT] 
2026-03-29 19:53:40,195 [ERROR] LogOutputStream:75 - [STDERR_REDIRECT] [Fatal Error] :1:1: Premature end of file.
2026-03-29 19:53:40,196 [ERROR] LogOutputStream:75 - [STDERR_REDIRECT] 
2026-03-29 19:53:41,200 [ERROR] LogOutputStream:75 - [STDERR_REDIRECT] [Fatal Error] :1:1: Premature end of file.
2026-03-29 19:53:41,200 [ERROR] LogOutputStream:75 - [STDERR_REDIRECT] 
2026-03-29 19:53:42,200 [ERROR] LogOutputStream:75 - [STDERR_REDIRECT] [Fatal Error] :1:1: Premature end of file.
2026-03-29 19:53:42,200 [ERROR] LogOutputStream:75 - [STDERR_REDIRECT] 
2026-03-29 19:53:43,205 [ERROR] LogOutputStream:75 - [STDERR_REDIRECT] [Fatal Error] :1:1: Premature end of file.
2026-03-29 19:53:43,206 [ERROR] LogOutputStream:75 - [STDERR_REDIRECT] 
2026-03-29 19:53:44,227 [ERROR] LogOutputStream:75 - [STDERR_REDIRECT] [Fatal Error] :1:1: Premature end of file.
2026-03-29 19:53:44,227 [ERROR] LogOutputStream:75 - [STDERR_REDIRECT] 
2026-03-29 19:53:45,196 [ERROR] LogOutputStream:75 - [STDERR_REDIRECT] [Fatal Error] :1:1: Premature end of file.
2026-03-29 19:53:45,196 [ERROR] LogOutputStream:75 - [STDERR_REDIRECT] 
2026-03-29 19:53:46,202 [ERROR] LogOutputStream:75 - [STDERR_REDIRECT] [Fatal Error] :1:1: Premature end of file.
2026-03-29 19:53:46,202 [ERROR] LogOutputStream:75 - [STDERR_REDIRECT] 
2026-03-29 19:53:47,199 [ERROR] LogOutputStream:75 - [STDERR_REDIRECT] [Fatal Error] :1:1: Premature end of file.
2026-03-29 19:53:47,199 [ERROR] LogOutputStream:75 - [STDERR_REDIRECT] 
2026-03-29 19:53:48,194 [ERROR] LogOutputStream:75 - [STDERR_REDIRECT] [Fatal Error] :1:1: Premature end of file.
2026-03-29 19:53:48,194 [ERROR] LogOutputStream:75 - [STDERR_REDIRECT] 
2026-03-29 19:53:49,199 [ERROR] LogOutputStream:75 - [STDERR_REDIRECT] [Fatal Error] :1:1: Premature end of file.
2026-03-29 19:53:49,200 [ERROR] LogOutputStream:75 - [STDERR_REDIRECT] 
2026-03-29 19:53:50,194 [ERROR] LogOutputStream:75 - [STDERR_REDIRECT] [Fatal Error] :1:1: Premature end of file.
2026-03-29 19:53:50,194 [ERROR] LogOutputStream:75 - [STDERR_REDIRECT] 
2026-03-29 19:53:51,198 [ERROR] LogOutputStream:75 - [STDERR_REDIRECT] [Fatal Error] :1:1: Premature end of file.
2026-03-29 19:53:51,199 [ERROR] LogOutputStream:75 - [STDERR_REDIRECT] 
2026-03-29 19:53:52,243 [ERROR] LogOutputStream:75 - [STDERR_REDIRECT] [Fatal Error] :1:1: Premature end of file.
2026-03-29 19:53:52,243 [ERROR] LogOutputStream:75 - [STDERR_REDIRECT] 
2026-03-29 19:53:53,213 [ERROR] LogOutputStream:75 - [STDERR_REDIRECT] [Fatal Error] :1:1: Premature end of file.
2026-03-29 19:53:53,213 [ERROR] LogOutputStream:75 - [STDERR_REDIRECT] 
2026-03-29 19:53:54,327 [ERROR] LogOutputStream:75 - [STDERR_REDIRECT] [Fatal Error] :1:1: Premature end of file.
2026-03-29 19:53:54,327 [ERROR] LogOutputStream:75 - [STDERR_REDIRECT] 
2026-03-29 19:53:55,219 [ERROR] LogOutputStream:75 - [STDERR_REDIRECT] [Fatal Error] :1:1: Premature end of file.
2026-03-29 19:53:55,219 [ERROR] LogOutputStream:75 - [STDERR_REDIRECT] 
2026-03-29 19:53:56,196 [ERROR] LogOutputStream:75 - [STDERR_REDIRECT] [Fatal Error] :1:1: Premature end of file.
2026-03-29 19:53:56,196 [ERROR] LogOutputStream:75 - [STDERR_REDIRECT] 
2026-03-29 19:53:57,208 [ERROR] LogOutputStream:75 - [STDERR_REDIRECT] [Fatal Error] :1:1: Premature end of file.
2026-03-29 19:53:57,208 [ERROR] LogOutputStream:75 - [STDERR_REDIRECT] 
2026-03-29 19:53:58,206 [ERROR] LogOutputStream:75 - [STDERR_REDIRECT] [Fatal Error] :1:1: Premature end of file.
2026-03-29 19:53:58,206 [ERROR] LogOutputStream:75 - [STDERR_REDIRECT] 
2026-03-29 19:53:59,219 [ERROR] LogOutputStream:75 - [STDERR_REDIRECT] [Fatal Error] :1:1: Premature end of file.
2026-03-29 19:53:59,219 [ERROR] LogOutputStream:75 - [STDERR_REDIRECT] 
2026-03-29 19:54:00,208 [ERROR] LogOutputStream:75 - [STDERR_REDIRECT] [Fatal Error] :1:1: Premature end of file.
2026-03-29 19:54:00,208 [ERROR] LogOutputStream:75 - [STDERR_REDIRECT] 
2026-03-29 19:54:01,202 [ERROR] LogOutputStream:75 - [STDERR_REDIRECT] [Fatal Error] :1:1: Premature end of file.
2026-03-29 19:54:01,202 [ERROR] LogOutputStream:75 - [STDERR_REDIRECT] 
2026-03-29 19:54:02,190 [ERROR] LogOutputStream:75 - [STDERR_REDIRECT] [Fatal Error] :1:1: Premature end of file.
2026-03-29 19:54:02,190 [ERROR] LogOutputStream:75 - [STDERR_REDIRECT] 
2026-03-29 19:54:03,203 [ERROR] LogOutputStream:75 - [STDERR_REDIRECT] [Fatal Error] :1:1: Premature end of file.
2026-03-29 19:54:03,203 [ERROR] LogOutputStream:75 - [STDERR_REDIRECT] 
2026-03-29 19:54:04,194 [ERROR] LogOutputStream:75 - [STDERR_REDIRECT] [Fatal Error] :1:1: Premature end of file.
2026-03-29 19:54:04,194 [ERROR] LogOutputStream:75 - [STDERR_REDIRECT] 
2026-03-29 19:54:05,202 [ERROR] LogOutputStream:75 - [STDERR_REDIRECT] [Fatal Error] :1:1: Premature end of file.
2026-03-29 19:54:05,203 [ERROR] LogOutputStream:75 - [STDERR_REDIRECT] 
2026-03-29 19:54:06,192 [ERROR] LogOutputStream:75 - [STDERR_REDIRECT] [Fatal Error] :1:1: Premature end of file.
2026-03-29 19:54:06,192 [ERROR] LogOutputStream:75 - [STDERR_REDIRECT] 
2026-03-29 19:54:07,198 [ERROR] LogOutputStream:75 - [STDERR_REDIRECT] [Fatal Error] :1:1: Premature end of file.
2026-03-29 19:54:07,198 [ERROR] LogOutputStream:75 - [STDERR_REDIRECT] 
2026-03-29 19:54:08,195 [ERROR] LogOutputStream:75 - [STDERR_REDIRECT] [Fatal Error] :1:1: Premature end of file.
2026-03-29 19:54:08,195 [ERROR] LogOutputStream:75 - [STDERR_REDIRECT] 
2026-03-29 19:54:09,198 [ERROR] LogOutputStream:75 - [STDERR_REDIRECT] [Fatal Error] :1:1: Premature end of file.
2026-03-29 19:54:09,198 [ERROR] LogOutputStream:75 - [STDERR_REDIRECT] 
2026-03-29 19:54:10,201 [ERROR] LogOutputStream:75 - [STDERR_REDIRECT] [Fatal Error] :1:1: Premature end of file.
2026-03-29 19:54:10,201 [ERROR] LogOutputStream:75 - [STDERR_REDIRECT] 
2026-03-29 19:54:11,199 [ERROR] LogOutputStream:75 - [STDERR_REDIRECT] [Fatal Error] :1:1: Premature end of file.
2026-03-29 19:54:11,199 [ERROR] LogOutputStream:75 - [STDERR_REDIRECT] 
2026-03-29 19:54:12,211 [ERROR] LogOutputStream:75 - [STDERR_REDIRECT] [Fatal Error] :1:1: Premature end of file.
2026-03-29 19:54:12,211 [ERROR] LogOutputStream:75 - [STDERR_REDIRECT] 
2026-03-29 19:54:13,193 [ERROR] LogOutputStream:75 - [STDERR_REDIRECT] [Fatal Error] :1:1: Premature end of file.
2026-03-29 19:54:13,193 [ERROR] LogOutputStream:75 - [STDERR_REDIRECT] 
2026-03-29 19:54:14,190 [ERROR] LogOutputStream:75 - [STDERR_REDIRECT] [Fatal Error] :1:1: Premature end of file.
2026-03-29 19:54:14,190 [ERROR] LogOutputStream:75 - [STDERR_REDIRECT] 
2026-03-29 19:54:15,191 [ERROR] LogOutputStream:75 - [STDERR_REDIRECT] [Fatal Error] :1:1: Premature end of file.
2026-03-29 19:54:15,191 [ERROR] LogOutputStream:75 - [STDERR_REDIRECT] 
2026-03-29 19:54:16,192 [ERROR] LogOutputStream:75 - [STDERR_REDIRECT] [Fatal Error] :1:1: Premature end of file.
2026-03-29 19:54:16,192 [ERROR] LogOutputStream:75 - [STDERR_REDIRECT] 
2026-03-29 19:54:17,191 [ERROR] LogOutputStream:75 - [STDERR_REDIRECT] [Fatal Error] :1:1: Premature end of file.
2026-03-29 19:54:17,191 [ERROR] LogOutputStream:75 - [STDERR_REDIRECT] 
2026-03-29 19:54:18,202 [ERROR] LogOutputStream:75 - [STDERR_REDIRECT] [Fatal Error] :1:1: Premature end of file.
2026-03-29 19:54:18,203 [ERROR] LogOutputStream:75 - [STDERR_REDIRECT] 
2026-03-29 19:54:19,207 [ERROR] LogOutputStream:75 - [STDERR_REDIRECT] [Fatal Error] :1:1: Premature end of file.
2026-03-29 19:54:19,207 [ERROR] LogOutputStream:75 - [STDERR_REDIRECT] 
2026-03-29 19:54:20,204 [ERROR] LogOutputStream:75 - [STDERR_REDIRECT] [Fatal Error] :1:1: Premature end of file.
2026-03-29 19:54:20,204 [ERROR] LogOutputStream:75 - [STDERR_REDIRECT] 
2026-03-29 19:54:21,205 [ERROR] LogOutputStream:75 - [STDERR_REDIRECT] [Fatal Error] :1:1: Premature end of file.
2026-03-29 19:54:21,205 [ERROR] LogOutputStream:75 - [STDERR_REDIRECT] 
2026-03-29 19:54:22,204 [ERROR] LogOutputStream:75 - [STDERR_REDIRECT] [Fatal Error] :1:1: Premature end of file.
2026-03-29 19:54:22,204 [ERROR] LogOutputStream:75 - [STDERR_REDIRECT] 
2026-03-29 19:54:23,200 [ERROR] LogOutputStream:75 - [STDERR_REDIRECT] [Fatal Error] :1:1: Premature end of file.
2026-03-29 19:54:23,200 [ERROR] LogOutputStream:75 - [STDERR_REDIRECT] 
2026-03-29 19:54:24,197 [ERROR] LogOutputStream:75 - [STDERR_REDIRECT] [Fatal Error] :1:1: Premature end of file.
2026-03-29 19:54:24,197 [ERROR] LogOutputStream:75 - [STDERR_REDIRECT] 
2026-03-29 19:54:25,208 [ERROR] LogOutputStream:75 - [STDERR_REDIRECT] [Fatal Error] :1:1: Premature end of file.
2026-03-29 19:54:25,208 [ERROR] LogOutputStream:75 - [STDERR_REDIRECT] 
2026-03-29 19:54:26,199 [ERROR] LogOutputStream:75 - [STDERR_REDIRECT] [Fatal Error] :1:1: Premature end of file.
2026-03-29 19:54:26,200 [ERROR] LogOutputStream:75 - [STDERR_REDIRECT] 
2026-03-29 19:54:27,200 [ERROR] LogOutputStream:75 - [STDERR_REDIRECT] [Fatal Error] :1:1: Premature end of file.
2026-03-29 19:54:27,200 [ERROR] LogOutputStream:75 - [STDERR_REDIRECT] 
2026-03-29 19:54:28,199 [ERROR] LogOutputStream:75 - [STDERR_REDIRECT] [Fatal Error] :1:1: Premature end of file.
2026-03-29 19:54:28,199 [ERROR] LogOutputStream:75 - [STDERR_REDIRECT] 
2026-03-29 19:54:29,206 [ERROR] LogOutputStream:75 - [STDERR_REDIRECT] [Fatal Error] :1:1: Premature end of file.
2026-03-29 19:54:29,206 [ERROR] LogOutputStream:75 - [STDERR_REDIRECT] 
2026-03-29 19:54:30,195 [ERROR] LogOutputStream:75 - [STDERR_REDIRECT] [Fatal Error] :1:1: Premature end of file.
2026-03-29 19:54:30,195 [ERROR] LogOutputStream:75 - [STDERR_REDIRECT] 
2026-03-29 19:54:31,204 [ERROR] LogOutputStream:75 - [STDERR_REDIRECT] [Fatal Error] :1:1: Premature end of file.
2026-03-29 19:54:31,204 [ERROR] LogOutputStream:75 - [STDERR_REDIRECT] 
2026-03-29 19:54:32,207 [ERROR] LogOutputStream:75 - [STDERR_REDIRECT] [Fatal Error] :1:1: Premature end of file.
2026-03-29 19:54:32,207 [ERROR] LogOutputStream:75 - [STDERR_REDIRECT] 
2026-03-29 19:54:33,208 [ERROR] LogOutputStream:75 - [STDERR_REDIRECT] [Fatal Error] :1:1: Premature end of file.
2026-03-29 19:54:33,208 [ERROR] LogOutputStream:75 - [STDERR_REDIRECT] 
2026-03-29 19:54:34,208 [ERROR] LogOutputStream:75 - [STDERR_REDIRECT] [Fatal Error] :1:1: Premature end of file.
2026-03-29 19:54:34,208 [ERROR] LogOutputStream:75 - [STDERR_REDIRECT] 
2026-03-29 19:54:35,207 [ERROR] LogOutputStream:75 - [STDERR_REDIRECT] [Fatal Error] :1:1: Premature end of file.
2026-03-29 19:54:35,208 [ERROR] LogOutputStream:75 - [STDERR_REDIRECT] 
2026-03-29 19:54:36,208 [ERROR] LogOutputStream:75 - [STDERR_REDIRECT] [Fatal Error] :1:1: Premature end of file.
2026-03-29 19:54:36,208 [ERROR] LogOutputStream:75 - [STDERR_REDIRECT] 
2026-03-29 19:54:37,212 [ERROR] LogOutputStream:75 - [STDERR_REDIRECT] [Fatal Error] :1:1: Premature end of file.
2026-03-29 19:54:37,212 [ERROR] LogOutputStream:75 - [STDERR_REDIRECT] 
2026-03-29 19:54:38,202 [ERROR] LogOutputStream:75 - [STDERR_REDIRECT] [Fatal Error] :1:1: Premature end of file.
2026-03-29 19:54:38,202 [ERROR] LogOutputStream:75 - [STDERR_REDIRECT] 
2026-03-29 19:54:39,206 [ERROR] LogOutputStream:75 - [STDERR_REDIRECT] [Fatal Error] :1:1: Premature end of file.
2026-03-29 19:54:39,206 [ERROR] LogOutputStream:75 - [STDERR_REDIRECT] 
2026-03-29 19:54:40,208 [ERROR] LogOutputStream:75 - [STDERR_REDIRECT] [Fatal Error] :1:1: Premature end of file.
2026-03-29 19:54:40,208 [ERROR] LogOutputStream:75 - [STDERR_REDIRECT] 
2026-03-29 19:54:41,189 [ERROR] LogOutputStream:75 - [STDERR_REDIRECT] [Fatal Error] :1:1: Premature end of file.
2026-03-29 19:54:41,189 [ERROR] LogOutputStream:75 - [STDERR_REDIRECT] 
2026-03-29 19:54:42,193 [ERROR] LogOutputStream:75 - [STDERR_REDIRECT] [Fatal Error] :1:1: Premature end of file.
2026-03-29 19:54:42,193 [ERROR] LogOutputStream:75 - [STDERR_REDIRECT] 
2026-03-29 19:54:43,200 [ERROR] LogOutputStream:75 - [STDERR_REDIRECT] [Fatal Error] :1:1: Premature end of file.
2026-03-29 19:54:43,200 [ERROR] LogOutputStream:75 - [STDERR_REDIRECT] 
2026-03-29 19:54:44,204 [ERROR] LogOutputStream:75 - [STDERR_REDIRECT] [Fatal Error] :1:1: Premature end of file.
2026-03-29 19:54:44,204 [ERROR] LogOutputStream:75 - [STDERR_REDIRECT] 
2026-03-29 19:54:45,206 [ERROR] LogOutputStream:75 - [STDERR_REDIRECT] [Fatal Error] :1:1: Premature end of file.
2026-03-29 19:54:45,206 [ERROR] LogOutputStream:75 - [STDERR_REDIRECT] 
2026-03-29 19:54:46,190 [ERROR] LogOutputStream:75 - [STDERR_REDIRECT] [Fatal Error] :1:1: Premature end of file.
2026-03-29 19:54:46,190 [ERROR] LogOutputStream:75 - [STDERR_REDIRECT] 
2026-03-29 19:54:47,189 [ERROR] LogOutputStream:75 - [STDERR_REDIRECT] [Fatal Error] :1:1: Premature end of file.
2026-03-29 19:54:47,189 [ERROR] LogOutputStream:75 - [STDERR_REDIRECT] 
2026-03-29 19:54:48,208 [ERROR] LogOutputStream:75 - [STDERR_REDIRECT] [Fatal Error] :1:1: Premature end of file.
2026-03-29 19:54:48,208 [ERROR] LogOutputStream:75 - [STDERR_REDIRECT] 
2026-03-29 19:54:49,202 [ERROR] LogOutputStream:75 - [STDERR_REDIRECT] [Fatal Error] :1:1: Premature end of file.
2026-03-29 19:54:49,202 [ERROR] LogOutputStream:75 - [STDERR_REDIRECT] 
2026-03-29 19:54:50,233 [ERROR] LogOutputStream:75 - [STDERR_REDIRECT] [Fatal Error] :1:1: Premature end of file.
2026-03-29 19:54:50,234 [ERROR] LogOutputStream:75 - [STDERR_REDIRECT] 
2026-03-29 19:54:51,189 [ERROR] LogOutputStream:75 - [STDERR_REDIRECT] [Fatal Error] :1:1: Premature end of file.
2026-03-29 19:54:51,189 [ERROR] LogOutputStream:75 - [STDERR_REDIRECT] 
2026-03-29 19:54:52,189 [ERROR] LogOutputStream:75 - [STDERR_REDIRECT] [Fatal Error] :1:1: Premature end of file.
2026-03-29 19:54:52,189 [ERROR] LogOutputStream:75 - [STDERR_REDIRECT] 
2026-03-29 19:54:53,196 [ERROR] LogOutputStream:75 - [STDERR_REDIRECT] [Fatal Error] :1:1: Premature end of file.
2026-03-29 19:54:53,196 [ERROR] LogOutputStream:75 - [STDERR_REDIRECT] 
2026-03-29 19:54:54,195 [ERROR] LogOutputStream:75 - [STDERR_REDIRECT] [Fatal Error] :1:1: Premature end of file.
2026-03-29 19:54:54,195 [ERROR] LogOutputStream:75 - [STDERR_REDIRECT] 
2026-03-29 19:54:55,188 [ERROR] LogOutputStream:75 - [STDERR_REDIRECT] [Fatal Error] :1:1: Premature end of file.
2026-03-29 19:54:55,188 [ERROR] LogOutputStream:75 - [STDERR_REDIRECT] 
2026-03-29 19:54:56,195 [ERROR] LogOutputStream:75 - [STDERR_REDIRECT] [Fatal Error] :1:1: Premature end of file.
2026-03-29 19:54:56,195 [ERROR] LogOutputStream:75 - [STDERR_REDIRECT] 
2026-03-29 19:54:57,187 [ERROR] LogOutputStream:75 - [STDERR_REDIRECT] [Fatal Error] :1:1: Premature end of file.
2026-03-29 19:54:57,187 [ERROR] LogOutputStream:75 - [STDERR_REDIRECT] 
2026-03-29 19:54:58,194 [ERROR] LogOutputStream:75 - [STDERR_REDIRECT] [Fatal Error] :1:1: Premature end of file.
2026-03-29 19:54:58,194 [ERROR] LogOutputStream:75 - [STDERR_REDIRECT] 
2026-03-29 19:54:59,198 [ERROR] LogOutputStream:75 - [STDERR_REDIRECT] [Fatal Error] :1:1: Premature end of file.
2026-03-29 19:54:59,199 [ERROR] LogOutputStream:75 - [STDERR_REDIRECT] 
2026-03-29 19:55:00,194 [ERROR] LogOutputStream:75 - [STDERR_REDIRECT] [Fatal Error] :1:1: Premature end of file.
2026-03-29 19:55:00,194 [ERROR] LogOutputStream:75 - [STDERR_REDIRECT] 
2026-03-29 19:55:01,188 [ERROR] LogOutputStream:75 - [STDERR_REDIRECT] [Fatal Error] :1:1: Premature end of file.
2026-03-29 19:55:01,190 [ERROR] LogOutputStream:75 - [STDERR_REDIRECT] 
2026-03-29 19:55:02,186 [ERROR] LogOutputStream:75 - [STDERR_REDIRECT] [Fatal Error] :1:1: Premature end of file.
2026-03-29 19:55:02,186 [ERROR] LogOutputStream:75 - [STDERR_REDIRECT] 
2026-03-29 19:55:03,203 [ERROR] LogOutputStream:75 - [STDERR_REDIRECT] [Fatal Error] :1:1: Premature end of file.
2026-03-29 19:55:03,203 [ERROR] LogOutputStream:75 - [STDERR_REDIRECT] 
2026-03-29 19:55:04,207 [ERROR] LogOutputStream:75 - [STDERR_REDIRECT] [Fatal Error] :1:1: Premature end of file.
2026-03-29 19:55:04,207 [ERROR] LogOutputStream:75 - [STDERR_REDIRECT] 
2026-03-29 19:55:05,206 [ERROR] LogOutputStream:75 - [STDERR_REDIRECT] [Fatal Error] :1:1: Premature end of file.
2026-03-29 19:55:05,206 [ERROR] LogOutputStream:75 - [STDERR_REDIRECT] 
2026-03-29 19:55:06,207 [ERROR] LogOutputStream:75 - [STDERR_REDIRECT] [Fatal Error] :1:1: Premature end of file.
2026-03-29 19:55:06,207 [ERROR] LogOutputStream:75 - [STDERR_REDIRECT] 
2026-03-29 19:55:07,203 [ERROR] LogOutputStream:75 - [STDERR_REDIRECT] [Fatal Error] :1:1: Premature end of file.
2026-03-29 19:55:07,203 [ERROR] LogOutputStream:75 - [STDERR_REDIRECT] 
2026-03-29 19:55:08,205 [ERROR] LogOutputStream:75 - [STDERR_REDIRECT] [Fatal Error] :1:1: Premature end of file.
2026-03-29 19:55:08,205 [ERROR] LogOutputStream:75 - [STDERR_REDIRECT] 
2026-03-29 19:55:09,202 [ERROR] LogOutputStream:75 - [STDERR_REDIRECT] [Fatal Error] :1:1: Premature end of file.
2026-03-29 19:55:09,202 [ERROR] LogOutputStream:75 - [STDERR_REDIRECT] 
2026-03-29 19:55:10,202 [ERROR] LogOutputStream:75 - [STDERR_REDIRECT] [Fatal Error] :1:1: Premature end of file.
2026-03-29 19:55:10,202 [ERROR] LogOutputStream:75 - [STDERR_REDIRECT] 
2026-03-29 19:55:11,199 [ERROR] LogOutputStream:75 - [STDERR_REDIRECT] [Fatal Error] :1:1: Premature end of file.
2026-03-29 19:55:11,199 [ERROR] LogOutputStream:75 - [STDERR_REDIRECT] 
2026-03-29 19:55:12,205 [ERROR] LogOutputStream:75 - [STDERR_REDIRECT] [Fatal Error] :1:1: Premature end of file.
2026-03-29 19:55:12,205 [ERROR] LogOutputStream:75 - [STDERR_REDIRECT] 
2026-03-29 19:55:13,213 [ERROR] LogOutputStream:75 - [STDERR_REDIRECT] [Fatal Error] :1:1: Premature end of file.
2026-03-29 19:55:13,214 [ERROR] LogOutputStream:75 - [STDERR_REDIRECT] 
2026-03-29 19:55:14,204 [ERROR] LogOutputStream:75 - [STDERR_REDIRECT] [Fatal Error] :1:1: Premature end of file.
2026-03-29 19:55:14,204 [ERROR] LogOutputStream:75 - [STDERR_REDIRECT] 
2026-03-29 19:55:15,201 [ERROR] LogOutputStream:75 - [STDERR_REDIRECT] [Fatal Error] :1:1: Premature end of file.
2026-03-29 19:55:15,202 [ERROR] LogOutputStream:75 - [STDERR_REDIRECT] 
2026-03-29 19:55:16,201 [ERROR] LogOutputStream:75 - [STDERR_REDIRECT] [Fatal Error] :1:1: Premature end of file.
2026-03-29 19:55:16,202 [ERROR] LogOutputStream:75 - [STDERR_REDIRECT] 
2026-03-29 19:55:17,205 [ERROR] LogOutputStream:75 - [STDERR_REDIRECT] [Fatal Error] :1:1: Premature end of file.
2026-03-29 19:55:17,205 [ERROR] LogOutputStream:75 - [STDERR_REDIRECT] 
2026-03-29 19:55:18,203 [ERROR] LogOutputStream:75 - [STDERR_REDIRECT] [Fatal Error] :1:1: Premature end of file.
2026-03-29 19:55:18,203 [ERROR] LogOutputStream:75 - [STDERR_REDIRECT] 
2026-03-29 19:55:19,206 [ERROR] LogOutputStream:75 - [STDERR_REDIRECT] [Fatal Error] :1:1: Premature end of file.
2026-03-29 19:55:19,206 [ERROR] LogOutputStream:75 - [STDERR_REDIRECT] 
2026-03-29 19:55:20,355 [ERROR] LogOutputStream:75 - [STDERR_REDIRECT] [Fatal Error] :1:1: Premature end of file.
2026-03-29 19:55:20,355 [ERROR] LogOutputStream:75 - [STDERR_REDIRECT] 
2026-03-29 19:55:21,326 [ERROR] LogOutputStream:75 - [STDERR_REDIRECT] [Fatal Error] :1:1: Premature end of file.
2026-03-29 19:55:21,327 [ERROR] LogOutputStream:75 - [STDERR_REDIRECT] 
2026-03-29 19:55:22,331 [ERROR] LogOutputStream:75 - [STDERR_REDIRECT] [Fatal Error] :1:1: Premature end of file.
2026-03-29 19:55:22,332 [ERROR] LogOutputStream:75 - [STDERR_REDIRECT] 
2026-03-29 19:55:23,312 [ERROR] LogOutputStream:75 - [STDERR_REDIRECT] [Fatal Error] :1:1: Premature end of file.
2026-03-29 19:55:23,312 [ERROR] LogOutputStream:75 - [STDERR_REDIRECT] 
2026-03-29 19:55:24,195 [ERROR] LogOutputStream:75 - [STDERR_REDIRECT] [Fatal Error] :1:1: Premature end of file.
2026-03-29 19:55:24,195 [ERROR] LogOutputStream:75 - [STDERR_REDIRECT] 
2026-03-29 19:55:25,208 [ERROR] LogOutputStream:75 - [STDERR_REDIRECT] [Fatal Error] :1:1: Premature end of file.
2026-03-29 19:55:25,209 [ERROR] LogOutputStream:75 - [STDERR_REDIRECT] 
2026-03-29 19:55:26,185 [ERROR] LogOutputStream:75 - [STDERR_REDIRECT] [Fatal Error] :1:1: Premature end of file.
2026-03-29 19:55:26,185 [ERROR] LogOutputStream:75 - [STDERR_REDIRECT] 
2026-03-29 19:55:27,190 [ERROR] LogOutputStream:75 - [STDERR_REDIRECT] [Fatal Error] :1:1: Premature end of file.
2026-03-29 19:55:27,190 [ERROR] LogOutputStream:75 - [STDERR_REDIRECT] 
2026-03-29 19:55:28,191 [ERROR] LogOutputStream:75 - [STDERR_REDIRECT] [Fatal Error] :1:1: Premature end of file.
2026-03-29 19:55:28,191 [ERROR] LogOutputStream:75 - [STDERR_REDIRECT] 
2026-03-29 19:55:29,188 [ERROR] LogOutputStream:75 - [STDERR_REDIRECT] [Fatal Error] :1:1: Premature end of file.
2026-03-29 19:55:29,188 [ERROR] LogOutputStream:75 - [STDERR_REDIRECT] 
2026-03-29 19:55:30,207 [ERROR] LogOutputStream:75 - [STDERR_REDIRECT] [Fatal Error] :1:1: Premature end of file.
2026-03-29 19:55:30,207 [ERROR] LogOutputStream:75 - [STDERR_REDIRECT] 
2026-03-29 19:55:30,889 [ERROR] ConfigurationRetriever:142 - IOException on connection: Connect timed out
2026-03-29 19:55:31,201 [ERROR] LogOutputStream:75 - [STDERR_REDIRECT] [Fatal Error] :1:1: Premature end of file.
2026-03-29 19:55:31,202 [ERROR] LogOutputStream:75 - [STDERR_REDIRECT] 
2026-03-29 19:55:32,207 [ERROR] LogOutputStream:75 - [STDERR_REDIRECT] [Fatal Error] :1:1: Premature end of file.
2026-03-29 19:55:32,208 [ERROR] LogOutputStream:75 - [STDERR_REDIRECT] 
2026-03-29 19:55:33,194 [ERROR] LogOutputStream:75 - [STDERR_REDIRECT] [Fatal Error] :1:1: Premature end of file.
2026-03-29 19:55:33,194 [ERROR] LogOutputStream:75 - [STDERR_REDIRECT] 
2026-03-29 19:55:34,196 [ERROR] LogOutputStream:75 - [STDERR_REDIRECT] [Fatal Error] :1:1: Premature end of file.
2026-03-29 19:55:34,196 [ERROR] LogOutputStream:75 - [STDERR_REDIRECT] 
2026-03-29 19:55:35,205 [ERROR] LogOutputStream:75 - [STDERR_REDIRECT] [Fatal Error] :1:1: Premature end of file.
2026-03-29 19:55:35,206 [ERROR] LogOutputStream:75 - [STDERR_REDIRECT] 
2026-03-29 19:55:36,192 [ERROR] LogOutputStream:75 - [STDERR_REDIRECT] [Fatal Error] :1:1: Premature end of file.
2026-03-29 19:55:36,192 [ERROR] LogOutputStream:75 - [STDERR_REDIRECT] 
2026-03-29 19:55:37,188 [ERROR] LogOutputStream:75 - [STDERR_REDIRECT] [Fatal Error] :1:1: Premature end of file.
2026-03-29 19:55:37,188 [ERROR] LogOutputStream:75 - [STDERR_REDIRECT] 
2026-03-29 19:55:38,192 [ERROR] LogOutputStream:75 - [STDERR_REDIRECT] [Fatal Error] :1:1: Premature end of file.
2026-03-29 19:55:38,192 [ERROR] LogOutputStream:75 - [STDERR_REDIRECT] 
2026-03-29 19:55:39,208 [ERROR] LogOutputStream:75 - [STDERR_REDIRECT] [Fatal Error] :1:1: Premature end of file.
2026-03-29 19:55:39,208 [ERROR] LogOutputStream:75 - [STDERR_REDIRECT] 
2026-03-29 19:55:40,192 [ERROR] LogOutputStream:75 - [STDERR_REDIRECT] [Fatal Error] :1:1: Premature end of file.
2026-03-29 19:55:40,193 [ERROR] LogOutputStream:75 - [STDERR_REDIRECT] 
2026-03-29 19:55:41,190 [ERROR] LogOutputStream:75 - [STDERR_REDIRECT] [Fatal Error] :1:1: Premature end of file.
2026-03-29 19:55:41,190 [ERROR] LogOutputStream:75 - [STDERR_REDIRECT] 
2026-03-29 19:55:42,191 [ERROR] LogOutputStream:75 - [STDERR_REDIRECT] [Fatal Error] :1:1: Premature end of file.
2026-03-29 19:55:42,191 [ERROR] LogOutputStream:75 - [STDERR_REDIRECT] 
2026-03-29 19:55:43,201 [ERROR] LogOutputStream:75 - [STDERR_REDIRECT] [Fatal Error] :1:1: Premature end of file.
2026-03-29 19:55:43,201 [ERROR] LogOutputStream:75 - [STDERR_REDIRECT] 
2026-03-29 19:55:44,202 [ERROR] LogOutputStream:75 - [STDERR_REDIRECT] [Fatal Error] :1:1: Premature end of file.
2026-03-29 19:55:44,202 [ERROR] LogOutputStream:75 - [STDERR_REDIRECT] 
2026-03-29 19:55:45,194 [ERROR] LogOutputStream:75 - [STDERR_REDIRECT] [Fatal Error] :1:1: Premature end of file.
2026-03-29 19:55:45,194 [ERROR] LogOutputStream:75 - [STDERR_REDIRECT] 
2026-03-29 19:55:46,201 [ERROR] LogOutputStream:75 - [STDERR_REDIRECT] [Fatal Error] :1:1: Premature end of file.
2026-03-29 19:55:46,201 [ERROR] LogOutputStream:75 - [STDERR_REDIRECT] 
2026-03-29 19:55:47,201 [ERROR] LogOutputStream:75 - [STDERR_REDIRECT] [Fatal Error] :1:1: Premature end of file.
2026-03-29 19:55:47,202 [ERROR] LogOutputStream:75 - [STDERR_REDIRECT] 
2026-03-29 19:55:48,206 [ERROR] LogOutputStream:75 - [STDERR_REDIRECT] [Fatal Error] :1:1: Premature end of file.
2026-03-29 19:55:48,206 [ERROR] LogOutputStream:75 - [STDERR_REDIRECT] 
2026-03-29 19:55:49,205 [ERROR] LogOutputStream:75 - [STDERR_REDIRECT] [Fatal Error] :1:1: Premature end of file.
2026-03-29 19:55:49,205 [ERROR] LogOutputStream:75 - [STDERR_REDIRECT] 
2026-03-29 19:55:50,207 [ERROR] LogOutputStream:75 - [STDERR_REDIRECT] [Fatal Error] :1:1: Premature end of file.
2026-03-29 19:55:50,207 [ERROR] LogOutputStream:75 - [STDERR_REDIRECT] 
2026-03-29 19:55:51,206 [ERROR] LogOutputStream:75 - [STDERR_REDIRECT] [Fatal Error] :1:1: Premature end of file.
2026-03-29 19:55:51,206 [ERROR] LogOutputStream:75 - [STDERR_REDIRECT] 
2026-03-29 19:55:52,208 [ERROR] LogOutputStream:75 - [STDERR_REDIRECT] [Fatal Error] :1:1: Premature end of file.
2026-03-29 19:55:52,208 [ERROR] LogOutputStream:75 - [STDERR_REDIRECT] 
2026-03-29 19:55:53,207 [ERROR] LogOutputStream:75 - [STDERR_REDIRECT] [Fatal Error] :1:1: Premature end of file.
2026-03-29 19:55:53,207 [ERROR] LogOutputStream:75 - [STDERR_REDIRECT] 
2026-03-29 19:55:54,208 [ERROR] LogOutputStream:75 - [STDERR_REDIRECT] [Fatal Error] :1:1: Premature end of file.
2026-03-29 19:55:54,208 [ERROR] LogOutputStream:75 - [STDERR_REDIRECT] 
2026-03-29 19:55:55,194 [ERROR] LogOutputStream:75 - [STDERR_REDIRECT] [Fatal Error] :1:1: Premature end of file.
2026-03-29 19:55:55,194 [ERROR] LogOutputStream:75 - [STDERR_REDIRECT] 
2026-03-29 19:55:56,200 [ERROR] LogOutputStream:75 - [STDERR_REDIRECT] [Fatal Error] :1:1: Premature end of file.
2026-03-29 19:55:56,200 [ERROR] LogOutputStream:75 - [STDERR_REDIRECT] 
2026-03-29 19:55:57,241 [ERROR] LogOutputStream:75 - [STDERR_REDIRECT] [Fatal Error] :1:1: Premature end of file.
2026-03-29 19:55:57,241 [ERROR] LogOutputStream:75 - [STDERR_REDIRECT] 
2026-03-29 19:55:58,207 [ERROR] LogOutputStream:75 - [STDERR_REDIRECT] [Fatal Error] :1:1: Premature end of file.
2026-03-29 19:55:58,207 [ERROR] LogOutputStream:75 - [STDERR_REDIRECT] 
2026-03-29 19:55:59,203 [ERROR] LogOutputStream:75 - [STDERR_REDIRECT] [Fatal Error] :1:1: Premature end of file.
2026-03-29 19:55:59,203 [ERROR] LogOutputStream:75 - [STDERR_REDIRECT] 
2026-03-29 19:56:00,206 [ERROR] LogOutputStream:75 - [STDERR_REDIRECT] [Fatal Error] :1:1: Premature end of file.
2026-03-29 19:56:00,206 [ERROR] LogOutputStream:75 - [STDERR_REDIRECT] 
2026-03-29 19:56:01,203 [ERROR] LogOutputStream:75 - [STDERR_REDIRECT] [Fatal Error] :1:1: Premature end of file.
2026-03-29 19:56:01,203 [ERROR] LogOutputStream:75 - [STDERR_REDIRECT] 
2026-03-29 19:56:02,203 [ERROR] LogOutputStream:75 - [STDERR_REDIRECT] [Fatal Error] :1:1: Premature end of file.
2026-03-29 19:56:02,204 [ERROR] LogOutputStream:75 - [STDERR_REDIRECT] 
2026-03-29 19:56:03,201 [ERROR] LogOutputStream:75 - [STDERR_REDIRECT] [Fatal Error] :1:1: Premature end of file.
2026-03-29 19:56:03,201 [ERROR] LogOutputStream:75 - [STDERR_REDIRECT] 
2026-03-29 19:56:04,191 [ERROR] LogOutputStream:75 - [STDERR_REDIRECT] [Fatal Error] :1:1: Premature end of file.
2026-03-29 19:56:04,192 [ERROR] LogOutputStream:75 - [STDERR_REDIRECT] 
2026-03-29 19:56:05,190 [ERROR] LogOutputStream:75 - [STDERR_REDIRECT] [Fatal Error] :1:1: Premature end of file.
2026-03-29 19:56:05,191 [ERROR] LogOutputStream:75 - [STDERR_REDIRECT] 
2026-03-29 19:56:06,189 [ERROR] LogOutputStream:75 - [STDERR_REDIRECT] [Fatal Error] :1:1: Premature end of file.
2026-03-29 19:56:06,190 [ERROR] LogOutputStream:75 - [STDERR_REDIRECT] 
2026-03-29 19:56:07,230 [ERROR] LogOutputStream:75 - [STDERR_REDIRECT] [Fatal Error] :1:1: Premature end of file.
2026-03-29 19:56:07,230 [ERROR] LogOutputStream:75 - [STDERR_REDIRECT] 
2026-03-29 19:56:08,192 [ERROR] LogOutputStream:75 - [STDERR_REDIRECT] [Fatal Error] :1:1: Premature end of file.
2026-03-29 19:56:08,192 [ERROR] LogOutputStream:75 - [STDERR_REDIRECT] 
2026-03-29 19:56:09,193 [ERROR] LogOutputStream:75 - [STDERR_REDIRECT] [Fatal Error] :1:1: Premature end of file.
2026-03-29 19:56:09,193 [ERROR] LogOutputStream:75 - [STDERR_REDIRECT] 
2026-03-29 19:56:10,195 [ERROR] LogOutputStream:75 - [STDERR_REDIRECT] [Fatal Error] :1:1: Premature end of file.
2026-03-29 19:56:10,196 [ERROR] LogOutputStream:75 - [STDERR_REDIRECT] 
2026-03-29 19:56:11,203 [ERROR] LogOutputStream:75 - [STDERR_REDIRECT] [Fatal Error] :1:1: Premature end of file.
2026-03-29 19:56:11,203 [ERROR] LogOutputStream:75 - [STDERR_REDIRECT] 
2026-03-29 19:56:12,210 [ERROR] LogOutputStream:75 - [STDERR_REDIRECT] [Fatal Error] :1:1: Premature end of file.
2026-03-29 19:56:12,210 [ERROR] LogOutputStream:75 - [STDERR_REDIRECT] 
2026-03-29 19:56:13,196 [ERROR] LogOutputStream:75 - [STDERR_REDIRECT] [Fatal Error] :1:1: Premature end of file.
2026-03-29 19:56:13,197 [ERROR] LogOutputStream:75 - [STDERR_REDIRECT] 
2026-03-29 19:56:14,201 [ERROR] LogOutputStream:75 - [STDERR_REDIRECT] [Fatal Error] :1:1: Premature end of file.
2026-03-29 19:56:14,201 [ERROR] LogOutputStream:75 - [STDERR_REDIRECT] 
2026-03-29 19:56:15,207 [ERROR] LogOutputStream:75 - [STDERR_REDIRECT] [Fatal Error] :1:1: Premature end of file.
2026-03-29 19:56:15,207 [ERROR] LogOutputStream:75 - [STDERR_REDIRECT] 
2026-03-29 19:56:16,199 [ERROR] LogOutputStream:75 - [STDERR_REDIRECT] [Fatal Error] :1:1: Premature end of file.
2026-03-29 19:56:16,199 [ERROR] LogOutputStream:75 - [STDERR_REDIRECT] 
2026-03-29 19:56:17,192 [ERROR] LogOutputStream:75 - [STDERR_REDIRECT] [Fatal Error] :1:1: Premature end of file.
2026-03-29 19:56:17,193 [ERROR] LogOutputStream:75 - [STDERR_REDIRECT] 
2026-03-29 19:56:18,208 [ERROR] LogOutputStream:75 - [STDERR_REDIRECT] [Fatal Error] :1:1: Premature end of file.
2026-03-29 19:56:18,208 [ERROR] LogOutputStream:75 - [STDERR_REDIRECT] 
2026-03-29 19:56:19,207 [ERROR] LogOutputStream:75 - [STDERR_REDIRECT] [Fatal Error] :1:1: Premature end of file.
2026-03-29 19:56:19,208 [ERROR] LogOutputStream:75 - [STDERR_REDIRECT] 
2026-03-29 19:56:20,203 [ERROR] LogOutputStream:75 - [STDERR_REDIRECT] [Fatal Error] :1:1: Premature end of file.
2026-03-29 19:56:20,203 [ERROR] LogOutputStream:75 - [STDERR_REDIRECT] 
2026-03-29 19:56:21,204 [ERROR] LogOutputStream:75 - [STDERR_REDIRECT] [Fatal Error] :1:1: Premature end of file.
2026-03-29 19:56:21,204 [ERROR] LogOutputStream:75 - [STDERR_REDIRECT] 
2026-03-29 19:56:22,194 [ERROR] LogOutputStream:75 - [STDERR_REDIRECT] [Fatal Error] :1:1: Premature end of file.
2026-03-29 19:56:22,195 [ERROR] LogOutputStream:75 - [STDERR_REDIRECT] 
2026-03-29 19:56:23,191 [ERROR] LogOutputStream:75 - [STDERR_REDIRECT] [Fatal Error] :1:1: Premature end of file.
2026-03-29 19:56:23,192 [ERROR] LogOutputStream:75 - [STDERR_REDIRECT] 
2026-03-29 19:56:24,206 [ERROR] LogOutputStream:75 - [STDERR_REDIRECT] [Fatal Error] :1:1: Premature end of file.
2026-03-29 19:56:24,206 [ERROR] LogOutputStream:75 - [STDERR_REDIRECT] 
2026-03-29 19:56:25,225 [ERROR] LogOutputStream:75 - [STDERR_REDIRECT] [Fatal Error] :1:1: Premature end of file.
2026-03-29 19:56:25,225 [ERROR] LogOutputStream:75 - [STDERR_REDIRECT] 
2026-03-29 19:56:26,195 [ERROR] LogOutputStream:75 - [STDERR_REDIRECT] [Fatal Error] :1:1: Premature end of file.
2026-03-29 19:56:26,195 [ERROR] LogOutputStream:75 - [STDERR_REDIRECT] 
2026-03-29 19:56:27,192 [ERROR] LogOutputStream:75 - [STDERR_REDIRECT] [Fatal Error] :1:1: Premature end of file.
2026-03-29 19:56:27,192 [ERROR] LogOutputStream:75 - [STDERR_REDIRECT] 
2026-03-29 19:56:28,192 [ERROR] LogOutputStream:75 - [STDERR_REDIRECT] [Fatal Error] :1:1: Premature end of file.
2026-03-29 19:56:28,192 [ERROR] LogOutputStream:75 - [STDERR_REDIRECT] 
2026-03-29 19:56:29,189 [ERROR] LogOutputStream:75 - [STDERR_REDIRECT] [Fatal Error] :1:1: Premature end of file.
2026-03-29 19:56:29,189 [ERROR] LogOutputStream:75 - [STDERR_REDIRECT] 
2026-03-29 19:56:30,189 [ERROR] LogOutputStream:75 - [STDERR_REDIRECT] [Fatal Error] :1:1: Premature end of file.
2026-03-29 19:56:30,189 [ERROR] LogOutputStream:75 - [STDERR_REDIRECT] 
2026-03-29 19:56:31,193 [ERROR] LogOutputStream:75 - [STDERR_REDIRECT] [Fatal Error] :1:1: Premature end of file.
2026-03-29 19:56:31,193 [ERROR] LogOutputStream:75 - [STDERR_REDIRECT] 
2026-03-29 19:56:32,193 [ERROR] LogOutputStream:75 - [STDERR_REDIRECT] [Fatal Error] :1:1: Premature end of file.
2026-03-29 19:56:32,193 [ERROR] LogOutputStream:75 - [STDERR_REDIRECT] 
2026-03-29 19:56:33,194 [ERROR] LogOutputStream:75 - [STDERR_REDIRECT] [Fatal Error] :1:1: Premature end of file.
2026-03-29 19:56:33,194 [ERROR] LogOutputStream:75 - [STDERR_REDIRECT] 
2026-03-29 19:56:34,193 [ERROR] LogOutputStream:75 - [STDERR_REDIRECT] [Fatal Error] :1:1: Premature end of file.
2026-03-29 19:56:34,193 [ERROR] LogOutputStream:75 - [STDERR_REDIRECT] 
2026-03-29 19:56:35,192 [ERROR] LogOutputStream:75 - [STDERR_REDIRECT] [Fatal Error] :1:1: Premature end of file.
2026-03-29 19:56:35,192 [ERROR] LogOutputStream:75 - [STDERR_REDIRECT] 
2026-03-29 19:56:36,204 [ERROR] LogOutputStream:75 - [STDERR_REDIRECT] [Fatal Error] :1:1: Premature end of file.
2026-03-29 19:56:36,204 [ERROR] LogOutputStream:75 - [STDERR_REDIRECT] 
2026-03-29 19:56:37,207 [ERROR] LogOutputStream:75 - [STDERR_REDIRECT] [Fatal Error] :1:1: Premature end of file.
2026-03-29 19:56:37,207 [ERROR] LogOutputStream:75 - [STDERR_REDIRECT] 
2026-03-29 19:56:38,206 [ERROR] LogOutputStream:75 - [STDERR_REDIRECT] [Fatal Error] :1:1: Premature end of file.
2026-03-29 19:56:38,206 [ERROR] LogOutputStream:75 - [STDERR_REDIRECT] 
2026-03-29 19:56:39,206 [ERROR] LogOutputStream:75 - [STDERR_REDIRECT] [Fatal Error] :1:1: Premature end of file.
2026-03-29 19:56:39,207 [ERROR] LogOutputStream:75 - [STDERR_REDIRECT] 
2026-03-29 19:56:40,207 [ERROR] LogOutputStream:75 - [STDERR_REDIRECT] [Fatal Error] :1:1: Premature end of file.
2026-03-29 19:56:40,207 [ERROR] LogOutputStream:75 - [STDERR_REDIRECT] 
2026-03-29 19:56:41,199 [ERROR] LogOutputStream:75 - [STDERR_REDIRECT] [Fatal Error] :1:1: Premature end of file.
2026-03-29 19:56:41,199 [ERROR] LogOutputStream:75 - [STDERR_REDIRECT] 
2026-03-29 19:56:42,202 [ERROR] LogOutputStream:75 - [STDERR_REDIRECT] [Fatal Error] :1:1: Premature end of file.
2026-03-29 19:56:42,203 [ERROR] LogOutputStream:75 - [STDERR_REDIRECT] 
2026-03-29 19:56:43,245 [ERROR] LogOutputStream:75 - [STDERR_REDIRECT] [Fatal Error] :1:1: Premature end of file.
2026-03-29 19:56:43,246 [ERROR] LogOutputStream:75 - [STDERR_REDIRECT] 
2026-03-29 19:56:44,199 [ERROR] LogOutputStream:75 - [STDERR_REDIRECT] [Fatal Error] :1:1: Premature end of file.
2026-03-29 19:56:44,199 [ERROR] LogOutputStream:75 - [STDERR_REDIRECT] 
2026-03-29 19:56:45,201 [ERROR] LogOutputStream:75 - [STDERR_REDIRECT] [Fatal Error] :1:1: Premature end of file.
2026-03-29 19:56:45,202 [ERROR] LogOutputStream:75 - [STDERR_REDIRECT] 
2026-03-29 19:56:46,202 [ERROR] LogOutputStream:75 - [STDERR_REDIRECT] [Fatal Error] :1:1: Premature end of file.
2026-03-29 19:56:46,202 [ERROR] LogOutputStream:75 - [STDERR_REDIRECT] 
2026-03-29 19:56:47,206 [ERROR] LogOutputStream:75 - [STDERR_REDIRECT] [Fatal Error] :1:1: Premature end of file.
2026-03-29 19:56:47,207 [ERROR] LogOutputStream:75 - [STDERR_REDIRECT] 
2026-03-29 19:56:48,206 [ERROR] LogOutputStream:75 - [STDERR_REDIRECT] [Fatal Error] :1:1: Premature end of file.
2026-03-29 19:56:48,206 [ERROR] LogOutputStream:75 - [STDERR_REDIRECT] 
2026-03-29 19:56:49,205 [ERROR] LogOutputStream:75 - [STDERR_REDIRECT] [Fatal Error] :1:1: Premature end of file.
2026-03-29 19:56:49,207 [ERROR] LogOutputStream:75 - [STDERR_REDIRECT] 
2026-03-29 19:56:50,193 [ERROR] LogOutputStream:75 - [STDERR_REDIRECT] [Fatal Error] :1:1: Premature end of file.
2026-03-29 19:56:50,193 [ERROR] LogOutputStream:75 - [STDERR_REDIRECT] 
2026-03-29 19:56:51,192 [ERROR] LogOutputStream:75 - [STDERR_REDIRECT] [Fatal Error] :1:1: Premature end of file.
2026-03-29 19:56:51,192 [ERROR] LogOutputStream:75 - [STDERR_REDIRECT] 
2026-03-29 19:56:52,203 [ERROR] LogOutputStream:75 - [STDERR_REDIRECT] [Fatal Error] :1:1: Premature end of file.
2026-03-29 19:56:52,203 [ERROR] LogOutputStream:75 - [STDERR_REDIRECT] 
2026-03-29 19:56:53,202 [ERROR] LogOutputStream:75 - [STDERR_REDIRECT] [Fatal Error] :1:1: Premature end of file.
2026-03-29 19:56:53,202 [ERROR] LogOutputStream:75 - [STDERR_REDIRECT] 
2026-03-29 19:56:54,222 [ERROR] LogOutputStream:75 - [STDERR_REDIRECT] [Fatal Error] :1:1: Premature end of file.
2026-03-29 19:56:54,222 [ERROR] LogOutputStream:75 - [STDERR_REDIRECT] 
2026-03-29 19:56:55,204 [ERROR] LogOutputStream:75 - [STDERR_REDIRECT] [Fatal Error] :1:1: Premature end of file.
2026-03-29 19:56:55,205 [ERROR] LogOutputStream:75 - [STDERR_REDIRECT] 
2026-03-29 19:56:56,192 [ERROR] LogOutputStream:75 - [STDERR_REDIRECT] [Fatal Error] :1:1: Premature end of file.
2026-03-29 19:56:56,192 [ERROR] LogOutputStream:75 - [STDERR_REDIRECT] 
2026-03-29 19:56:57,205 [ERROR] LogOutputStream:75 - [STDERR_REDIRECT] [Fatal Error] :1:1: Premature end of file.
2026-03-29 19:56:57,205 [ERROR] LogOutputStream:75 - [STDERR_REDIRECT] 
2026-03-29 19:56:58,193 [ERROR] LogOutputStream:75 - [STDERR_REDIRECT] [Fatal Error] :1:1: Premature end of file.
2026-03-29 19:56:58,193 [ERROR] LogOutputStream:75 - [STDERR_REDIRECT] 
2026-03-29 19:56:59,202 [ERROR] LogOutputStream:75 - [STDERR_REDIRECT] [Fatal Error] :1:1: Premature end of file.
2026-03-29 19:56:59,202 [ERROR] LogOutputStream:75 - [STDERR_REDIRECT] 
2026-03-29 19:57:00,189 [ERROR] LogOutputStream:75 - [STDERR_REDIRECT] [Fatal Error] :1:1: Premature end of file.
2026-03-29 19:57:00,189 [ERROR] LogOutputStream:75 - [STDERR_REDIRECT] 
2026-03-29 19:57:01,223 [ERROR] LogOutputStream:75 - [STDERR_REDIRECT] [Fatal Error] :1:1: Premature end of file.
2026-03-29 19:57:01,223 [ERROR] LogOutputStream:75 - [STDERR_REDIRECT] 
2026-03-29 19:57:02,188 [ERROR] LogOutputStream:75 - [STDERR_REDIRECT] [Fatal Error] :1:1: Premature end of file.
2026-03-29 19:57:02,188 [ERROR] LogOutputStream:75 - [STDERR_REDIRECT] 
2026-03-29 19:57:03,247 [ERROR] LogOutputStream:75 - [STDERR_REDIRECT] [Fatal Error] :1:1: Premature end of file.
2026-03-29 19:57:03,248 [ERROR] LogOutputStream:75 - [STDERR_REDIRECT] 
2026-03-29 19:57:04,204 [ERROR] LogOutputStream:75 - [STDERR_REDIRECT] [Fatal Error] :1:1: Premature end of file.
2026-03-29 19:57:04,204 [ERROR] LogOutputStream:75 - [STDERR_REDIRECT] 
2026-03-29 19:57:05,193 [ERROR] LogOutputStream:75 - [STDERR_REDIRECT] [Fatal Error] :1:1: Premature end of file.
2026-03-29 19:57:05,193 [ERROR] LogOutputStream:75 - [STDERR_REDIRECT] 
2026-03-29 19:57:06,190 [ERROR] LogOutputStream:75 - [STDERR_REDIRECT] [Fatal Error] :1:1: Premature end of file.
2026-03-29 19:57:06,190 [ERROR] LogOutputStream:75 - [STDERR_REDIRECT] 
2026-03-29 19:57:07,214 [ERROR] LogOutputStream:75 - [STDERR_REDIRECT] [Fatal Error] :1:1: Premature end of file.
2026-03-29 19:57:07,214 [ERROR] LogOutputStream:75 - [STDERR_REDIRECT] 
2026-03-29 19:57:08,204 [ERROR] LogOutputStream:75 - [STDERR_REDIRECT] [Fatal Error] :1:1: Premature end of file.
2026-03-29 19:57:08,204 [ERROR] LogOutputStream:75 - [STDERR_REDIRECT] 
2026-03-29 19:57:09,207 [ERROR] LogOutputStream:75 - [STDERR_REDIRECT] [Fatal Error] :1:1: Premature end of file.
2026-03-29 19:57:09,207 [ERROR] LogOutputStream:75 - [STDERR_REDIRECT] 
2026-03-29 19:57:10,200 [ERROR] LogOutputStream:75 - [STDERR_REDIRECT] [Fatal Error] :1:1: Premature end of file.
2026-03-29 19:57:10,200 [ERROR] LogOutputStream:75 - [STDERR_REDIRECT] 
2026-03-29 19:57:11,217 [ERROR] LogOutputStream:75 - [STDERR_REDIRECT] [Fatal Error] :1:1: Premature end of file.
2026-03-29 19:57:11,217 [ERROR] LogOutputStream:75 - [STDERR_REDIRECT] 
2026-03-29 19:57:12,186 [ERROR] LogOutputStream:75 - [STDERR_REDIRECT] [Fatal Error] :1:1: Premature end of file.
2026-03-29 19:57:12,187 [ERROR] LogOutputStream:75 - [STDERR_REDIRECT] 
2026-03-29 19:57:13,190 [ERROR] LogOutputStream:75 - [STDERR_REDIRECT] [Fatal Error] :1:1: Premature end of file.
2026-03-29 19:57:13,190 [ERROR] LogOutputStream:75 - [STDERR_REDIRECT] 
2026-03-29 19:57:14,190 [ERROR] LogOutputStream:75 - [STDERR_REDIRECT] [Fatal Error] :1:1: Premature end of file.
2026-03-29 19:57:14,190 [ERROR] LogOutputStream:75 - [STDERR_REDIRECT] 
2026-03-29 19:57:15,201 [ERROR] LogOutputStream:75 - [STDERR_REDIRECT] [Fatal Error] :1:1: Premature end of file.
2026-03-29 19:57:15,201 [ERROR] LogOutputStream:75 - [STDERR_REDIRECT] 
2026-03-29 19:57:16,207 [ERROR] LogOutputStream:75 - [STDERR_REDIRECT] [Fatal Error] :1:1: Premature end of file.
2026-03-29 19:57:16,207 [ERROR] LogOutputStream:75 - [STDERR_REDIRECT] 
2026-03-29 19:57:17,204 [ERROR] LogOutputStream:75 - [STDERR_REDIRECT] [Fatal Error] :1:1: Premature end of file.
2026-03-29 19:57:17,204 [ERROR] LogOutputStream:75 - [STDERR_REDIRECT] 
2026-03-29 19:57:18,206 [ERROR] LogOutputStream:75 - [STDERR_REDIRECT] [Fatal Error] :1:1: Premature end of file.
2026-03-29 19:57:18,206 [ERROR] LogOutputStream:75 - [STDERR_REDIRECT] 
2026-03-29 19:57:19,208 [ERROR] LogOutputStream:75 - [STDERR_REDIRECT] [Fatal Error] :1:1: Premature end of file.
2026-03-29 19:57:19,208 [ERROR] LogOutputStream:75 - [STDERR_REDIRECT] 
2026-03-29 19:57:20,202 [ERROR] LogOutputStream:75 - [STDERR_REDIRECT] [Fatal Error] :1:1: Premature end of file.
2026-03-29 19:57:20,202 [ERROR] LogOutputStream:75 - [STDERR_REDIRECT] 
2026-03-29 19:57:21,208 [ERROR] LogOutputStream:75 - [STDERR_REDIRECT] [Fatal Error] :1:1: Premature end of file.
2026-03-29 19:57:21,208 [ERROR] LogOutputStream:75 - [STDERR_REDIRECT] 
2026-03-29 19:57:22,191 [ERROR] LogOutputStream:75 - [STDERR_REDIRECT] [Fatal Error] :1:1: Premature end of file.
2026-03-29 19:57:22,191 [ERROR] LogOutputStream:75 - [STDERR_REDIRECT] 
2026-03-29 19:57:23,195 [ERROR] LogOutputStream:75 - [STDERR_REDIRECT] [Fatal Error] :1:1: Premature end of file.
2026-03-29 19:57:23,195 [ERROR] LogOutputStream:75 - [STDERR_REDIRECT] 
2026-03-29 19:57:24,201 [ERROR] LogOutputStream:75 - [STDERR_REDIRECT] [Fatal Error] :1:1: Premature end of file.
2026-03-29 19:57:24,201 [ERROR] LogOutputStream:75 - [STDERR_REDIRECT] 
2026-03-29 19:57:25,223 [ERROR] LogOutputStream:75 - [STDERR_REDIRECT] [Fatal Error] :1:1: Premature end of file.
2026-03-29 19:57:25,223 [ERROR] LogOutputStream:75 - [STDERR_REDIRECT] 
2026-03-29 19:57:26,206 [ERROR] LogOutputStream:75 - [STDERR_REDIRECT] [Fatal Error] :1:1: Premature end of file.
2026-03-29 19:57:26,206 [ERROR] LogOutputStream:75 - [STDERR_REDIRECT] 
2026-03-29 19:57:27,192 [ERROR] LogOutputStream:75 - [STDERR_REDIRECT] [Fatal Error] :1:1: Premature end of file.
2026-03-29 19:57:27,192 [ERROR] LogOutputStream:75 - [STDERR_REDIRECT] 
2026-03-29 19:57:28,204 [ERROR] LogOutputStream:75 - [STDERR_REDIRECT] [Fatal Error] :1:1: Premature end of file.
2026-03-29 19:57:28,204 [ERROR] LogOutputStream:75 - [STDERR_REDIRECT] 
2026-03-29 19:57:29,197 [ERROR] LogOutputStream:75 - [STDERR_REDIRECT] [Fatal Error] :1:1: Premature end of file.
2026-03-29 19:57:29,197 [ERROR] LogOutputStream:75 - [STDERR_REDIRECT] 
2026-03-29 19:57:30,210 [ERROR] LogOutputStream:75 - [STDERR_REDIRECT] [Fatal Error] :1:1: Premature end of file.
2026-03-29 19:57:30,210 [ERROR] LogOutputStream:75 - [STDERR_REDIRECT] 
2026-03-29 19:57:31,207 [ERROR] LogOutputStream:75 - [STDERR_REDIRECT] [Fatal Error] :1:1: Premature end of file.
2026-03-29 19:57:31,234 [ERROR] LogOutputStream:75 - [STDERR_REDIRECT] 
2026-03-29 19:57:32,208 [ERROR] LogOutputStream:75 - [STDERR_REDIRECT] [Fatal Error] :1:1: Premature end of file.
2026-03-29 19:57:32,208 [ERROR] LogOutputStream:75 - [STDERR_REDIRECT] 
2026-03-29 19:57:33,211 [ERROR] LogOutputStream:75 - [STDERR_REDIRECT] [Fatal Error] :1:1: Premature end of file.
2026-03-29 19:57:33,211 [ERROR] LogOutputStream:75 - [STDERR_REDIRECT] 
2026-03-29 19:57:34,201 [ERROR] LogOutputStream:75 - [STDERR_REDIRECT] [Fatal Error] :1:1: Premature end of file.
2026-03-29 19:57:34,201 [ERROR] LogOutputStream:75 - [STDERR_REDIRECT] 
2026-03-29 19:57:35,204 [ERROR] LogOutputStream:75 - [STDERR_REDIRECT] [Fatal Error] :1:1: Premature end of file.
2026-03-29 19:57:35,204 [ERROR] LogOutputStream:75 - [STDERR_REDIRECT] 
2026-03-29 19:57:36,205 [ERROR] LogOutputStream:75 - [STDERR_REDIRECT] [Fatal Error] :1:1: Premature end of file.
2026-03-29 19:57:36,205 [ERROR] LogOutputStream:75 - [STDERR_REDIRECT] 
2026-03-29 19:57:37,200 [ERROR] LogOutputStream:75 - [STDERR_REDIRECT] [Fatal Error] :1:1: Premature end of file.
2026-03-29 19:57:37,200 [ERROR] LogOutputStream:75 - [STDERR_REDIRECT] 
2026-03-29 19:57:38,201 [ERROR] LogOutputStream:75 - [STDERR_REDIRECT] [Fatal Error] :1:1: Premature end of file.
2026-03-29 19:57:38,201 [ERROR] LogOutputStream:75 - [STDERR_REDIRECT] 
2026-03-29 19:57:39,203 [ERROR] LogOutputStream:75 - [STDERR_REDIRECT] [Fatal Error] :1:1: Premature end of file.
2026-03-29 19:57:39,204 [ERROR] LogOutputStream:75 - [STDERR_REDIRECT] 
2026-03-29 19:57:40,207 [ERROR] LogOutputStream:75 - [STDERR_REDIRECT] [Fatal Error] :1:1: Premature end of file.
2026-03-29 19:57:40,207 [ERROR] LogOutputStream:75 - [STDERR_REDIRECT] 
2026-03-29 19:57:41,205 [ERROR] LogOutputStream:75 - [STDERR_REDIRECT] [Fatal Error] :1:1: Premature end of file.
2026-03-29 19:57:41,205 [ERROR] LogOutputStream:75 - [STDERR_REDIRECT] 
2026-03-29 19:57:42,193 [ERROR] LogOutputStream:75 - [STDERR_REDIRECT] [Fatal Error] :1:1: Premature end of file.
2026-03-29 19:57:42,193 [ERROR] LogOutputStream:75 - [STDERR_REDIRECT] 
2026-03-29 19:57:43,203 [ERROR] LogOutputStream:75 - [STDERR_REDIRECT] [Fatal Error] :1:1: Premature end of file.
2026-03-29 19:57:43,203 [ERROR] LogOutputStream:75 - [STDERR_REDIRECT] 
2026-03-29 19:57:44,190 [ERROR] LogOutputStream:75 - [STDERR_REDIRECT] [Fatal Error] :1:1: Premature end of file.
2026-03-29 19:57:44,190 [ERROR] LogOutputStream:75 - [STDERR_REDIRECT] 
2026-03-29 19:57:45,203 [ERROR] LogOutputStream:75 - [STDERR_REDIRECT] [Fatal Error] :1:1: Premature end of file.
2026-03-29 19:57:45,203 [ERROR] LogOutputStream:75 - [STDERR_REDIRECT] 
2026-03-29 19:57:46,188 [ERROR] LogOutputStream:75 - [STDERR_REDIRECT] [Fatal Error] :1:1: Premature end of file.
2026-03-29 19:57:46,189 [ERROR] LogOutputStream:75 - [STDERR_REDIRECT] 
2026-03-29 19:57:47,212 [ERROR] LogOutputStream:75 - [STDERR_REDIRECT] [Fatal Error] :1:1: Premature end of file.
2026-03-29 19:57:47,212 [ERROR] LogOutputStream:75 - [STDERR_REDIRECT] 
2026-03-29 19:57:48,206 [ERROR] LogOutputStream:75 - [STDERR_REDIRECT] [Fatal Error] :1:1: Premature end of file.
2026-03-29 19:57:48,206 [ERROR] LogOutputStream:75 - [STDERR_REDIRECT] 
2026-03-29 19:57:49,207 [ERROR] LogOutputStream:75 - [STDERR_REDIRECT] [Fatal Error] :1:1: Premature end of file.
2026-03-29 19:57:49,208 [ERROR] LogOutputStream:75 - [STDERR_REDIRECT] 
2026-03-29 19:57:50,198 [ERROR] LogOutputStream:75 - [STDERR_REDIRECT] [Fatal Error] :1:1: Premature end of file.
2026-03-29 19:57:50,198 [ERROR] LogOutputStream:75 - [STDERR_REDIRECT] 
2026-03-29 19:57:51,201 [ERROR] LogOutputStream:75 - [STDERR_REDIRECT] [Fatal Error] :1:1: Premature end of file.
2026-03-29 19:57:51,201 [ERROR] LogOutputStream:75 - [STDERR_REDIRECT] 
2026-03-29 19:57:52,241 [ERROR] LogOutputStream:75 - [STDERR_REDIRECT] [Fatal Error] :1:1: Premature end of file.
2026-03-29 19:57:52,241 [ERROR] LogOutputStream:75 - [STDERR_REDIRECT] 
2026-03-29 19:57:53,209 [ERROR] LogOutputStream:75 - [STDERR_REDIRECT] [Fatal Error] :1:1: Premature end of file.
2026-03-29 19:57:53,209 [ERROR] LogOutputStream:75 - [STDERR_REDIRECT] 
2026-03-29 19:57:54,185 [ERROR] LogOutputStream:75 - [STDERR_REDIRECT] [Fatal Error] :1:1: Premature end of file.
2026-03-29 19:57:54,185 [ERROR] LogOutputStream:75 - [STDERR_REDIRECT] 
2026-03-29 19:57:55,217 [ERROR] LogOutputStream:75 - [STDERR_REDIRECT] [Fatal Error] :1:1: Premature end of file.
2026-03-29 19:57:55,217 [ERROR] LogOutputStream:75 - [STDERR_REDIRECT] 
2026-03-29 19:57:56,195 [ERROR] LogOutputStream:75 - [STDERR_REDIRECT] [Fatal Error] :1:1: Premature end of file.
2026-03-29 19:57:56,196 [ERROR] LogOutputStream:75 - [STDERR_REDIRECT] 
2026-03-29 19:57:57,211 [ERROR] LogOutputStream:75 - [STDERR_REDIRECT] [Fatal Error] :1:1: Premature end of file.
2026-03-29 19:57:57,212 [ERROR] LogOutputStream:75 - [STDERR_REDIRECT] 
2026-03-29 19:57:58,195 [ERROR] LogOutputStream:75 - [STDERR_REDIRECT] [Fatal Error] :1:1: Premature end of file.
2026-03-29 19:57:58,196 [ERROR] LogOutputStream:75 - [STDERR_REDIRECT] 
2026-03-29 19:57:59,198 [ERROR] LogOutputStream:75 - [STDERR_REDIRECT] [Fatal Error] :1:1: Premature end of file.
2026-03-29 19:57:59,198 [ERROR] LogOutputStream:75 - [STDERR_REDIRECT] 
2026-03-29 19:58:00,227 [ERROR] LogOutputStream:75 - [STDERR_REDIRECT] [Fatal Error] :1:1: Premature end of file.
2026-03-29 19:58:00,228 [ERROR] LogOutputStream:75 - [STDERR_REDIRECT] 
2026-03-29 19:58:01,206 [ERROR] LogOutputStream:75 - [STDERR_REDIRECT] [Fatal Error] :1:1: Premature end of file.
2026-03-29 19:58:01,206 [ERROR] LogOutputStream:75 - [STDERR_REDIRECT] 
2026-03-29 19:58:02,206 [ERROR] LogOutputStream:75 - [STDERR_REDIRECT] [Fatal Error] :1:1: Premature end of file.
2026-03-29 19:58:02,207 [ERROR] LogOutputStream:75 - [STDERR_REDIRECT] 
2026-03-29 19:58:03,192 [ERROR] LogOutputStream:75 - [STDERR_REDIRECT] [Fatal Error] :1:1: Premature end of file.
2026-03-29 19:58:03,193 [ERROR] LogOutputStream:75 - [STDERR_REDIRECT] 
2026-03-29 19:58:04,261 [ERROR] LogOutputStream:75 - [STDERR_REDIRECT] [Fatal Error] :1:1: Premature end of file.
2026-03-29 19:58:04,261 [ERROR] LogOutputStream:75 - [STDERR_REDIRECT] 
2026-03-29 19:58:05,244 [ERROR] LogOutputStream:75 - [STDERR_REDIRECT] [Fatal Error] :1:1: Premature end of file.
2026-03-29 19:58:05,244 [ERROR] LogOutputStream:75 - [STDERR_REDIRECT] 
2026-03-29 19:58:06,218 [ERROR] LogOutputStream:75 - [STDERR_REDIRECT] [Fatal Error] :1:1: Premature end of file.
2026-03-29 19:58:06,218 [ERROR] LogOutputStream:75 - [STDERR_REDIRECT] 
2026-03-29 19:58:07,248 [ERROR] LogOutputStream:75 - [STDERR_REDIRECT] [Fatal Error] :1:1: Premature end of file.
2026-03-29 19:58:07,248 [ERROR] LogOutputStream:75 - [STDERR_REDIRECT] 
2026-03-29 19:58:08,199 [ERROR] LogOutputStream:75 - [STDERR_REDIRECT] [Fatal Error] :1:1: Premature end of file.
2026-03-29 19:58:08,199 [ERROR] LogOutputStream:75 - [STDERR_REDIRECT] 
2026-03-29 19:58:09,188 [ERROR] LogOutputStream:75 - [STDERR_REDIRECT] [Fatal Error] :1:1: Premature end of file.
2026-03-29 19:58:09,188 [ERROR] LogOutputStream:75 - [STDERR_REDIRECT] 
2026-03-29 19:58:10,242 [ERROR] LogOutputStream:75 - [STDERR_REDIRECT] [Fatal Error] :1:1: Premature end of file.
2026-03-29 19:58:10,244 [ERROR] LogOutputStream:75 - [STDERR_REDIRECT] 
2026-03-29 19:58:11,206 [ERROR] LogOutputStream:75 - [STDERR_REDIRECT] [Fatal Error] :1:1: Premature end of file.
2026-03-29 19:58:11,206 [ERROR] LogOutputStream:75 - [STDERR_REDIRECT] 
2026-03-29 19:58:12,224 [ERROR] LogOutputStream:75 - [STDERR_REDIRECT] [Fatal Error] :1:1: Premature end of file.
2026-03-29 19:58:12,225 [ERROR] LogOutputStream:75 - [STDERR_REDIRECT] 
2026-03-29 19:58:13,203 [ERROR] LogOutputStream:75 - [STDERR_REDIRECT] [Fatal Error] :1:1: Premature end of file.
2026-03-29 19:58:13,203 [ERROR] LogOutputStream:75 - [STDERR_REDIRECT] 
2026-03-29 19:58:14,208 [ERROR] LogOutputStream:75 - [STDERR_REDIRECT] [Fatal Error] :1:1: Premature end of file.
2026-03-29 19:58:14,208 [ERROR] LogOutputStream:75 - [STDERR_REDIRECT] 
2026-03-29 19:58:15,221 [ERROR] LogOutputStream:75 - [STDERR_REDIRECT] [Fatal Error] :1:1: Premature end of file.
2026-03-29 19:58:15,222 [ERROR] LogOutputStream:75 - [STDERR_REDIRECT] 
2026-03-29 19:58:16,224 [ERROR] LogOutputStream:75 - [STDERR_REDIRECT] [Fatal Error] :1:1: Premature end of file.
2026-03-29 19:58:16,224 [ERROR] LogOutputStream:75 - [STDERR_REDIRECT] 
2026-03-29 19:58:17,225 [ERROR] LogOutputStream:75 - [STDERR_REDIRECT] [Fatal Error] :1:1: Premature end of file.
2026-03-29 19:58:17,226 [ERROR] LogOutputStream:75 - [STDERR_REDIRECT] 
2026-03-29 19:58:18,212 [ERROR] LogOutputStream:75 - [STDERR_REDIRECT] [Fatal Error] :1:1: Premature end of file.
2026-03-29 19:58:18,212 [ERROR] LogOutputStream:75 - [STDERR_REDIRECT] 
2026-03-29 19:58:19,205 [ERROR] LogOutputStream:75 - [STDERR_REDIRECT] [Fatal Error] :1:1: Premature end of file.
2026-03-29 19:58:19,205 [ERROR] LogOutputStream:75 - [STDERR_REDIRECT] 
2026-03-29 19:58:20,210 [ERROR] LogOutputStream:75 - [STDERR_REDIRECT] [Fatal Error] :1:1: Premature end of file.
2026-03-29 19:58:20,210 [ERROR] LogOutputStream:75 - [STDERR_REDIRECT] 
2026-03-29 19:58:21,199 [ERROR] LogOutputStream:75 - [STDERR_REDIRECT] [Fatal Error] :1:1: Premature end of file.
2026-03-29 19:58:21,200 [ERROR] LogOutputStream:75 - [STDERR_REDIRECT] 
2026-03-29 19:58:22,229 [ERROR] LogOutputStream:75 - [STDERR_REDIRECT] [Fatal Error] :1:1: Premature end of file.
2026-03-29 19:58:22,229 [ERROR] LogOutputStream:75 - [STDERR_REDIRECT] 
2026-03-29 19:58:23,206 [ERROR] LogOutputStream:75 - [STDERR_REDIRECT] [Fatal Error] :1:1: Premature end of file.
2026-03-29 19:58:23,206 [ERROR] LogOutputStream:75 - [STDERR_REDIRECT] 
2026-03-29 19:58:24,217 [ERROR] LogOutputStream:75 - [STDERR_REDIRECT] [Fatal Error] :1:1: Premature end of file.
2026-03-29 19:58:24,217 [ERROR] LogOutputStream:75 - [STDERR_REDIRECT] 
2026-03-29 19:58:25,221 [ERROR] LogOutputStream:75 - [STDERR_REDIRECT] [Fatal Error] :1:1: Premature end of file.
2026-03-29 19:58:25,221 [ERROR] LogOutputStream:75 - [STDERR_REDIRECT] 
2026-03-29 19:58:26,211 [ERROR] LogOutputStream:75 - [STDERR_REDIRECT] [Fatal Error] :1:1: Premature end of file.
2026-03-29 19:58:26,211 [ERROR] LogOutputStream:75 - [STDERR_REDIRECT] 
2026-03-29 19:58:27,220 [ERROR] LogOutputStream:75 - [STDERR_REDIRECT] [Fatal Error] :1:1: Premature end of file.
2026-03-29 19:58:27,220 [ERROR] LogOutputStream:75 - [STDERR_REDIRECT] 
2026-03-29 19:58:28,193 [ERROR] LogOutputStream:75 - [STDERR_REDIRECT] [Fatal Error] :1:1: Premature end of file.
2026-03-29 19:58:28,193 [ERROR] LogOutputStream:75 - [STDERR_REDIRECT] 
2026-03-29 19:58:29,221 [ERROR] LogOutputStream:75 - [STDERR_REDIRECT] [Fatal Error] :1:1: Premature end of file.
2026-03-29 19:58:29,221 [ERROR] LogOutputStream:75 - [STDERR_REDIRECT] 
2026-03-29 19:58:30,213 [ERROR] LogOutputStream:75 - [STDERR_REDIRECT] [Fatal Error] :1:1: Premature end of file.
2026-03-29 19:58:30,214 [ERROR] LogOutputStream:75 - [STDERR_REDIRECT] 
2026-03-29 19:58:31,221 [ERROR] LogOutputStream:75 - [STDERR_REDIRECT] [Fatal Error] :1:1: Premature end of file.
2026-03-29 19:58:31,221 [ERROR] LogOutputStream:75 - [STDERR_REDIRECT] 
2026-03-29 19:58:32,217 [ERROR] LogOutputStream:75 - [STDERR_REDIRECT] [Fatal Error] :1:1: Premature end of file.
2026-03-29 19:58:32,217 [ERROR] LogOutputStream:75 - [STDERR_REDIRECT] 
2026-03-29 19:58:33,204 [ERROR] LogOutputStream:75 - [STDERR_REDIRECT] [Fatal Error] :1:1: Premature end of file.
2026-03-29 19:58:33,204 [ERROR] LogOutputStream:75 - [STDERR_REDIRECT] 
2026-03-29 19:58:34,200 [ERROR] LogOutputStream:75 - [STDERR_REDIRECT] [Fatal Error] :1:1: Premature end of file.
2026-03-29 19:58:34,201 [ERROR] LogOutputStream:75 - [STDERR_REDIRECT] 
2026-03-29 19:58:35,209 [ERROR] LogOutputStream:75 - [STDERR_REDIRECT] [Fatal Error] :1:1: Premature end of file.
2026-03-29 19:58:35,210 [ERROR] LogOutputStream:75 - [STDERR_REDIRECT] 
2026-03-29 19:58:36,208 [ERROR] LogOutputStream:75 - [STDERR_REDIRECT] [Fatal Error] :1:1: Premature end of file.
2026-03-29 19:58:36,208 [ERROR] LogOutputStream:75 - [STDERR_REDIRECT] 
2026-03-29 19:58:37,211 [ERROR] LogOutputStream:75 - [STDERR_REDIRECT] [Fatal Error] :1:1: Premature end of file.
2026-03-29 19:58:37,212 [ERROR] LogOutputStream:75 - [STDERR_REDIRECT] 
2026-03-29 19:58:38,207 [ERROR] LogOutputStream:75 - [STDERR_REDIRECT] [Fatal Error] :1:1: Premature end of file.
2026-03-29 19:58:38,207 [ERROR] LogOutputStream:75 - [STDERR_REDIRECT] 
2026-03-29 19:58:39,212 [ERROR] LogOutputStream:75 - [STDERR_REDIRECT] [Fatal Error] :1:1: Premature end of file.
2026-03-29 19:58:39,212 [ERROR] LogOutputStream:75 - [STDERR_REDIRECT] 
2026-03-29 19:58:40,224 [ERROR] LogOutputStream:75 - [STDERR_REDIRECT] [Fatal Error] :1:1: Premature end of file.
2026-03-29 19:58:40,224 [ERROR] LogOutputStream:75 - [STDERR_REDIRECT] 
2026-03-29 19:58:41,207 [ERROR] LogOutputStream:75 - [STDERR_REDIRECT] [Fatal Error] :1:1: Premature end of file.
2026-03-29 19:58:41,207 [ERROR] LogOutputStream:75 - [STDERR_REDIRECT] 
2026-03-29 19:58:42,221 [ERROR] LogOutputStream:75 - [STDERR_REDIRECT] [Fatal Error] :1:1: Premature end of file.
2026-03-29 19:58:42,222 [ERROR] LogOutputStream:75 - [STDERR_REDIRECT] 
2026-03-29 19:58:43,217 [ERROR] LogOutputStream:75 - [STDERR_REDIRECT] [Fatal Error] :1:1: Premature end of file.
2026-03-29 19:58:43,218 [ERROR] LogOutputStream:75 - [STDERR_REDIRECT] 
2026-03-29 19:58:44,209 [ERROR] LogOutputStream:75 - [STDERR_REDIRECT] [Fatal Error] :1:1: Premature end of file.
2026-03-29 19:58:44,209 [ERROR] LogOutputStream:75 - [STDERR_REDIRECT] 
2026-03-29 19:58:45,217 [ERROR] LogOutputStream:75 - [STDERR_REDIRECT] [Fatal Error] :1:1: Premature end of file.
2026-03-29 19:58:45,218 [ERROR] LogOutputStream:75 - [STDERR_REDIRECT] 
2026-03-29 19:58:46,201 [ERROR] LogOutputStream:75 - [STDERR_REDIRECT] [Fatal Error] :1:1: Premature end of file.
2026-03-29 19:58:46,201 [ERROR] LogOutputStream:75 - [STDERR_REDIRECT] 
2026-03-29 19:58:47,207 [ERROR] LogOutputStream:75 - [STDERR_REDIRECT] [Fatal Error] :1:1: Premature end of file.
2026-03-29 19:58:47,207 [ERROR] LogOutputStream:75 - [STDERR_REDIRECT] 
2026-03-29 19:58:48,212 [ERROR] LogOutputStream:75 - [STDERR_REDIRECT] [Fatal Error] :1:1: Premature end of file.
2026-03-29 19:58:48,213 [ERROR] LogOutputStream:75 - [STDERR_REDIRECT] 
2026-03-29 19:58:49,208 [ERROR] LogOutputStream:75 - [STDERR_REDIRECT] [Fatal Error] :1:1: Premature end of file.
2026-03-29 19:58:49,208 [ERROR] LogOutputStream:75 - [STDERR_REDIRECT] 
2026-03-29 19:58:50,231 [ERROR] LogOutputStream:75 - [STDERR_REDIRECT] [Fatal Error] :1:1: Premature end of file.
2026-03-29 19:58:50,231 [ERROR] LogOutputStream:75 - [STDERR_REDIRECT] 
2026-03-29 19:58:51,202 [ERROR] LogOutputStream:75 - [STDERR_REDIRECT] [Fatal Error] :1:1: Premature end of file.
2026-03-29 19:58:51,203 [ERROR] LogOutputStream:75 - [STDERR_REDIRECT] 
2026-03-29 19:58:52,214 [ERROR] LogOutputStream:75 - [STDERR_REDIRECT] [Fatal Error] :1:1: Premature end of file.
2026-03-29 19:58:52,215 [ERROR] LogOutputStream:75 - [STDERR_REDIRECT] 
2026-03-29 19:58:53,208 [ERROR] LogOutputStream:75 - [STDERR_REDIRECT] [Fatal Error] :1:1: Premature end of file.
2026-03-29 19:58:53,209 [ERROR] LogOutputStream:75 - [STDERR_REDIRECT] 
2026-03-29 19:58:54,211 [ERROR] LogOutputStream:75 - [STDERR_REDIRECT] [Fatal Error] :1:1: Premature end of file.
2026-03-29 19:58:54,211 [ERROR] LogOutputStream:75 - [STDERR_REDIRECT] 
2026-03-29 19:58:55,202 [ERROR] LogOutputStream:75 - [STDERR_REDIRECT] [Fatal Error] :1:1: Premature end of file.
2026-03-29 19:58:55,202 [ERROR] LogOutputStream:75 - [STDERR_REDIRECT] 
2026-03-29 19:58:56,200 [ERROR] LogOutputStream:75 - [STDERR_REDIRECT] [Fatal Error] :1:1: Premature end of file.
2026-03-29 19:58:56,200 [ERROR] LogOutputStream:75 - [STDERR_REDIRECT] 
2026-03-29 19:58:57,223 [ERROR] LogOutputStream:75 - [STDERR_REDIRECT] [Fatal Error] :1:1: Premature end of file.
2026-03-29 19:58:57,223 [ERROR] LogOutputStream:75 - [STDERR_REDIRECT] 
2026-03-29 19:58:58,209 [ERROR] LogOutputStream:75 - [STDERR_REDIRECT] [Fatal Error] :1:1: Premature end of file.
2026-03-29 19:58:58,209 [ERROR] LogOutputStream:75 - [STDERR_REDIRECT] 
2026-03-29 19:58:59,201 [ERROR] LogOutputStream:75 - [STDERR_REDIRECT] [Fatal Error] :1:1: Premature end of file.
2026-03-29 19:58:59,201 [ERROR] LogOutputStream:75 - [STDERR_REDIRECT] 
2026-03-29 19:59:00,202 [ERROR] LogOutputStream:75 - [STDERR_REDIRECT] [Fatal Error] :1:1: Premature end of file.
2026-03-29 19:59:00,202 [ERROR] LogOutputStream:75 - [STDERR_REDIRECT] 
2026-03-29 19:59:01,221 [ERROR] LogOutputStream:75 - [STDERR_REDIRECT] [Fatal Error] :1:1: Premature end of file.
2026-03-29 19:59:01,221 [ERROR] LogOutputStream:75 - [STDERR_REDIRECT] 
2026-03-29 19:59:02,211 [ERROR] LogOutputStream:75 - [STDERR_REDIRECT] [Fatal Error] :1:1: Premature end of file.
2026-03-29 19:59:02,211 [ERROR] LogOutputStream:75 - [STDERR_REDIRECT] 
2026-03-29 19:59:03,196 [ERROR] LogOutputStream:75 - [STDERR_REDIRECT] [Fatal Error] :1:1: Premature end of file.
2026-03-29 19:59:03,196 [ERROR] LogOutputStream:75 - [STDERR_REDIRECT] 
2026-03-29 19:59:04,199 [ERROR] LogOutputStream:75 - [STDERR_REDIRECT] [Fatal Error] :1:1: Premature end of file.
2026-03-29 19:59:04,199 [ERROR] LogOutputStream:75 - [STDERR_REDIRECT] 
2026-03-29 19:59:05,214 [ERROR] LogOutputStream:75 - [STDERR_REDIRECT] [Fatal Error] :1:1: Premature end of file.
2026-03-29 19:59:05,214 [ERROR] LogOutputStream:75 - [STDERR_REDIRECT] 
2026-03-29 19:59:06,211 [ERROR] LogOutputStream:75 - [STDERR_REDIRECT] [Fatal Error] :1:1: Premature end of file.
2026-03-29 19:59:06,212 [ERROR] LogOutputStream:75 - [STDERR_REDIRECT] 
2026-03-29 19:59:07,194 [ERROR] LogOutputStream:75 - [STDERR_REDIRECT] [Fatal Error] :1:1: Premature end of file.
2026-03-29 19:59:07,194 [ERROR] LogOutputStream:75 - [STDERR_REDIRECT] 
2026-03-29 19:59:08,194 [ERROR] LogOutputStream:75 - [STDERR_REDIRECT] [Fatal Error] :1:1: Premature end of file.
2026-03-29 19:59:08,194 [ERROR] LogOutputStream:75 - [STDERR_REDIRECT] 
2026-03-29 19:59:09,198 [ERROR] LogOutputStream:75 - [STDERR_REDIRECT] [Fatal Error] :1:1: Premature end of file.
2026-03-29 19:59:09,198 [ERROR] LogOutputStream:75 - [STDERR_REDIRECT] 
2026-03-29 19:59:10,216 [ERROR] LogOutputStream:75 - [STDERR_REDIRECT] [Fatal Error] :1:1: Premature end of file.
2026-03-29 19:59:10,216 [ERROR] LogOutputStream:75 - [STDERR_REDIRECT] 
2026-03-29 19:59:11,207 [ERROR] LogOutputStream:75 - [STDERR_REDIRECT] [Fatal Error] :1:1: Premature end of file.
2026-03-29 19:59:11,208 [ERROR] LogOutputStream:75 - [STDERR_REDIRECT] 
2026-03-29 19:59:12,223 [ERROR] LogOutputStream:75 - [STDERR_REDIRECT] [Fatal Error] :1:1: Premature end of file.
2026-03-29 19:59:12,223 [ERROR] LogOutputStream:75 - [STDERR_REDIRECT] 
2026-03-29 19:59:13,207 [ERROR] LogOutputStream:75 - [STDERR_REDIRECT] [Fatal Error] :1:1: Premature end of file.
2026-03-29 19:59:13,208 [ERROR] LogOutputStream:75 - [STDERR_REDIRECT] 
2026-03-29 19:59:14,224 [ERROR] LogOutputStream:75 - [STDERR_REDIRECT] [Fatal Error] :1:1: Premature end of file.
2026-03-29 19:59:14,224 [ERROR] LogOutputStream:75 - [STDERR_REDIRECT] 
2026-03-29 19:59:15,208 [ERROR] LogOutputStream:75 - [STDERR_REDIRECT] [Fatal Error] :1:1: Premature end of file.
2026-03-29 19:59:15,209 [ERROR] LogOutputStream:75 - [STDERR_REDIRECT] 
2026-03-29 19:59:16,211 [ERROR] LogOutputStream:75 - [STDERR_REDIRECT] [Fatal Error] :1:1: Premature end of file.
2026-03-29 19:59:16,211 [ERROR] LogOutputStream:75 - [STDERR_REDIRECT] 
2026-03-29 19:59:17,214 [ERROR] LogOutputStream:75 - [STDERR_REDIRECT] [Fatal Error] :1:1: Premature end of file.
2026-03-29 19:59:17,214 [ERROR] LogOutputStream:75 - [STDERR_REDIRECT] 
2026-03-29 19:59:18,216 [ERROR] LogOutputStream:75 - [STDERR_REDIRECT] [Fatal Error] :1:1: Premature end of file.
2026-03-29 19:59:18,216 [ERROR] LogOutputStream:75 - [STDERR_REDIRECT] 
2026-03-29 19:59:19,207 [ERROR] LogOutputStream:75 - [STDERR_REDIRECT] [Fatal Error] :1:1: Premature end of file.
2026-03-29 19:59:19,207 [ERROR] LogOutputStream:75 - [STDERR_REDIRECT] 
2026-03-29 19:59:20,206 [ERROR] LogOutputStream:75 - [STDERR_REDIRECT] [Fatal Error] :1:1: Premature end of file.
2026-03-29 19:59:20,206 [ERROR] LogOutputStream:75 - [STDERR_REDIRECT] 
2026-03-29 19:59:21,221 [ERROR] LogOutputStream:75 - [STDERR_REDIRECT] [Fatal Error] :1:1: Premature end of file.
2026-03-29 19:59:21,222 [ERROR] LogOutputStream:75 - [STDERR_REDIRECT] 
2026-03-29 19:59:22,221 [ERROR] LogOutputStream:75 - [STDERR_REDIRECT] [Fatal Error] :1:1: Premature end of file.
2026-03-29 19:59:22,221 [ERROR] LogOutputStream:75 - [STDERR_REDIRECT] 
2026-03-29 19:59:23,216 [ERROR] LogOutputStream:75 - [STDERR_REDIRECT] [Fatal Error] :1:1: Premature end of file.
2026-03-29 19:59:23,216 [ERROR] LogOutputStream:75 - [STDERR_REDIRECT] 
2026-03-29 19:59:24,212 [ERROR] LogOutputStream:75 - [STDERR_REDIRECT] [Fatal Error] :1:1: Premature end of file.
2026-03-29 19:59:24,213 [ERROR] LogOutputStream:75 - [STDERR_REDIRECT] 
2026-03-29 19:59:25,208 [ERROR] LogOutputStream:75 - [STDERR_REDIRECT] [Fatal Error] :1:1: Premature end of file.
2026-03-29 19:59:25,208 [ERROR] LogOutputStream:75 - [STDERR_REDIRECT] 
2026-03-29 19:59:26,203 [ERROR] LogOutputStream:75 - [STDERR_REDIRECT] [Fatal Error] :1:1: Premature end of file.
2026-03-29 19:59:26,203 [ERROR] LogOutputStream:75 - [STDERR_REDIRECT] 
2026-03-29 19:59:27,190 [ERROR] LogOutputStream:75 - [STDERR_REDIRECT] [Fatal Error] :1:1: Premature end of file.
2026-03-29 19:59:27,190 [ERROR] LogOutputStream:75 - [STDERR_REDIRECT] 
2026-03-29 19:59:28,207 [ERROR] LogOutputStream:75 - [STDERR_REDIRECT] [Fatal Error] :1:1: Premature end of file.
2026-03-29 19:59:28,207 [ERROR] LogOutputStream:75 - [STDERR_REDIRECT] 
2026-03-29 19:59:29,207 [ERROR] LogOutputStream:75 - [STDERR_REDIRECT] [Fatal Error] :1:1: Premature end of file.
2026-03-29 19:59:29,207 [ERROR] LogOutputStream:75 - [STDERR_REDIRECT] 
2026-03-29 19:59:30,203 [ERROR] LogOutputStream:75 - [STDERR_REDIRECT] [Fatal Error] :1:1: Premature end of file.
2026-03-29 19:59:30,203 [ERROR] LogOutputStream:75 - [STDERR_REDIRECT] 
2026-03-29 19:59:31,193 [ERROR] LogOutputStream:75 - [STDERR_REDIRECT] [Fatal Error] :1:1: Premature end of file.
2026-03-29 19:59:31,193 [ERROR] LogOutputStream:75 - [STDERR_REDIRECT] 
2026-03-29 19:59:32,227 [ERROR] LogOutputStream:75 - [STDERR_REDIRECT] [Fatal Error] :1:1: Premature end of file.
2026-03-29 19:59:32,227 [ERROR] LogOutputStream:75 - [STDERR_REDIRECT] 
2026-03-29 19:59:33,201 [ERROR] LogOutputStream:75 - [STDERR_REDIRECT] [Fatal Error] :1:1: Premature end of file.
2026-03-29 19:59:33,201 [ERROR] LogOutputStream:75 - [STDERR_REDIRECT] 
2026-03-29 19:59:34,202 [ERROR] LogOutputStream:75 - [STDERR_REDIRECT] [Fatal Error] :1:1: Premature end of file.
2026-03-29 19:59:34,202 [ERROR] LogOutputStream:75 - [STDERR_REDIRECT] 
2026-03-29 19:59:35,205 [ERROR] LogOutputStream:75 - [STDERR_REDIRECT] [Fatal Error] :1:1: Premature end of file.
2026-03-29 19:59:35,205 [ERROR] LogOutputStream:75 - [STDERR_REDIRECT] 
2026-03-29 19:59:36,210 [ERROR] LogOutputStream:75 - [STDERR_REDIRECT] [Fatal Error] :1:1: Premature end of file.
2026-03-29 19:59:36,210 [ERROR] LogOutputStream:75 - [STDERR_REDIRECT] 
2026-03-29 19:59:37,224 [ERROR] LogOutputStream:75 - [STDERR_REDIRECT] [Fatal Error] :1:1: Premature end of file.
2026-03-29 19:59:37,224 [ERROR] LogOutputStream:75 - [STDERR_REDIRECT] 
2026-03-29 19:59:38,200 [ERROR] LogOutputStream:75 - [STDERR_REDIRECT] [Fatal Error] :1:1: Premature end of file.
2026-03-29 19:59:38,201 [ERROR] LogOutputStream:75 - [STDERR_REDIRECT] 
2026-03-29 19:59:39,204 [ERROR] LogOutputStream:75 - [STDERR_REDIRECT] [Fatal Error] :1:1: Premature end of file.
2026-03-29 19:59:39,204 [ERROR] LogOutputStream:75 - [STDERR_REDIRECT] 
2026-03-29 19:59:40,192 [ERROR] LogOutputStream:75 - [STDERR_REDIRECT] [Fatal Error] :1:1: Premature end of file.
2026-03-29 19:59:40,192 [ERROR] LogOutputStream:75 - [STDERR_REDIRECT] 
2026-03-29 19:59:41,207 [ERROR] LogOutputStream:75 - [STDERR_REDIRECT] [Fatal Error] :1:1: Premature end of file.
2026-03-29 19:59:41,207 [ERROR] LogOutputStream:75 - [STDERR_REDIRECT] 
2026-03-29 19:59:42,204 [ERROR] LogOutputStream:75 - [STDERR_REDIRECT] [Fatal Error] :1:1: Premature end of file.
2026-03-29 19:59:42,205 [ERROR] LogOutputStream:75 - [STDERR_REDIRECT] 
2026-03-29 19:59:43,304 [ERROR] LogOutputStream:75 - [STDERR_REDIRECT] [Fatal Error] :1:1: Premature end of file.
2026-03-29 19:59:43,304 [ERROR] LogOutputStream:75 - [STDERR_REDIRECT] 
2026-03-29 19:59:44,207 [ERROR] LogOutputStream:75 - [STDERR_REDIRECT] [Fatal Error] :1:1: Premature end of file.
2026-03-29 19:59:44,207 [ERROR] LogOutputStream:75 - [STDERR_REDIRECT] 
2026-03-29 19:59:45,206 [ERROR] LogOutputStream:75 - [STDERR_REDIRECT] [Fatal Error] :1:1: Premature end of file.
2026-03-29 19:59:45,206 [ERROR] LogOutputStream:75 - [STDERR_REDIRECT] 
2026-03-29 19:59:46,205 [ERROR] LogOutputStream:75 - [STDERR_REDIRECT] [Fatal Error] :1:1: Premature end of file.
2026-03-29 19:59:46,206 [ERROR] LogOutputStream:75 - [STDERR_REDIRECT] 
2026-03-29 19:59:47,196 [ERROR] LogOutputStream:75 - [STDERR_REDIRECT] [Fatal Error] :1:1: Premature end of file.
2026-03-29 19:59:47,197 [ERROR] LogOutputStream:75 - [STDERR_REDIRECT] 
2026-03-29 19:59:48,204 [ERROR] LogOutputStream:75 - [STDERR_REDIRECT] [Fatal Error] :1:1: Premature end of file.
2026-03-29 19:59:48,204 [ERROR] LogOutputStream:75 - [STDERR_REDIRECT] 
2026-03-29 19:59:49,203 [ERROR] LogOutputStream:75 - [STDERR_REDIRECT] [Fatal Error] :1:1: Premature end of file.
2026-03-29 19:59:49,204 [ERROR] LogOutputStream:75 - [STDERR_REDIRECT] 
2026-03-29 19:59:50,204 [ERROR] LogOutputStream:75 - [STDERR_REDIRECT] [Fatal Error] :1:1: Premature end of file.
2026-03-29 19:59:50,204 [ERROR] LogOutputStream:75 - [STDERR_REDIRECT] 
2026-03-29 19:59:51,204 [ERROR] LogOutputStream:75 - [STDERR_REDIRECT] [Fatal Error] :1:1: Premature end of file.
2026-03-29 19:59:51,204 [ERROR] LogOutputStream:75 - [STDERR_REDIRECT] 
2026-03-29 19:59:52,207 [ERROR] LogOutputStream:75 - [STDERR_REDIRECT] [Fatal Error] :1:1: Premature end of file.
2026-03-29 19:59:52,207 [ERROR] LogOutputStream:75 - [STDERR_REDIRECT] 
2026-03-29 19:59:53,195 [ERROR] LogOutputStream:75 - [STDERR_REDIRECT] [Fatal Error] :1:1: Premature end of file.
2026-03-29 19:59:53,195 [ERROR] LogOutputStream:75 - [STDERR_REDIRECT] 
2026-03-29 19:59:54,206 [ERROR] LogOutputStream:75 - [STDERR_REDIRECT] [Fatal Error] :1:1: Premature end of file.
2026-03-29 19:59:54,206 [ERROR] LogOutputStream:75 - [STDERR_REDIRECT] 
2026-03-29 19:59:55,195 [ERROR] LogOutputStream:75 - [STDERR_REDIRECT] [Fatal Error] :1:1: Premature end of file.
2026-03-29 19:59:55,196 [ERROR] LogOutputStream:75 - [STDERR_REDIRECT] 
2026-03-29 19:59:56,208 [ERROR] LogOutputStream:75 - [STDERR_REDIRECT] [Fatal Error] :1:1: Premature end of file.
2026-03-29 19:59:56,208 [ERROR] LogOutputStream:75 - [STDERR_REDIRECT] 
2026-03-29 19:59:57,204 [ERROR] LogOutputStream:75 - [STDERR_REDIRECT] [Fatal Error] :1:1: Premature end of file.
2026-03-29 19:59:57,204 [ERROR] LogOutputStream:75 - [STDERR_REDIRECT] 
2026-03-29 19:59:58,208 [ERROR] LogOutputStream:75 - [STDERR_REDIRECT] [Fatal Error] :1:1: Premature end of file.
2026-03-29 19:59:58,208 [ERROR] LogOutputStream:75 - [STDERR_REDIRECT] 
2026-03-29 19:59:59,200 [ERROR] LogOutputStream:75 - [STDERR_REDIRECT] [Fatal Error] :1:1: Premature end of file.
2026-03-29 19:59:59,201 [ERROR] LogOutputStream:75 - [STDERR_REDIRECT] 
2026-03-29 20:00:00,204 [ERROR] LogOutputStream:75 - [STDERR_REDIRECT] [Fatal Error] :1:1: Premature end of file.
2026-03-29 20:00:00,204 [ERROR] LogOutputStream:75 - [STDERR_REDIRECT] 
2026-03-29 20:00:01,206 [ERROR] LogOutputStream:75 - [STDERR_REDIRECT] [Fatal Error] :1:1: Premature end of file.
2026-03-29 20:00:01,206 [ERROR] LogOutputStream:75 - [STDERR_REDIRECT] 
2026-03-29 20:00:02,204 [ERROR] LogOutputStream:75 - [STDERR_REDIRECT] [Fatal Error] :1:1: Premature end of file.
2026-03-29 20:00:02,204 [ERROR] LogOutputStream:75 - [STDERR_REDIRECT] 
2026-03-29 20:00:03,202 [ERROR] LogOutputStream:75 - [STDERR_REDIRECT] [Fatal Error] :1:1: Premature end of file.
2026-03-29 20:00:03,203 [ERROR] LogOutputStream:75 - [STDERR_REDIRECT] 
2026-03-29 20:00:04,197 [ERROR] LogOutputStream:75 - [STDERR_REDIRECT] [Fatal Error] :1:1: Premature end of file.
2026-03-29 20:00:04,198 [ERROR] LogOutputStream:75 - [STDERR_REDIRECT] 
2026-03-29 20:00:05,205 [ERROR] LogOutputStream:75 - [STDERR_REDIRECT] [Fatal Error] :1:1: Premature end of file.
2026-03-29 20:00:05,206 [ERROR] LogOutputStream:75 - [STDERR_REDIRECT] 
2026-03-29 20:00:06,204 [ERROR] LogOutputStream:75 - [STDERR_REDIRECT] [Fatal Error] :1:1: Premature end of file.
2026-03-29 20:00:06,204 [ERROR] LogOutputStream:75 - [STDERR_REDIRECT] 
2026-03-29 20:00:07,205 [ERROR] LogOutputStream:75 - [STDERR_REDIRECT] [Fatal Error] :1:1: Premature end of file.
2026-03-29 20:00:07,206 [ERROR] LogOutputStream:75 - [STDERR_REDIRECT] 
2026-03-29 20:00:08,201 [ERROR] LogOutputStream:75 - [STDERR_REDIRECT] [Fatal Error] :1:1: Premature end of file.
2026-03-29 20:00:08,201 [ERROR] LogOutputStream:75 - [STDERR_REDIRECT] 
2026-03-29 20:00:09,202 [ERROR] LogOutputStream:75 - [STDERR_REDIRECT] [Fatal Error] :1:1: Premature end of file.
2026-03-29 20:00:09,202 [ERROR] LogOutputStream:75 - [STDERR_REDIRECT] 
2026-03-29 20:00:10,197 [ERROR] LogOutputStream:75 - [STDERR_REDIRECT] [Fatal Error] :1:1: Premature end of file.
2026-03-29 20:00:10,198 [ERROR] LogOutputStream:75 - [STDERR_REDIRECT] 
2026-03-29 20:00:11,202 [ERROR] LogOutputStream:75 - [STDERR_REDIRECT] [Fatal Error] :1:1: Premature end of file.
2026-03-29 20:00:11,202 [ERROR] LogOutputStream:75 - [STDERR_REDIRECT] 
2026-03-29 20:00:12,204 [ERROR] LogOutputStream:75 - [STDERR_REDIRECT] [Fatal Error] :1:1: Premature end of file.
2026-03-29 20:00:12,204 [ERROR] LogOutputStream:75 - [STDERR_REDIRECT] 
2026-03-29 20:00:13,198 [ERROR] LogOutputStream:75 - [STDERR_REDIRECT] [Fatal Error] :1:1: Premature end of file.
2026-03-29 20:00:13,198 [ERROR] LogOutputStream:75 - [STDERR_REDIRECT] 
2026-03-29 20:00:14,207 [ERROR] LogOutputStream:75 - [STDERR_REDIRECT] [Fatal Error] :1:1: Premature end of file.
2026-03-29 20:00:14,207 [ERROR] LogOutputStream:75 - [STDERR_REDIRECT] 
2026-03-29 20:00:15,191 [ERROR] LogOutputStream:75 - [STDERR_REDIRECT] [Fatal Error] :1:1: Premature end of file.
2026-03-29 20:00:15,191 [ERROR] LogOutputStream:75 - [STDERR_REDIRECT] 
2026-03-29 20:00:16,187 [ERROR] LogOutputStream:75 - [STDERR_REDIRECT] [Fatal Error] :1:1: Premature end of file.
2026-03-29 20:00:16,187 [ERROR] LogOutputStream:75 - [STDERR_REDIRECT] 
2026-03-29 20:00:17,197 [ERROR] LogOutputStream:75 - [STDERR_REDIRECT] [Fatal Error] :1:1: Premature end of file.
2026-03-29 20:00:17,197 [ERROR] LogOutputStream:75 - [STDERR_REDIRECT] 
2026-03-29 20:00:18,193 [ERROR] LogOutputStream:75 - [STDERR_REDIRECT] [Fatal Error] :1:1: Premature end of file.
2026-03-29 20:00:18,193 [ERROR] LogOutputStream:75 - [STDERR_REDIRECT] 
2026-03-29 20:00:19,195 [ERROR] LogOutputStream:75 - [STDERR_REDIRECT] [Fatal Error] :1:1: Premature end of file.
2026-03-29 20:00:19,196 [ERROR] LogOutputStream:75 - [STDERR_REDIRECT] 
2026-03-29 20:00:20,196 [ERROR] LogOutputStream:75 - [STDERR_REDIRECT] [Fatal Error] :1:1: Premature end of file.
2026-03-29 20:00:20,197 [ERROR] LogOutputStream:75 - [STDERR_REDIRECT] 
2026-03-29 20:00:21,209 [ERROR] LogOutputStream:75 - [STDERR_REDIRECT] [Fatal Error] :1:1: Premature end of file.
2026-03-29 20:00:21,209 [ERROR] LogOutputStream:75 - [STDERR_REDIRECT] 
2026-03-29 20:00:22,206 [ERROR] LogOutputStream:75 - [STDERR_REDIRECT] [Fatal Error] :1:1: Premature end of file.
2026-03-29 20:00:22,206 [ERROR] LogOutputStream:75 - [STDERR_REDIRECT] 
2026-03-29 20:00:23,204 [ERROR] LogOutputStream:75 - [STDERR_REDIRECT] [Fatal Error] :1:1: Premature end of file.
2026-03-29 20:00:23,204 [ERROR] LogOutputStream:75 - [STDERR_REDIRECT] 
2026-03-29 20:00:24,203 [ERROR] LogOutputStream:75 - [STDERR_REDIRECT] [Fatal Error] :1:1: Premature end of file.
2026-03-29 20:00:24,203 [ERROR] LogOutputStream:75 - [STDERR_REDIRECT] 
2026-03-29 20:00:25,204 [ERROR] LogOutputStream:75 - [STDERR_REDIRECT] [Fatal Error] :1:1: Premature end of file.
2026-03-29 20:00:25,205 [ERROR] LogOutputStream:75 - [STDERR_REDIRECT] 
2026-03-29 20:00:26,204 [ERROR] LogOutputStream:75 - [STDERR_REDIRECT] [Fatal Error] :1:1: Premature end of file.
2026-03-29 20:00:26,204 [ERROR] LogOutputStream:75 - [STDERR_REDIRECT] 
2026-03-29 20:00:27,206 [ERROR] LogOutputStream:75 - [STDERR_REDIRECT] [Fatal Error] :1:1: Premature end of file.
2026-03-29 20:00:27,207 [ERROR] LogOutputStream:75 - [STDERR_REDIRECT] 
2026-03-29 20:00:28,206 [ERROR] LogOutputStream:75 - [STDERR_REDIRECT] [Fatal Error] :1:1: Premature end of file.
2026-03-29 20:00:28,206 [ERROR] LogOutputStream:75 - [STDERR_REDIRECT] 
2026-03-29 20:00:29,213 [ERROR] LogOutputStream:75 - [STDERR_REDIRECT] [Fatal Error] :1:1: Premature end of file.
2026-03-29 20:00:29,213 [ERROR] LogOutputStream:75 - [STDERR_REDIRECT] 
2026-03-29 20:00:30,201 [ERROR] LogOutputStream:75 - [STDERR_REDIRECT] [Fatal Error] :1:1: Premature end of file.
2026-03-29 20:00:30,201 [ERROR] LogOutputStream:75 - [STDERR_REDIRECT] 
2026-03-29 20:00:31,200 [ERROR] LogOutputStream:75 - [STDERR_REDIRECT] [Fatal Error] :1:1: Premature end of file.
2026-03-29 20:00:31,200 [ERROR] LogOutputStream:75 - [STDERR_REDIRECT] 
2026-03-29 20:00:32,204 [ERROR] LogOutputStream:75 - [STDERR_REDIRECT] [Fatal Error] :1:1: Premature end of file.
2026-03-29 20:00:32,204 [ERROR] LogOutputStream:75 - [STDERR_REDIRECT] 
2026-03-29 20:00:33,210 [ERROR] LogOutputStream:75 - [STDERR_REDIRECT] [Fatal Error] :1:1: Premature end of file.
2026-03-29 20:00:33,210 [ERROR] LogOutputStream:75 - [STDERR_REDIRECT] 
2026-03-29 20:00:34,213 [ERROR] LogOutputStream:75 - [STDERR_REDIRECT] [Fatal Error] :1:1: Premature end of file.
2026-03-29 20:00:34,213 [ERROR] LogOutputStream:75 - [STDERR_REDIRECT] 
2026-03-29 20:00:35,205 [ERROR] LogOutputStream:75 - [STDERR_REDIRECT] [Fatal Error] :1:1: Premature end of file.
2026-03-29 20:00:35,205 [ERROR] LogOutputStream:75 - [STDERR_REDIRECT] 
2026-03-29 20:00:36,210 [ERROR] LogOutputStream:75 - [STDERR_REDIRECT] [Fatal Error] :1:1: Premature end of file.
2026-03-29 20:00:36,211 [ERROR] LogOutputStream:75 - [STDERR_REDIRECT] 
2026-03-29 20:00:37,194 [ERROR] LogOutputStream:75 - [STDERR_REDIRECT] [Fatal Error] :1:1: Premature end of file.
2026-03-29 20:00:37,194 [ERROR] LogOutputStream:75 - [STDERR_REDIRECT] 
2026-03-29 20:00:38,217 [ERROR] LogOutputStream:75 - [STDERR_REDIRECT] [Fatal Error] :1:1: Premature end of file.
2026-03-29 20:00:38,217 [ERROR] LogOutputStream:75 - [STDERR_REDIRECT] 
2026-03-29 20:00:39,193 [ERROR] LogOutputStream:75 - [STDERR_REDIRECT] [Fatal Error] :1:1: Premature end of file.
2026-03-29 20:00:39,193 [ERROR] LogOutputStream:75 - [STDERR_REDIRECT] 
2026-03-29 20:00:40,189 [ERROR] LogOutputStream:75 - [STDERR_REDIRECT] [Fatal Error] :1:1: Premature end of file.
2026-03-29 20:00:40,189 [ERROR] LogOutputStream:75 - [STDERR_REDIRECT] 
2026-03-29 20:00:41,190 [ERROR] LogOutputStream:75 - [STDERR_REDIRECT] [Fatal Error] :1:1: Premature end of file.
2026-03-29 20:00:41,191 [ERROR] LogOutputStream:75 - [STDERR_REDIRECT] 
2026-03-29 20:00:42,206 [ERROR] LogOutputStream:75 - [STDERR_REDIRECT] [Fatal Error] :1:1: Premature end of file.
2026-03-29 20:00:42,208 [ERROR] LogOutputStream:75 - [STDERR_REDIRECT] 
2026-03-29 20:00:43,190 [ERROR] LogOutputStream:75 - [STDERR_REDIRECT] [Fatal Error] :1:1: Premature end of file.
2026-03-29 20:00:43,190 [ERROR] LogOutputStream:75 - [STDERR_REDIRECT] 
2026-03-29 20:00:44,197 [ERROR] LogOutputStream:75 - [STDERR_REDIRECT] [Fatal Error] :1:1: Premature end of file.
2026-03-29 20:00:44,197 [ERROR] LogOutputStream:75 - [STDERR_REDIRECT] 
2026-03-29 20:00:45,199 [ERROR] LogOutputStream:75 - [STDERR_REDIRECT] [Fatal Error] :1:1: Premature end of file.
2026-03-29 20:00:45,199 [ERROR] LogOutputStream:75 - [STDERR_REDIRECT] 
2026-03-29 20:00:46,208 [ERROR] LogOutputStream:75 - [STDERR_REDIRECT] [Fatal Error] :1:1: Premature end of file.
2026-03-29 20:00:46,208 [ERROR] LogOutputStream:75 - [STDERR_REDIRECT] 
2026-03-29 20:00:47,198 [ERROR] LogOutputStream:75 - [STDERR_REDIRECT] [Fatal Error] :1:1: Premature end of file.
2026-03-29 20:00:47,198 [ERROR] LogOutputStream:75 - [STDERR_REDIRECT] 
2026-03-29 20:00:48,201 [ERROR] LogOutputStream:75 - [STDERR_REDIRECT] [Fatal Error] :1:1: Premature end of file.
2026-03-29 20:00:48,201 [ERROR] LogOutputStream:75 - [STDERR_REDIRECT] 
2026-03-29 20:00:49,200 [ERROR] LogOutputStream:75 - [STDERR_REDIRECT] [Fatal Error] :1:1: Premature end of file.
2026-03-29 20:00:49,201 [ERROR] LogOutputStream:75 - [STDERR_REDIRECT] 
2026-03-29 20:00:50,212 [ERROR] LogOutputStream:75 - [STDERR_REDIRECT] [Fatal Error] :1:1: Premature end of file.
2026-03-29 20:00:50,213 [ERROR] LogOutputStream:75 - [STDERR_REDIRECT] 
2026-03-29 20:00:51,193 [ERROR] LogOutputStream:75 - [STDERR_REDIRECT] [Fatal Error] :1:1: Premature end of file.
2026-03-29 20:00:51,193 [ERROR] LogOutputStream:75 - [STDERR_REDIRECT] 
2026-03-29 20:00:52,198 [ERROR] LogOutputStream:75 - [STDERR_REDIRECT] [Fatal Error] :1:1: Premature end of file.
2026-03-29 20:00:52,198 [ERROR] LogOutputStream:75 - [STDERR_REDIRECT] 
2026-03-29 20:00:53,197 [ERROR] LogOutputStream:75 - [STDERR_REDIRECT] [Fatal Error] :1:1: Premature end of file.
2026-03-29 20:00:53,198 [ERROR] LogOutputStream:75 - [STDERR_REDIRECT] 
2026-03-29 20:00:54,195 [ERROR] LogOutputStream:75 - [STDERR_REDIRECT] [Fatal Error] :1:1: Premature end of file.
2026-03-29 20:00:54,195 [ERROR] LogOutputStream:75 - [STDERR_REDIRECT] 
2026-03-29 20:00:55,195 [ERROR] LogOutputStream:75 - [STDERR_REDIRECT] [Fatal Error] :1:1: Premature end of file.
2026-03-29 20:00:55,195 [ERROR] LogOutputStream:75 - [STDERR_REDIRECT] 
2026-03-29 20:00:56,206 [ERROR] LogOutputStream:75 - [STDERR_REDIRECT] [Fatal Error] :1:1: Premature end of file.
2026-03-29 20:00:56,206 [ERROR] LogOutputStream:75 - [STDERR_REDIRECT] 
2026-03-29 20:00:57,191 [ERROR] LogOutputStream:75 - [STDERR_REDIRECT] [Fatal Error] :1:1: Premature end of file.
2026-03-29 20:00:57,191 [ERROR] LogOutputStream:75 - [STDERR_REDIRECT] 
2026-03-29 20:00:58,191 [ERROR] LogOutputStream:75 - [STDERR_REDIRECT] [Fatal Error] :1:1: Premature end of file.
2026-03-29 20:00:58,191 [ERROR] LogOutputStream:75 - [STDERR_REDIRECT] 
2026-03-29 20:00:59,189 [ERROR] LogOutputStream:75 - [STDERR_REDIRECT] [Fatal Error] :1:1: Premature end of file.
2026-03-29 20:00:59,189 [ERROR] LogOutputStream:75 - [STDERR_REDIRECT] 
2026-03-29 20:01:00,195 [ERROR] LogOutputStream:75 - [STDERR_REDIRECT] [Fatal Error] :1:1: Premature end of file.
2026-03-29 20:01:00,195 [ERROR] LogOutputStream:75 - [STDERR_REDIRECT] 
2026-03-29 20:01:01,206 [ERROR] LogOutputStream:75 - [STDERR_REDIRECT] [Fatal Error] :1:1: Premature end of file.
2026-03-29 20:01:01,206 [ERROR] LogOutputStream:75 - [STDERR_REDIRECT] 
2026-03-29 20:01:02,188 [ERROR] LogOutputStream:75 - [STDERR_REDIRECT] [Fatal Error] :1:1: Premature end of file.
2026-03-29 20:01:02,188 [ERROR] LogOutputStream:75 - [STDERR_REDIRECT] 
2026-03-29 20:01:03,243 [ERROR] LogOutputStream:75 - [STDERR_REDIRECT] [Fatal Error] :1:1: Premature end of file.
2026-03-29 20:01:03,243 [ERROR] LogOutputStream:75 - [STDERR_REDIRECT] 
2026-03-29 20:01:04,190 [ERROR] LogOutputStream:75 - [STDERR_REDIRECT] [Fatal Error] :1:1: Premature end of file.
2026-03-29 20:01:04,190 [ERROR] LogOutputStream:75 - [STDERR_REDIRECT] 
2026-03-29 20:01:05,197 [ERROR] LogOutputStream:75 - [STDERR_REDIRECT] [Fatal Error] :1:1: Premature end of file.
2026-03-29 20:01:05,198 [ERROR] LogOutputStream:75 - [STDERR_REDIRECT] 
2026-03-29 20:01:06,194 [ERROR] LogOutputStream:75 - [STDERR_REDIRECT] [Fatal Error] :1:1: Premature end of file.
2026-03-29 20:01:06,194 [ERROR] LogOutputStream:75 - [STDERR_REDIRECT] 
2026-03-29 20:01:07,198 [ERROR] LogOutputStream:75 - [STDERR_REDIRECT] [Fatal Error] :1:1: Premature end of file.
2026-03-29 20:01:07,199 [ERROR] LogOutputStream:75 - [STDERR_REDIRECT] 
2026-03-29 20:01:08,219 [ERROR] LogOutputStream:75 - [STDERR_REDIRECT] [Fatal Error] :1:1: Premature end of file.
2026-03-29 20:01:08,219 [ERROR] LogOutputStream:75 - [STDERR_REDIRECT] 
2026-03-29 20:01:09,196 [ERROR] LogOutputStream:75 - [STDERR_REDIRECT] [Fatal Error] :1:1: Premature end of file.
2026-03-29 20:01:09,197 [ERROR] LogOutputStream:75 - [STDERR_REDIRECT] 
2026-03-29 20:01:10,192 [ERROR] LogOutputStream:75 - [STDERR_REDIRECT] [Fatal Error] :1:1: Premature end of file.
2026-03-29 20:01:10,192 [ERROR] LogOutputStream:75 - [STDERR_REDIRECT] 
2026-03-29 20:01:11,212 [ERROR] LogOutputStream:75 - [STDERR_REDIRECT] [Fatal Error] :1:1: Premature end of file.
2026-03-29 20:01:11,212 [ERROR] LogOutputStream:75 - [STDERR_REDIRECT] 
2026-03-29 20:01:12,204 [ERROR] LogOutputStream:75 - [STDERR_REDIRECT] [Fatal Error] :1:1: Premature end of file.
2026-03-29 20:01:12,205 [ERROR] LogOutputStream:75 - [STDERR_REDIRECT] 
2026-03-29 20:01:13,205 [ERROR] LogOutputStream:75 - [STDERR_REDIRECT] [Fatal Error] :1:1: Premature end of file.
2026-03-29 20:01:13,205 [ERROR] LogOutputStream:75 - [STDERR_REDIRECT] 
2026-03-29 20:01:14,191 [ERROR] LogOutputStream:75 - [STDERR_REDIRECT] [Fatal Error] :1:1: Premature end of file.
2026-03-29 20:01:14,191 [ERROR] LogOutputStream:75 - [STDERR_REDIRECT] 
2026-03-29 20:01:15,208 [ERROR] LogOutputStream:75 - [STDERR_REDIRECT] [Fatal Error] :1:1: Premature end of file.
2026-03-29 20:01:15,208 [ERROR] LogOutputStream:75 - [STDERR_REDIRECT] 
2026-03-29 20:01:16,206 [ERROR] LogOutputStream:75 - [STDERR_REDIRECT] [Fatal Error] :1:1: Premature end of file.
2026-03-29 20:01:16,206 [ERROR] LogOutputStream:75 - [STDERR_REDIRECT] 
2026-03-29 20:01:17,221 [ERROR] LogOutputStream:75 - [STDERR_REDIRECT] [Fatal Error] :1:1: Premature end of file.
2026-03-29 20:01:17,222 [ERROR] LogOutputStream:75 - [STDERR_REDIRECT] 
2026-03-29 20:01:18,253 [ERROR] LogOutputStream:75 - [STDERR_REDIRECT] [Fatal Error] :1:1: Premature end of file.
2026-03-29 20:01:18,254 [ERROR] LogOutputStream:75 - [STDERR_REDIRECT] 
2026-03-29 20:01:19,196 [ERROR] LogOutputStream:75 - [STDERR_REDIRECT] [Fatal Error] :1:1: Premature end of file.
2026-03-29 20:01:19,196 [ERROR] LogOutputStream:75 - [STDERR_REDIRECT] 
2026-03-29 20:01:20,207 [ERROR] LogOutputStream:75 - [STDERR_REDIRECT] [Fatal Error] :1:1: Premature end of file.
2026-03-29 20:01:20,208 [ERROR] LogOutputStream:75 - [STDERR_REDIRECT] 
2026-03-29 20:01:21,204 [ERROR] LogOutputStream:75 - [STDERR_REDIRECT] [Fatal Error] :1:1: Premature end of file.
2026-03-29 20:01:21,204 [ERROR] LogOutputStream:75 - [STDERR_REDIRECT] 
2026-03-29 20:01:22,201 [ERROR] LogOutputStream:75 - [STDERR_REDIRECT] [Fatal Error] :1:1: Premature end of file.
2026-03-29 20:01:22,201 [ERROR] LogOutputStream:75 - [STDERR_REDIRECT] 
2026-03-29 20:01:23,206 [ERROR] LogOutputStream:75 - [STDERR_REDIRECT] [Fatal Error] :1:1: Premature end of file.
2026-03-29 20:01:23,206 [ERROR] LogOutputStream:75 - [STDERR_REDIRECT] 
2026-03-29 20:01:24,201 [ERROR] LogOutputStream:75 - [STDERR_REDIRECT] [Fatal Error] :1:1: Premature end of file.
2026-03-29 20:01:24,201 [ERROR] LogOutputStream:75 - [STDERR_REDIRECT] 
2026-03-29 20:01:25,202 [ERROR] LogOutputStream:75 - [STDERR_REDIRECT] [Fatal Error] :1:1: Premature end of file.
2026-03-29 20:01:25,202 [ERROR] LogOutputStream:75 - [STDERR_REDIRECT] 
2026-03-29 20:01:26,206 [ERROR] LogOutputStream:75 - [STDERR_REDIRECT] [Fatal Error] :1:1: Premature end of file.
2026-03-29 20:01:26,207 [ERROR] LogOutputStream:75 - [STDERR_REDIRECT] 
2026-03-29 20:01:27,200 [ERROR] LogOutputStream:75 - [STDERR_REDIRECT] [Fatal Error] :1:1: Premature end of file.
2026-03-29 20:01:27,201 [ERROR] LogOutputStream:75 - [STDERR_REDIRECT] 
2026-03-29 20:01:28,195 [ERROR] LogOutputStream:75 - [STDERR_REDIRECT] [Fatal Error] :1:1: Premature end of file.
2026-03-29 20:01:28,195 [ERROR] LogOutputStream:75 - [STDERR_REDIRECT] 
2026-03-29 20:01:29,194 [ERROR] LogOutputStream:75 - [STDERR_REDIRECT] [Fatal Error] :1:1: Premature end of file.
2026-03-29 20:01:29,194 [ERROR] LogOutputStream:75 - [STDERR_REDIRECT] 
2026-03-29 20:01:30,197 [ERROR] LogOutputStream:75 - [STDERR_REDIRECT] [Fatal Error] :1:1: Premature end of file.
2026-03-29 20:01:30,197 [ERROR] LogOutputStream:75 - [STDERR_REDIRECT] 
2026-03-29 20:01:31,202 [ERROR] LogOutputStream:75 - [STDERR_REDIRECT] [Fatal Error] :1:1: Premature end of file.
2026-03-29 20:01:31,202 [ERROR] LogOutputStream:75 - [STDERR_REDIRECT] 
2026-03-29 20:01:32,208 [ERROR] LogOutputStream:75 - [STDERR_REDIRECT] [Fatal Error] :1:1: Premature end of file.
2026-03-29 20:01:32,208 [ERROR] LogOutputStream:75 - [STDERR_REDIRECT] 
2026-03-29 20:01:33,205 [ERROR] LogOutputStream:75 - [STDERR_REDIRECT] [Fatal Error] :1:1: Premature end of file.
2026-03-29 20:01:33,205 [ERROR] LogOutputStream:75 - [STDERR_REDIRECT] 
2026-03-29 20:01:34,203 [ERROR] LogOutputStream:75 - [STDERR_REDIRECT] [Fatal Error] :1:1: Premature end of file.
2026-03-29 20:01:34,203 [ERROR] LogOutputStream:75 - [STDERR_REDIRECT] 
2026-03-29 20:01:35,195 [ERROR] LogOutputStream:75 - [STDERR_REDIRECT] [Fatal Error] :1:1: Premature end of file.
2026-03-29 20:01:35,195 [ERROR] LogOutputStream:75 - [STDERR_REDIRECT] 
2026-03-29 20:01:36,192 [ERROR] LogOutputStream:75 - [STDERR_REDIRECT] [Fatal Error] :1:1: Premature end of file.
2026-03-29 20:01:36,192 [ERROR] LogOutputStream:75 - [STDERR_REDIRECT] 
2026-03-29 20:01:37,207 [ERROR] LogOutputStream:75 - [STDERR_REDIRECT] [Fatal Error] :1:1: Premature end of file.
2026-03-29 20:01:37,208 [ERROR] LogOutputStream:75 - [STDERR_REDIRECT] 
2026-03-29 20:01:38,194 [ERROR] LogOutputStream:75 - [STDERR_REDIRECT] [Fatal Error] :1:1: Premature end of file.
2026-03-29 20:01:38,194 [ERROR] LogOutputStream:75 - [STDERR_REDIRECT] 
2026-03-29 20:01:39,206 [ERROR] LogOutputStream:75 - [STDERR_REDIRECT] [Fatal Error] :1:1: Premature end of file.
2026-03-29 20:01:39,210 [ERROR] LogOutputStream:75 - [STDERR_REDIRECT] 
2026-03-29 20:01:40,207 [ERROR] LogOutputStream:75 - [STDERR_REDIRECT] [Fatal Error] :1:1: Premature end of file.
2026-03-29 20:01:40,207 [ERROR] LogOutputStream:75 - [STDERR_REDIRECT] 
2026-03-29 20:01:41,201 [ERROR] LogOutputStream:75 - [STDERR_REDIRECT] [Fatal Error] :1:1: Premature end of file.
2026-03-29 20:01:41,201 [ERROR] LogOutputStream:75 - [STDERR_REDIRECT] 
2026-03-29 20:01:42,214 [ERROR] LogOutputStream:75 - [STDERR_REDIRECT] [Fatal Error] :1:1: Premature end of file.
2026-03-29 20:01:42,214 [ERROR] LogOutputStream:75 - [STDERR_REDIRECT] 
2026-03-29 20:01:43,198 [ERROR] LogOutputStream:75 - [STDERR_REDIRECT] [Fatal Error] :1:1: Premature end of file.
2026-03-29 20:01:43,198 [ERROR] LogOutputStream:75 - [STDERR_REDIRECT] 
2026-03-29 20:01:44,197 [ERROR] LogOutputStream:75 - [STDERR_REDIRECT] [Fatal Error] :1:1: Premature end of file.
2026-03-29 20:01:44,197 [ERROR] LogOutputStream:75 - [STDERR_REDIRECT] 
2026-03-29 20:01:45,191 [ERROR] LogOutputStream:75 - [STDERR_REDIRECT] [Fatal Error] :1:1: Premature end of file.
2026-03-29 20:01:45,192 [ERROR] LogOutputStream:75 - [STDERR_REDIRECT] 
2026-03-29 20:01:46,193 [ERROR] LogOutputStream:75 - [STDERR_REDIRECT] [Fatal Error] :1:1: Premature end of file.
2026-03-29 20:01:46,194 [ERROR] LogOutputStream:75 - [STDERR_REDIRECT] 
2026-03-29 20:01:47,201 [ERROR] LogOutputStream:75 - [STDERR_REDIRECT] [Fatal Error] :1:1: Premature end of file.
2026-03-29 20:01:47,201 [ERROR] LogOutputStream:75 - [STDERR_REDIRECT] 
2026-03-29 20:01:48,198 [ERROR] LogOutputStream:75 - [STDERR_REDIRECT] [Fatal Error] :1:1: Premature end of file.
2026-03-29 20:01:48,198 [ERROR] LogOutputStream:75 - [STDERR_REDIRECT] 
2026-03-29 20:01:49,213 [ERROR] LogOutputStream:75 - [STDERR_REDIRECT] [Fatal Error] :1:1: Premature end of file.
2026-03-29 20:01:49,213 [ERROR] LogOutputStream:75 - [STDERR_REDIRECT] 
2026-03-29 20:01:50,206 [ERROR] LogOutputStream:75 - [STDERR_REDIRECT] [Fatal Error] :1:1: Premature end of file.
2026-03-29 20:01:50,206 [ERROR] LogOutputStream:75 - [STDERR_REDIRECT] 
2026-03-29 20:01:51,204 [ERROR] LogOutputStream:75 - [STDERR_REDIRECT] [Fatal Error] :1:1: Premature end of file.
2026-03-29 20:01:51,204 [ERROR] LogOutputStream:75 - [STDERR_REDIRECT] 
2026-03-29 20:01:52,235 [ERROR] LogOutputStream:75 - [STDERR_REDIRECT] [Fatal Error] :1:1: Premature end of file.
2026-03-29 20:01:52,235 [ERROR] LogOutputStream:75 - [STDERR_REDIRECT] 
2026-03-29 20:01:53,191 [ERROR] LogOutputStream:75 - [STDERR_REDIRECT] [Fatal Error] :1:1: Premature end of file.
2026-03-29 20:01:53,191 [ERROR] LogOutputStream:75 - [STDERR_REDIRECT] 
2026-03-29 20:01:54,207 [ERROR] LogOutputStream:75 - [STDERR_REDIRECT] [Fatal Error] :1:1: Premature end of file.
2026-03-29 20:01:54,207 [ERROR] LogOutputStream:75 - [STDERR_REDIRECT] 
2026-03-29 20:01:55,201 [ERROR] LogOutputStream:75 - [STDERR_REDIRECT] [Fatal Error] :1:1: Premature end of file.
2026-03-29 20:01:55,201 [ERROR] LogOutputStream:75 - [STDERR_REDIRECT] 
2026-03-29 20:01:56,193 [ERROR] LogOutputStream:75 - [STDERR_REDIRECT] [Fatal Error] :1:1: Premature end of file.
2026-03-29 20:01:56,193 [ERROR] LogOutputStream:75 - [STDERR_REDIRECT] 
2026-03-29 20:01:57,205 [ERROR] LogOutputStream:75 - [STDERR_REDIRECT] [Fatal Error] :1:1: Premature end of file.
2026-03-29 20:01:57,205 [ERROR] LogOutputStream:75 - [STDERR_REDIRECT] 
2026-03-29 20:01:58,202 [ERROR] LogOutputStream:75 - [STDERR_REDIRECT] [Fatal Error] :1:1: Premature end of file.
2026-03-29 20:01:58,202 [ERROR] LogOutputStream:75 - [STDERR_REDIRECT] 
2026-03-29 20:01:59,205 [ERROR] LogOutputStream:75 - [STDERR_REDIRECT] [Fatal Error] :1:1: Premature end of file.
2026-03-29 20:01:59,205 [ERROR] LogOutputStream:75 - [STDERR_REDIRECT] 
2026-03-29 20:02:00,264 [ERROR] LogOutputStream:75 - [STDERR_REDIRECT] [Fatal Error] :1:1: Premature end of file.
2026-03-29 20:02:00,264 [ERROR] LogOutputStream:75 - [STDERR_REDIRECT] 
2026-03-29 20:02:01,199 [ERROR] LogOutputStream:75 - [STDERR_REDIRECT] [Fatal Error] :1:1: Premature end of file.
2026-03-29 20:02:01,200 [ERROR] LogOutputStream:75 - [STDERR_REDIRECT] 
2026-03-29 20:02:02,196 [ERROR] LogOutputStream:75 - [STDERR_REDIRECT] [Fatal Error] :1:1: Premature end of file.
2026-03-29 20:02:02,196 [ERROR] LogOutputStream:75 - [STDERR_REDIRECT] 
2026-03-29 20:02:03,192 [ERROR] LogOutputStream:75 - [STDERR_REDIRECT] [Fatal Error] :1:1: Premature end of file.
2026-03-29 20:02:03,192 [ERROR] LogOutputStream:75 - [STDERR_REDIRECT] 
2026-03-29 20:02:04,199 [ERROR] LogOutputStream:75 - [STDERR_REDIRECT] [Fatal Error] :1:1: Premature end of file.
2026-03-29 20:02:04,199 [ERROR] LogOutputStream:75 - [STDERR_REDIRECT] 
2026-03-29 20:02:05,213 [ERROR] LogOutputStream:75 - [STDERR_REDIRECT] [Fatal Error] :1:1: Premature end of file.
2026-03-29 20:02:05,214 [ERROR] LogOutputStream:75 - [STDERR_REDIRECT] 
2026-03-29 20:02:06,201 [ERROR] LogOutputStream:75 - [STDERR_REDIRECT] [Fatal Error] :1:1: Premature end of file.
2026-03-29 20:02:06,201 [ERROR] LogOutputStream:75 - [STDERR_REDIRECT] 
2026-03-29 20:02:07,205 [ERROR] LogOutputStream:75 - [STDERR_REDIRECT] [Fatal Error] :1:1: Premature end of file.
2026-03-29 20:02:07,206 [ERROR] LogOutputStream:75 - [STDERR_REDIRECT] 
2026-03-29 20:02:08,192 [ERROR] LogOutputStream:75 - [STDERR_REDIRECT] [Fatal Error] :1:1: Premature end of file.
2026-03-29 20:02:08,192 [ERROR] LogOutputStream:75 - [STDERR_REDIRECT] 
2026-03-29 20:02:09,206 [ERROR] LogOutputStream:75 - [STDERR_REDIRECT] [Fatal Error] :1:1: Premature end of file.
2026-03-29 20:02:09,206 [ERROR] LogOutputStream:75 - [STDERR_REDIRECT] 
2026-03-29 20:02:10,198 [ERROR] LogOutputStream:75 - [STDERR_REDIRECT] [Fatal Error] :1:1: Premature end of file.
2026-03-29 20:02:10,199 [ERROR] LogOutputStream:75 - [STDERR_REDIRECT] 
2026-03-29 20:02:11,193 [ERROR] LogOutputStream:75 - [STDERR_REDIRECT] [Fatal Error] :1:1: Premature end of file.
2026-03-29 20:02:11,194 [ERROR] LogOutputStream:75 - [STDERR_REDIRECT] 
2026-03-29 20:02:12,201 [ERROR] LogOutputStream:75 - [STDERR_REDIRECT] [Fatal Error] :1:1: Premature end of file.
2026-03-29 20:02:12,201 [ERROR] LogOutputStream:75 - [STDERR_REDIRECT] 
2026-03-29 20:02:13,188 [ERROR] LogOutputStream:75 - [STDERR_REDIRECT] [Fatal Error] :1:1: Premature end of file.
2026-03-29 20:02:13,188 [ERROR] LogOutputStream:75 - [STDERR_REDIRECT] 
2026-03-29 20:02:14,198 [ERROR] LogOutputStream:75 - [STDERR_REDIRECT] [Fatal Error] :1:1: Premature end of file.
2026-03-29 20:02:14,198 [ERROR] LogOutputStream:75 - [STDERR_REDIRECT] 
2026-03-29 20:02:15,230 [ERROR] LogOutputStream:75 - [STDERR_REDIRECT] [Fatal Error] :1:1: Premature end of file.
2026-03-29 20:02:15,232 [ERROR] LogOutputStream:75 - [STDERR_REDIRECT] 
2026-03-29 20:02:16,231 [ERROR] LogOutputStream:75 - [STDERR_REDIRECT] [Fatal Error] :1:1: Premature end of file.
2026-03-29 20:02:16,232 [ERROR] LogOutputStream:75 - [STDERR_REDIRECT] 
2026-03-29 20:02:17,233 [ERROR] LogOutputStream:75 - [STDERR_REDIRECT] [Fatal Error] :1:1: Premature end of file.
2026-03-29 20:02:17,233 [ERROR] LogOutputStream:75 - [STDERR_REDIRECT] 
2026-03-29 20:02:18,225 [ERROR] LogOutputStream:75 - [STDERR_REDIRECT] [Fatal Error] :1:1: Premature end of file.
2026-03-29 20:02:18,226 [ERROR] LogOutputStream:75 - [STDERR_REDIRECT] 
2026-03-29 20:02:19,227 [ERROR] LogOutputStream:75 - [STDERR_REDIRECT] [Fatal Error] :1:1: Premature end of file.
2026-03-29 20:02:19,227 [ERROR] LogOutputStream:75 - [STDERR_REDIRECT] 
2026-03-29 20:02:20,226 [ERROR] LogOutputStream:75 - [STDERR_REDIRECT] [Fatal Error] :1:1: Premature end of file.
2026-03-29 20:02:20,226 [ERROR] LogOutputStream:75 - [STDERR_REDIRECT] 
2026-03-29 20:02:21,229 [ERROR] LogOutputStream:75 - [STDERR_REDIRECT] [Fatal Error] :1:1: Premature end of file.
2026-03-29 20:02:21,229 [ERROR] LogOutputStream:75 - [STDERR_REDIRECT] 
2026-03-29 20:02:22,203 [ERROR] LogOutputStream:75 - [STDERR_REDIRECT] [Fatal Error] :1:1: Premature end of file.
2026-03-29 20:02:22,203 [ERROR] LogOutputStream:75 - [STDERR_REDIRECT] 
2026-03-29 20:02:23,191 [ERROR] LogOutputStream:75 - [STDERR_REDIRECT] [Fatal Error] :1:1: Premature end of file.
2026-03-29 20:02:23,191 [ERROR] LogOutputStream:75 - [STDERR_REDIRECT] 
2026-03-29 20:02:24,194 [ERROR] LogOutputStream:75 - [STDERR_REDIRECT] [Fatal Error] :1:1: Premature end of file.
2026-03-29 20:02:24,194 [ERROR] LogOutputStream:75 - [STDERR_REDIRECT] 
2026-03-29 20:02:25,192 [ERROR] LogOutputStream:75 - [STDERR_REDIRECT] [Fatal Error] :1:1: Premature end of file.
2026-03-29 20:02:25,193 [ERROR] LogOutputStream:75 - [STDERR_REDIRECT] 
2026-03-29 20:02:26,223 [ERROR] LogOutputStream:75 - [STDERR_REDIRECT] [Fatal Error] :1:1: Premature end of file.
2026-03-29 20:02:26,223 [ERROR] LogOutputStream:75 - [STDERR_REDIRECT] 
2026-03-29 20:02:27,198 [ERROR] LogOutputStream:75 - [STDERR_REDIRECT] [Fatal Error] :1:1: Premature end of file.
2026-03-29 20:02:27,198 [ERROR] LogOutputStream:75 - [STDERR_REDIRECT] 
2026-03-29 20:02:28,195 [ERROR] LogOutputStream:75 - [STDERR_REDIRECT] [Fatal Error] :1:1: Premature end of file.
2026-03-29 20:02:28,195 [ERROR] LogOutputStream:75 - [STDERR_REDIRECT] 
2026-03-29 20:02:29,197 [ERROR] LogOutputStream:75 - [STDERR_REDIRECT] [Fatal Error] :1:1: Premature end of file.
2026-03-29 20:02:29,197 [ERROR] LogOutputStream:75 - [STDERR_REDIRECT] 
2026-03-29 20:02:30,194 [ERROR] LogOutputStream:75 - [STDERR_REDIRECT] [Fatal Error] :1:1: Premature end of file.
2026-03-29 20:02:30,194 [ERROR] LogOutputStream:75 - [STDERR_REDIRECT] 
2026-03-29 20:02:31,205 [ERROR] LogOutputStream:75 - [STDERR_REDIRECT] [Fatal Error] :1:1: Premature end of file.
2026-03-29 20:02:31,205 [ERROR] LogOutputStream:75 - [STDERR_REDIRECT] 
2026-03-29 20:02:32,194 [ERROR] LogOutputStream:75 - [STDERR_REDIRECT] [Fatal Error] :1:1: Premature end of file.
2026-03-29 20:02:32,194 [ERROR] LogOutputStream:75 - [STDERR_REDIRECT] 
2026-03-29 20:02:33,195 [ERROR] LogOutputStream:75 - [STDERR_REDIRECT] [Fatal Error] :1:1: Premature end of file.
2026-03-29 20:02:33,195 [ERROR] LogOutputStream:75 - [STDERR_REDIRECT] 
2026-03-29 20:02:34,204 [ERROR] LogOutputStream:75 - [STDERR_REDIRECT] [Fatal Error] :1:1: Premature end of file.
2026-03-29 20:02:34,204 [ERROR] LogOutputStream:75 - [STDERR_REDIRECT] 
2026-03-29 20:02:35,194 [ERROR] LogOutputStream:75 - [STDERR_REDIRECT] [Fatal Error] :1:1: Premature end of file.
2026-03-29 20:02:35,195 [ERROR] LogOutputStream:75 - [STDERR_REDIRECT] 
2026-03-29 20:02:36,194 [ERROR] LogOutputStream:75 - [STDERR_REDIRECT] [Fatal Error] :1:1: Premature end of file.
2026-03-29 20:02:36,194 [ERROR] LogOutputStream:75 - [STDERR_REDIRECT] 
2026-03-29 20:02:37,197 [ERROR] LogOutputStream:75 - [STDERR_REDIRECT] [Fatal Error] :1:1: Premature end of file.
2026-03-29 20:02:37,197 [ERROR] LogOutputStream:75 - [STDERR_REDIRECT] 
2026-03-29 20:02:38,194 [ERROR] LogOutputStream:75 - [STDERR_REDIRECT] [Fatal Error] :1:1: Premature end of file.
2026-03-29 20:02:38,194 [ERROR] LogOutputStream:75 - [STDERR_REDIRECT] 
2026-03-29 20:02:39,207 [ERROR] LogOutputStream:75 - [STDERR_REDIRECT] [Fatal Error] :1:1: Premature end of file.
2026-03-29 20:02:39,207 [ERROR] LogOutputStream:75 - [STDERR_REDIRECT] 
2026-03-29 20:02:40,203 [ERROR] LogOutputStream:75 - [STDERR_REDIRECT] [Fatal Error] :1:1: Premature end of file.
2026-03-29 20:02:40,203 [ERROR] LogOutputStream:75 - [STDERR_REDIRECT] 
2026-03-29 20:02:41,198 [ERROR] LogOutputStream:75 - [STDERR_REDIRECT] [Fatal Error] :1:1: Premature end of file.
2026-03-29 20:02:41,198 [ERROR] LogOutputStream:75 - [STDERR_REDIRECT] 
2026-03-29 20:02:42,186 [ERROR] LogOutputStream:75 - [STDERR_REDIRECT] [Fatal Error] :1:1: Premature end of file.
2026-03-29 20:02:42,186 [ERROR] LogOutputStream:75 - [STDERR_REDIRECT] 
2026-03-29 20:02:43,199 [ERROR] LogOutputStream:75 - [STDERR_REDIRECT] [Fatal Error] :1:1: Premature end of file.
2026-03-29 20:02:43,199 [ERROR] LogOutputStream:75 - [STDERR_REDIRECT] 
2026-03-29 20:02:44,198 [ERROR] LogOutputStream:75 - [STDERR_REDIRECT] [Fatal Error] :1:1: Premature end of file.
2026-03-29 20:02:44,199 [ERROR] LogOutputStream:75 - [STDERR_REDIRECT] 
2026-03-29 20:02:45,197 [ERROR] LogOutputStream:75 - [STDERR_REDIRECT] [Fatal Error] :1:1: Premature end of file.
2026-03-29 20:02:45,197 [ERROR] LogOutputStream:75 - [STDERR_REDIRECT] 
2026-03-29 20:02:46,197 [ERROR] LogOutputStream:75 - [STDERR_REDIRECT] [Fatal Error] :1:1: Premature end of file.
2026-03-29 20:02:46,197 [ERROR] LogOutputStream:75 - [STDERR_REDIRECT] 
2026-03-29 20:02:47,200 [ERROR] LogOutputStream:75 - [STDERR_REDIRECT] [Fatal Error] :1:1: Premature end of file.
2026-03-29 20:02:47,200 [ERROR] LogOutputStream:75 - [STDERR_REDIRECT] 
2026-03-29 20:02:48,199 [ERROR] LogOutputStream:75 - [STDERR_REDIRECT] [Fatal Error] :1:1: Premature end of file.
2026-03-29 20:02:48,200 [ERROR] LogOutputStream:75 - [STDERR_REDIRECT] 
2026-03-29 20:02:49,196 [ERROR] LogOutputStream:75 - [STDERR_REDIRECT] [Fatal Error] :1:1: Premature end of file.
2026-03-29 20:02:49,197 [ERROR] LogOutputStream:75 - [STDERR_REDIRECT] 
2026-03-29 20:02:50,195 [ERROR] LogOutputStream:75 - [STDERR_REDIRECT] [Fatal Error] :1:1: Premature end of file.
2026-03-29 20:02:50,195 [ERROR] LogOutputStream:75 - [STDERR_REDIRECT] 
2026-03-29 20:02:51,185 [ERROR] LogOutputStream:75 - [STDERR_REDIRECT] [Fatal Error] :1:1: Premature end of file.
2026-03-29 20:02:51,185 [ERROR] LogOutputStream:75 - [STDERR_REDIRECT] 
2026-03-29 20:02:52,203 [ERROR] LogOutputStream:75 - [STDERR_REDIRECT] [Fatal Error] :1:1: Premature end of file.
2026-03-29 20:02:52,204 [ERROR] LogOutputStream:75 - [STDERR_REDIRECT] 
2026-03-29 20:02:53,190 [ERROR] LogOutputStream:75 - [STDERR_REDIRECT] [Fatal Error] :1:1: Premature end of file.
2026-03-29 20:02:53,191 [ERROR] LogOutputStream:75 - [STDERR_REDIRECT] 
2026-03-29 20:02:54,192 [ERROR] LogOutputStream:75 - [STDERR_REDIRECT] [Fatal Error] :1:1: Premature end of file.
2026-03-29 20:02:54,193 [ERROR] LogOutputStream:75 - [STDERR_REDIRECT] 
2026-03-29 20:02:55,201 [ERROR] LogOutputStream:75 - [STDERR_REDIRECT] [Fatal Error] :1:1: Premature end of file.
2026-03-29 20:02:55,201 [ERROR] LogOutputStream:75 - [STDERR_REDIRECT] 
2026-03-29 20:02:56,188 [ERROR] LogOutputStream:75 - [STDERR_REDIRECT] [Fatal Error] :1:1: Premature end of file.
2026-03-29 20:02:56,188 [ERROR] LogOutputStream:75 - [STDERR_REDIRECT] 
2026-03-29 20:02:57,195 [ERROR] LogOutputStream:75 - [STDERR_REDIRECT] [Fatal Error] :1:1: Premature end of file.
2026-03-29 20:02:57,195 [ERROR] LogOutputStream:75 - [STDERR_REDIRECT] 
2026-03-29 20:02:58,193 [ERROR] LogOutputStream:75 - [STDERR_REDIRECT] [Fatal Error] :1:1: Premature end of file.
2026-03-29 20:02:58,193 [ERROR] LogOutputStream:75 - [STDERR_REDIRECT] 
2026-03-29 20:02:59,193 [ERROR] LogOutputStream:75 - [STDERR_REDIRECT] [Fatal Error] :1:1: Premature end of file.
2026-03-29 20:02:59,193 [ERROR] LogOutputStream:75 - [STDERR_REDIRECT] 
2026-03-29 20:03:00,194 [ERROR] LogOutputStream:75 - [STDERR_REDIRECT] [Fatal Error] :1:1: Premature end of file.
2026-03-29 20:03:00,194 [ERROR] LogOutputStream:75 - [STDERR_REDIRECT] 
2026-03-29 20:03:01,199 [ERROR] LogOutputStream:75 - [STDERR_REDIRECT] [Fatal Error] :1:1: Premature end of file.
2026-03-29 20:03:01,199 [ERROR] LogOutputStream:75 - [STDERR_REDIRECT] 
2026-03-29 20:03:02,200 [ERROR] LogOutputStream:75 - [STDERR_REDIRECT] [Fatal Error] :1:1: Premature end of file.
2026-03-29 20:03:02,200 [ERROR] LogOutputStream:75 - [STDERR_REDIRECT] 
2026-03-29 20:03:03,193 [ERROR] LogOutputStream:75 - [STDERR_REDIRECT] [Fatal Error] :1:1: Premature end of file.
2026-03-29 20:03:03,193 [ERROR] LogOutputStream:75 - [STDERR_REDIRECT] 
2026-03-29 20:03:04,193 [ERROR] LogOutputStream:75 - [STDERR_REDIRECT] [Fatal Error] :1:1: Premature end of file.
2026-03-29 20:03:04,193 [ERROR] LogOutputStream:75 - [STDERR_REDIRECT] 
2026-03-29 20:03:05,196 [ERROR] LogOutputStream:75 - [STDERR_REDIRECT] [Fatal Error] :1:1: Premature end of file.
2026-03-29 20:03:05,196 [ERROR] LogOutputStream:75 - [STDERR_REDIRECT] 
2026-03-29 20:03:06,180 [ERROR] LogOutputStream:75 - [STDERR_REDIRECT] [Fatal Error] :1:1: Premature end of file.
2026-03-29 20:03:06,180 [ERROR] LogOutputStream:75 - [STDERR_REDIRECT] 
2026-03-29 20:03:07,196 [ERROR] LogOutputStream:75 - [STDERR_REDIRECT] [Fatal Error] :1:1: Premature end of file.
2026-03-29 20:03:07,196 [ERROR] LogOutputStream:75 - [STDERR_REDIRECT] 
2026-03-29 20:03:08,189 [ERROR] LogOutputStream:75 - [STDERR_REDIRECT] [Fatal Error] :1:1: Premature end of file.
2026-03-29 20:03:08,189 [ERROR] LogOutputStream:75 - [STDERR_REDIRECT] 
2026-03-29 20:03:09,192 [ERROR] LogOutputStream:75 - [STDERR_REDIRECT] [Fatal Error] :1:1: Premature end of file.
2026-03-29 20:03:09,192 [ERROR] LogOutputStream:75 - [STDERR_REDIRECT] 
2026-03-29 20:03:10,196 [ERROR] LogOutputStream:75 - [STDERR_REDIRECT] [Fatal Error] :1:1: Premature end of file.
2026-03-29 20:03:10,196 [ERROR] LogOutputStream:75 - [STDERR_REDIRECT] 
2026-03-29 20:03:11,193 [ERROR] LogOutputStream:75 - [STDERR_REDIRECT] [Fatal Error] :1:1: Premature end of file.
2026-03-29 20:03:11,193 [ERROR] LogOutputStream:75 - [STDERR_REDIRECT] 
2026-03-29 20:03:12,197 [ERROR] LogOutputStream:75 - [STDERR_REDIRECT] [Fatal Error] :1:1: Premature end of file.
2026-03-29 20:03:12,198 [ERROR] LogOutputStream:75 - [STDERR_REDIRECT] 
2026-03-29 20:03:13,191 [ERROR] LogOutputStream:75 - [STDERR_REDIRECT] [Fatal Error] :1:1: Premature end of file.
2026-03-29 20:03:13,191 [ERROR] LogOutputStream:75 - [STDERR_REDIRECT] 
2026-03-29 20:03:14,200 [ERROR] LogOutputStream:75 - [STDERR_REDIRECT] [Fatal Error] :1:1: Premature end of file.
2026-03-29 20:03:14,200 [ERROR] LogOutputStream:75 - [STDERR_REDIRECT] 
2026-03-29 20:03:15,195 [ERROR] LogOutputStream:75 - [STDERR_REDIRECT] [Fatal Error] :1:1: Premature end of file.
2026-03-29 20:03:15,195 [ERROR] LogOutputStream:75 - [STDERR_REDIRECT] 
2026-03-29 20:03:16,195 [ERROR] LogOutputStream:75 - [STDERR_REDIRECT] [Fatal Error] :1:1: Premature end of file.
2026-03-29 20:03:16,196 [ERROR] LogOutputStream:75 - [STDERR_REDIRECT] 
2026-03-29 20:03:17,189 [ERROR] LogOutputStream:75 - [STDERR_REDIRECT] [Fatal Error] :1:1: Premature end of file.
2026-03-29 20:03:17,189 [ERROR] LogOutputStream:75 - [STDERR_REDIRECT] 
2026-03-29 20:03:18,199 [ERROR] LogOutputStream:75 - [STDERR_REDIRECT] [Fatal Error] :1:1: Premature end of file.
2026-03-29 20:03:18,199 [ERROR] LogOutputStream:75 - [STDERR_REDIRECT] 
2026-03-29 20:03:19,188 [ERROR] LogOutputStream:75 - [STDERR_REDIRECT] [Fatal Error] :1:1: Premature end of file.
2026-03-29 20:03:19,188 [ERROR] LogOutputStream:75 - [STDERR_REDIRECT] 
2026-03-29 20:03:20,199 [ERROR] LogOutputStream:75 - [STDERR_REDIRECT] [Fatal Error] :1:1: Premature end of file.
2026-03-29 20:03:20,199 [ERROR] LogOutputStream:75 - [STDERR_REDIRECT] 
2026-03-29 20:03:21,190 [ERROR] LogOutputStream:75 - [STDERR_REDIRECT] [Fatal Error] :1:1: Premature end of file.
2026-03-29 20:03:21,190 [ERROR] LogOutputStream:75 - [STDERR_REDIRECT] 
2026-03-29 20:03:22,193 [ERROR] LogOutputStream:75 - [STDERR_REDIRECT] [Fatal Error] :1:1: Premature end of file.
2026-03-29 20:03:22,193 [ERROR] LogOutputStream:75 - [STDERR_REDIRECT] 
2026-03-29 20:03:23,192 [ERROR] LogOutputStream:75 - [STDERR_REDIRECT] [Fatal Error] :1:1: Premature end of file.
2026-03-29 20:03:23,192 [ERROR] LogOutputStream:75 - [STDERR_REDIRECT] 
2026-03-29 20:03:24,192 [ERROR] LogOutputStream:75 - [STDERR_REDIRECT] [Fatal Error] :1:1: Premature end of file.
2026-03-29 20:03:24,192 [ERROR] LogOutputStream:75 - [STDERR_REDIRECT] 
2026-03-29 20:03:25,194 [ERROR] LogOutputStream:75 - [STDERR_REDIRECT] [Fatal Error] :1:1: Premature end of file.
2026-03-29 20:03:25,194 [ERROR] LogOutputStream:75 - [STDERR_REDIRECT] 
2026-03-29 20:03:26,190 [ERROR] LogOutputStream:75 - [STDERR_REDIRECT] [Fatal Error] :1:1: Premature end of file.
2026-03-29 20:03:26,190 [ERROR] LogOutputStream:75 - [STDERR_REDIRECT] 
2026-03-29 20:03:27,204 [ERROR] LogOutputStream:75 - [STDERR_REDIRECT] [Fatal Error] :1:1: Premature end of file.
2026-03-29 20:03:27,205 [ERROR] LogOutputStream:75 - [STDERR_REDIRECT] 
2026-03-29 20:03:28,194 [ERROR] LogOutputStream:75 - [STDERR_REDIRECT] [Fatal Error] :1:1: Premature end of file.
2026-03-29 20:03:28,194 [ERROR] LogOutputStream:75 - [STDERR_REDIRECT] 
2026-03-29 20:03:29,200 [ERROR] LogOutputStream:75 - [STDERR_REDIRECT] [Fatal Error] :1:1: Premature end of file.
2026-03-29 20:03:29,200 [ERROR] LogOutputStream:75 - [STDERR_REDIRECT] 
2026-03-29 20:03:30,196 [ERROR] LogOutputStream:75 - [STDERR_REDIRECT] [Fatal Error] :1:1: Premature end of file.
2026-03-29 20:03:30,196 [ERROR] LogOutputStream:75 - [STDERR_REDIRECT] 
2026-03-29 20:03:31,197 [ERROR] LogOutputStream:75 - [STDERR_REDIRECT] [Fatal Error] :1:1: Premature end of file.
2026-03-29 20:03:31,197 [ERROR] LogOutputStream:75 - [STDERR_REDIRECT] 
2026-03-29 20:03:32,190 [ERROR] LogOutputStream:75 - [STDERR_REDIRECT] [Fatal Error] :1:1: Premature end of file.
2026-03-29 20:03:32,190 [ERROR] LogOutputStream:75 - [STDERR_REDIRECT] 
2026-03-29 20:03:33,195 [ERROR] LogOutputStream:75 - [STDERR_REDIRECT] [Fatal Error] :1:1: Premature end of file.
2026-03-29 20:03:33,195 [ERROR] LogOutputStream:75 - [STDERR_REDIRECT] 
2026-03-29 20:03:34,192 [ERROR] LogOutputStream:75 - [STDERR_REDIRECT] [Fatal Error] :1:1: Premature end of file.
2026-03-29 20:03:34,192 [ERROR] LogOutputStream:75 - [STDERR_REDIRECT] 
2026-03-29 20:03:35,191 [ERROR] LogOutputStream:75 - [STDERR_REDIRECT] [Fatal Error] :1:1: Premature end of file.
2026-03-29 20:03:35,191 [ERROR] LogOutputStream:75 - [STDERR_REDIRECT] 
2026-03-29 20:03:36,186 [ERROR] LogOutputStream:75 - [STDERR_REDIRECT] [Fatal Error] :1:1: Premature end of file.
2026-03-29 20:03:36,186 [ERROR] LogOutputStream:75 - [STDERR_REDIRECT] 
2026-03-29 20:03:37,197 [ERROR] LogOutputStream:75 - [STDERR_REDIRECT] [Fatal Error] :1:1: Premature end of file.
2026-03-29 20:03:37,197 [ERROR] LogOutputStream:75 - [STDERR_REDIRECT] 
2026-03-29 20:03:38,193 [ERROR] LogOutputStream:75 - [STDERR_REDIRECT] [Fatal Error] :1:1: Premature end of file.
2026-03-29 20:03:38,193 [ERROR] LogOutputStream:75 - [STDERR_REDIRECT] 
2026-03-29 20:03:39,194 [ERROR] LogOutputStream:75 - [STDERR_REDIRECT] [Fatal Error] :1:1: Premature end of file.
2026-03-29 20:03:39,194 [ERROR] LogOutputStream:75 - [STDERR_REDIRECT] 
2026-03-29 20:03:40,200 [ERROR] LogOutputStream:75 - [STDERR_REDIRECT] [Fatal Error] :1:1: Premature end of file.
2026-03-29 20:03:40,200 [ERROR] LogOutputStream:75 - [STDERR_REDIRECT] 
2026-03-29 20:03:41,191 [ERROR] LogOutputStream:75 - [STDERR_REDIRECT] [Fatal Error] :1:1: Premature end of file.
2026-03-29 20:03:41,191 [ERROR] LogOutputStream:75 - [STDERR_REDIRECT] 
2026-03-29 20:03:42,195 [ERROR] LogOutputStream:75 - [STDERR_REDIRECT] [Fatal Error] :1:1: Premature end of file.
2026-03-29 20:03:42,195 [ERROR] LogOutputStream:75 - [STDERR_REDIRECT] 
2026-03-29 20:03:43,198 [ERROR] LogOutputStream:75 - [STDERR_REDIRECT] [Fatal Error] :1:1: Premature end of file.
2026-03-29 20:03:43,198 [ERROR] LogOutputStream:75 - [STDERR_REDIRECT] 
2026-03-29 20:03:44,197 [ERROR] LogOutputStream:75 - [STDERR_REDIRECT] [Fatal Error] :1:1: Premature end of file.
2026-03-29 20:03:44,197 [ERROR] LogOutputStream:75 - [STDERR_REDIRECT] 
2026-03-29 20:03:45,191 [ERROR] LogOutputStream:75 - [STDERR_REDIRECT] [Fatal Error] :1:1: Premature end of file.
2026-03-29 20:03:45,191 [ERROR] LogOutputStream:75 - [STDERR_REDIRECT] 
2026-03-29 20:03:46,198 [ERROR] LogOutputStream:75 - [STDERR_REDIRECT] [Fatal Error] :1:1: Premature end of file.
2026-03-29 20:03:46,198 [ERROR] LogOutputStream:75 - [STDERR_REDIRECT] 
2026-03-29 20:03:47,194 [ERROR] LogOutputStream:75 - [STDERR_REDIRECT] [Fatal Error] :1:1: Premature end of file.
2026-03-29 20:03:47,194 [ERROR] LogOutputStream:75 - [STDERR_REDIRECT] 
2026-03-29 20:03:48,197 [ERROR] LogOutputStream:75 - [STDERR_REDIRECT] [Fatal Error] :1:1: Premature end of file.
2026-03-29 20:03:48,198 [ERROR] LogOutputStream:75 - [STDERR_REDIRECT] 
2026-03-29 20:03:49,193 [ERROR] LogOutputStream:75 - [STDERR_REDIRECT] [Fatal Error] :1:1: Premature end of file.
2026-03-29 20:03:49,193 [ERROR] LogOutputStream:75 - [STDERR_REDIRECT] 
2026-03-29 20:03:50,201 [ERROR] LogOutputStream:75 - [STDERR_REDIRECT] [Fatal Error] :1:1: Premature end of file.
2026-03-29 20:03:50,201 [ERROR] LogOutputStream:75 - [STDERR_REDIRECT] 
2026-03-29 20:03:51,194 [ERROR] LogOutputStream:75 - [STDERR_REDIRECT] [Fatal Error] :1:1: Premature end of file.
2026-03-29 20:03:51,194 [ERROR] LogOutputStream:75 - [STDERR_REDIRECT] 
2026-03-29 20:03:52,196 [ERROR] LogOutputStream:75 - [STDERR_REDIRECT] [Fatal Error] :1:1: Premature end of file.
2026-03-29 20:03:52,196 [ERROR] LogOutputStream:75 - [STDERR_REDIRECT] 
2026-03-29 20:03:53,192 [ERROR] LogOutputStream:75 - [STDERR_REDIRECT] [Fatal Error] :1:1: Premature end of file.
2026-03-29 20:03:53,192 [ERROR] LogOutputStream:75 - [STDERR_REDIRECT] 
2026-03-29 20:03:54,195 [ERROR] LogOutputStream:75 - [STDERR_REDIRECT] [Fatal Error] :1:1: Premature end of file.
2026-03-29 20:03:54,195 [ERROR] LogOutputStream:75 - [STDERR_REDIRECT] 
2026-03-29 20:03:55,193 [ERROR] LogOutputStream:75 - [STDERR_REDIRECT] [Fatal Error] :1:1: Premature end of file.
2026-03-29 20:03:55,193 [ERROR] LogOutputStream:75 - [STDERR_REDIRECT] 
2026-03-29 20:03:56,195 [ERROR] LogOutputStream:75 - [STDERR_REDIRECT] [Fatal Error] :1:1: Premature end of file.
2026-03-29 20:03:56,195 [ERROR] LogOutputStream:75 - [STDERR_REDIRECT] 
2026-03-29 20:03:57,193 [ERROR] LogOutputStream:75 - [STDERR_REDIRECT] [Fatal Error] :1:1: Premature end of file.
2026-03-29 20:03:57,193 [ERROR] LogOutputStream:75 - [STDERR_REDIRECT] 
2026-03-29 20:03:58,196 [ERROR] LogOutputStream:75 - [STDERR_REDIRECT] [Fatal Error] :1:1: Premature end of file.
2026-03-29 20:03:58,196 [ERROR] LogOutputStream:75 - [STDERR_REDIRECT] 
2026-03-29 20:03:59,198 [ERROR] LogOutputStream:75 - [STDERR_REDIRECT] [Fatal Error] :1:1: Premature end of file.
2026-03-29 20:03:59,200 [ERROR] LogOutputStream:75 - [STDERR_REDIRECT] 
2026-03-29 20:04:00,194 [ERROR] LogOutputStream:75 - [STDERR_REDIRECT] [Fatal Error] :1:1: Premature end of file.
2026-03-29 20:04:00,194 [ERROR] LogOutputStream:75 - [STDERR_REDIRECT] 
2026-03-29 20:04:01,199 [ERROR] LogOutputStream:75 - [STDERR_REDIRECT] [Fatal Error] :1:1: Premature end of file.
2026-03-29 20:04:01,200 [ERROR] LogOutputStream:75 - [STDERR_REDIRECT] 
2026-03-29 20:04:02,194 [ERROR] LogOutputStream:75 - [STDERR_REDIRECT] [Fatal Error] :1:1: Premature end of file.
2026-03-29 20:04:02,194 [ERROR] LogOutputStream:75 - [STDERR_REDIRECT] 
2026-03-29 20:04:03,193 [ERROR] LogOutputStream:75 - [STDERR_REDIRECT] [Fatal Error] :1:1: Premature end of file.
2026-03-29 20:04:03,193 [ERROR] LogOutputStream:75 - [STDERR_REDIRECT] 
2026-03-29 20:04:04,193 [ERROR] LogOutputStream:75 - [STDERR_REDIRECT] [Fatal Error] :1:1: Premature end of file.
2026-03-29 20:04:04,193 [ERROR] LogOutputStream:75 - [STDERR_REDIRECT] 
2026-03-29 20:04:05,200 [ERROR] LogOutputStream:75 - [STDERR_REDIRECT] [Fatal Error] :1:1: Premature end of file.
2026-03-29 20:04:05,200 [ERROR] LogOutputStream:75 - [STDERR_REDIRECT] 
2026-03-29 20:04:06,199 [ERROR] LogOutputStream:75 - [STDERR_REDIRECT] [Fatal Error] :1:1: Premature end of file.
2026-03-29 20:04:06,199 [ERROR] LogOutputStream:75 - [STDERR_REDIRECT] 
2026-03-29 20:04:07,194 [ERROR] LogOutputStream:75 - [STDERR_REDIRECT] [Fatal Error] :1:1: Premature end of file.
2026-03-29 20:04:07,194 [ERROR] LogOutputStream:75 - [STDERR_REDIRECT] 
2026-03-29 20:04:08,197 [ERROR] LogOutputStream:75 - [STDERR_REDIRECT] [Fatal Error] :1:1: Premature end of file.
2026-03-29 20:04:08,198 [ERROR] LogOutputStream:75 - [STDERR_REDIRECT] 
2026-03-29 20:04:09,201 [ERROR] LogOutputStream:75 - [STDERR_REDIRECT] [Fatal Error] :1:1: Premature end of file.
2026-03-29 20:04:09,201 [ERROR] LogOutputStream:75 - [STDERR_REDIRECT] 
2026-03-29 20:04:10,199 [ERROR] LogOutputStream:75 - [STDERR_REDIRECT] [Fatal Error] :1:1: Premature end of file.
2026-03-29 20:04:10,199 [ERROR] LogOutputStream:75 - [STDERR_REDIRECT] 
2026-03-29 20:04:11,190 [ERROR] LogOutputStream:75 - [STDERR_REDIRECT] [Fatal Error] :1:1: Premature end of file.
2026-03-29 20:04:11,190 [ERROR] LogOutputStream:75 - [STDERR_REDIRECT] 
2026-03-29 20:04:12,198 [ERROR] LogOutputStream:75 - [STDERR_REDIRECT] [Fatal Error] :1:1: Premature end of file.
2026-03-29 20:04:12,198 [ERROR] LogOutputStream:75 - [STDERR_REDIRECT] 
2026-03-29 20:04:13,186 [ERROR] LogOutputStream:75 - [STDERR_REDIRECT] [Fatal Error] :1:1: Premature end of file.
2026-03-29 20:04:13,186 [ERROR] LogOutputStream:75 - [STDERR_REDIRECT] 
2026-03-29 20:04:14,185 [ERROR] LogOutputStream:75 - [STDERR_REDIRECT] [Fatal Error] :1:1: Premature end of file.
2026-03-29 20:04:14,186 [ERROR] LogOutputStream:75 - [STDERR_REDIRECT] 
2026-03-29 20:04:15,191 [ERROR] LogOutputStream:75 - [STDERR_REDIRECT] [Fatal Error] :1:1: Premature end of file.
2026-03-29 20:04:15,191 [ERROR] LogOutputStream:75 - [STDERR_REDIRECT] 
2026-03-29 20:04:16,198 [ERROR] LogOutputStream:75 - [STDERR_REDIRECT] [Fatal Error] :1:1: Premature end of file.
2026-03-29 20:04:16,198 [ERROR] LogOutputStream:75 - [STDERR_REDIRECT] 
2026-03-29 20:04:17,197 [ERROR] LogOutputStream:75 - [STDERR_REDIRECT] [Fatal Error] :1:1: Premature end of file.
2026-03-29 20:04:17,197 [ERROR] LogOutputStream:75 - [STDERR_REDIRECT] 
2026-03-29 20:04:18,200 [ERROR] LogOutputStream:75 - [STDERR_REDIRECT] [Fatal Error] :1:1: Premature end of file.
2026-03-29 20:04:18,200 [ERROR] LogOutputStream:75 - [STDERR_REDIRECT] 
2026-03-29 20:04:19,192 [ERROR] LogOutputStream:75 - [STDERR_REDIRECT] [Fatal Error] :1:1: Premature end of file.
2026-03-29 20:04:19,192 [ERROR] LogOutputStream:75 - [STDERR_REDIRECT] 
2026-03-29 20:04:20,197 [ERROR] LogOutputStream:75 - [STDERR_REDIRECT] [Fatal Error] :1:1: Premature end of file.
2026-03-29 20:04:20,197 [ERROR] LogOutputStream:75 - [STDERR_REDIRECT] 
2026-03-29 20:04:21,196 [ERROR] LogOutputStream:75 - [STDERR_REDIRECT] [Fatal Error] :1:1: Premature end of file.
2026-03-29 20:04:21,197 [ERROR] LogOutputStream:75 - [STDERR_REDIRECT] 
2026-03-29 20:04:22,192 [ERROR] LogOutputStream:75 - [STDERR_REDIRECT] [Fatal Error] :1:1: Premature end of file.
2026-03-29 20:04:22,193 [ERROR] LogOutputStream:75 - [STDERR_REDIRECT] 
2026-03-29 20:04:23,187 [ERROR] LogOutputStream:75 - [STDERR_REDIRECT] [Fatal Error] :1:1: Premature end of file.
2026-03-29 20:04:23,187 [ERROR] LogOutputStream:75 - [STDERR_REDIRECT] 
2026-03-29 20:04:24,199 [ERROR] LogOutputStream:75 - [STDERR_REDIRECT] [Fatal Error] :1:1: Premature end of file.
2026-03-29 20:04:24,199 [ERROR] LogOutputStream:75 - [STDERR_REDIRECT] 
2026-03-29 20:04:25,197 [ERROR] LogOutputStream:75 - [STDERR_REDIRECT] [Fatal Error] :1:1: Premature end of file.
2026-03-29 20:04:25,197 [ERROR] LogOutputStream:75 - [STDERR_REDIRECT] 
2026-03-29 20:04:26,196 [ERROR] LogOutputStream:75 - [STDERR_REDIRECT] [Fatal Error] :1:1: Premature end of file.
2026-03-29 20:04:26,196 [ERROR] LogOutputStream:75 - [STDERR_REDIRECT] 
2026-03-29 20:04:27,206 [ERROR] LogOutputStream:75 - [STDERR_REDIRECT] [Fatal Error] :1:1: Premature end of file.
2026-03-29 20:04:27,206 [ERROR] LogOutputStream:75 - [STDERR_REDIRECT] 
2026-03-29 20:04:28,190 [ERROR] LogOutputStream:75 - [STDERR_REDIRECT] [Fatal Error] :1:1: Premature end of file.
2026-03-29 20:04:28,190 [ERROR] LogOutputStream:75 - [STDERR_REDIRECT] 
2026-03-29 20:04:29,201 [ERROR] LogOutputStream:75 - [STDERR_REDIRECT] [Fatal Error] :1:1: Premature end of file.
2026-03-29 20:04:29,201 [ERROR] LogOutputStream:75 - [STDERR_REDIRECT] 
2026-03-29 20:04:30,194 [ERROR] LogOutputStream:75 - [STDERR_REDIRECT] [Fatal Error] :1:1: Premature end of file.
2026-03-29 20:04:30,194 [ERROR] LogOutputStream:75 - [STDERR_REDIRECT] 
2026-03-29 20:04:31,199 [ERROR] LogOutputStream:75 - [STDERR_REDIRECT] [Fatal Error] :1:1: Premature end of file.
2026-03-29 20:04:31,199 [ERROR] LogOutputStream:75 - [STDERR_REDIRECT] 
2026-03-29 20:04:32,202 [ERROR] LogOutputStream:75 - [STDERR_REDIRECT] [Fatal Error] :1:1: Premature end of file.
2026-03-29 20:04:32,202 [ERROR] LogOutputStream:75 - [STDERR_REDIRECT] 
2026-03-29 20:04:33,197 [ERROR] LogOutputStream:75 - [STDERR_REDIRECT] [Fatal Error] :1:1: Premature end of file.
2026-03-29 20:04:33,198 [ERROR] LogOutputStream:75 - [STDERR_REDIRECT] 
2026-03-29 20:04:34,186 [ERROR] LogOutputStream:75 - [STDERR_REDIRECT] [Fatal Error] :1:1: Premature end of file.
2026-03-29 20:04:34,186 [ERROR] LogOutputStream:75 - [STDERR_REDIRECT] 
2026-03-29 20:04:35,190 [ERROR] LogOutputStream:75 - [STDERR_REDIRECT] [Fatal Error] :1:1: Premature end of file.
2026-03-29 20:04:35,190 [ERROR] LogOutputStream:75 - [STDERR_REDIRECT] 
2026-03-29 20:04:36,199 [ERROR] LogOutputStream:75 - [STDERR_REDIRECT] [Fatal Error] :1:1: Premature end of file.
2026-03-29 20:04:36,199 [ERROR] LogOutputStream:75 - [STDERR_REDIRECT] 
2026-03-29 20:04:37,197 [ERROR] LogOutputStream:75 - [STDERR_REDIRECT] [Fatal Error] :1:1: Premature end of file.
2026-03-29 20:04:37,197 [ERROR] LogOutputStream:75 - [STDERR_REDIRECT] 
2026-03-29 20:04:38,191 [ERROR] LogOutputStream:75 - [STDERR_REDIRECT] [Fatal Error] :1:1: Premature end of file.
2026-03-29 20:04:38,192 [ERROR] LogOutputStream:75 - [STDERR_REDIRECT] 
2026-03-29 20:04:39,195 [ERROR] LogOutputStream:75 - [STDERR_REDIRECT] [Fatal Error] :1:1: Premature end of file.
2026-03-29 20:04:39,195 [ERROR] LogOutputStream:75 - [STDERR_REDIRECT] 
2026-03-29 20:04:40,195 [ERROR] LogOutputStream:75 - [STDERR_REDIRECT] [Fatal Error] :1:1: Premature end of file.
2026-03-29 20:04:40,195 [ERROR] LogOutputStream:75 - [STDERR_REDIRECT] 
2026-03-29 20:04:41,192 [ERROR] LogOutputStream:75 - [STDERR_REDIRECT] [Fatal Error] :1:1: Premature end of file.
2026-03-29 20:04:41,192 [ERROR] LogOutputStream:75 - [STDERR_REDIRECT] 
2026-03-29 20:04:42,195 [ERROR] LogOutputStream:75 - [STDERR_REDIRECT] [Fatal Error] :1:1: Premature end of file.
2026-03-29 20:04:42,195 [ERROR] LogOutputStream:75 - [STDERR_REDIRECT] 
2026-03-29 20:04:43,197 [ERROR] LogOutputStream:75 - [STDERR_REDIRECT] [Fatal Error] :1:1: Premature end of file.
2026-03-29 20:04:43,197 [ERROR] LogOutputStream:75 - [STDERR_REDIRECT] 
2026-03-29 20:04:44,202 [ERROR] LogOutputStream:75 - [STDERR_REDIRECT] [Fatal Error] :1:1: Premature end of file.
2026-03-29 20:04:44,202 [ERROR] LogOutputStream:75 - [STDERR_REDIRECT] 
2026-03-29 20:04:45,201 [ERROR] LogOutputStream:75 - [STDERR_REDIRECT] [Fatal Error] :1:1: Premature end of file.
2026-03-29 20:04:45,201 [ERROR] LogOutputStream:75 - [STDERR_REDIRECT] 
2026-03-29 20:04:46,194 [ERROR] LogOutputStream:75 - [STDERR_REDIRECT] [Fatal Error] :1:1: Premature end of file.
2026-03-29 20:04:46,194 [ERROR] LogOutputStream:75 - [STDERR_REDIRECT] 
2026-03-29 20:04:47,203 [ERROR] LogOutputStream:75 - [STDERR_REDIRECT] [Fatal Error] :1:1: Premature end of file.
2026-03-29 20:04:47,203 [ERROR] LogOutputStream:75 - [STDERR_REDIRECT] 
2026-03-29 20:04:48,194 [ERROR] LogOutputStream:75 - [STDERR_REDIRECT] [Fatal Error] :1:1: Premature end of file.
2026-03-29 20:04:48,194 [ERROR] LogOutputStream:75 - [STDERR_REDIRECT] 
2026-03-29 20:04:49,190 [ERROR] LogOutputStream:75 - [STDERR_REDIRECT] [Fatal Error] :1:1: Premature end of file.
2026-03-29 20:04:49,190 [ERROR] LogOutputStream:75 - [STDERR_REDIRECT] 
2026-03-29 20:04:50,196 [ERROR] LogOutputStream:75 - [STDERR_REDIRECT] [Fatal Error] :1:1: Premature end of file.
2026-03-29 20:04:50,196 [ERROR] LogOutputStream:75 - [STDERR_REDIRECT] 
2026-03-29 20:04:51,186 [ERROR] LogOutputStream:75 - [STDERR_REDIRECT] [Fatal Error] :1:1: Premature end of file.
2026-03-29 20:04:51,186 [ERROR] LogOutputStream:75 - [STDERR_REDIRECT] 
2026-03-29 20:04:52,197 [ERROR] LogOutputStream:75 - [STDERR_REDIRECT] [Fatal Error] :1:1: Premature end of file.
2026-03-29 20:04:52,197 [ERROR] LogOutputStream:75 - [STDERR_REDIRECT] 
2026-03-29 20:04:53,188 [ERROR] LogOutputStream:75 - [STDERR_REDIRECT] [Fatal Error] :1:1: Premature end of file.
2026-03-29 20:04:53,188 [ERROR] LogOutputStream:75 - [STDERR_REDIRECT] 
2026-03-29 20:04:54,199 [ERROR] LogOutputStream:75 - [STDERR_REDIRECT] [Fatal Error] :1:1: Premature end of file.
2026-03-29 20:04:54,199 [ERROR] LogOutputStream:75 - [STDERR_REDIRECT] 
2026-03-29 20:04:55,196 [ERROR] LogOutputStream:75 - [STDERR_REDIRECT] [Fatal Error] :1:1: Premature end of file.
2026-03-29 20:04:55,196 [ERROR] LogOutputStream:75 - [STDERR_REDIRECT] 
2026-03-29 20:04:56,196 [ERROR] LogOutputStream:75 - [STDERR_REDIRECT] [Fatal Error] :1:1: Premature end of file.
2026-03-29 20:04:56,196 [ERROR] LogOutputStream:75 - [STDERR_REDIRECT] 
2026-03-29 20:04:57,193 [ERROR] LogOutputStream:75 - [STDERR_REDIRECT] [Fatal Error] :1:1: Premature end of file.
2026-03-29 20:04:57,193 [ERROR] LogOutputStream:75 - [STDERR_REDIRECT] 
2026-03-29 20:04:58,191 [ERROR] LogOutputStream:75 - [STDERR_REDIRECT] [Fatal Error] :1:1: Premature end of file.
2026-03-29 20:04:58,191 [ERROR] LogOutputStream:75 - [STDERR_REDIRECT] 
2026-03-29 20:04:59,187 [ERROR] LogOutputStream:75 - [STDERR_REDIRECT] [Fatal Error] :1:1: Premature end of file.
2026-03-29 20:04:59,187 [ERROR] LogOutputStream:75 - [STDERR_REDIRECT] 
2026-03-29 20:05:00,203 [ERROR] LogOutputStream:75 - [STDERR_REDIRECT] [Fatal Error] :1:1: Premature end of file.
2026-03-29 20:05:00,203 [ERROR] LogOutputStream:75 - [STDERR_REDIRECT] 
2026-03-29 20:05:01,197 [ERROR] LogOutputStream:75 - [STDERR_REDIRECT] [Fatal Error] :1:1: Premature end of file.
2026-03-29 20:05:01,198 [ERROR] LogOutputStream:75 - [STDERR_REDIRECT] 
2026-03-29 20:05:02,189 [ERROR] LogOutputStream:75 - [STDERR_REDIRECT] [Fatal Error] :1:1: Premature end of file.
2026-03-29 20:05:02,190 [ERROR] LogOutputStream:75 - [STDERR_REDIRECT] 
2026-03-29 20:05:03,192 [ERROR] LogOutputStream:75 - [STDERR_REDIRECT] [Fatal Error] :1:1: Premature end of file.
2026-03-29 20:05:03,192 [ERROR] LogOutputStream:75 - [STDERR_REDIRECT] 
2026-03-29 20:05:04,187 [ERROR] LogOutputStream:75 - [STDERR_REDIRECT] [Fatal Error] :1:1: Premature end of file.
2026-03-29 20:05:04,187 [ERROR] LogOutputStream:75 - [STDERR_REDIRECT] 
2026-03-29 20:05:05,202 [ERROR] LogOutputStream:75 - [STDERR_REDIRECT] [Fatal Error] :1:1: Premature end of file.
2026-03-29 20:05:05,203 [ERROR] LogOutputStream:75 - [STDERR_REDIRECT] 
2026-03-29 20:05:06,190 [ERROR] LogOutputStream:75 - [STDERR_REDIRECT] [Fatal Error] :1:1: Premature end of file.
2026-03-29 20:05:06,191 [ERROR] LogOutputStream:75 - [STDERR_REDIRECT] 
2026-03-29 20:05:07,194 [ERROR] LogOutputStream:75 - [STDERR_REDIRECT] [Fatal Error] :1:1: Premature end of file.
2026-03-29 20:05:07,194 [ERROR] LogOutputStream:75 - [STDERR_REDIRECT] 
2026-03-29 20:05:08,204 [ERROR] LogOutputStream:75 - [STDERR_REDIRECT] [Fatal Error] :1:1: Premature end of file.
2026-03-29 20:05:08,204 [ERROR] LogOutputStream:75 - [STDERR_REDIRECT] 
2026-03-29 20:05:09,203 [ERROR] LogOutputStream:75 - [STDERR_REDIRECT] [Fatal Error] :1:1: Premature end of file.
2026-03-29 20:05:09,203 [ERROR] LogOutputStream:75 - [STDERR_REDIRECT] 
2026-03-29 20:05:10,191 [ERROR] LogOutputStream:75 - [STDERR_REDIRECT] [Fatal Error] :1:1: Premature end of file.
2026-03-29 20:05:10,191 [ERROR] LogOutputStream:75 - [STDERR_REDIRECT] 
2026-03-29 20:05:11,198 [ERROR] LogOutputStream:75 - [STDERR_REDIRECT] [Fatal Error] :1:1: Premature end of file.
2026-03-29 20:05:11,198 [ERROR] LogOutputStream:75 - [STDERR_REDIRECT] 
2026-03-29 20:05:12,214 [ERROR] LogOutputStream:75 - [STDERR_REDIRECT] [Fatal Error] :1:1: Premature end of file.
2026-03-29 20:05:12,214 [ERROR] LogOutputStream:75 - [STDERR_REDIRECT] 
2026-03-29 20:05:13,193 [ERROR] LogOutputStream:75 - [STDERR_REDIRECT] [Fatal Error] :1:1: Premature end of file.
2026-03-29 20:05:13,193 [ERROR] LogOutputStream:75 - [STDERR_REDIRECT] 
2026-03-29 20:05:14,195 [ERROR] LogOutputStream:75 - [STDERR_REDIRECT] [Fatal Error] :1:1: Premature end of file.
2026-03-29 20:05:14,195 [ERROR] LogOutputStream:75 - [STDERR_REDIRECT] 
2026-03-29 20:05:15,194 [ERROR] LogOutputStream:75 - [STDERR_REDIRECT] [Fatal Error] :1:1: Premature end of file.
2026-03-29 20:05:15,194 [ERROR] LogOutputStream:75 - [STDERR_REDIRECT] 
2026-03-29 20:05:16,198 [ERROR] LogOutputStream:75 - [STDERR_REDIRECT] [Fatal Error] :1:1: Premature end of file.
2026-03-29 20:05:16,199 [ERROR] LogOutputStream:75 - [STDERR_REDIRECT] 
2026-03-29 20:05:17,194 [ERROR] LogOutputStream:75 - [STDERR_REDIRECT] [Fatal Error] :1:1: Premature end of file.
2026-03-29 20:05:17,194 [ERROR] LogOutputStream:75 - [STDERR_REDIRECT] 
2026-03-29 20:05:18,202 [ERROR] LogOutputStream:75 - [STDERR_REDIRECT] [Fatal Error] :1:1: Premature end of file.
2026-03-29 20:05:18,202 [ERROR] LogOutputStream:75 - [STDERR_REDIRECT] 
2026-03-29 20:05:19,195 [ERROR] LogOutputStream:75 - [STDERR_REDIRECT] [Fatal Error] :1:1: Premature end of file.
2026-03-29 20:05:19,195 [ERROR] LogOutputStream:75 - [STDERR_REDIRECT] 
2026-03-29 20:05:20,193 [ERROR] LogOutputStream:75 - [STDERR_REDIRECT] [Fatal Error] :1:1: Premature end of file.
2026-03-29 20:05:20,193 [ERROR] LogOutputStream:75 - [STDERR_REDIRECT] 
2026-03-29 20:05:21,200 [ERROR] LogOutputStream:75 - [STDERR_REDIRECT] [Fatal Error] :1:1: Premature end of file.
2026-03-29 20:05:21,200 [ERROR] LogOutputStream:75 - [STDERR_REDIRECT] 
2026-03-29 20:05:22,196 [ERROR] LogOutputStream:75 - [STDERR_REDIRECT] [Fatal Error] :1:1: Premature end of file.
2026-03-29 20:05:22,196 [ERROR] LogOutputStream:75 - [STDERR_REDIRECT] 
2026-03-29 20:05:23,188 [ERROR] LogOutputStream:75 - [STDERR_REDIRECT] [Fatal Error] :1:1: Premature end of file.
2026-03-29 20:05:23,188 [ERROR] LogOutputStream:75 - [STDERR_REDIRECT] 
2026-03-29 20:05:24,194 [ERROR] LogOutputStream:75 - [STDERR_REDIRECT] [Fatal Error] :1:1: Premature end of file.
2026-03-29 20:05:24,194 [ERROR] LogOutputStream:75 - [STDERR_REDIRECT] 
2026-03-29 20:05:25,195 [ERROR] LogOutputStream:75 - [STDERR_REDIRECT] [Fatal Error] :1:1: Premature end of file.
2026-03-29 20:05:25,195 [ERROR] LogOutputStream:75 - [STDERR_REDIRECT] 
2026-03-29 20:05:26,196 [ERROR] LogOutputStream:75 - [STDERR_REDIRECT] [Fatal Error] :1:1: Premature end of file.
2026-03-29 20:05:26,196 [ERROR] LogOutputStream:75 - [STDERR_REDIRECT] 
2026-03-29 20:05:27,198 [ERROR] LogOutputStream:75 - [STDERR_REDIRECT] [Fatal Error] :1:1: Premature end of file.
2026-03-29 20:05:27,198 [ERROR] LogOutputStream:75 - [STDERR_REDIRECT] 
2026-03-29 20:05:28,193 [ERROR] LogOutputStream:75 - [STDERR_REDIRECT] [Fatal Error] :1:1: Premature end of file.
2026-03-29 20:05:28,193 [ERROR] LogOutputStream:75 - [STDERR_REDIRECT] 
2026-03-29 20:05:29,200 [ERROR] LogOutputStream:75 - [STDERR_REDIRECT] [Fatal Error] :1:1: Premature end of file.
2026-03-29 20:05:29,200 [ERROR] LogOutputStream:75 - [STDERR_REDIRECT] 
2026-03-29 20:05:30,194 [ERROR] LogOutputStream:75 - [STDERR_REDIRECT] [Fatal Error] :1:1: Premature end of file.
2026-03-29 20:05:30,195 [ERROR] LogOutputStream:75 - [STDERR_REDIRECT] 
2026-03-29 20:05:31,202 [ERROR] LogOutputStream:75 - [STDERR_REDIRECT] [Fatal Error] :1:1: Premature end of file.
2026-03-29 20:05:31,202 [ERROR] LogOutputStream:75 - [STDERR_REDIRECT] 
2026-03-29 20:05:32,199 [ERROR] LogOutputStream:75 - [STDERR_REDIRECT] [Fatal Error] :1:1: Premature end of file.
2026-03-29 20:05:32,199 [ERROR] LogOutputStream:75 - [STDERR_REDIRECT] 
2026-03-29 20:05:33,191 [ERROR] LogOutputStream:75 - [STDERR_REDIRECT] [Fatal Error] :1:1: Premature end of file.
2026-03-29 20:05:33,191 [ERROR] LogOutputStream:75 - [STDERR_REDIRECT] 
2026-03-29 20:05:34,197 [ERROR] LogOutputStream:75 - [STDERR_REDIRECT] [Fatal Error] :1:1: Premature end of file.
2026-03-29 20:05:34,197 [ERROR] LogOutputStream:75 - [STDERR_REDIRECT] 
2026-03-29 20:05:35,191 [ERROR] LogOutputStream:75 - [STDERR_REDIRECT] [Fatal Error] :1:1: Premature end of file.
2026-03-29 20:05:35,192 [ERROR] LogOutputStream:75 - [STDERR_REDIRECT] 
2026-03-29 20:05:36,193 [ERROR] LogOutputStream:75 - [STDERR_REDIRECT] [Fatal Error] :1:1: Premature end of file.
2026-03-29 20:05:36,193 [ERROR] LogOutputStream:75 - [STDERR_REDIRECT] 
2026-03-29 20:05:37,194 [ERROR] LogOutputStream:75 - [STDERR_REDIRECT] [Fatal Error] :1:1: Premature end of file.
2026-03-29 20:05:37,195 [ERROR] LogOutputStream:75 - [STDERR_REDIRECT] 
2026-03-29 20:05:38,198 [ERROR] LogOutputStream:75 - [STDERR_REDIRECT] [Fatal Error] :1:1: Premature end of file.
2026-03-29 20:05:38,198 [ERROR] LogOutputStream:75 - [STDERR_REDIRECT] 
2026-03-29 20:05:39,199 [ERROR] LogOutputStream:75 - [STDERR_REDIRECT] [Fatal Error] :1:1: Premature end of file.
2026-03-29 20:05:39,199 [ERROR] LogOutputStream:75 - [STDERR_REDIRECT] 
2026-03-29 20:05:40,197 [ERROR] LogOutputStream:75 - [STDERR_REDIRECT] [Fatal Error] :1:1: Premature end of file.
2026-03-29 20:05:40,197 [ERROR] LogOutputStream:75 - [STDERR_REDIRECT] 
2026-03-29 20:05:41,203 [ERROR] LogOutputStream:75 - [STDERR_REDIRECT] [Fatal Error] :1:1: Premature end of file.
2026-03-29 20:05:41,203 [ERROR] LogOutputStream:75 - [STDERR_REDIRECT] 
2026-03-29 20:05:42,191 [ERROR] LogOutputStream:75 - [STDERR_REDIRECT] [Fatal Error] :1:1: Premature end of file.
2026-03-29 20:05:42,192 [ERROR] LogOutputStream:75 - [STDERR_REDIRECT] 
2026-03-29 20:05:43,194 [ERROR] LogOutputStream:75 - [STDERR_REDIRECT] [Fatal Error] :1:1: Premature end of file.
2026-03-29 20:05:43,194 [ERROR] LogOutputStream:75 - [STDERR_REDIRECT] 
2026-03-29 20:05:44,199 [ERROR] LogOutputStream:75 - [STDERR_REDIRECT] [Fatal Error] :1:1: Premature end of file.
2026-03-29 20:05:44,199 [ERROR] LogOutputStream:75 - [STDERR_REDIRECT] 
2026-03-29 20:05:45,196 [ERROR] LogOutputStream:75 - [STDERR_REDIRECT] [Fatal Error] :1:1: Premature end of file.
2026-03-29 20:05:45,196 [ERROR] LogOutputStream:75 - [STDERR_REDIRECT] 
2026-03-29 20:05:46,198 [ERROR] LogOutputStream:75 - [STDERR_REDIRECT] [Fatal Error] :1:1: Premature end of file.
2026-03-29 20:05:46,199 [ERROR] LogOutputStream:75 - [STDERR_REDIRECT] 
2026-03-29 20:05:47,199 [ERROR] LogOutputStream:75 - [STDERR_REDIRECT] [Fatal Error] :1:1: Premature end of file.
2026-03-29 20:05:47,199 [ERROR] LogOutputStream:75 - [STDERR_REDIRECT] 
2026-03-29 20:05:48,192 [ERROR] LogOutputStream:75 - [STDERR_REDIRECT] [Fatal Error] :1:1: Premature end of file.
2026-03-29 20:05:48,192 [ERROR] LogOutputStream:75 - [STDERR_REDIRECT] 
2026-03-29 20:05:49,195 [ERROR] LogOutputStream:75 - [STDERR_REDIRECT] [Fatal Error] :1:1: Premature end of file.
2026-03-29 20:05:49,195 [ERROR] LogOutputStream:75 - [STDERR_REDIRECT] 
2026-03-29 20:05:50,195 [ERROR] LogOutputStream:75 - [STDERR_REDIRECT] [Fatal Error] :1:1: Premature end of file.
2026-03-29 20:05:50,195 [ERROR] LogOutputStream:75 - [STDERR_REDIRECT] 
2026-03-29 20:05:51,195 [ERROR] LogOutputStream:75 - [STDERR_REDIRECT] [Fatal Error] :1:1: Premature end of file.
2026-03-29 20:05:51,196 [ERROR] LogOutputStream:75 - [STDERR_REDIRECT] 
2026-03-29 20:05:52,210 [ERROR] LogOutputStream:75 - [STDERR_REDIRECT] [Fatal Error] :1:1: Premature end of file.
2026-03-29 20:05:52,210 [ERROR] LogOutputStream:75 - [STDERR_REDIRECT] 
2026-03-29 20:05:53,193 [ERROR] LogOutputStream:75 - [STDERR_REDIRECT] [Fatal Error] :1:1: Premature end of file.
2026-03-29 20:05:53,193 [ERROR] LogOutputStream:75 - [STDERR_REDIRECT] 
2026-03-29 20:05:54,195 [ERROR] LogOutputStream:75 - [STDERR_REDIRECT] [Fatal Error] :1:1: Premature end of file.
2026-03-29 20:05:54,195 [ERROR] LogOutputStream:75 - [STDERR_REDIRECT] 
2026-03-29 20:05:55,192 [ERROR] LogOutputStream:75 - [STDERR_REDIRECT] [Fatal Error] :1:1: Premature end of file.
2026-03-29 20:05:55,192 [ERROR] LogOutputStream:75 - [STDERR_REDIRECT] 
2026-03-29 20:05:56,199 [ERROR] LogOutputStream:75 - [STDERR_REDIRECT] [Fatal Error] :1:1: Premature end of file.
2026-03-29 20:05:56,199 [ERROR] LogOutputStream:75 - [STDERR_REDIRECT] 
2026-03-29 20:05:57,196 [ERROR] LogOutputStream:75 - [STDERR_REDIRECT] [Fatal Error] :1:1: Premature end of file.
2026-03-29 20:05:57,196 [ERROR] LogOutputStream:75 - [STDERR_REDIRECT] 
2026-03-29 20:05:58,186 [ERROR] LogOutputStream:75 - [STDERR_REDIRECT] [Fatal Error] :1:1: Premature end of file.
2026-03-29 20:05:58,186 [ERROR] LogOutputStream:75 - [STDERR_REDIRECT] 
2026-03-29 20:05:59,186 [ERROR] LogOutputStream:75 - [STDERR_REDIRECT] [Fatal Error] :1:1: Premature end of file.
2026-03-29 20:05:59,187 [ERROR] LogOutputStream:75 - [STDERR_REDIRECT] 
2026-03-29 20:06:00,182 [ERROR] LogOutputStream:75 - [STDERR_REDIRECT] [Fatal Error] :1:1: Premature end of file.
2026-03-29 20:06:00,183 [ERROR] LogOutputStream:75 - [STDERR_REDIRECT] 
2026-03-29 20:06:01,183 [ERROR] LogOutputStream:75 - [STDERR_REDIRECT] [Fatal Error] :1:1: Premature end of file.
2026-03-29 20:06:01,183 [ERROR] LogOutputStream:75 - [STDERR_REDIRECT] 
2026-03-29 20:06:02,195 [ERROR] LogOutputStream:75 - [STDERR_REDIRECT] [Fatal Error] :1:1: Premature end of file.
2026-03-29 20:06:02,195 [ERROR] LogOutputStream:75 - [STDERR_REDIRECT] 
2026-03-29 20:06:03,201 [ERROR] LogOutputStream:75 - [STDERR_REDIRECT] [Fatal Error] :1:1: Premature end of file.
2026-03-29 20:06:03,201 [ERROR] LogOutputStream:75 - [STDERR_REDIRECT] 
2026-03-29 20:06:04,198 [ERROR] LogOutputStream:75 - [STDERR_REDIRECT] [Fatal Error] :1:1: Premature end of file.
2026-03-29 20:06:04,199 [ERROR] LogOutputStream:75 - [STDERR_REDIRECT] 
2026-03-29 20:06:05,193 [ERROR] LogOutputStream:75 - [STDERR_REDIRECT] [Fatal Error] :1:1: Premature end of file.
2026-03-29 20:06:05,193 [ERROR] LogOutputStream:75 - [STDERR_REDIRECT] 
2026-03-29 20:06:06,197 [ERROR] LogOutputStream:75 - [STDERR_REDIRECT] [Fatal Error] :1:1: Premature end of file.
2026-03-29 20:06:06,198 [ERROR] LogOutputStream:75 - [STDERR_REDIRECT] 
2026-03-29 20:06:07,185 [ERROR] LogOutputStream:75 - [STDERR_REDIRECT] [Fatal Error] :1:1: Premature end of file.
2026-03-29 20:06:07,185 [ERROR] LogOutputStream:75 - [STDERR_REDIRECT] 
2026-03-29 20:06:08,197 [ERROR] LogOutputStream:75 - [STDERR_REDIRECT] [Fatal Error] :1:1: Premature end of file.
2026-03-29 20:06:08,197 [ERROR] LogOutputStream:75 - [STDERR_REDIRECT] 
2026-03-29 20:06:09,193 [ERROR] LogOutputStream:75 - [STDERR_REDIRECT] [Fatal Error] :1:1: Premature end of file.
2026-03-29 20:06:09,193 [ERROR] LogOutputStream:75 - [STDERR_REDIRECT] 
2026-03-29 20:06:10,183 [ERROR] LogOutputStream:75 - [STDERR_REDIRECT] [Fatal Error] :1:1: Premature end of file.
2026-03-29 20:06:10,183 [ERROR] LogOutputStream:75 - [STDERR_REDIRECT] 
2026-03-29 20:06:11,199 [ERROR] LogOutputStream:75 - [STDERR_REDIRECT] [Fatal Error] :1:1: Premature end of file.
2026-03-29 20:06:11,200 [ERROR] LogOutputStream:75 - [STDERR_REDIRECT] 
2026-03-29 20:06:12,194 [ERROR] LogOutputStream:75 - [STDERR_REDIRECT] [Fatal Error] :1:1: Premature end of file.
2026-03-29 20:06:12,194 [ERROR] LogOutputStream:75 - [STDERR_REDIRECT] 
2026-03-29 20:06:13,199 [ERROR] LogOutputStream:75 - [STDERR_REDIRECT] [Fatal Error] :1:1: Premature end of file.
2026-03-29 20:06:13,199 [ERROR] LogOutputStream:75 - [STDERR_REDIRECT] 
2026-03-29 20:06:14,202 [ERROR] LogOutputStream:75 - [STDERR_REDIRECT] [Fatal Error] :1:1: Premature end of file.
2026-03-29 20:06:14,202 [ERROR] LogOutputStream:75 - [STDERR_REDIRECT] 
2026-03-29 20:06:15,192 [ERROR] LogOutputStream:75 - [STDERR_REDIRECT] [Fatal Error] :1:1: Premature end of file.
2026-03-29 20:06:15,192 [ERROR] LogOutputStream:75 - [STDERR_REDIRECT] 
2026-03-29 20:06:16,193 [ERROR] LogOutputStream:75 - [STDERR_REDIRECT] [Fatal Error] :1:1: Premature end of file.
2026-03-29 20:06:16,193 [ERROR] LogOutputStream:75 - [STDERR_REDIRECT] 
2026-03-29 20:06:17,193 [ERROR] LogOutputStream:75 - [STDERR_REDIRECT] [Fatal Error] :1:1: Premature end of file.
2026-03-29 20:06:17,194 [ERROR] LogOutputStream:75 - [STDERR_REDIRECT] 
2026-03-29 20:06:18,194 [ERROR] LogOutputStream:75 - [STDERR_REDIRECT] [Fatal Error] :1:1: Premature end of file.
2026-03-29 20:06:18,194 [ERROR] LogOutputStream:75 - [STDERR_REDIRECT] 
2026-03-29 20:06:19,195 [ERROR] LogOutputStream:75 - [STDERR_REDIRECT] [Fatal Error] :1:1: Premature end of file.
2026-03-29 20:06:19,196 [ERROR] LogOutputStream:75 - [STDERR_REDIRECT] 
2026-03-29 20:06:20,192 [ERROR] LogOutputStream:75 - [STDERR_REDIRECT] [Fatal Error] :1:1: Premature end of file.
2026-03-29 20:06:20,192 [ERROR] LogOutputStream:75 - [STDERR_REDIRECT] 
2026-03-29 20:06:21,199 [ERROR] LogOutputStream:75 - [STDERR_REDIRECT] [Fatal Error] :1:1: Premature end of file.
2026-03-29 20:06:21,200 [ERROR] LogOutputStream:75 - [STDERR_REDIRECT] 
2026-03-29 20:06:22,200 [ERROR] LogOutputStream:75 - [STDERR_REDIRECT] [Fatal Error] :1:1: Premature end of file.
2026-03-29 20:06:22,200 [ERROR] LogOutputStream:75 - [STDERR_REDIRECT] 
2026-03-29 20:06:23,198 [ERROR] LogOutputStream:75 - [STDERR_REDIRECT] [Fatal Error] :1:1: Premature end of file.
2026-03-29 20:06:23,198 [ERROR] LogOutputStream:75 - [STDERR_REDIRECT] 
2026-03-29 20:06:24,196 [ERROR] LogOutputStream:75 - [STDERR_REDIRECT] [Fatal Error] :1:1: Premature end of file.
2026-03-29 20:06:24,197 [ERROR] LogOutputStream:75 - [STDERR_REDIRECT] 
2026-03-29 20:06:25,196 [ERROR] LogOutputStream:75 - [STDERR_REDIRECT] [Fatal Error] :1:1: Premature end of file.
2026-03-29 20:06:25,196 [ERROR] LogOutputStream:75 - [STDERR_REDIRECT] 
2026-03-29 20:06:26,191 [ERROR] LogOutputStream:75 - [STDERR_REDIRECT] [Fatal Error] :1:1: Premature end of file.
2026-03-29 20:06:26,191 [ERROR] LogOutputStream:75 - [STDERR_REDIRECT] 
2026-03-29 20:06:27,197 [ERROR] LogOutputStream:75 - [STDERR_REDIRECT] [Fatal Error] :1:1: Premature end of file.
2026-03-29 20:06:27,197 [ERROR] LogOutputStream:75 - [STDERR_REDIRECT] 
2026-03-29 20:06:28,195 [ERROR] LogOutputStream:75 - [STDERR_REDIRECT] [Fatal Error] :1:1: Premature end of file.
2026-03-29 20:06:28,195 [ERROR] LogOutputStream:75 - [STDERR_REDIRECT] 
2026-03-29 20:06:29,194 [ERROR] LogOutputStream:75 - [STDERR_REDIRECT] [Fatal Error] :1:1: Premature end of file.
2026-03-29 20:06:29,194 [ERROR] LogOutputStream:75 - [STDERR_REDIRECT] 
2026-03-29 20:06:30,193 [ERROR] LogOutputStream:75 - [STDERR_REDIRECT] [Fatal Error] :1:1: Premature end of file.
2026-03-29 20:06:30,193 [ERROR] LogOutputStream:75 - [STDERR_REDIRECT] 
2026-03-29 20:06:31,199 [ERROR] LogOutputStream:75 - [STDERR_REDIRECT] [Fatal Error] :1:1: Premature end of file.
2026-03-29 20:06:31,199 [ERROR] LogOutputStream:75 - [STDERR_REDIRECT] 
2026-03-29 20:06:32,199 [ERROR] LogOutputStream:75 - [STDERR_REDIRECT] [Fatal Error] :1:1: Premature end of file.
2026-03-29 20:06:32,199 [ERROR] LogOutputStream:75 - [STDERR_REDIRECT] 
2026-03-29 20:06:33,196 [ERROR] LogOutputStream:75 - [STDERR_REDIRECT] [Fatal Error] :1:1: Premature end of file.
2026-03-29 20:06:33,196 [ERROR] LogOutputStream:75 - [STDERR_REDIRECT] 
2026-03-29 20:06:34,198 [ERROR] LogOutputStream:75 - [STDERR_REDIRECT] [Fatal Error] :1:1: Premature end of file.
2026-03-29 20:06:34,199 [ERROR] LogOutputStream:75 - [STDERR_REDIRECT] 
2026-03-29 20:06:35,197 [ERROR] LogOutputStream:75 - [STDERR_REDIRECT] [Fatal Error] :1:1: Premature end of file.
2026-03-29 20:06:35,198 [ERROR] LogOutputStream:75 - [STDERR_REDIRECT] 
2026-03-29 20:06:36,193 [ERROR] LogOutputStream:75 - [STDERR_REDIRECT] [Fatal Error] :1:1: Premature end of file.
2026-03-29 20:06:36,193 [ERROR] LogOutputStream:75 - [STDERR_REDIRECT] 
2026-03-29 20:06:37,193 [ERROR] LogOutputStream:75 - [STDERR_REDIRECT] [Fatal Error] :1:1: Premature end of file.
2026-03-29 20:06:37,193 [ERROR] LogOutputStream:75 - [STDERR_REDIRECT] 
2026-03-29 20:06:38,199 [ERROR] LogOutputStream:75 - [STDERR_REDIRECT] [Fatal Error] :1:1: Premature end of file.
2026-03-29 20:06:38,199 [ERROR] LogOutputStream:75 - [STDERR_REDIRECT] 
2026-03-29 20:06:39,192 [ERROR] LogOutputStream:75 - [STDERR_REDIRECT] [Fatal Error] :1:1: Premature end of file.
2026-03-29 20:06:39,192 [ERROR] LogOutputStream:75 - [STDERR_REDIRECT] 
2026-03-29 20:06:40,193 [ERROR] LogOutputStream:75 - [STDERR_REDIRECT] [Fatal Error] :1:1: Premature end of file.
2026-03-29 20:06:40,194 [ERROR] LogOutputStream:75 - [STDERR_REDIRECT] 
2026-03-29 20:06:41,197 [ERROR] LogOutputStream:75 - [STDERR_REDIRECT] [Fatal Error] :1:1: Premature end of file.
2026-03-29 20:06:41,198 [ERROR] LogOutputStream:75 - [STDERR_REDIRECT] 
2026-03-29 20:06:42,195 [ERROR] LogOutputStream:75 - [STDERR_REDIRECT] [Fatal Error] :1:1: Premature end of file.
2026-03-29 20:06:42,195 [ERROR] LogOutputStream:75 - [STDERR_REDIRECT] 
2026-03-29 20:06:43,191 [ERROR] LogOutputStream:75 - [STDERR_REDIRECT] [Fatal Error] :1:1: Premature end of file.
2026-03-29 20:06:43,192 [ERROR] LogOutputStream:75 - [STDERR_REDIRECT] 
2026-03-29 20:06:44,195 [ERROR] LogOutputStream:75 - [STDERR_REDIRECT] [Fatal Error] :1:1: Premature end of file.
2026-03-29 20:06:44,195 [ERROR] LogOutputStream:75 - [STDERR_REDIRECT] 
2026-03-29 20:06:45,198 [ERROR] LogOutputStream:75 - [STDERR_REDIRECT] [Fatal Error] :1:1: Premature end of file.
2026-03-29 20:06:45,198 [ERROR] LogOutputStream:75 - [STDERR_REDIRECT] 
2026-03-29 20:06:46,216 [ERROR] LogOutputStream:75 - [STDERR_REDIRECT] [Fatal Error] :1:1: Premature end of file.
2026-03-29 20:06:46,216 [ERROR] LogOutputStream:75 - [STDERR_REDIRECT] 
2026-03-29 20:06:47,196 [ERROR] LogOutputStream:75 - [STDERR_REDIRECT] [Fatal Error] :1:1: Premature end of file.
2026-03-29 20:06:47,197 [ERROR] LogOutputStream:75 - [STDERR_REDIRECT] 
2026-03-29 20:06:48,191 [ERROR] LogOutputStream:75 - [STDERR_REDIRECT] [Fatal Error] :1:1: Premature end of file.
2026-03-29 20:06:48,191 [ERROR] LogOutputStream:75 - [STDERR_REDIRECT] 
2026-03-29 20:06:49,201 [ERROR] LogOutputStream:75 - [STDERR_REDIRECT] [Fatal Error] :1:1: Premature end of file.
2026-03-29 20:06:49,201 [ERROR] LogOutputStream:75 - [STDERR_REDIRECT] 
2026-03-29 20:06:50,197 [ERROR] LogOutputStream:75 - [STDERR_REDIRECT] [Fatal Error] :1:1: Premature end of file.
2026-03-29 20:06:50,197 [ERROR] LogOutputStream:75 - [STDERR_REDIRECT] 
2026-03-29 20:06:51,180 [ERROR] LogOutputStream:75 - [STDERR_REDIRECT] [Fatal Error] :1:1: Premature end of file.
2026-03-29 20:06:51,185 [ERROR] LogOutputStream:75 - [STDERR_REDIRECT] 
2026-03-29 20:06:52,192 [ERROR] LogOutputStream:75 - [STDERR_REDIRECT] [Fatal Error] :1:1: Premature end of file.
2026-03-29 20:06:52,192 [ERROR] LogOutputStream:75 - [STDERR_REDIRECT] 
2026-03-29 20:06:53,200 [ERROR] LogOutputStream:75 - [STDERR_REDIRECT] [Fatal Error] :1:1: Premature end of file.
2026-03-29 20:06:53,201 [ERROR] LogOutputStream:75 - [STDERR_REDIRECT] 
2026-03-29 20:06:54,185 [ERROR] LogOutputStream:75 - [STDERR_REDIRECT] [Fatal Error] :1:1: Premature end of file.
2026-03-29 20:06:54,185 [ERROR] LogOutputStream:75 - [STDERR_REDIRECT] 
2026-03-29 20:06:55,187 [ERROR] LogOutputStream:75 - [STDERR_REDIRECT] [Fatal Error] :1:1: Premature end of file.
2026-03-29 20:06:55,187 [ERROR] LogOutputStream:75 - [STDERR_REDIRECT] 
2026-03-29 20:06:56,193 [ERROR] LogOutputStream:75 - [STDERR_REDIRECT] [Fatal Error] :1:1: Premature end of file.
2026-03-29 20:06:56,193 [ERROR] LogOutputStream:75 - [STDERR_REDIRECT] 
2026-03-29 20:06:57,191 [ERROR] LogOutputStream:75 - [STDERR_REDIRECT] [Fatal Error] :1:1: Premature end of file.
2026-03-29 20:06:57,191 [ERROR] LogOutputStream:75 - [STDERR_REDIRECT] 
2026-03-29 20:06:58,195 [ERROR] LogOutputStream:75 - [STDERR_REDIRECT] [Fatal Error] :1:1: Premature end of file.
2026-03-29 20:06:58,195 [ERROR] LogOutputStream:75 - [STDERR_REDIRECT] 
2026-03-29 20:06:59,198 [ERROR] LogOutputStream:75 - [STDERR_REDIRECT] [Fatal Error] :1:1: Premature end of file.
2026-03-29 20:06:59,198 [ERROR] LogOutputStream:75 - [STDERR_REDIRECT] 
2026-03-29 20:07:00,196 [ERROR] LogOutputStream:75 - [STDERR_REDIRECT] [Fatal Error] :1:1: Premature end of file.
2026-03-29 20:07:00,196 [ERROR] LogOutputStream:75 - [STDERR_REDIRECT] 
2026-03-29 20:07:01,196 [ERROR] LogOutputStream:75 - [STDERR_REDIRECT] [Fatal Error] :1:1: Premature end of file.
2026-03-29 20:07:01,196 [ERROR] LogOutputStream:75 - [STDERR_REDIRECT] 
2026-03-29 20:07:02,197 [ERROR] LogOutputStream:75 - [STDERR_REDIRECT] [Fatal Error] :1:1: Premature end of file.
2026-03-29 20:07:02,197 [ERROR] LogOutputStream:75 - [STDERR_REDIRECT] 
2026-03-29 20:07:03,201 [ERROR] LogOutputStream:75 - [STDERR_REDIRECT] [Fatal Error] :1:1: Premature end of file.
2026-03-29 20:07:03,201 [ERROR] LogOutputStream:75 - [STDERR_REDIRECT] 
2026-03-29 20:07:04,197 [ERROR] LogOutputStream:75 - [STDERR_REDIRECT] [Fatal Error] :1:1: Premature end of file.
2026-03-29 20:07:04,197 [ERROR] LogOutputStream:75 - [STDERR_REDIRECT] 
2026-03-29 20:07:05,204 [ERROR] LogOutputStream:75 - [STDERR_REDIRECT] [Fatal Error] :1:1: Premature end of file.
2026-03-29 20:07:05,204 [ERROR] LogOutputStream:75 - [STDERR_REDIRECT] 
2026-03-29 20:07:06,229 [ERROR] LogOutputStream:75 - [STDERR_REDIRECT] [Fatal Error] :1:1: Premature end of file.
2026-03-29 20:07:06,229 [ERROR] LogOutputStream:75 - [STDERR_REDIRECT] 
2026-03-29 20:07:07,188 [ERROR] LogOutputStream:75 - [STDERR_REDIRECT] [Fatal Error] :1:1: Premature end of file.
2026-03-29 20:07:07,189 [ERROR] LogOutputStream:75 - [STDERR_REDIRECT] 
2026-03-29 20:07:08,197 [ERROR] LogOutputStream:75 - [STDERR_REDIRECT] [Fatal Error] :1:1: Premature end of file.
2026-03-29 20:07:08,198 [ERROR] LogOutputStream:75 - [STDERR_REDIRECT] 
2026-03-29 20:07:09,201 [ERROR] LogOutputStream:75 - [STDERR_REDIRECT] [Fatal Error] :1:1: Premature end of file.
2026-03-29 20:07:09,201 [ERROR] LogOutputStream:75 - [STDERR_REDIRECT] 
2026-03-29 20:07:10,189 [ERROR] LogOutputStream:75 - [STDERR_REDIRECT] [Fatal Error] :1:1: Premature end of file.
2026-03-29 20:07:10,190 [ERROR] LogOutputStream:75 - [STDERR_REDIRECT] 
2026-03-29 20:07:11,204 [ERROR] LogOutputStream:75 - [STDERR_REDIRECT] [Fatal Error] :1:1: Premature end of file.
2026-03-29 20:07:11,205 [ERROR] LogOutputStream:75 - [STDERR_REDIRECT] 
2026-03-29 20:07:12,208 [ERROR] LogOutputStream:75 - [STDERR_REDIRECT] [Fatal Error] :1:1: Premature end of file.
2026-03-29 20:07:12,208 [ERROR] LogOutputStream:75 - [STDERR_REDIRECT] 
2026-03-29 20:07:13,199 [ERROR] LogOutputStream:75 - [STDERR_REDIRECT] [Fatal Error] :1:1: Premature end of file.
2026-03-29 20:07:13,199 [ERROR] LogOutputStream:75 - [STDERR_REDIRECT] 
2026-03-29 20:07:14,214 [ERROR] LogOutputStream:75 - [STDERR_REDIRECT] [Fatal Error] :1:1: Premature end of file.
2026-03-29 20:07:14,214 [ERROR] LogOutputStream:75 - [STDERR_REDIRECT] 
2026-03-29 20:07:15,190 [ERROR] LogOutputStream:75 - [STDERR_REDIRECT] [Fatal Error] :1:1: Premature end of file.
2026-03-29 20:07:15,191 [ERROR] LogOutputStream:75 - [STDERR_REDIRECT] 
2026-03-29 20:07:16,184 [ERROR] LogOutputStream:75 - [STDERR_REDIRECT] [Fatal Error] :1:1: Premature end of file.
2026-03-29 20:07:16,184 [ERROR] LogOutputStream:75 - [STDERR_REDIRECT] 
2026-03-29 20:07:17,194 [ERROR] LogOutputStream:75 - [STDERR_REDIRECT] [Fatal Error] :1:1: Premature end of file.
2026-03-29 20:07:17,194 [ERROR] LogOutputStream:75 - [STDERR_REDIRECT] 
2026-03-29 20:07:18,199 [ERROR] LogOutputStream:75 - [STDERR_REDIRECT] [Fatal Error] :1:1: Premature end of file.
2026-03-29 20:07:18,199 [ERROR] LogOutputStream:75 - [STDERR_REDIRECT] 
2026-03-29 20:07:19,218 [ERROR] LogOutputStream:75 - [STDERR_REDIRECT] [Fatal Error] :1:1: Premature end of file.
2026-03-29 20:07:19,218 [ERROR] LogOutputStream:75 - [STDERR_REDIRECT] 
2026-03-29 20:07:20,216 [ERROR] LogOutputStream:75 - [STDERR_REDIRECT] [Fatal Error] :1:1: Premature end of file.
2026-03-29 20:07:20,216 [ERROR] LogOutputStream:75 - [STDERR_REDIRECT] 
2026-03-29 20:07:21,197 [ERROR] LogOutputStream:75 - [STDERR_REDIRECT] [Fatal Error] :1:1: Premature end of file.
2026-03-29 20:07:21,197 [ERROR] LogOutputStream:75 - [STDERR_REDIRECT] 
2026-03-29 20:07:22,187 [ERROR] LogOutputStream:75 - [STDERR_REDIRECT] [Fatal Error] :1:1: Premature end of file.
2026-03-29 20:07:22,188 [ERROR] LogOutputStream:75 - [STDERR_REDIRECT] 
2026-03-29 20:07:23,209 [ERROR] LogOutputStream:75 - [STDERR_REDIRECT] [Fatal Error] :1:1: Premature end of file.
2026-03-29 20:07:23,209 [ERROR] LogOutputStream:75 - [STDERR_REDIRECT] 
2026-03-29 20:07:24,198 [ERROR] LogOutputStream:75 - [STDERR_REDIRECT] [Fatal Error] :1:1: Premature end of file.
2026-03-29 20:07:24,198 [ERROR] LogOutputStream:75 - [STDERR_REDIRECT] 
2026-03-29 20:07:25,196 [ERROR] LogOutputStream:75 - [STDERR_REDIRECT] [Fatal Error] :1:1: Premature end of file.
2026-03-29 20:07:25,197 [ERROR] LogOutputStream:75 - [STDERR_REDIRECT] 
2026-03-29 20:07:26,203 [ERROR] LogOutputStream:75 - [STDERR_REDIRECT] [Fatal Error] :1:1: Premature end of file.
2026-03-29 20:07:26,203 [ERROR] LogOutputStream:75 - [STDERR_REDIRECT] 
2026-03-29 20:07:27,200 [ERROR] LogOutputStream:75 - [STDERR_REDIRECT] [Fatal Error] :1:1: Premature end of file.
2026-03-29 20:07:27,201 [ERROR] LogOutputStream:75 - [STDERR_REDIRECT] 
2026-03-29 20:07:28,193 [ERROR] LogOutputStream:75 - [STDERR_REDIRECT] [Fatal Error] :1:1: Premature end of file.
2026-03-29 20:07:28,193 [ERROR] LogOutputStream:75 - [STDERR_REDIRECT] 
2026-03-29 20:07:29,212 [ERROR] LogOutputStream:75 - [STDERR_REDIRECT] [Fatal Error] :1:1: Premature end of file.
2026-03-29 20:07:29,213 [ERROR] LogOutputStream:75 - [STDERR_REDIRECT] 
2026-03-29 20:07:30,195 [ERROR] LogOutputStream:75 - [STDERR_REDIRECT] [Fatal Error] :1:1: Premature end of file.
2026-03-29 20:07:30,195 [ERROR] LogOutputStream:75 - [STDERR_REDIRECT] 
2026-03-29 20:07:31,198 [ERROR] LogOutputStream:75 - [STDERR_REDIRECT] [Fatal Error] :1:1: Premature end of file.
2026-03-29 20:07:31,199 [ERROR] LogOutputStream:75 - [STDERR_REDIRECT] 
2026-03-29 20:07:32,192 [ERROR] LogOutputStream:75 - [STDERR_REDIRECT] [Fatal Error] :1:1: Premature end of file.
2026-03-29 20:07:32,192 [ERROR] LogOutputStream:75 - [STDERR_REDIRECT] 
2026-03-29 20:07:33,190 [ERROR] LogOutputStream:75 - [STDERR_REDIRECT] [Fatal Error] :1:1: Premature end of file.
2026-03-29 20:07:33,190 [ERROR] LogOutputStream:75 - [STDERR_REDIRECT] 
2026-03-29 20:07:34,198 [ERROR] LogOutputStream:75 - [STDERR_REDIRECT] [Fatal Error] :1:1: Premature end of file.
2026-03-29 20:07:34,198 [ERROR] LogOutputStream:75 - [STDERR_REDIRECT] 
2026-03-29 20:07:35,194 [ERROR] LogOutputStream:75 - [STDERR_REDIRECT] [Fatal Error] :1:1: Premature end of file.
2026-03-29 20:07:35,194 [ERROR] LogOutputStream:75 - [STDERR_REDIRECT] 
2026-03-29 20:07:36,198 [ERROR] LogOutputStream:75 - [STDERR_REDIRECT] [Fatal Error] :1:1: Premature end of file.
2026-03-29 20:07:36,198 [ERROR] LogOutputStream:75 - [STDERR_REDIRECT] 
2026-03-29 20:07:37,194 [ERROR] LogOutputStream:75 - [STDERR_REDIRECT] [Fatal Error] :1:1: Premature end of file.
2026-03-29 20:07:37,194 [ERROR] LogOutputStream:75 - [STDERR_REDIRECT] 
2026-03-29 20:07:38,200 [ERROR] LogOutputStream:75 - [STDERR_REDIRECT] [Fatal Error] :1:1: Premature end of file.
2026-03-29 20:07:38,200 [ERROR] LogOutputStream:75 - [STDERR_REDIRECT] 
2026-03-29 20:07:39,282 [ERROR] LogOutputStream:75 - [STDERR_REDIRECT] [Fatal Error] :1:1: Premature end of file.
2026-03-29 20:07:39,282 [ERROR] LogOutputStream:75 - [STDERR_REDIRECT] 
2026-03-29 20:07:40,209 [ERROR] LogOutputStream:75 - [STDERR_REDIRECT] [Fatal Error] :1:1: Premature end of file.
2026-03-29 20:07:40,209 [ERROR] LogOutputStream:75 - [STDERR_REDIRECT] 
2026-03-29 20:07:41,188 [ERROR] LogOutputStream:75 - [STDERR_REDIRECT] [Fatal Error] :1:1: Premature end of file.
2026-03-29 20:07:41,188 [ERROR] LogOutputStream:75 - [STDERR_REDIRECT] 
2026-03-29 20:07:42,194 [ERROR] LogOutputStream:75 - [STDERR_REDIRECT] [Fatal Error] :1:1: Premature end of file.
2026-03-29 20:07:42,194 [ERROR] LogOutputStream:75 - [STDERR_REDIRECT] 
2026-03-29 20:07:43,190 [ERROR] LogOutputStream:75 - [STDERR_REDIRECT] [Fatal Error] :1:1: Premature end of file.
2026-03-29 20:07:43,190 [ERROR] LogOutputStream:75 - [STDERR_REDIRECT] 
2026-03-29 20:07:44,184 [ERROR] LogOutputStream:75 - [STDERR_REDIRECT] [Fatal Error] :1:1: Premature end of file.
2026-03-29 20:07:44,184 [ERROR] LogOutputStream:75 - [STDERR_REDIRECT] 
2026-03-29 20:07:45,213 [ERROR] LogOutputStream:75 - [STDERR_REDIRECT] [Fatal Error] :1:1: Premature end of file.
2026-03-29 20:07:45,213 [ERROR] LogOutputStream:75 - [STDERR_REDIRECT] 
2026-03-29 20:07:46,191 [ERROR] LogOutputStream:75 - [STDERR_REDIRECT] [Fatal Error] :1:1: Premature end of file.
2026-03-29 20:07:46,191 [ERROR] LogOutputStream:75 - [STDERR_REDIRECT] 
2026-03-29 20:07:47,195 [ERROR] LogOutputStream:75 - [STDERR_REDIRECT] [Fatal Error] :1:1: Premature end of file.
2026-03-29 20:07:47,195 [ERROR] LogOutputStream:75 - [STDERR_REDIRECT] 
2026-03-29 20:07:48,197 [ERROR] LogOutputStream:75 - [STDERR_REDIRECT] [Fatal Error] :1:1: Premature end of file.
2026-03-29 20:07:48,198 [ERROR] LogOutputStream:75 - [STDERR_REDIRECT] 
2026-03-29 20:07:49,199 [ERROR] LogOutputStream:75 - [STDERR_REDIRECT] [Fatal Error] :1:1: Premature end of file.
2026-03-29 20:07:49,199 [ERROR] LogOutputStream:75 - [STDERR_REDIRECT] 
2026-03-29 20:07:50,186 [ERROR] LogOutputStream:75 - [STDERR_REDIRECT] [Fatal Error] :1:1: Premature end of file.
2026-03-29 20:07:50,186 [ERROR] LogOutputStream:75 - [STDERR_REDIRECT] 
2026-03-29 20:07:51,193 [ERROR] LogOutputStream:75 - [STDERR_REDIRECT] [Fatal Error] :1:1: Premature end of file.
2026-03-29 20:07:51,193 [ERROR] LogOutputStream:75 - [STDERR_REDIRECT] 
2026-03-29 20:07:52,193 [ERROR] LogOutputStream:75 - [STDERR_REDIRECT] [Fatal Error] :1:1: Premature end of file.
2026-03-29 20:07:52,193 [ERROR] LogOutputStream:75 - [STDERR_REDIRECT] 
2026-03-29 20:07:53,194 [ERROR] LogOutputStream:75 - [STDERR_REDIRECT] [Fatal Error] :1:1: Premature end of file.
2026-03-29 20:07:53,194 [ERROR] LogOutputStream:75 - [STDERR_REDIRECT] 
2026-03-29 20:07:54,194 [ERROR] LogOutputStream:75 - [STDERR_REDIRECT] [Fatal Error] :1:1: Premature end of file.
2026-03-29 20:07:54,195 [ERROR] LogOutputStream:75 - [STDERR_REDIRECT] 
2026-03-29 20:07:55,190 [ERROR] LogOutputStream:75 - [STDERR_REDIRECT] [Fatal Error] :1:1: Premature end of file.
2026-03-29 20:07:55,191 [ERROR] LogOutputStream:75 - [STDERR_REDIRECT] 
2026-03-29 20:07:56,194 [ERROR] LogOutputStream:75 - [STDERR_REDIRECT] [Fatal Error] :1:1: Premature end of file.
2026-03-29 20:07:56,194 [ERROR] LogOutputStream:75 - [STDERR_REDIRECT] 
2026-03-29 20:07:57,195 [ERROR] LogOutputStream:75 - [STDERR_REDIRECT] [Fatal Error] :1:1: Premature end of file.
2026-03-29 20:07:57,195 [ERROR] LogOutputStream:75 - [STDERR_REDIRECT] 
2026-03-29 20:07:58,197 [ERROR] LogOutputStream:75 - [STDERR_REDIRECT] [Fatal Error] :1:1: Premature end of file.
2026-03-29 20:07:58,197 [ERROR] LogOutputStream:75 - [STDERR_REDIRECT] 
2026-03-29 20:07:59,197 [ERROR] LogOutputStream:75 - [STDERR_REDIRECT] [Fatal Error] :1:1: Premature end of file.
2026-03-29 20:07:59,197 [ERROR] LogOutputStream:75 - [STDERR_REDIRECT] 
2026-03-29 20:08:00,198 [ERROR] LogOutputStream:75 - [STDERR_REDIRECT] [Fatal Error] :1:1: Premature end of file.
2026-03-29 20:08:00,198 [ERROR] LogOutputStream:75 - [STDERR_REDIRECT] 
2026-03-29 20:08:01,192 [ERROR] LogOutputStream:75 - [STDERR_REDIRECT] [Fatal Error] :1:1: Premature end of file.
2026-03-29 20:08:01,192 [ERROR] LogOutputStream:75 - [STDERR_REDIRECT] 
2026-03-29 20:08:02,198 [ERROR] LogOutputStream:75 - [STDERR_REDIRECT] [Fatal Error] :1:1: Premature end of file.
2026-03-29 20:08:02,198 [ERROR] LogOutputStream:75 - [STDERR_REDIRECT] 
2026-03-29 20:08:03,197 [ERROR] LogOutputStream:75 - [STDERR_REDIRECT] [Fatal Error] :1:1: Premature end of file.
2026-03-29 20:08:03,197 [ERROR] LogOutputStream:75 - [STDERR_REDIRECT] 
2026-03-29 20:08:04,185 [ERROR] LogOutputStream:75 - [STDERR_REDIRECT] [Fatal Error] :1:1: Premature end of file.
2026-03-29 20:08:04,187 [ERROR] LogOutputStream:75 - [STDERR_REDIRECT] 
2026-03-29 20:08:05,197 [ERROR] LogOutputStream:75 - [STDERR_REDIRECT] [Fatal Error] :1:1: Premature end of file.
2026-03-29 20:08:05,197 [ERROR] LogOutputStream:75 - [STDERR_REDIRECT] 
2026-03-29 20:08:06,201 [ERROR] LogOutputStream:75 - [STDERR_REDIRECT] [Fatal Error] :1:1: Premature end of file.
2026-03-29 20:08:06,201 [ERROR] LogOutputStream:75 - [STDERR_REDIRECT] 
2026-03-29 20:08:07,195 [ERROR] LogOutputStream:75 - [STDERR_REDIRECT] [Fatal Error] :1:1: Premature end of file.
2026-03-29 20:08:07,195 [ERROR] LogOutputStream:75 - [STDERR_REDIRECT] 
2026-03-29 20:08:08,196 [ERROR] LogOutputStream:75 - [STDERR_REDIRECT] [Fatal Error] :1:1: Premature end of file.
2026-03-29 20:08:08,197 [ERROR] LogOutputStream:75 - [STDERR_REDIRECT] 
2026-03-29 20:08:09,193 [ERROR] LogOutputStream:75 - [STDERR_REDIRECT] [Fatal Error] :1:1: Premature end of file.
2026-03-29 20:08:09,193 [ERROR] LogOutputStream:75 - [STDERR_REDIRECT] 
2026-03-29 20:08:10,191 [ERROR] LogOutputStream:75 - [STDERR_REDIRECT] [Fatal Error] :1:1: Premature end of file.
2026-03-29 20:08:10,191 [ERROR] LogOutputStream:75 - [STDERR_REDIRECT] 
2026-03-29 20:08:11,194 [ERROR] LogOutputStream:75 - [STDERR_REDIRECT] [Fatal Error] :1:1: Premature end of file.
2026-03-29 20:08:11,194 [ERROR] LogOutputStream:75 - [STDERR_REDIRECT] 
2026-03-29 20:08:12,208 [ERROR] LogOutputStream:75 - [STDERR_REDIRECT] [Fatal Error] :1:1: Premature end of file.
2026-03-29 20:08:12,208 [ERROR] LogOutputStream:75 - [STDERR_REDIRECT] 
2026-03-29 20:08:13,224 [ERROR] LogOutputStream:75 - [STDERR_REDIRECT] [Fatal Error] :1:1: Premature end of file.
2026-03-29 20:08:13,224 [ERROR] LogOutputStream:75 - [STDERR_REDIRECT] 
2026-03-29 20:08:14,197 [ERROR] LogOutputStream:75 - [STDERR_REDIRECT] [Fatal Error] :1:1: Premature end of file.
2026-03-29 20:08:14,197 [ERROR] LogOutputStream:75 - [STDERR_REDIRECT] 
2026-03-29 20:08:15,206 [ERROR] LogOutputStream:75 - [STDERR_REDIRECT] [Fatal Error] :1:1: Premature end of file.
2026-03-29 20:08:15,206 [ERROR] LogOutputStream:75 - [STDERR_REDIRECT] 
2026-03-29 20:08:16,186 [ERROR] LogOutputStream:75 - [STDERR_REDIRECT] [Fatal Error] :1:1: Premature end of file.
2026-03-29 20:08:16,186 [ERROR] LogOutputStream:75 - [STDERR_REDIRECT] 
2026-03-29 20:08:17,194 [ERROR] LogOutputStream:75 - [STDERR_REDIRECT] [Fatal Error] :1:1: Premature end of file.
2026-03-29 20:08:17,195 [ERROR] LogOutputStream:75 - [STDERR_REDIRECT] 
2026-03-29 20:08:18,194 [ERROR] LogOutputStream:75 - [STDERR_REDIRECT] [Fatal Error] :1:1: Premature end of file.
2026-03-29 20:08:18,195 [ERROR] LogOutputStream:75 - [STDERR_REDIRECT] 
2026-03-29 20:08:19,184 [ERROR] LogOutputStream:75 - [STDERR_REDIRECT] [Fatal Error] :1:1: Premature end of file.
2026-03-29 20:08:19,184 [ERROR] LogOutputStream:75 - [STDERR_REDIRECT] 
2026-03-29 20:08:20,200 [ERROR] LogOutputStream:75 - [STDERR_REDIRECT] [Fatal Error] :1:1: Premature end of file.
2026-03-29 20:08:20,200 [ERROR] LogOutputStream:75 - [STDERR_REDIRECT] 
2026-03-29 20:08:21,198 [ERROR] LogOutputStream:75 - [STDERR_REDIRECT] [Fatal Error] :1:1: Premature end of file.
2026-03-29 20:08:21,198 [ERROR] LogOutputStream:75 - [STDERR_REDIRECT] 
2026-03-29 20:08:22,198 [ERROR] LogOutputStream:75 - [STDERR_REDIRECT] [Fatal Error] :1:1: Premature end of file.
2026-03-29 20:08:22,198 [ERROR] LogOutputStream:75 - [STDERR_REDIRECT] 
2026-03-29 20:08:23,194 [ERROR] LogOutputStream:75 - [STDERR_REDIRECT] [Fatal Error] :1:1: Premature end of file.
2026-03-29 20:08:23,194 [ERROR] LogOutputStream:75 - [STDERR_REDIRECT] 
2026-03-29 20:08:24,191 [ERROR] LogOutputStream:75 - [STDERR_REDIRECT] [Fatal Error] :1:1: Premature end of file.
2026-03-29 20:08:24,191 [ERROR] LogOutputStream:75 - [STDERR_REDIRECT] 
2026-03-29 20:08:25,206 [ERROR] LogOutputStream:75 - [STDERR_REDIRECT] [Fatal Error] :1:1: Premature end of file.
2026-03-29 20:08:25,207 [ERROR] LogOutputStream:75 - [STDERR_REDIRECT] 
2026-03-29 20:08:26,217 [ERROR] LogOutputStream:75 - [STDERR_REDIRECT] [Fatal Error] :1:1: Premature end of file.
2026-03-29 20:08:26,217 [ERROR] LogOutputStream:75 - [STDERR_REDIRECT] 
2026-03-29 20:08:27,197 [ERROR] LogOutputStream:75 - [STDERR_REDIRECT] [Fatal Error] :1:1: Premature end of file.
2026-03-29 20:08:27,197 [ERROR] LogOutputStream:75 - [STDERR_REDIRECT] 
2026-03-29 20:08:28,196 [ERROR] LogOutputStream:75 - [STDERR_REDIRECT] [Fatal Error] :1:1: Premature end of file.
2026-03-29 20:08:28,196 [ERROR] LogOutputStream:75 - [STDERR_REDIRECT] 
2026-03-29 20:08:29,203 [ERROR] LogOutputStream:75 - [STDERR_REDIRECT] [Fatal Error] :1:1: Premature end of file.
2026-03-29 20:08:29,203 [ERROR] LogOutputStream:75 - [STDERR_REDIRECT] 
2026-03-29 20:08:30,197 [ERROR] LogOutputStream:75 - [STDERR_REDIRECT] [Fatal Error] :1:1: Premature end of file.
2026-03-29 20:08:30,197 [ERROR] LogOutputStream:75 - [STDERR_REDIRECT] 
2026-03-29 20:08:31,200 [ERROR] LogOutputStream:75 - [STDERR_REDIRECT] [Fatal Error] :1:1: Premature end of file.
2026-03-29 20:08:31,200 [ERROR] LogOutputStream:75 - [STDERR_REDIRECT] 
2026-03-29 20:08:32,204 [ERROR] LogOutputStream:75 - [STDERR_REDIRECT] [Fatal Error] :1:1: Premature end of file.
2026-03-29 20:08:32,204 [ERROR] LogOutputStream:75 - [STDERR_REDIRECT] 
2026-03-29 20:08:33,184 [ERROR] LogOutputStream:75 - [STDERR_REDIRECT] [Fatal Error] :1:1: Premature end of file.
2026-03-29 20:08:33,185 [ERROR] LogOutputStream:75 - [STDERR_REDIRECT] 
2026-03-29 20:08:34,196 [ERROR] LogOutputStream:75 - [STDERR_REDIRECT] [Fatal Error] :1:1: Premature end of file.
2026-03-29 20:08:34,196 [ERROR] LogOutputStream:75 - [STDERR_REDIRECT] 
2026-03-29 20:08:35,197 [ERROR] LogOutputStream:75 - [STDERR_REDIRECT] [Fatal Error] :1:1: Premature end of file.
2026-03-29 20:08:35,197 [ERROR] LogOutputStream:75 - [STDERR_REDIRECT] 
2026-03-29 20:08:36,202 [ERROR] LogOutputStream:75 - [STDERR_REDIRECT] [Fatal Error] :1:1: Premature end of file.
2026-03-29 20:08:36,202 [ERROR] LogOutputStream:75 - [STDERR_REDIRECT] 
2026-03-29 20:08:37,192 [ERROR] LogOutputStream:75 - [STDERR_REDIRECT] [Fatal Error] :1:1: Premature end of file.
2026-03-29 20:08:37,192 [ERROR] LogOutputStream:75 - [STDERR_REDIRECT] 
2026-03-29 20:08:38,227 [ERROR] LogOutputStream:75 - [STDERR_REDIRECT] [Fatal Error] :1:1: Premature end of file.
2026-03-29 20:08:38,227 [ERROR] LogOutputStream:75 - [STDERR_REDIRECT] 
2026-03-29 20:08:39,193 [ERROR] LogOutputStream:75 - [STDERR_REDIRECT] [Fatal Error] :1:1: Premature end of file.
2026-03-29 20:08:39,193 [ERROR] LogOutputStream:75 - [STDERR_REDIRECT] 
2026-03-29 20:08:40,197 [ERROR] LogOutputStream:75 - [STDERR_REDIRECT] [Fatal Error] :1:1: Premature end of file.
2026-03-29 20:08:40,198 [ERROR] LogOutputStream:75 - [STDERR_REDIRECT] 
2026-03-29 20:08:41,195 [ERROR] LogOutputStream:75 - [STDERR_REDIRECT] [Fatal Error] :1:1: Premature end of file.
2026-03-29 20:08:41,196 [ERROR] LogOutputStream:75 - [STDERR_REDIRECT] 
2026-03-29 20:08:42,200 [ERROR] LogOutputStream:75 - [STDERR_REDIRECT] [Fatal Error] :1:1: Premature end of file.
2026-03-29 20:08:42,201 [ERROR] LogOutputStream:75 - [STDERR_REDIRECT] 
2026-03-29 20:08:43,191 [ERROR] LogOutputStream:75 - [STDERR_REDIRECT] [Fatal Error] :1:1: Premature end of file.
2026-03-29 20:08:43,191 [ERROR] LogOutputStream:75 - [STDERR_REDIRECT] 
2026-03-29 20:08:44,191 [ERROR] LogOutputStream:75 - [STDERR_REDIRECT] [Fatal Error] :1:1: Premature end of file.
2026-03-29 20:08:44,191 [ERROR] LogOutputStream:75 - [STDERR_REDIRECT] 
2026-03-29 20:08:45,194 [ERROR] LogOutputStream:75 - [STDERR_REDIRECT] [Fatal Error] :1:1: Premature end of file.
2026-03-29 20:08:45,194 [ERROR] LogOutputStream:75 - [STDERR_REDIRECT] 
2026-03-29 20:08:46,207 [ERROR] LogOutputStream:75 - [STDERR_REDIRECT] [Fatal Error] :1:1: Premature end of file.
2026-03-29 20:08:46,207 [ERROR] LogOutputStream:75 - [STDERR_REDIRECT] 
2026-03-29 20:08:47,183 [ERROR] LogOutputStream:75 - [STDERR_REDIRECT] [Fatal Error] :1:1: Premature end of file.
2026-03-29 20:08:47,183 [ERROR] LogOutputStream:75 - [STDERR_REDIRECT] 
2026-03-29 20:08:48,195 [ERROR] LogOutputStream:75 - [STDERR_REDIRECT] [Fatal Error] :1:1: Premature end of file.
2026-03-29 20:08:48,195 [ERROR] LogOutputStream:75 - [STDERR_REDIRECT] 
2026-03-29 20:08:49,202 [ERROR] LogOutputStream:75 - [STDERR_REDIRECT] [Fatal Error] :1:1: Premature end of file.
2026-03-29 20:08:49,202 [ERROR] LogOutputStream:75 - [STDERR_REDIRECT] 
2026-03-29 20:08:50,202 [ERROR] LogOutputStream:75 - [STDERR_REDIRECT] [Fatal Error] :1:1: Premature end of file.
2026-03-29 20:08:50,202 [ERROR] LogOutputStream:75 - [STDERR_REDIRECT] 
2026-03-29 20:08:51,203 [ERROR] LogOutputStream:75 - [STDERR_REDIRECT] [Fatal Error] :1:1: Premature end of file.
2026-03-29 20:08:51,203 [ERROR] LogOutputStream:75 - [STDERR_REDIRECT] 
2026-03-29 20:08:52,196 [ERROR] LogOutputStream:75 - [STDERR_REDIRECT] [Fatal Error] :1:1: Premature end of file.
2026-03-29 20:08:52,197 [ERROR] LogOutputStream:75 - [STDERR_REDIRECT] 
2026-03-29 20:08:53,208 [ERROR] LogOutputStream:75 - [STDERR_REDIRECT] [Fatal Error] :1:1: Premature end of file.
2026-03-29 20:08:53,208 [ERROR] LogOutputStream:75 - [STDERR_REDIRECT] 
2026-03-29 20:08:54,195 [ERROR] LogOutputStream:75 - [STDERR_REDIRECT] [Fatal Error] :1:1: Premature end of file.
2026-03-29 20:08:54,195 [ERROR] LogOutputStream:75 - [STDERR_REDIRECT] 
2026-03-29 20:08:55,205 [ERROR] LogOutputStream:75 - [STDERR_REDIRECT] [Fatal Error] :1:1: Premature end of file.
2026-03-29 20:08:55,206 [ERROR] LogOutputStream:75 - [STDERR_REDIRECT] 
2026-03-29 20:08:56,205 [ERROR] LogOutputStream:75 - [STDERR_REDIRECT] [Fatal Error] :1:1: Premature end of file.
2026-03-29 20:08:56,205 [ERROR] LogOutputStream:75 - [STDERR_REDIRECT] 
2026-03-29 20:08:57,200 [ERROR] LogOutputStream:75 - [STDERR_REDIRECT] [Fatal Error] :1:1: Premature end of file.
2026-03-29 20:08:57,200 [ERROR] LogOutputStream:75 - [STDERR_REDIRECT] 
2026-03-29 20:08:58,195 [ERROR] LogOutputStream:75 - [STDERR_REDIRECT] [Fatal Error] :1:1: Premature end of file.
2026-03-29 20:08:58,195 [ERROR] LogOutputStream:75 - [STDERR_REDIRECT] 
2026-03-29 20:08:59,195 [ERROR] LogOutputStream:75 - [STDERR_REDIRECT] [Fatal Error] :1:1: Premature end of file.
2026-03-29 20:08:59,195 [ERROR] LogOutputStream:75 - [STDERR_REDIRECT] 
2026-03-29 20:09:00,201 [ERROR] LogOutputStream:75 - [STDERR_REDIRECT] [Fatal Error] :1:1: Premature end of file.
2026-03-29 20:09:00,201 [ERROR] LogOutputStream:75 - [STDERR_REDIRECT] 
2026-03-29 20:09:01,200 [ERROR] LogOutputStream:75 - [STDERR_REDIRECT] [Fatal Error] :1:1: Premature end of file.
2026-03-29 20:09:01,200 [ERROR] LogOutputStream:75 - [STDERR_REDIRECT] 
2026-03-29 20:09:02,200 [ERROR] LogOutputStream:75 - [STDERR_REDIRECT] [Fatal Error] :1:1: Premature end of file.
2026-03-29 20:09:02,200 [ERROR] LogOutputStream:75 - [STDERR_REDIRECT] 
2026-03-29 20:09:03,203 [ERROR] LogOutputStream:75 - [STDERR_REDIRECT] [Fatal Error] :1:1: Premature end of file.
2026-03-29 20:09:03,203 [ERROR] LogOutputStream:75 - [STDERR_REDIRECT] 
2026-03-29 20:09:04,197 [ERROR] LogOutputStream:75 - [STDERR_REDIRECT] [Fatal Error] :1:1: Premature end of file.
2026-03-29 20:09:04,197 [ERROR] LogOutputStream:75 - [STDERR_REDIRECT] 
2026-03-29 20:09:05,195 [ERROR] LogOutputStream:75 - [STDERR_REDIRECT] [Fatal Error] :1:1: Premature end of file.
2026-03-29 20:09:05,195 [ERROR] LogOutputStream:75 - [STDERR_REDIRECT] 
2026-03-29 20:09:06,201 [ERROR] LogOutputStream:75 - [STDERR_REDIRECT] [Fatal Error] :1:1: Premature end of file.
2026-03-29 20:09:06,201 [ERROR] LogOutputStream:75 - [STDERR_REDIRECT] 
2026-03-29 20:09:07,194 [ERROR] LogOutputStream:75 - [STDERR_REDIRECT] [Fatal Error] :1:1: Premature end of file.
2026-03-29 20:09:07,195 [ERROR] LogOutputStream:75 - [STDERR_REDIRECT] 
2026-03-29 20:09:08,195 [ERROR] LogOutputStream:75 - [STDERR_REDIRECT] [Fatal Error] :1:1: Premature end of file.
2026-03-29 20:09:08,195 [ERROR] LogOutputStream:75 - [STDERR_REDIRECT] 
2026-03-29 20:09:09,204 [ERROR] LogOutputStream:75 - [STDERR_REDIRECT] [Fatal Error] :1:1: Premature end of file.
2026-03-29 20:09:09,204 [ERROR] LogOutputStream:75 - [STDERR_REDIRECT] 
2026-03-29 20:09:10,198 [ERROR] LogOutputStream:75 - [STDERR_REDIRECT] [Fatal Error] :1:1: Premature end of file.
2026-03-29 20:09:10,199 [ERROR] LogOutputStream:75 - [STDERR_REDIRECT] 
2026-03-29 20:09:11,195 [ERROR] LogOutputStream:75 - [STDERR_REDIRECT] [Fatal Error] :1:1: Premature end of file.
2026-03-29 20:09:11,196 [ERROR] LogOutputStream:75 - [STDERR_REDIRECT] 
2026-03-29 20:09:12,195 [ERROR] LogOutputStream:75 - [STDERR_REDIRECT] [Fatal Error] :1:1: Premature end of file.
2026-03-29 20:09:12,196 [ERROR] LogOutputStream:75 - [STDERR_REDIRECT] 
2026-03-29 20:09:13,188 [ERROR] LogOutputStream:75 - [STDERR_REDIRECT] [Fatal Error] :1:1: Premature end of file.
2026-03-29 20:09:13,189 [ERROR] LogOutputStream:75 - [STDERR_REDIRECT] 
2026-03-29 20:09:14,203 [ERROR] LogOutputStream:75 - [STDERR_REDIRECT] [Fatal Error] :1:1: Premature end of file.
2026-03-29 20:09:14,203 [ERROR] LogOutputStream:75 - [STDERR_REDIRECT] 
2026-03-29 20:09:15,197 [ERROR] LogOutputStream:75 - [STDERR_REDIRECT] [Fatal Error] :1:1: Premature end of file.
2026-03-29 20:09:15,197 [ERROR] LogOutputStream:75 - [STDERR_REDIRECT] 
2026-03-29 20:09:16,190 [ERROR] LogOutputStream:75 - [STDERR_REDIRECT] [Fatal Error] :1:1: Premature end of file.
2026-03-29 20:09:16,190 [ERROR] LogOutputStream:75 - [STDERR_REDIRECT] 
2026-03-29 20:09:17,190 [ERROR] LogOutputStream:75 - [STDERR_REDIRECT] [Fatal Error] :1:1: Premature end of file.
2026-03-29 20:09:17,190 [ERROR] LogOutputStream:75 - [STDERR_REDIRECT] 
2026-03-29 20:09:18,195 [ERROR] LogOutputStream:75 - [STDERR_REDIRECT] [Fatal Error] :1:1: Premature end of file.
2026-03-29 20:09:18,195 [ERROR] LogOutputStream:75 - [STDERR_REDIRECT] 
2026-03-29 20:09:19,192 [ERROR] LogOutputStream:75 - [STDERR_REDIRECT] [Fatal Error] :1:1: Premature end of file.
2026-03-29 20:09:19,192 [ERROR] LogOutputStream:75 - [STDERR_REDIRECT] 
2026-03-29 20:09:20,193 [ERROR] LogOutputStream:75 - [STDERR_REDIRECT] [Fatal Error] :1:1: Premature end of file.
2026-03-29 20:09:20,193 [ERROR] LogOutputStream:75 - [STDERR_REDIRECT] 
2026-03-29 20:09:21,201 [ERROR] LogOutputStream:75 - [STDERR_REDIRECT] [Fatal Error] :1:1: Premature end of file.
2026-03-29 20:09:21,201 [ERROR] LogOutputStream:75 - [STDERR_REDIRECT] 
2026-03-29 20:09:22,197 [ERROR] LogOutputStream:75 - [STDERR_REDIRECT] [Fatal Error] :1:1: Premature end of file.
2026-03-29 20:09:22,197 [ERROR] LogOutputStream:75 - [STDERR_REDIRECT] 
2026-03-29 20:09:23,200 [ERROR] LogOutputStream:75 - [STDERR_REDIRECT] [Fatal Error] :1:1: Premature end of file.
2026-03-29 20:09:23,201 [ERROR] LogOutputStream:75 - [STDERR_REDIRECT] 
2026-03-29 20:09:24,197 [ERROR] LogOutputStream:75 - [STDERR_REDIRECT] [Fatal Error] :1:1: Premature end of file.
2026-03-29 20:09:24,197 [ERROR] LogOutputStream:75 - [STDERR_REDIRECT] 
2026-03-29 20:09:25,196 [ERROR] LogOutputStream:75 - [STDERR_REDIRECT] [Fatal Error] :1:1: Premature end of file.
2026-03-29 20:09:25,196 [ERROR] LogOutputStream:75 - [STDERR_REDIRECT] 
2026-03-29 20:09:26,199 [ERROR] LogOutputStream:75 - [STDERR_REDIRECT] [Fatal Error] :1:1: Premature end of file.
2026-03-29 20:09:26,199 [ERROR] LogOutputStream:75 - [STDERR_REDIRECT] 
2026-03-29 20:09:27,194 [ERROR] LogOutputStream:75 - [STDERR_REDIRECT] [Fatal Error] :1:1: Premature end of file.
2026-03-29 20:09:27,195 [ERROR] LogOutputStream:75 - [STDERR_REDIRECT] 
2026-03-29 20:09:28,198 [ERROR] LogOutputStream:75 - [STDERR_REDIRECT] [Fatal Error] :1:1: Premature end of file.
2026-03-29 20:09:28,198 [ERROR] LogOutputStream:75 - [STDERR_REDIRECT] 
2026-03-29 20:09:29,197 [ERROR] LogOutputStream:75 - [STDERR_REDIRECT] [Fatal Error] :1:1: Premature end of file.
2026-03-29 20:09:29,197 [ERROR] LogOutputStream:75 - [STDERR_REDIRECT] 
2026-03-29 20:09:30,196 [ERROR] LogOutputStream:75 - [STDERR_REDIRECT] [Fatal Error] :1:1: Premature end of file.
2026-03-29 20:09:30,196 [ERROR] LogOutputStream:75 - [STDERR_REDIRECT] 
2026-03-29 20:09:31,207 [ERROR] LogOutputStream:75 - [STDERR_REDIRECT] [Fatal Error] :1:1: Premature end of file.
2026-03-29 20:09:31,207 [ERROR] LogOutputStream:75 - [STDERR_REDIRECT] 
2026-03-29 20:09:32,200 [ERROR] LogOutputStream:75 - [STDERR_REDIRECT] [Fatal Error] :1:1: Premature end of file.
2026-03-29 20:09:32,200 [ERROR] LogOutputStream:75 - [STDERR_REDIRECT] 
2026-03-29 20:09:33,199 [ERROR] LogOutputStream:75 - [STDERR_REDIRECT] [Fatal Error] :1:1: Premature end of file.
2026-03-29 20:09:33,199 [ERROR] LogOutputStream:75 - [STDERR_REDIRECT] 
2026-03-29 20:09:34,205 [ERROR] LogOutputStream:75 - [STDERR_REDIRECT] [Fatal Error] :1:1: Premature end of file.
2026-03-29 20:09:34,205 [ERROR] LogOutputStream:75 - [STDERR_REDIRECT] 
2026-03-29 20:09:35,195 [ERROR] LogOutputStream:75 - [STDERR_REDIRECT] [Fatal Error] :1:1: Premature end of file.
2026-03-29 20:09:35,195 [ERROR] LogOutputStream:75 - [STDERR_REDIRECT] 
2026-03-29 20:09:36,191 [ERROR] LogOutputStream:75 - [STDERR_REDIRECT] [Fatal Error] :1:1: Premature end of file.
2026-03-29 20:09:36,191 [ERROR] LogOutputStream:75 - [STDERR_REDIRECT] 
2026-03-29 20:09:37,197 [ERROR] LogOutputStream:75 - [STDERR_REDIRECT] [Fatal Error] :1:1: Premature end of file.
2026-03-29 20:09:37,197 [ERROR] LogOutputStream:75 - [STDERR_REDIRECT] 
2026-03-29 20:09:38,195 [ERROR] LogOutputStream:75 - [STDERR_REDIRECT] [Fatal Error] :1:1: Premature end of file.
2026-03-29 20:09:38,195 [ERROR] LogOutputStream:75 - [STDERR_REDIRECT] 
2026-03-29 20:09:39,195 [ERROR] LogOutputStream:75 - [STDERR_REDIRECT] [Fatal Error] :1:1: Premature end of file.
2026-03-29 20:09:39,195 [ERROR] LogOutputStream:75 - [STDERR_REDIRECT] 
2026-03-29 20:09:40,200 [ERROR] LogOutputStream:75 - [STDERR_REDIRECT] [Fatal Error] :1:1: Premature end of file.
2026-03-29 20:09:40,200 [ERROR] LogOutputStream:75 - [STDERR_REDIRECT] 
2026-03-29 20:09:41,205 [ERROR] LogOutputStream:75 - [STDERR_REDIRECT] [Fatal Error] :1:1: Premature end of file.
2026-03-29 20:09:41,205 [ERROR] LogOutputStream:75 - [STDERR_REDIRECT] 
2026-03-29 20:09:42,199 [ERROR] LogOutputStream:75 - [STDERR_REDIRECT] [Fatal Error] :1:1: Premature end of file.
2026-03-29 20:09:42,199 [ERROR] LogOutputStream:75 - [STDERR_REDIRECT] 
2026-03-29 20:09:43,195 [ERROR] LogOutputStream:75 - [STDERR_REDIRECT] [Fatal Error] :1:1: Premature end of file.
2026-03-29 20:09:43,196 [ERROR] LogOutputStream:75 - [STDERR_REDIRECT] 
2026-03-29 20:09:44,191 [ERROR] LogOutputStream:75 - [STDERR_REDIRECT] [Fatal Error] :1:1: Premature end of file.
2026-03-29 20:09:44,191 [ERROR] LogOutputStream:75 - [STDERR_REDIRECT] 
2026-03-29 20:09:45,196 [ERROR] LogOutputStream:75 - [STDERR_REDIRECT] [Fatal Error] :1:1: Premature end of file.
2026-03-29 20:09:45,197 [ERROR] LogOutputStream:75 - [STDERR_REDIRECT] 
2026-03-29 20:09:46,194 [ERROR] LogOutputStream:75 - [STDERR_REDIRECT] [Fatal Error] :1:1: Premature end of file.
2026-03-29 20:09:46,194 [ERROR] LogOutputStream:75 - [STDERR_REDIRECT] 
2026-03-29 20:09:47,201 [ERROR] LogOutputStream:75 - [STDERR_REDIRECT] [Fatal Error] :1:1: Premature end of file.
2026-03-29 20:09:47,201 [ERROR] LogOutputStream:75 - [STDERR_REDIRECT] 
2026-03-29 20:09:48,200 [ERROR] LogOutputStream:75 - [STDERR_REDIRECT] [Fatal Error] :1:1: Premature end of file.
2026-03-29 20:09:48,200 [ERROR] LogOutputStream:75 - [STDERR_REDIRECT] 
2026-03-29 20:09:49,189 [ERROR] LogOutputStream:75 - [STDERR_REDIRECT] [Fatal Error] :1:1: Premature end of file.
2026-03-29 20:09:49,189 [ERROR] LogOutputStream:75 - [STDERR_REDIRECT] 
2026-03-29 20:09:50,205 [ERROR] LogOutputStream:75 - [STDERR_REDIRECT] [Fatal Error] :1:1: Premature end of file.
2026-03-29 20:09:50,206 [ERROR] LogOutputStream:75 - [STDERR_REDIRECT] 
2026-03-29 20:09:51,200 [ERROR] LogOutputStream:75 - [STDERR_REDIRECT] [Fatal Error] :1:1: Premature end of file.
2026-03-29 20:09:51,200 [ERROR] LogOutputStream:75 - [STDERR_REDIRECT] 
2026-03-29 20:09:52,193 [ERROR] LogOutputStream:75 - [STDERR_REDIRECT] [Fatal Error] :1:1: Premature end of file.
2026-03-29 20:09:52,193 [ERROR] LogOutputStream:75 - [STDERR_REDIRECT] 
2026-03-29 20:09:53,191 [ERROR] LogOutputStream:75 - [STDERR_REDIRECT] [Fatal Error] :1:1: Premature end of file.
2026-03-29 20:09:53,192 [ERROR] LogOutputStream:75 - [STDERR_REDIRECT] 
2026-03-29 20:09:54,194 [ERROR] LogOutputStream:75 - [STDERR_REDIRECT] [Fatal Error] :1:1: Premature end of file.
2026-03-29 20:09:54,194 [ERROR] LogOutputStream:75 - [STDERR_REDIRECT] 
2026-03-29 20:09:55,191 [ERROR] LogOutputStream:75 - [STDERR_REDIRECT] [Fatal Error] :1:1: Premature end of file.
2026-03-29 20:09:55,191 [ERROR] LogOutputStream:75 - [STDERR_REDIRECT] 
2026-03-29 20:09:56,201 [ERROR] LogOutputStream:75 - [STDERR_REDIRECT] [Fatal Error] :1:1: Premature end of file.
2026-03-29 20:09:56,201 [ERROR] LogOutputStream:75 - [STDERR_REDIRECT] 
2026-03-29 20:09:57,197 [ERROR] LogOutputStream:75 - [STDERR_REDIRECT] [Fatal Error] :1:1: Premature end of file.
2026-03-29 20:09:57,197 [ERROR] LogOutputStream:75 - [STDERR_REDIRECT] 
2026-03-29 20:09:58,195 [ERROR] LogOutputStream:75 - [STDERR_REDIRECT] [Fatal Error] :1:1: Premature end of file.
2026-03-29 20:09:58,195 [ERROR] LogOutputStream:75 - [STDERR_REDIRECT] 
2026-03-29 20:09:59,196 [ERROR] LogOutputStream:75 - [STDERR_REDIRECT] [Fatal Error] :1:1: Premature end of file.
2026-03-29 20:09:59,196 [ERROR] LogOutputStream:75 - [STDERR_REDIRECT] 
2026-03-29 20:10:00,199 [ERROR] LogOutputStream:75 - [STDERR_REDIRECT] [Fatal Error] :1:1: Premature end of file.
2026-03-29 20:10:00,199 [ERROR] LogOutputStream:75 - [STDERR_REDIRECT] 
2026-03-29 20:10:01,190 [ERROR] LogOutputStream:75 - [STDERR_REDIRECT] [Fatal Error] :1:1: Premature end of file.
2026-03-29 20:10:01,190 [ERROR] LogOutputStream:75 - [STDERR_REDIRECT] 
2026-03-29 20:10:02,199 [ERROR] LogOutputStream:75 - [STDERR_REDIRECT] [Fatal Error] :1:1: Premature end of file.
2026-03-29 20:10:02,199 [ERROR] LogOutputStream:75 - [STDERR_REDIRECT] 
2026-03-29 20:10:03,194 [ERROR] LogOutputStream:75 - [STDERR_REDIRECT] [Fatal Error] :1:1: Premature end of file.
2026-03-29 20:10:03,195 [ERROR] LogOutputStream:75 - [STDERR_REDIRECT] 
2026-03-29 20:10:04,183 [ERROR] LogOutputStream:75 - [STDERR_REDIRECT] [Fatal Error] :1:1: Premature end of file.
2026-03-29 20:10:04,183 [ERROR] LogOutputStream:75 - [STDERR_REDIRECT] 
2026-03-29 20:10:05,193 [ERROR] LogOutputStream:75 - [STDERR_REDIRECT] [Fatal Error] :1:1: Premature end of file.
2026-03-29 20:10:05,193 [ERROR] LogOutputStream:75 - [STDERR_REDIRECT] 
2026-03-29 20:10:06,198 [ERROR] LogOutputStream:75 - [STDERR_REDIRECT] [Fatal Error] :1:1: Premature end of file.
2026-03-29 20:10:06,199 [ERROR] LogOutputStream:75 - [STDERR_REDIRECT] 
2026-03-29 20:10:07,196 [ERROR] LogOutputStream:75 - [STDERR_REDIRECT] [Fatal Error] :1:1: Premature end of file.
2026-03-29 20:10:07,197 [ERROR] LogOutputStream:75 - [STDERR_REDIRECT] 
2026-03-29 20:10:08,198 [ERROR] LogOutputStream:75 - [STDERR_REDIRECT] [Fatal Error] :1:1: Premature end of file.
2026-03-29 20:10:08,198 [ERROR] LogOutputStream:75 - [STDERR_REDIRECT] 
2026-03-29 20:10:09,195 [ERROR] LogOutputStream:75 - [STDERR_REDIRECT] [Fatal Error] :1:1: Premature end of file.
2026-03-29 20:10:09,195 [ERROR] LogOutputStream:75 - [STDERR_REDIRECT] 
2026-03-29 20:10:10,192 [ERROR] LogOutputStream:75 - [STDERR_REDIRECT] [Fatal Error] :1:1: Premature end of file.
2026-03-29 20:10:10,192 [ERROR] LogOutputStream:75 - [STDERR_REDIRECT] 
2026-03-29 20:10:11,194 [ERROR] LogOutputStream:75 - [STDERR_REDIRECT] [Fatal Error] :1:1: Premature end of file.
2026-03-29 20:10:11,194 [ERROR] LogOutputStream:75 - [STDERR_REDIRECT] 
2026-03-29 20:10:12,190 [ERROR] LogOutputStream:75 - [STDERR_REDIRECT] [Fatal Error] :1:1: Premature end of file.
2026-03-29 20:10:12,190 [ERROR] LogOutputStream:75 - [STDERR_REDIRECT] 
2026-03-29 20:10:13,198 [ERROR] LogOutputStream:75 - [STDERR_REDIRECT] [Fatal Error] :1:1: Premature end of file.
2026-03-29 20:10:13,199 [ERROR] LogOutputStream:75 - [STDERR_REDIRECT] 
2026-03-29 20:10:14,198 [ERROR] LogOutputStream:75 - [STDERR_REDIRECT] [Fatal Error] :1:1: Premature end of file.
2026-03-29 20:10:14,199 [ERROR] LogOutputStream:75 - [STDERR_REDIRECT] 
2026-03-29 20:10:15,191 [ERROR] LogOutputStream:75 - [STDERR_REDIRECT] [Fatal Error] :1:1: Premature end of file.
2026-03-29 20:10:15,192 [ERROR] LogOutputStream:75 - [STDERR_REDIRECT] 
2026-03-29 20:10:16,191 [ERROR] LogOutputStream:75 - [STDERR_REDIRECT] [Fatal Error] :1:1: Premature end of file.
2026-03-29 20:10:16,191 [ERROR] LogOutputStream:75 - [STDERR_REDIRECT] 
2026-03-29 20:10:17,191 [ERROR] LogOutputStream:75 - [STDERR_REDIRECT] [Fatal Error] :1:1: Premature end of file.
2026-03-29 20:10:17,191 [ERROR] LogOutputStream:75 - [STDERR_REDIRECT] 
2026-03-29 20:10:18,200 [ERROR] LogOutputStream:75 - [STDERR_REDIRECT] [Fatal Error] :1:1: Premature end of file.
2026-03-29 20:10:18,200 [ERROR] LogOutputStream:75 - [STDERR_REDIRECT] 
2026-03-29 20:10:19,198 [ERROR] LogOutputStream:75 - [STDERR_REDIRECT] [Fatal Error] :1:1: Premature end of file.
2026-03-29 20:10:19,199 [ERROR] LogOutputStream:75 - [STDERR_REDIRECT] 
2026-03-29 20:10:20,191 [ERROR] LogOutputStream:75 - [STDERR_REDIRECT] [Fatal Error] :1:1: Premature end of file.
2026-03-29 20:10:20,191 [ERROR] LogOutputStream:75 - [STDERR_REDIRECT] 
2026-03-29 20:10:21,210 [ERROR] LogOutputStream:75 - [STDERR_REDIRECT] [Fatal Error] :1:1: Premature end of file.
2026-03-29 20:10:21,211 [ERROR] LogOutputStream:75 - [STDERR_REDIRECT] 
2026-03-29 20:10:22,193 [ERROR] LogOutputStream:75 - [STDERR_REDIRECT] [Fatal Error] :1:1: Premature end of file.
2026-03-29 20:10:22,194 [ERROR] LogOutputStream:75 - [STDERR_REDIRECT] 
2026-03-29 20:10:23,195 [ERROR] LogOutputStream:75 - [STDERR_REDIRECT] [Fatal Error] :1:1: Premature end of file.
2026-03-29 20:10:23,195 [ERROR] LogOutputStream:75 - [STDERR_REDIRECT] 
2026-03-29 20:10:24,201 [ERROR] LogOutputStream:75 - [STDERR_REDIRECT] [Fatal Error] :1:1: Premature end of file.
2026-03-29 20:10:24,201 [ERROR] LogOutputStream:75 - [STDERR_REDIRECT] 
2026-03-29 20:10:24,841 [ERROR] ConfigurationRetriever:142 - IOException on connection: Read timed out
2026-03-29 20:10:25,204 [ERROR] LogOutputStream:75 - [STDERR_REDIRECT] [Fatal Error] :1:1: Premature end of file.
2026-03-29 20:10:25,205 [ERROR] LogOutputStream:75 - [STDERR_REDIRECT] 
2026-03-29 20:10:26,207 [ERROR] LogOutputStream:75 - [STDERR_REDIRECT] [Fatal Error] :1:1: Premature end of file.
2026-03-29 20:10:26,207 [ERROR] LogOutputStream:75 - [STDERR_REDIRECT] 
2026-03-29 20:10:27,200 [ERROR] LogOutputStream:75 - [STDERR_REDIRECT] [Fatal Error] :1:1: Premature end of file.
2026-03-29 20:10:27,200 [ERROR] LogOutputStream:75 - [STDERR_REDIRECT] 
2026-03-29 20:10:28,192 [ERROR] LogOutputStream:75 - [STDERR_REDIRECT] [Fatal Error] :1:1: Premature end of file.
2026-03-29 20:10:28,192 [ERROR] LogOutputStream:75 - [STDERR_REDIRECT] 
2026-03-29 20:10:29,203 [ERROR] LogOutputStream:75 - [STDERR_REDIRECT] [Fatal Error] :1:1: Premature end of file.
2026-03-29 20:10:29,204 [ERROR] LogOutputStream:75 - [STDERR_REDIRECT] 
2026-03-29 20:10:30,192 [ERROR] LogOutputStream:75 - [STDERR_REDIRECT] [Fatal Error] :1:1: Premature end of file.
2026-03-29 20:10:30,192 [ERROR] LogOutputStream:75 - [STDERR_REDIRECT] 
2026-03-29 20:10:31,196 [ERROR] LogOutputStream:75 - [STDERR_REDIRECT] [Fatal Error] :1:1: Premature end of file.
2026-03-29 20:10:31,196 [ERROR] LogOutputStream:75 - [STDERR_REDIRECT] 
2026-03-29 20:10:32,191 [ERROR] LogOutputStream:75 - [STDERR_REDIRECT] [Fatal Error] :1:1: Premature end of file.
2026-03-29 20:10:32,191 [ERROR] LogOutputStream:75 - [STDERR_REDIRECT] 
2026-03-29 20:10:33,198 [ERROR] LogOutputStream:75 - [STDERR_REDIRECT] [Fatal Error] :1:1: Premature end of file.
2026-03-29 20:10:33,198 [ERROR] LogOutputStream:75 - [STDERR_REDIRECT] 
2026-03-29 20:10:33,533 [ERROR] AdobePublisher:162 - Exception while opening the connection: java.net.SocketTimeoutException: Read timed out
2026-03-29 20:10:34,202 [ERROR] LogOutputStream:75 - [STDERR_REDIRECT] [Fatal Error] :1:1: Premature end of file.
2026-03-29 20:10:34,202 [ERROR] LogOutputStream:75 - [STDERR_REDIRECT] 
2026-03-29 20:10:35,236 [ERROR] LogOutputStream:75 - [STDERR_REDIRECT] [Fatal Error] :1:1: Premature end of file.
2026-03-29 20:10:35,237 [ERROR] LogOutputStream:75 - [STDERR_REDIRECT] 
2026-03-29 20:10:36,198 [ERROR] LogOutputStream:75 - [STDERR_REDIRECT] [Fatal Error] :1:1: Premature end of file.
2026-03-29 20:10:36,198 [ERROR] LogOutputStream:75 - [STDERR_REDIRECT] 
2026-03-29 20:10:37,199 [ERROR] LogOutputStream:75 - [STDERR_REDIRECT] [Fatal Error] :1:1: Premature end of file.
2026-03-29 20:10:37,199 [ERROR] LogOutputStream:75 - [STDERR_REDIRECT] 
2026-03-29 20:10:38,199 [ERROR] LogOutputStream:75 - [STDERR_REDIRECT] [Fatal Error] :1:1: Premature end of file.
2026-03-29 20:10:38,199 [ERROR] LogOutputStream:75 - [STDERR_REDIRECT] 
2026-03-29 20:10:39,198 [ERROR] LogOutputStream:75 - [STDERR_REDIRECT] [Fatal Error] :1:1: Premature end of file.
2026-03-29 20:10:39,198 [ERROR] LogOutputStream:75 - [STDERR_REDIRECT] 
2026-03-29 20:10:40,190 [ERROR] LogOutputStream:75 - [STDERR_REDIRECT] [Fatal Error] :1:1: Premature end of file.
2026-03-29 20:10:40,190 [ERROR] LogOutputStream:75 - [STDERR_REDIRECT] 
2026-03-29 20:10:41,202 [ERROR] LogOutputStream:75 - [STDERR_REDIRECT] [Fatal Error] :1:1: Premature end of file.
2026-03-29 20:10:41,203 [ERROR] LogOutputStream:75 - [STDERR_REDIRECT] 
2026-03-29 20:10:42,198 [ERROR] LogOutputStream:75 - [STDERR_REDIRECT] [Fatal Error] :1:1: Premature end of file.
2026-03-29 20:10:42,198 [ERROR] LogOutputStream:75 - [STDERR_REDIRECT] 
2026-03-29 20:10:43,205 [ERROR] LogOutputStream:75 - [STDERR_REDIRECT] [Fatal Error] :1:1: Premature end of file.
2026-03-29 20:10:43,205 [ERROR] LogOutputStream:75 - [STDERR_REDIRECT] 
2026-03-29 20:10:44,075 [ERROR] ConfigurationRetriever:142 - IOException on connection: Read timed out
2026-03-29 20:10:44,194 [ERROR] LogOutputStream:75 - [STDERR_REDIRECT] [Fatal Error] :1:1: Premature end of file.
2026-03-29 20:10:44,194 [ERROR] LogOutputStream:75 - [STDERR_REDIRECT] 
2026-03-29 20:10:45,208 [ERROR] LogOutputStream:75 - [STDERR_REDIRECT] [Fatal Error] :1:1: Premature end of file.
2026-03-29 20:10:45,208 [ERROR] LogOutputStream:75 - [STDERR_REDIRECT] 
2026-03-29 20:10:46,077 [ERROR] ConfigurationRetriever:142 - IOException on connection: Connect timed out
2026-03-29 20:10:46,197 [ERROR] LogOutputStream:75 - [STDERR_REDIRECT] [Fatal Error] :1:1: Premature end of file.
2026-03-29 20:10:46,197 [ERROR] LogOutputStream:75 - [STDERR_REDIRECT] 
2026-03-29 20:10:47,191 [ERROR] LogOutputStream:75 - [STDERR_REDIRECT] [Fatal Error] :1:1: Premature end of file.
2026-03-29 20:10:47,191 [ERROR] LogOutputStream:75 - [STDERR_REDIRECT] 
2026-03-29 20:10:48,198 [ERROR] LogOutputStream:75 - [STDERR_REDIRECT] [Fatal Error] :1:1: Premature end of file.
2026-03-29 20:10:48,198 [ERROR] LogOutputStream:75 - [STDERR_REDIRECT] 
2026-03-29 20:10:49,192 [ERROR] LogOutputStream:75 - [STDERR_REDIRECT] [Fatal Error] :1:1: Premature end of file.
2026-03-29 20:10:49,192 [ERROR] LogOutputStream:75 - [STDERR_REDIRECT] 
2026-03-29 20:10:50,201 [ERROR] LogOutputStream:75 - [STDERR_REDIRECT] [Fatal Error] :1:1: Premature end of file.
2026-03-29 20:10:50,202 [ERROR] LogOutputStream:75 - [STDERR_REDIRECT] 
2026-03-29 20:10:51,193 [ERROR] LogOutputStream:75 - [STDERR_REDIRECT] [Fatal Error] :1:1: Premature end of file.
2026-03-29 20:10:51,193 [ERROR] LogOutputStream:75 - [STDERR_REDIRECT] 
2026-03-29 20:10:52,199 [ERROR] LogOutputStream:75 - [STDERR_REDIRECT] [Fatal Error] :1:1: Premature end of file.
2026-03-29 20:10:52,199 [ERROR] LogOutputStream:75 - [STDERR_REDIRECT] 
2026-03-29 20:10:53,200 [ERROR] LogOutputStream:75 - [STDERR_REDIRECT] [Fatal Error] :1:1: Premature end of file.
2026-03-29 20:10:53,200 [ERROR] LogOutputStream:75 - [STDERR_REDIRECT] 
2026-03-29 20:10:54,201 [ERROR] LogOutputStream:75 - [STDERR_REDIRECT] [Fatal Error] :1:1: Premature end of file.
2026-03-29 20:10:54,201 [ERROR] LogOutputStream:75 - [STDERR_REDIRECT] 
2026-03-29 20:10:55,199 [ERROR] LogOutputStream:75 - [STDERR_REDIRECT] [Fatal Error] :1:1: Premature end of file.
2026-03-29 20:10:55,199 [ERROR] LogOutputStream:75 - [STDERR_REDIRECT] 
2026-03-29 20:10:56,187 [ERROR] LogOutputStream:75 - [STDERR_REDIRECT] [Fatal Error] :1:1: Premature end of file.
2026-03-29 20:10:56,188 [ERROR] LogOutputStream:75 - [STDERR_REDIRECT] 
2026-03-29 20:10:57,208 [ERROR] LogOutputStream:75 - [STDERR_REDIRECT] [Fatal Error] :1:1: Premature end of file.
2026-03-29 20:10:57,208 [ERROR] LogOutputStream:75 - [STDERR_REDIRECT] 
2026-03-29 20:10:58,200 [ERROR] LogOutputStream:75 - [STDERR_REDIRECT] [Fatal Error] :1:1: Premature end of file.
2026-03-29 20:10:58,200 [ERROR] LogOutputStream:75 - [STDERR_REDIRECT] 
2026-03-29 20:10:59,197 [ERROR] LogOutputStream:75 - [STDERR_REDIRECT] [Fatal Error] :1:1: Premature end of file.
2026-03-29 20:10:59,197 [ERROR] LogOutputStream:75 - [STDERR_REDIRECT] 
2026-03-29 20:11:00,196 [ERROR] LogOutputStream:75 - [STDERR_REDIRECT] [Fatal Error] :1:1: Premature end of file.
2026-03-29 20:11:00,196 [ERROR] LogOutputStream:75 - [STDERR_REDIRECT] 
2026-03-29 20:11:01,194 [ERROR] LogOutputStream:75 - [STDERR_REDIRECT] [Fatal Error] :1:1: Premature end of file.
2026-03-29 20:11:01,194 [ERROR] LogOutputStream:75 - [STDERR_REDIRECT] 
2026-03-29 20:11:02,199 [ERROR] LogOutputStream:75 - [STDERR_REDIRECT] [Fatal Error] :1:1: Premature end of file.
2026-03-29 20:11:02,199 [ERROR] LogOutputStream:75 - [STDERR_REDIRECT] 
2026-03-29 20:11:03,196 [ERROR] LogOutputStream:75 - [STDERR_REDIRECT] [Fatal Error] :1:1: Premature end of file.
2026-03-29 20:11:03,196 [ERROR] LogOutputStream:75 - [STDERR_REDIRECT] 
2026-03-29 20:11:04,196 [ERROR] LogOutputStream:75 - [STDERR_REDIRECT] [Fatal Error] :1:1: Premature end of file.
2026-03-29 20:11:04,196 [ERROR] LogOutputStream:75 - [STDERR_REDIRECT] 
2026-03-29 20:11:05,194 [ERROR] LogOutputStream:75 - [STDERR_REDIRECT] [Fatal Error] :1:1: Premature end of file.
2026-03-29 20:11:05,194 [ERROR] LogOutputStream:75 - [STDERR_REDIRECT] 
2026-03-29 20:11:06,199 [ERROR] LogOutputStream:75 - [STDERR_REDIRECT] [Fatal Error] :1:1: Premature end of file.
2026-03-29 20:11:06,199 [ERROR] LogOutputStream:75 - [STDERR_REDIRECT] 
2026-03-29 20:11:07,191 [ERROR] LogOutputStream:75 - [STDERR_REDIRECT] [Fatal Error] :1:1: Premature end of file.
2026-03-29 20:11:07,191 [ERROR] LogOutputStream:75 - [STDERR_REDIRECT] 
2026-03-29 20:11:08,199 [ERROR] LogOutputStream:75 - [STDERR_REDIRECT] [Fatal Error] :1:1: Premature end of file.
2026-03-29 20:11:08,199 [ERROR] LogOutputStream:75 - [STDERR_REDIRECT] 
2026-03-29 20:11:09,199 [ERROR] LogOutputStream:75 - [STDERR_REDIRECT] [Fatal Error] :1:1: Premature end of file.
2026-03-29 20:11:09,199 [ERROR] LogOutputStream:75 - [STDERR_REDIRECT] 
2026-03-29 20:11:10,193 [ERROR] LogOutputStream:75 - [STDERR_REDIRECT] [Fatal Error] :1:1: Premature end of file.
2026-03-29 20:11:10,193 [ERROR] LogOutputStream:75 - [STDERR_REDIRECT] 
2026-03-29 20:11:11,199 [ERROR] LogOutputStream:75 - [STDERR_REDIRECT] [Fatal Error] :1:1: Premature end of file.
2026-03-29 20:11:11,199 [ERROR] LogOutputStream:75 - [STDERR_REDIRECT] 
2026-03-29 20:11:12,193 [ERROR] LogOutputStream:75 - [STDERR_REDIRECT] [Fatal Error] :1:1: Premature end of file.
2026-03-29 20:11:12,193 [ERROR] LogOutputStream:75 - [STDERR_REDIRECT] 
2026-03-29 20:11:13,204 [ERROR] LogOutputStream:75 - [STDERR_REDIRECT] [Fatal Error] :1:1: Premature end of file.
2026-03-29 20:11:13,204 [ERROR] LogOutputStream:75 - [STDERR_REDIRECT] 
2026-03-29 20:11:14,189 [ERROR] LogOutputStream:75 - [STDERR_REDIRECT] [Fatal Error] :1:1: Premature end of file.
2026-03-29 20:11:14,189 [ERROR] LogOutputStream:75 - [STDERR_REDIRECT] 
2026-03-29 20:11:15,199 [ERROR] LogOutputStream:75 - [STDERR_REDIRECT] [Fatal Error] :1:1: Premature end of file.
2026-03-29 20:11:15,199 [ERROR] LogOutputStream:75 - [STDERR_REDIRECT] 
2026-03-29 20:11:16,203 [ERROR] LogOutputStream:75 - [STDERR_REDIRECT] [Fatal Error] :1:1: Premature end of file.
2026-03-29 20:11:16,204 [ERROR] LogOutputStream:75 - [STDERR_REDIRECT] 
2026-03-29 20:11:17,201 [ERROR] LogOutputStream:75 - [STDERR_REDIRECT] [Fatal Error] :1:1: Premature end of file.
2026-03-29 20:11:17,202 [ERROR] LogOutputStream:75 - [STDERR_REDIRECT] 
2026-03-29 20:11:18,188 [ERROR] LogOutputStream:75 - [STDERR_REDIRECT] [Fatal Error] :1:1: Premature end of file.
2026-03-29 20:11:18,188 [ERROR] LogOutputStream:75 - [STDERR_REDIRECT] 
2026-03-29 20:11:19,198 [ERROR] LogOutputStream:75 - [STDERR_REDIRECT] [Fatal Error] :1:1: Premature end of file.
2026-03-29 20:11:19,198 [ERROR] LogOutputStream:75 - [STDERR_REDIRECT] 
2026-03-29 20:11:20,183 [ERROR] LogOutputStream:75 - [STDERR_REDIRECT] [Fatal Error] :1:1: Premature end of file.
2026-03-29 20:11:20,183 [ERROR] LogOutputStream:75 - [STDERR_REDIRECT] 
2026-03-29 20:11:21,199 [ERROR] LogOutputStream:75 - [STDERR_REDIRECT] [Fatal Error] :1:1: Premature end of file.
2026-03-29 20:11:21,199 [ERROR] LogOutputStream:75 - [STDERR_REDIRECT] 
2026-03-29 20:11:22,196 [ERROR] LogOutputStream:75 - [STDERR_REDIRECT] [Fatal Error] :1:1: Premature end of file.
2026-03-29 20:11:22,196 [ERROR] LogOutputStream:75 - [STDERR_REDIRECT] 
2026-03-29 20:11:23,202 [ERROR] LogOutputStream:75 - [STDERR_REDIRECT] [Fatal Error] :1:1: Premature end of file.
2026-03-29 20:11:23,202 [ERROR] LogOutputStream:75 - [STDERR_REDIRECT] 
2026-03-29 20:11:24,203 [ERROR] LogOutputStream:75 - [STDERR_REDIRECT] [Fatal Error] :1:1: Premature end of file.
2026-03-29 20:11:24,203 [ERROR] LogOutputStream:75 - [STDERR_REDIRECT] 
2026-03-29 20:11:25,200 [ERROR] LogOutputStream:75 - [STDERR_REDIRECT] [Fatal Error] :1:1: Premature end of file.
2026-03-29 20:11:25,201 [ERROR] LogOutputStream:75 - [STDERR_REDIRECT] 
2026-03-29 20:11:26,202 [ERROR] LogOutputStream:75 - [STDERR_REDIRECT] [Fatal Error] :1:1: Premature end of file.
2026-03-29 20:11:26,202 [ERROR] LogOutputStream:75 - [STDERR_REDIRECT] 
2026-03-29 20:11:27,205 [ERROR] LogOutputStream:75 - [STDERR_REDIRECT] [Fatal Error] :1:1: Premature end of file.
2026-03-29 20:11:27,205 [ERROR] LogOutputStream:75 - [STDERR_REDIRECT] 
2026-03-29 20:11:28,198 [ERROR] LogOutputStream:75 - [STDERR_REDIRECT] [Fatal Error] :1:1: Premature end of file.
2026-03-29 20:11:28,198 [ERROR] LogOutputStream:75 - [STDERR_REDIRECT] 
2026-03-29 20:11:29,212 [ERROR] LogOutputStream:75 - [STDERR_REDIRECT] [Fatal Error] :1:1: Premature end of file.
2026-03-29 20:11:29,212 [ERROR] LogOutputStream:75 - [STDERR_REDIRECT] 
2026-03-29 20:11:30,067 [ERROR] LogOutputStream:75 - [STDERR_REDIRECT] 
2026-03-29 20:12:18,110 [INFO] Activator:176 - 


2026-03-29 20:12:18,112 [INFO] Activator:177 - !SESSION log4j initialized
2026-03-29 20:12:25,015 [INFO] LogOutputStream:77 - [STDOUT_REDIRECT] 
2026-03-29 20:12:32,007 [INFO] ApplicationProperties:184 - Using Application install path: D:\05_Desarrollo_y_Codigo\03_Recursos_y_Config\CubeIDESTM32\STM32CubeIDE_1.19.0\STM32CubeIDE\plugins\com.st.stm32cube.common.mx_6.15.0.202507011659
2026-03-29 20:12:32,028 [INFO] DbMcusXml:78 - Set database path to: D:\05_Desarrollo_y_Codigo\03_Recursos_y_Config\CubeIDESTM32\STM32CubeIDE_1.19.0\STM32CubeIDE\plugins\com.st.stm32cube.common.mx_6.15.0.202507011659\\db\/mcu/
2026-03-29 20:12:32,028 [INFO] ApiDb:274 - Set plugin database path to: D:\05_Desarrollo_y_Codigo\03_Recursos_y_Config\CubeIDESTM32\STM32CubeIDE_1.19.0\STM32CubeIDE\plugins\com.st.stm32cube.common.mx_6.15.0.202507011659\\db\/plugins/boardmanager/
2026-03-29 20:12:32,029 [WARN] ApiDb:259 - Overriding images path with different value:  => D:\05_Desarrollo_y_Codigo\03_Recursos_y_Config\CubeIDESTM32\STM32CubeIDE_1.19.0\STM32CubeIDE\plugins\com.st.stm32cube.common.mx_6.15.0.202507011659\\db\/plugins/mcufinder/images/
2026-03-29 20:12:32,038 [INFO] ApiDb:250 - Set database path to: C:\Users\jaloz\.stmcufinder\plugins\mcufinder//mcu/
2026-03-29 20:12:32,040 [INFO] DbMcusAds:125 - Set database path to: C:\Users\jaloz\.stmcufinder\plugins\mcufinder//mcu/
2026-03-29 20:12:32,043 [INFO] CrossReferenceDbSqlite:203 - Set database path to: C:\Users\jaloz\.stmcufinder\plugins\mcufinder//mcu/cs/
2026-03-29 20:12:32,212 [INFO] RulesReader:64 - Compatibility file has been processed (317 Rules)
2026-03-29 20:12:32,393 [INFO] DbMcusXml:78 - Set database path to: D:\05_Desarrollo_y_Codigo\03_Recursos_y_Config\CubeIDESTM32\STM32CubeIDE_1.19.0\STM32CubeIDE\plugins\com.st.stm32cube.common.mx_6.15.0.202507011659\\db\/mcu/
2026-03-29 20:12:32,394 [INFO] ApiDb:274 - Set plugin database path to: D:\05_Desarrollo_y_Codigo\03_Recursos_y_Config\CubeIDESTM32\STM32CubeIDE_1.19.0\STM32CubeIDE\plugins\com.st.stm32cube.common.mx_6.15.0.202507011659\\db\/plugins/boardmanager/
2026-03-29 20:12:32,394 [INFO] ApiDb:261 - Set plugin images path to: D:\05_Desarrollo_y_Codigo\03_Recursos_y_Config\CubeIDESTM32\STM32CubeIDE_1.19.0\STM32CubeIDE\plugins\com.st.stm32cube.common.mx_6.15.0.202507011659\\db\/plugins/mcufinder/images/
2026-03-29 20:12:32,395 [WARN] DbFile:41 - Overriding database path with different value: C:\Users\jaloz\.stmcufinder\plugins\mcufinder/ => C:\Users\jaloz\.stmcufinder\plugins\mcufinder
2026-03-29 20:12:32,395 [INFO] ApiDb:250 - Set database path to: C:\Users\jaloz\.stmcufinder\plugins\mcufinder//mcu/
2026-03-29 20:12:32,395 [WARN] DbFile:41 - Overriding database path with different value: C:\Users\jaloz\.stmcufinder\plugins\mcufinder/ => C:\Users\jaloz\.stmcufinder\plugins\mcufinder
2026-03-29 20:12:32,395 [INFO] DbMcusAds:125 - Set database path to: C:\Users\jaloz\.stmcufinder\plugins\mcufinder//mcu/
2026-03-29 20:12:32,395 [WARN] DbFile:41 - Overriding database path with different value: C:\Users\jaloz\.stmcufinder\plugins\mcufinder/ => C:\Users\jaloz\.stmcufinder\plugins\mcufinder
2026-03-29 20:12:32,395 [WARN] DbFile:41 - Overriding database path with different value: C:\Users\jaloz\.stmcufinder\plugins\mcufinder/ => C:\Users\jaloz\.stmcufinder\plugins\mcufinder
2026-03-29 20:12:32,395 [INFO] CrossReferenceDbSqlite:203 - Set database path to: C:\Users\jaloz\.stmcufinder\plugins\mcufinder//mcu/cs/
2026-03-29 20:12:32,523 [INFO] MainPanel:274 - HeapMemory: 307232768
2026-03-29 20:12:32,702 [INFO] DbMcusXml:78 - Set database path to: D:\05_Desarrollo_y_Codigo\03_Recursos_y_Config\CubeIDESTM32\STM32CubeIDE_1.19.0\STM32CubeIDE\plugins\com.st.stm32cube.common.mx_6.15.0.202507011659\\db\/mcu/
2026-03-29 20:12:32,703 [INFO] ApiDb:274 - Set plugin database path to: D:\05_Desarrollo_y_Codigo\03_Recursos_y_Config\CubeIDESTM32\STM32CubeIDE_1.19.0\STM32CubeIDE\plugins\com.st.stm32cube.common.mx_6.15.0.202507011659\\db\/plugins/boardmanager/
2026-03-29 20:12:32,703 [INFO] ApiDb:261 - Set plugin images path to: D:\05_Desarrollo_y_Codigo\03_Recursos_y_Config\CubeIDESTM32\STM32CubeIDE_1.19.0\STM32CubeIDE\plugins\com.st.stm32cube.common.mx_6.15.0.202507011659\\db\/plugins/mcufinder/images/
2026-03-29 20:12:32,705 [WARN] DbFile:41 - Overriding database path with different value: C:\Users\jaloz\.stmcufinder\plugins\mcufinder/ => C:\Users\jaloz\.stmcufinder\plugins\mcufinder
2026-03-29 20:12:32,705 [INFO] ApiDb:250 - Set database path to: C:\Users\jaloz\.stmcufinder\plugins\mcufinder//mcu/
2026-03-29 20:12:32,705 [WARN] DbFile:41 - Overriding database path with different value: C:\Users\jaloz\.stmcufinder\plugins\mcufinder/ => C:\Users\jaloz\.stmcufinder\plugins\mcufinder
2026-03-29 20:12:32,705 [INFO] DbMcusAds:125 - Set database path to: C:\Users\jaloz\.stmcufinder\plugins\mcufinder//mcu/
2026-03-29 20:12:32,705 [WARN] DbFile:41 - Overriding database path with different value: C:\Users\jaloz\.stmcufinder\plugins\mcufinder/ => C:\Users\jaloz\.stmcufinder\plugins\mcufinder
2026-03-29 20:12:32,705 [WARN] DbFile:41 - Overriding database path with different value: C:\Users\jaloz\.stmcufinder\plugins\mcufinder/ => C:\Users\jaloz\.stmcufinder\plugins\mcufinder
2026-03-29 20:12:32,705 [INFO] CrossReferenceDbSqlite:203 - Set database path to: C:\Users\jaloz\.stmcufinder\plugins\mcufinder//mcu/cs/
2026-03-29 20:12:32,758 [INFO] ApplicationProperties:184 - Using Application install path: D:\05_Desarrollo_y_Codigo\03_Recursos_y_Config\CubeIDESTM32\STM32CubeIDE_1.19.0\STM32CubeIDE\plugins\com.st.stm32cube.common.mx_6.15.0.202507011659
2026-03-29 20:12:32,762 [INFO] PluginManage:196 - Search for loadable plugins [exclusion list=, ]
2026-03-29 20:12:32,764 [INFO] PluginManage:310 - Check plugin analytics
2026-03-29 20:13:03,327 [INFO] Activator:176 - 


2026-03-29 20:13:03,329 [INFO] Activator:177 - !SESSION log4j initialized
2026-03-29 20:13:07,569 [INFO] LogOutputStream:77 - [STDOUT_REDIRECT] 
2026-03-29 20:13:15,753 [INFO] ApplicationProperties:184 - Using Application install path: D:\05_Desarrollo_y_Codigo\03_Recursos_y_Config\CubeIDESTM32\STM32CubeIDE_1.19.0\STM32CubeIDE\plugins\com.st.stm32cube.common.mx_6.15.0.202507011659
2026-03-29 20:13:15,769 [INFO] DbMcusXml:78 - Set database path to: D:\05_Desarrollo_y_Codigo\03_Recursos_y_Config\CubeIDESTM32\STM32CubeIDE_1.19.0\STM32CubeIDE\plugins\com.st.stm32cube.common.mx_6.15.0.202507011659\\db\/mcu/
2026-03-29 20:13:15,769 [INFO] ApiDb:274 - Set plugin database path to: D:\05_Desarrollo_y_Codigo\03_Recursos_y_Config\CubeIDESTM32\STM32CubeIDE_1.19.0\STM32CubeIDE\plugins\com.st.stm32cube.common.mx_6.15.0.202507011659\\db\/plugins/boardmanager/
2026-03-29 20:13:15,769 [WARN] ApiDb:259 - Overriding images path with different value:  => D:\05_Desarrollo_y_Codigo\03_Recursos_y_Config\CubeIDESTM32\STM32CubeIDE_1.19.0\STM32CubeIDE\plugins\com.st.stm32cube.common.mx_6.15.0.202507011659\\db\/plugins/mcufinder/images/
2026-03-29 20:13:15,774 [INFO] ApiDb:250 - Set database path to: C:\Users\jaloz\.stmcufinder\plugins\mcufinder//mcu/
2026-03-29 20:13:15,775 [INFO] DbMcusAds:125 - Set database path to: C:\Users\jaloz\.stmcufinder\plugins\mcufinder//mcu/
2026-03-29 20:13:15,777 [INFO] CrossReferenceDbSqlite:203 - Set database path to: C:\Users\jaloz\.stmcufinder\plugins\mcufinder//mcu/cs/
2026-03-29 20:13:15,871 [INFO] RulesReader:64 - Compatibility file has been processed (317 Rules)
2026-03-29 20:13:15,938 [INFO] DbMcusXml:78 - Set database path to: D:\05_Desarrollo_y_Codigo\03_Recursos_y_Config\CubeIDESTM32\STM32CubeIDE_1.19.0\STM32CubeIDE\plugins\com.st.stm32cube.common.mx_6.15.0.202507011659\\db\/mcu/
2026-03-29 20:13:15,939 [INFO] ApiDb:274 - Set plugin database path to: D:\05_Desarrollo_y_Codigo\03_Recursos_y_Config\CubeIDESTM32\STM32CubeIDE_1.19.0\STM32CubeIDE\plugins\com.st.stm32cube.common.mx_6.15.0.202507011659\\db\/plugins/boardmanager/
2026-03-29 20:13:15,939 [INFO] ApiDb:261 - Set plugin images path to: D:\05_Desarrollo_y_Codigo\03_Recursos_y_Config\CubeIDESTM32\STM32CubeIDE_1.19.0\STM32CubeIDE\plugins\com.st.stm32cube.common.mx_6.15.0.202507011659\\db\/plugins/mcufinder/images/
2026-03-29 20:13:15,939 [WARN] DbFile:41 - Overriding database path with different value: C:\Users\jaloz\.stmcufinder\plugins\mcufinder/ => C:\Users\jaloz\.stmcufinder\plugins\mcufinder
2026-03-29 20:13:15,939 [INFO] ApiDb:250 - Set database path to: C:\Users\jaloz\.stmcufinder\plugins\mcufinder//mcu/
2026-03-29 20:13:15,939 [WARN] DbFile:41 - Overriding database path with different value: C:\Users\jaloz\.stmcufinder\plugins\mcufinder/ => C:\Users\jaloz\.stmcufinder\plugins\mcufinder
2026-03-29 20:13:15,940 [INFO] DbMcusAds:125 - Set database path to: C:\Users\jaloz\.stmcufinder\plugins\mcufinder//mcu/
2026-03-29 20:13:15,940 [WARN] DbFile:41 - Overriding database path with different value: C:\Users\jaloz\.stmcufinder\plugins\mcufinder/ => C:\Users\jaloz\.stmcufinder\plugins\mcufinder
2026-03-29 20:13:15,940 [WARN] DbFile:41 - Overriding database path with different value: C:\Users\jaloz\.stmcufinder\plugins\mcufinder/ => C:\Users\jaloz\.stmcufinder\plugins\mcufinder
2026-03-29 20:13:15,940 [INFO] CrossReferenceDbSqlite:203 - Set database path to: C:\Users\jaloz\.stmcufinder\plugins\mcufinder//mcu/cs/
2026-03-29 20:13:16,015 [INFO] MainPanel:274 - HeapMemory: 268435456
2026-03-29 20:13:16,089 [INFO] DbMcusXml:78 - Set database path to: D:\05_Desarrollo_y_Codigo\03_Recursos_y_Config\CubeIDESTM32\STM32CubeIDE_1.19.0\STM32CubeIDE\plugins\com.st.stm32cube.common.mx_6.15.0.202507011659\\db\/mcu/
2026-03-29 20:13:16,089 [INFO] ApiDb:274 - Set plugin database path to: D:\05_Desarrollo_y_Codigo\03_Recursos_y_Config\CubeIDESTM32\STM32CubeIDE_1.19.0\STM32CubeIDE\plugins\com.st.stm32cube.common.mx_6.15.0.202507011659\\db\/plugins/boardmanager/
2026-03-29 20:13:16,089 [INFO] ApiDb:261 - Set plugin images path to: D:\05_Desarrollo_y_Codigo\03_Recursos_y_Config\CubeIDESTM32\STM32CubeIDE_1.19.0\STM32CubeIDE\plugins\com.st.stm32cube.common.mx_6.15.0.202507011659\\db\/plugins/mcufinder/images/
2026-03-29 20:13:16,089 [WARN] DbFile:41 - Overriding database path with different value: C:\Users\jaloz\.stmcufinder\plugins\mcufinder/ => C:\Users\jaloz\.stmcufinder\plugins\mcufinder
2026-03-29 20:13:16,090 [INFO] ApiDb:250 - Set database path to: C:\Users\jaloz\.stmcufinder\plugins\mcufinder//mcu/
2026-03-29 20:13:16,090 [WARN] DbFile:41 - Overriding database path with different value: C:\Users\jaloz\.stmcufinder\plugins\mcufinder/ => C:\Users\jaloz\.stmcufinder\plugins\mcufinder
2026-03-29 20:13:16,090 [INFO] DbMcusAds:125 - Set database path to: C:\Users\jaloz\.stmcufinder\plugins\mcufinder//mcu/
2026-03-29 20:13:16,090 [WARN] DbFile:41 - Overriding database path with different value: C:\Users\jaloz\.stmcufinder\plugins\mcufinder/ => C:\Users\jaloz\.stmcufinder\plugins\mcufinder
2026-03-29 20:13:16,090 [WARN] DbFile:41 - Overriding database path with different value: C:\Users\jaloz\.stmcufinder\plugins\mcufinder/ => C:\Users\jaloz\.stmcufinder\plugins\mcufinder
2026-03-29 20:13:16,090 [INFO] CrossReferenceDbSqlite:203 - Set database path to: C:\Users\jaloz\.stmcufinder\plugins\mcufinder//mcu/cs/
2026-03-29 20:13:16,111 [INFO] ApplicationProperties:184 - Using Application install path: D:\05_Desarrollo_y_Codigo\03_Recursos_y_Config\CubeIDESTM32\STM32CubeIDE_1.19.0\STM32CubeIDE\plugins\com.st.stm32cube.common.mx_6.15.0.202507011659
2026-03-29 20:13:16,112 [INFO] PluginManage:196 - Search for loadable plugins [exclusion list=, ]
2026-03-29 20:13:16,113 [INFO] PluginManage:310 - Check plugin analytics
2026-03-29 20:13:46,085 [INFO] Activator:176 - 


2026-03-29 20:13:46,085 [INFO] Activator:177 - !SESSION log4j initialized
2026-03-29 20:13:49,696 [INFO] LogOutputStream:77 - [STDOUT_REDIRECT] 
2026-03-29 20:13:57,033 [INFO] ApplicationProperties:184 - Using Application install path: D:\05_Desarrollo_y_Codigo\03_Recursos_y_Config\CubeIDESTM32\STM32CubeIDE_1.19.0\STM32CubeIDE\plugins\com.st.stm32cube.common.mx_6.15.0.202507011659
2026-03-29 20:13:57,056 [INFO] DbMcusXml:78 - Set database path to: D:\05_Desarrollo_y_Codigo\03_Recursos_y_Config\CubeIDESTM32\STM32CubeIDE_1.19.0\STM32CubeIDE\plugins\com.st.stm32cube.common.mx_6.15.0.202507011659\\db\/mcu/
2026-03-29 20:13:57,057 [INFO] ApiDb:274 - Set plugin database path to: D:\05_Desarrollo_y_Codigo\03_Recursos_y_Config\CubeIDESTM32\STM32CubeIDE_1.19.0\STM32CubeIDE\plugins\com.st.stm32cube.common.mx_6.15.0.202507011659\\db\/plugins/boardmanager/
2026-03-29 20:13:57,057 [WARN] ApiDb:259 - Overriding images path with different value:  => D:\05_Desarrollo_y_Codigo\03_Recursos_y_Config\CubeIDESTM32\STM32CubeIDE_1.19.0\STM32CubeIDE\plugins\com.st.stm32cube.common.mx_6.15.0.202507011659\\db\/plugins/mcufinder/images/
2026-03-29 20:13:57,065 [INFO] ApiDb:250 - Set database path to: C:\Users\jaloz\.stmcufinder\plugins\mcufinder//mcu/
2026-03-29 20:13:57,068 [INFO] DbMcusAds:125 - Set database path to: C:\Users\jaloz\.stmcufinder\plugins\mcufinder//mcu/
2026-03-29 20:13:57,073 [INFO] CrossReferenceDbSqlite:203 - Set database path to: C:\Users\jaloz\.stmcufinder\plugins\mcufinder//mcu/cs/
2026-03-29 20:13:57,344 [INFO] RulesReader:64 - Compatibility file has been processed (317 Rules)
2026-03-29 20:13:57,495 [INFO] DbMcusXml:78 - Set database path to: D:\05_Desarrollo_y_Codigo\03_Recursos_y_Config\CubeIDESTM32\STM32CubeIDE_1.19.0\STM32CubeIDE\plugins\com.st.stm32cube.common.mx_6.15.0.202507011659\\db\/mcu/
2026-03-29 20:13:57,495 [INFO] ApiDb:274 - Set plugin database path to: D:\05_Desarrollo_y_Codigo\03_Recursos_y_Config\CubeIDESTM32\STM32CubeIDE_1.19.0\STM32CubeIDE\plugins\com.st.stm32cube.common.mx_6.15.0.202507011659\\db\/plugins/boardmanager/
2026-03-29 20:13:57,495 [INFO] ApiDb:261 - Set plugin images path to: D:\05_Desarrollo_y_Codigo\03_Recursos_y_Config\CubeIDESTM32\STM32CubeIDE_1.19.0\STM32CubeIDE\plugins\com.st.stm32cube.common.mx_6.15.0.202507011659\\db\/plugins/mcufinder/images/
2026-03-29 20:13:57,495 [WARN] DbFile:41 - Overriding database path with different value: C:\Users\jaloz\.stmcufinder\plugins\mcufinder/ => C:\Users\jaloz\.stmcufinder\plugins\mcufinder
2026-03-29 20:13:57,495 [INFO] ApiDb:250 - Set database path to: C:\Users\jaloz\.stmcufinder\plugins\mcufinder//mcu/
2026-03-29 20:13:57,495 [WARN] DbFile:41 - Overriding database path with different value: C:\Users\jaloz\.stmcufinder\plugins\mcufinder/ => C:\Users\jaloz\.stmcufinder\plugins\mcufinder
2026-03-29 20:13:57,495 [INFO] DbMcusAds:125 - Set database path to: C:\Users\jaloz\.stmcufinder\plugins\mcufinder//mcu/
2026-03-29 20:13:57,496 [WARN] DbFile:41 - Overriding database path with different value: C:\Users\jaloz\.stmcufinder\plugins\mcufinder/ => C:\Users\jaloz\.stmcufinder\plugins\mcufinder
2026-03-29 20:13:57,496 [WARN] DbFile:41 - Overriding database path with different value: C:\Users\jaloz\.stmcufinder\plugins\mcufinder/ => C:\Users\jaloz\.stmcufinder\plugins\mcufinder
2026-03-29 20:13:57,496 [INFO] CrossReferenceDbSqlite:203 - Set database path to: C:\Users\jaloz\.stmcufinder\plugins\mcufinder//mcu/cs/
2026-03-29 20:13:57,600 [INFO] MainPanel:274 - HeapMemory: 268435456
2026-03-29 20:13:57,732 [INFO] DbMcusXml:78 - Set database path to: D:\05_Desarrollo_y_Codigo\03_Recursos_y_Config\CubeIDESTM32\STM32CubeIDE_1.19.0\STM32CubeIDE\plugins\com.st.stm32cube.common.mx_6.15.0.202507011659\\db\/mcu/
2026-03-29 20:13:57,733 [INFO] ApiDb:274 - Set plugin database path to: D:\05_Desarrollo_y_Codigo\03_Recursos_y_Config\CubeIDESTM32\STM32CubeIDE_1.19.0\STM32CubeIDE\plugins\com.st.stm32cube.common.mx_6.15.0.202507011659\\db\/plugins/boardmanager/
2026-03-29 20:13:57,733 [INFO] ApiDb:261 - Set plugin images path to: D:\05_Desarrollo_y_Codigo\03_Recursos_y_Config\CubeIDESTM32\STM32CubeIDE_1.19.0\STM32CubeIDE\plugins\com.st.stm32cube.common.mx_6.15.0.202507011659\\db\/plugins/mcufinder/images/
2026-03-29 20:13:57,734 [WARN] DbFile:41 - Overriding database path with different value: C:\Users\jaloz\.stmcufinder\plugins\mcufinder/ => C:\Users\jaloz\.stmcufinder\plugins\mcufinder
2026-03-29 20:13:57,734 [INFO] ApiDb:250 - Set database path to: C:\Users\jaloz\.stmcufinder\plugins\mcufinder//mcu/
2026-03-29 20:13:57,734 [WARN] DbFile:41 - Overriding database path with different value: C:\Users\jaloz\.stmcufinder\plugins\mcufinder/ => C:\Users\jaloz\.stmcufinder\plugins\mcufinder
2026-03-29 20:13:57,734 [INFO] DbMcusAds:125 - Set database path to: C:\Users\jaloz\.stmcufinder\plugins\mcufinder//mcu/
2026-03-29 20:13:57,734 [WARN] DbFile:41 - Overriding database path with different value: C:\Users\jaloz\.stmcufinder\plugins\mcufinder/ => C:\Users\jaloz\.stmcufinder\plugins\mcufinder
2026-03-29 20:13:57,734 [WARN] DbFile:41 - Overriding database path with different value: C:\Users\jaloz\.stmcufinder\plugins\mcufinder/ => C:\Users\jaloz\.stmcufinder\plugins\mcufinder
2026-03-29 20:13:57,734 [INFO] CrossReferenceDbSqlite:203 - Set database path to: C:\Users\jaloz\.stmcufinder\plugins\mcufinder//mcu/cs/
2026-03-29 20:13:57,763 [INFO] ApplicationProperties:184 - Using Application install path: D:\05_Desarrollo_y_Codigo\03_Recursos_y_Config\CubeIDESTM32\STM32CubeIDE_1.19.0\STM32CubeIDE\plugins\com.st.stm32cube.common.mx_6.15.0.202507011659
2026-03-29 20:13:57,764 [INFO] PluginManage:196 - Search for loadable plugins [exclusion list=, ]
2026-03-29 20:13:57,768 [INFO] PluginManage:310 - Check plugin analytics
2026-03-29 20:14:03,026 [INFO] AnalyticsPlugin:253 - Accepted Software Licenses: 
2026-03-29 20:14:03,026 [INFO] AnalyticsPlugin:255 - Accepted CMSIS Pack Licenses: 
2026-03-29 20:14:03,026 [INFO] AnalyticsPlugin:257 - Accepted Firmware Licenses: FW.L4.1.18.0
2026-03-29 20:14:03,029 [INFO] PluginManage:359 - Loaded plugin analytics (category:tool,tabindex:-1)
2026-03-29 20:14:03,029 [INFO] PluginManage:310 - Check plugin cadmodel
2026-03-29 20:14:03,032 [INFO] CADModel:105 - Init CAD model plugin
2026-03-29 20:14:03,032 [INFO] PluginManage:359 - Loaded plugin cadmodel (category:power,tabindex:5)
2026-03-29 20:14:03,032 [INFO] PluginManage:310 - Check plugin clock
2026-03-29 20:14:03,037 [INFO] PluginManage:359 - Loaded plugin clock (category:base,tabindex:2)
2026-03-29 20:14:03,037 [INFO] PluginManage:310 - Check plugin ddr
2026-03-29 20:14:03,039 [INFO] PluginManage:359 - Loaded plugin ddr (category:tool,tabindex:6)
2026-03-29 20:14:03,039 [INFO] PluginManage:310 - Check plugin filemanager
2026-03-29 20:14:03,129 [INFO] PluginManage:359 - Loaded plugin filemanager (category:base,tabindex:10)
2026-03-29 20:14:03,129 [INFO] PluginManage:310 - Check plugin ipmanager
2026-03-29 20:14:03,134 [INFO] PluginManage:359 - Loaded plugin ipmanager (category:base,tabindex:5)
2026-03-29 20:14:03,134 [INFO] PluginManage:310 - Check plugin lpbam
2026-03-29 20:14:03,140 [INFO] PluginManage:359 - Loaded plugin lpbam (category:base,tabindex:0)
2026-03-29 20:14:03,140 [INFO] PluginManage:310 - Check plugin memorymap
2026-03-29 20:14:03,147 [INFO] PluginManage:359 - Loaded plugin memorymap (category:base,tabindex:4)
2026-03-29 20:14:03,147 [INFO] PluginManage:310 - Check plugin pinoutandconfiguration
2026-03-29 20:14:03,151 [INFO] PluginManage:359 - Loaded plugin pinoutandconfiguration (category:base,tabindex:1)
2026-03-29 20:14:03,151 [INFO] PluginManage:310 - Check plugin pinoutconfig
2026-03-29 20:14:03,204 [WARN] SupportedApi:132 - Cannot load RTOS API schema: s4s-elt-must-match.1: The content of 'definitions' must match (annotation?, (simpleType | complexType)?, (unique | key | keyref)*)). A problem was found starting at: attribute.
2026-03-29 20:14:03,286 [INFO] PluginManage:359 - Loaded plugin pinoutconfig (category:base,tabindex:0)
2026-03-29 20:14:03,287 [INFO] PluginManage:310 - Check plugin power
2026-03-29 20:14:03,292 [INFO] PluginManage:359 - Loaded plugin power (category:power,tabindex:4)
2026-03-29 20:14:03,292 [INFO] PluginManage:310 - Check plugin projectmanager
2026-03-29 20:14:03,304 [INFO] PluginManage:359 - Loaded plugin projectmanager (category:projectmanager,tabindex:4)
2026-03-29 20:14:03,304 [INFO] PluginManage:310 - Check plugin rif
2026-03-29 20:14:03,309 [INFO] PluginManage:359 - Loaded plugin rif (category:base,tabindex:3)
2026-03-29 20:14:03,309 [INFO] PluginManage:310 - Check plugin thirdparty
2026-03-29 20:14:03,752 [INFO] PluginManage:359 - Loaded plugin thirdparty (category:base,tabindex:-1)
2026-03-29 20:14:03,752 [INFO] PluginManage:310 - Check plugin tools
2026-03-29 20:14:03,752 [WARN] IntegrityCheckThread:84 - waiting for thirdparty lock release [integrity check]
2026-03-29 20:14:03,753 [INFO] IntegrityCheckThread:86 - entering critical section [integrity check]
2026-03-29 20:14:03,753 [INFO] ThirdPartyUpdaterWithRetryManager:70 - Updater plugin not ready yet. [1/15]
2026-03-29 20:14:03,755 [INFO] PluginManage:359 - Loaded plugin tools (category:base,tabindex:7)
2026-03-29 20:14:03,755 [INFO] PluginManage:310 - Check plugin tutovideos
2026-03-29 20:14:03,873 [INFO] PluginManage:359 - Loaded plugin tutovideos (category:base,tabindex:-1)
2026-03-29 20:14:03,874 [INFO] PluginManage:310 - Check plugin updater
2026-03-29 20:14:03,893 [INFO] PluginManage:359 - Loaded plugin updater (category:base,tabindex:12)
2026-03-29 20:14:03,893 [INFO] PluginManage:310 - Check plugin userauth
2026-03-29 20:14:03,896 [INFO] UserAuth:118 - Init User Auth plugin
2026-03-29 20:14:03,897 [INFO] PluginManage:359 - Loaded plugin userauth (category:base,tabindex:14)
2026-03-29 20:14:03,897 [INFO] PluginManage:283 - PluginManage : Loaded plugins [18]
2026-03-29 20:14:04,164 [INFO] PinOutPanel:1589 - setPackage(No Configuration,No Configuration)
2026-03-29 20:14:04,228 [INFO] CADModel:165 - CPN selected for project level
2026-03-29 20:14:04,228 [INFO] CADModel:114 - Register for checkConnection events
2026-03-29 20:14:04,238 [INFO] IPUIPlugin:80 - create IPUIPlugin
2026-03-29 20:14:04,239 [INFO] PluginManager:220 - loadIPPluginJar : add adc
2026-03-29 20:14:04,240 [INFO] IPUIPlugin:80 - create IPUIPlugin
2026-03-29 20:14:04,241 [INFO] PluginManager:220 - loadIPPluginJar : add aes
2026-03-29 20:14:04,242 [INFO] IPUIPlugin:80 - create IPUIPlugin
2026-03-29 20:14:04,242 [INFO] PluginManager:220 - loadIPPluginJar : add can
2026-03-29 20:14:04,244 [INFO] IPUIPlugin:80 - create IPUIPlugin
2026-03-29 20:14:04,244 [INFO] PluginManager:220 - loadIPPluginJar : add comp
2026-03-29 20:14:04,245 [INFO] IPUIPlugin:80 - create IPUIPlugin
2026-03-29 20:14:04,245 [INFO] PluginManager:220 - loadIPPluginJar : add cryp
2026-03-29 20:14:04,247 [INFO] IPUIPlugin:80 - create IPUIPlugin
2026-03-29 20:14:04,247 [INFO] PluginManager:220 - loadIPPluginJar : add ddr_ctrl_phy
2026-03-29 20:14:04,248 [INFO] IPUIPlugin:80 - create IPUIPlugin
2026-03-29 20:14:04,248 [INFO] PluginManager:220 - loadIPPluginJar : add dfsdm
2026-03-29 20:14:04,251 [INFO] IPUIPlugin:80 - create IPUIPlugin
2026-03-29 20:14:04,252 [INFO] PluginManager:220 - loadIPPluginJar : add dma
2026-03-29 20:14:04,254 [INFO] IPUIPlugin:80 - create IPUIPlugin
2026-03-29 20:14:04,254 [INFO] PluginManager:220 - loadIPPluginJar : add dma3
2026-03-29 20:14:04,256 [INFO] IPUIPlugin:80 - create IPUIPlugin
2026-03-29 20:14:04,256 [INFO] PluginManager:220 - loadIPPluginJar : add extmemmanager
2026-03-29 20:14:04,257 [INFO] IPUIPlugin:80 - create IPUIPlugin
2026-03-29 20:14:04,258 [INFO] PluginManager:220 - loadIPPluginJar : add fatfs
2026-03-29 20:14:04,260 [INFO] IPUIPlugin:80 - create IPUIPlugin
2026-03-29 20:14:04,260 [INFO] PluginManager:220 - loadIPPluginJar : add fmc
2026-03-29 20:14:04,263 [INFO] IPUIPlugin:80 - create IPUIPlugin
2026-03-29 20:14:04,263 [INFO] PluginManager:220 - loadIPPluginJar : add freertos
2026-03-29 20:14:04,264 [INFO] IPUIPlugin:80 - create IPUIPlugin
2026-03-29 20:14:04,264 [INFO] PluginManager:220 - loadIPPluginJar : add genericplugin
2026-03-29 20:14:04,265 [INFO] IPUIPlugin:80 - create IPUIPlugin
2026-03-29 20:14:04,266 [INFO] PluginManager:220 - loadIPPluginJar : add gfxmmu
2026-03-29 20:14:04,268 [INFO] IPUIPlugin:80 - create IPUIPlugin
2026-03-29 20:14:04,269 [INFO] PluginManager:220 - loadIPPluginJar : add gic
2026-03-29 20:14:04,272 [INFO] IPUIPlugin:80 - create IPUIPlugin
2026-03-29 20:14:04,272 [INFO] PluginManager:220 - loadIPPluginJar : add gpio
2026-03-29 20:14:04,274 [INFO] IPUIPlugin:80 - create IPUIPlugin
2026-03-29 20:14:04,274 [INFO] PluginManager:220 - loadIPPluginJar : add gtzc
2026-03-29 20:14:04,276 [INFO] IPUIPlugin:80 - create IPUIPlugin
2026-03-29 20:14:04,276 [INFO] PluginManager:220 - loadIPPluginJar : add hash
2026-03-29 20:14:04,278 [INFO] IPUIPlugin:80 - create IPUIPlugin
2026-03-29 20:14:04,278 [INFO] PluginManager:220 - loadIPPluginJar : add i2c
2026-03-29 20:14:04,280 [INFO] IPUIPlugin:80 - create IPUIPlugin
2026-03-29 20:14:04,281 [INFO] PluginManager:220 - loadIPPluginJar : add i2s
2026-03-29 20:14:04,285 [INFO] IPUIPlugin:80 - create IPUIPlugin
2026-03-29 20:14:04,285 [INFO] PluginManager:220 - loadIPPluginJar : add i3c
2026-03-29 20:14:04,290 [INFO] IPUIPlugin:80 - create IPUIPlugin
2026-03-29 20:14:04,290 [INFO] PluginManager:220 - loadIPPluginJar : add ipddr
2026-03-29 20:14:04,295 [INFO] IPUIPlugin:80 - create IPUIPlugin
2026-03-29 20:14:04,296 [INFO] PluginManager:220 - loadIPPluginJar : add linkedlist
2026-03-29 20:14:04,300 [INFO] IPUIPlugin:80 - create IPUIPlugin
2026-03-29 20:14:04,300 [INFO] PluginManager:220 - loadIPPluginJar : add lorawan
2026-03-29 20:14:04,302 [INFO] IPUIPlugin:80 - create IPUIPlugin
2026-03-29 20:14:04,302 [INFO] PluginManager:220 - loadIPPluginJar : add ltdc
2026-03-29 20:14:04,307 [INFO] IPUIPlugin:80 - create IPUIPlugin
2026-03-29 20:14:04,307 [INFO] PluginManager:220 - loadIPPluginJar : add mdma
2026-03-29 20:14:04,310 [INFO] IPUIPlugin:80 - create IPUIPlugin
2026-03-29 20:14:04,310 [INFO] PluginManager:220 - loadIPPluginJar : add nvic
2026-03-29 20:14:04,312 [INFO] IPUIPlugin:80 - create IPUIPlugin
2026-03-29 20:14:04,312 [INFO] PluginManager:220 - loadIPPluginJar : add opamp
2026-03-29 20:14:04,315 [INFO] IPUIPlugin:80 - create IPUIPlugin
2026-03-29 20:14:04,315 [INFO] PluginManager:220 - loadIPPluginJar : add openamp
2026-03-29 20:14:04,317 [INFO] IPUIPlugin:80 - create IPUIPlugin
2026-03-29 20:14:04,318 [INFO] PluginManager:220 - loadIPPluginJar : add pdm2pcm
2026-03-29 20:14:04,323 [INFO] IPUIPlugin:80 - create IPUIPlugin
2026-03-29 20:14:04,325 [INFO] PluginManager:220 - loadIPPluginJar : add plateformsettings
2026-03-29 20:14:04,326 [INFO] IPUIPlugin:80 - create IPUIPlugin
2026-03-29 20:14:04,326 [INFO] PluginManager:220 - loadIPPluginJar : add quadspi
2026-03-29 20:14:04,327 [INFO] IPUIPlugin:80 - create IPUIPlugin
2026-03-29 20:14:04,327 [INFO] PluginManager:220 - loadIPPluginJar : add radio
2026-03-29 20:14:04,329 [INFO] IPUIPlugin:80 - create IPUIPlugin
2026-03-29 20:14:04,329 [INFO] PluginManager:220 - loadIPPluginJar : add resmgrutility
2026-03-29 20:14:04,330 [INFO] IPUIPlugin:80 - create IPUIPlugin
2026-03-29 20:14:04,330 [INFO] PluginManager:220 - loadIPPluginJar : add sai
2026-03-29 20:14:04,331 [INFO] IPUIPlugin:80 - create IPUIPlugin
2026-03-29 20:14:04,332 [INFO] PluginManager:220 - loadIPPluginJar : add spi
2026-03-29 20:14:04,335 [INFO] IPUIPlugin:80 - create IPUIPlugin
2026-03-29 20:14:04,335 [INFO] PluginManager:220 - loadIPPluginJar : add stm32_wpan
2026-03-29 20:14:04,336 [INFO] IPUIPlugin:80 - create IPUIPlugin
2026-03-29 20:14:04,336 [INFO] PluginManager:220 - loadIPPluginJar : add tim
2026-03-29 20:14:04,338 [INFO] IPUIPlugin:80 - create IPUIPlugin
2026-03-29 20:14:04,338 [INFO] PluginManager:220 - loadIPPluginJar : add touchsensing
2026-03-29 20:14:04,339 [INFO] IPUIPlugin:80 - create IPUIPlugin
2026-03-29 20:14:04,339 [INFO] PluginManager:220 - loadIPPluginJar : add tracer_emb
2026-03-29 20:14:04,340 [INFO] IPUIPlugin:80 - create IPUIPlugin
2026-03-29 20:14:04,340 [INFO] PluginManager:220 - loadIPPluginJar : add ts
2026-03-29 20:14:04,342 [INFO] IPUIPlugin:80 - create IPUIPlugin
2026-03-29 20:14:04,342 [INFO] PluginManager:220 - loadIPPluginJar : add tsc
2026-03-29 20:14:04,343 [INFO] IPUIPlugin:80 - create IPUIPlugin
2026-03-29 20:14:04,343 [INFO] PluginManager:220 - loadIPPluginJar : add ucpd
2026-03-29 20:14:04,344 [INFO] IPUIPlugin:80 - create IPUIPlugin
2026-03-29 20:14:04,344 [INFO] PluginManager:220 - loadIPPluginJar : add usart
2026-03-29 20:14:04,346 [INFO] IPUIPlugin:80 - create IPUIPlugin
2026-03-29 20:14:04,346 [INFO] PluginManager:220 - loadIPPluginJar : add usbx
2026-03-29 20:14:04,457 [FATAL] Updater:351 - Updater called before beeing initialized
2026-03-29 20:14:04,500 [INFO] RulesReader:64 - Compatibility file has been processed (317 Rules)
2026-03-29 20:14:04,509 [INFO] RulesReader:64 - Compatibility file has been processed (317 Rules)
2026-03-29 20:14:04,515 [INFO] CADModel:165 - CPN selected for project level
2026-03-29 20:14:04,515 [INFO] CADModel:114 - Register for checkConnection events
2026-03-29 20:14:04,515 [FATAL] Updater:351 - Updater called before beeing initialized
2026-03-29 20:14:04,515 [ERROR] CADModel:125 - Updater not yet initialized, retry later 
2026-03-29 20:14:04,642 [FATAL] Updater:351 - Updater called before beeing initialized
2026-03-29 20:14:04,643 [INFO] CADModel:165 - CPN selected for project level
2026-03-29 20:14:04,644 [INFO] CADModel:114 - Register for checkConnection events
2026-03-29 20:14:04,645 [FATAL] Updater:351 - Updater called before beeing initialized
2026-03-29 20:14:04,645 [ERROR] CADModel:125 - Updater not yet initialized, retry later 
2026-03-29 20:14:04,650 [FATAL] Updater:351 - Updater called before beeing initialized
2026-03-29 20:14:04,723 [FATAL] Updater:351 - Updater called before beeing initialized
2026-03-29 20:14:04,726 [INFO] DbMcusAds:53 - JSON generation date=Thu Mar 05 15:32:52 CET 2026 (1772721172610)
2026-03-29 20:14:04,726 [FATAL] Updater:351 - Updater called before beeing initialized
2026-03-29 20:14:04,843 [WARN] DetailPanel:346 - Failed to get advertising image, set to default
2026-03-29 20:14:04,908 [FATAL] Updater:351 - Updater called before beeing initialized
2026-03-29 20:14:04,909 [FATAL] Updater:351 - Updater called before beeing initialized
2026-03-29 20:14:04,909 [FATAL] Updater:351 - Updater called before beeing initialized
2026-03-29 20:14:04,909 [WARN] DetailPanel:346 - Failed to get advertising image, set to default
2026-03-29 20:14:04,910 [FATAL] Updater:351 - Updater called before beeing initialized
2026-03-29 20:14:04,940 [ERROR] Updater:1198 - MainUpdater not yet initialized. External WinMGr cannot be set.
2026-03-29 20:14:04,942 [INFO] Updater:1134 - Updater Version found : 6.15.0
2026-03-29 20:14:04,953 [INFO] ApplicationProperties:184 - Using Application install path: D:\05_Desarrollo_y_Codigo\03_Recursos_y_Config\CubeIDESTM32\STM32CubeIDE_1.19.0\STM32CubeIDE\plugins\com.st.stm32cube.common.mx_6.15.0.202507011659
2026-03-29 20:14:06,531 [ERROR] LogOutputStream:75 - [STDERR_REDIRECT] Mar 29, 2026 8:14:06 PM java.util.prefs.WindowsPreferences <init>
2026-03-29 20:14:06,533 [ERROR] LogOutputStream:75 - [STDERR_REDIRECT] WARNING: Could not open/create prefs root node Software\JavaSoft\Prefs at root 0xffffffff80000002. Windows RegCreateKeyEx(...) returned error code 5.
2026-03-29 20:14:06,533 [ERROR] LogOutputStream:75 - [STDERR_REDIRECT] 
2026-03-29 20:14:06,756 [INFO] ThirdPartyUpdaterWithRetryManager:70 - Updater plugin not ready yet. [2/15]
2026-03-29 20:14:07,421 [INFO] MainUpdater:2872 - connection check result : 10
2026-03-29 20:14:07,421 [INFO] MainUpdater:289 - Updater Check For Update Now.
2026-03-29 20:14:07,422 [INFO] MicroXplorer:498 - Change Database Version : DB.6.0.150
2026-03-29 20:14:07,436 [INFO] McuFinderGlobals:63 - Set McuFinder mode to 2 (CubeIDE integrated)
2026-03-29 20:14:07,437 [INFO] UserAuth:171 - activating auth plugin
2026-03-29 20:14:07,439 [INFO] UserAuth:487 - Internet connection configuration mode: 1
2026-03-29 20:14:07,473 [INFO] JxBrowserEngine:152 - Initiate JxBrowser Engine with user profile folder
2026-03-29 20:14:07,604 [INFO] CheckServerUpdateThread:120 - End of CheckServer Thread
2026-03-29 20:14:08,057 [INFO] WebApp:169 - Instantiating new browser for Auth
2026-03-29 20:14:08,815 [INFO] WebApp:463 - Apply proxy settings
2026-03-29 20:14:08,816 [INFO] WebApp:548 - Chromium requires no authentication
2026-03-29 20:14:08,824 [INFO] WebApp:491 - Direct internet connection detected
2026-03-29 20:14:08,862 [INFO] WebApp:900 - Register for checkConnection events
2026-03-29 20:14:08,862 [INFO] WebApp:463 - Apply proxy settings
2026-03-29 20:14:08,862 [INFO] WebApp:548 - Chromium requires no authentication
2026-03-29 20:14:08,863 [INFO] WebApp:491 - Direct internet connection detected
2026-03-29 20:14:09,081 [INFO] WebApp:225 - Starting web application
2026-03-29 20:14:09,082 [INFO] WebApp:593 - Web application path used D:\05_Desarrollo_y_Codigo\03_Recursos_y_Config\CubeIDESTM32\STM32CubeIDE_1.19.0\STM32CubeIDE\plugins\com.st.stm32cube.common.mx_6.15.0.202507011659\db\plugins\mcufinder\reactClient1\index.html
2026-03-29 20:14:09,291 [ERROR] LogOutputStream:75 - [STDERR_REDIRECT] [Fatal Error] :1:1: Premature end of file.
2026-03-29 20:14:09,292 [ERROR] LogOutputStream:75 - [STDERR_REDIRECT] 
2026-03-29 20:14:10,140 [WARN] PackLoader:240 - Cannot read IP mode file for STMicroelectronics.X-CUBE-AZRTOS-H7.3.5.0
2026-03-29 20:14:10,155 [WARN] PackLoader:240 - Cannot read IP mode file for STMicroelectronics.FP-SNS-MOTENVWB1.1.4.0
2026-03-29 20:14:10,160 [WARN] PackLoader:240 - Cannot read IP mode file for STMicroelectronics.FP-ATR-ASTRA1.2.0.2
2026-03-29 20:14:10,169 [WARN] PackLoader:240 - Cannot read IP mode file for STMicroelectronics.X-CUBE-SMBUS.2.1.0
2026-03-29 20:14:10,191 [WARN] PackLoader:240 - Cannot read IP mode file for STMicroelectronics.X-CUBE-AZRTOS-F7.1.1.0
2026-03-29 20:14:10,203 [WARN] PackLoader:240 - Cannot read IP mode file for STMicroelectronics.FP-SNS-MOTENV1.5.1.0
2026-03-29 20:14:10,211 [WARN] PackLoader:240 - Cannot read IP mode file for WES.I-CUBE-Cesium.1.4.0
2026-03-29 20:14:10,234 [WARN] PackLoader:240 - Cannot read IP mode file for STMicroelectronics.X-CUBE-AZRTOS-H7.3.4.0
2026-03-29 20:14:10,244 [WARN] PackLoader:240 - Cannot read IP mode file for STMicroelectronics.X-CUBE-DISPLAY.3.0.0
2026-03-29 20:14:10,255 [WARN] PackLoader:240 - Cannot read IP mode file for STMicroelectronics.FP-SNS-MOTENVWB1.1.5.0
2026-03-29 20:14:10,264 [WARN] PackLoader:240 - Cannot read IP mode file for STMicroelectronics.X-CUBE-NFC10.1.0.0
2026-03-29 20:14:10,272 [WARN] PackLoader:240 - Cannot read IP mode file for STMicroelectronics.X-CUBE-ST60.1.1.0
2026-03-29 20:14:10,281 [ERROR] LogOutputStream:75 - [STDERR_REDIRECT] [Fatal Error] :1:1: Premature end of file.
2026-03-29 20:14:10,281 [ERROR] LogOutputStream:75 - [STDERR_REDIRECT] 
2026-03-29 20:14:10,281 [WARN] PackLoader:240 - Cannot read IP mode file for emotas.I-CUBE-CANOPEN.1.3.0
2026-03-29 20:14:10,291 [WARN] PackLoader:240 - Cannot read IP mode file for STMicroelectronics.X-CUBE-GNSS1.7.1.0
2026-03-29 20:14:10,298 [WARN] PackLoader:240 - Cannot read IP mode file for STMicroelectronics.FP-SNS-STBOX1.2.1.0
2026-03-29 20:14:10,305 [WARN] PackLoader:240 - Cannot read IP mode file for STMicroelectronics.FP-SNS-SMARTAG2.1.2.0
2026-03-29 20:14:10,311 [WARN] PackLoader:240 - Cannot read IP mode file for STMicroelectronics.FP-SNS-FLIGHT1.5.1.0
2026-03-29 20:14:10,320 [INFO] LogOutputStream:77 - [STDOUT_REDIRECT] 1 : Invalid condition id : UX_CORESTACK_Condition cause : null
2026-03-29 20:14:10,321 [INFO] LogOutputStream:77 - [STDOUT_REDIRECT] 1 : Invalid condition id : UX_CORESTACK_Condition cause : null
2026-03-29 20:14:10,322 [INFO] LogOutputStream:77 - [STDOUT_REDIRECT] 1 : Invalid condition id : UX_CORESTACK_Condition cause : null
2026-03-29 20:14:10,322 [INFO] LogOutputStream:77 - [STDOUT_REDIRECT] 1 : Invalid condition id : UX_CORESTACK_Condition cause : null
2026-03-29 20:14:10,326 [INFO] LogOutputStream:77 - [STDOUT_REDIRECT] 1 : Invalid condition id : UX_CORESTACK_Condition cause : null
2026-03-29 20:14:10,328 [WARN] PackLoader:240 - Cannot read IP mode file for STMicroelectronics.X-CUBE-AZRTOS-WL.2.0.0
2026-03-29 20:14:10,346 [WARN] PackLoader:240 - Cannot read IP mode file for STMicroelectronics.X-CUBE-AZRTOS-H7RS.1.2.0
2026-03-29 20:14:10,353 [WARN] PackLoader:240 - Cannot read IP mode file for STMicroelectronics.X-CUBE-BLE2.3.3.0
2026-03-29 20:14:10,413 [WARN] PackLoader:240 - Cannot read IP mode file for Infineon.AIROC-Wi-Fi-Bluetooth-STM32.1.8.0
2026-03-29 20:14:10,424 [WARN] PackLoader:240 - Cannot read IP mode file for STMicroelectronics.X-CUBE-NFC9.1.0.0
2026-03-29 20:14:10,432 [WARN] PackLoader:240 - Cannot read IP mode file for STMicroelectronics.X-CUBE-BLE1.7.1.0
2026-03-29 20:14:10,440 [WARN] PackLoader:240 - Cannot read IP mode file for wolfSSL.I-CUBE-wolfMQTT.1.19.2
2026-03-29 20:14:10,447 [WARN] PackLoader:240 - Cannot read IP mode file for STMicroelectronics.X-CUBE-FREERTOS.1.4.0
2026-03-29 20:14:10,455 [WARN] PackLoader:240 - Cannot read IP mode file for STMicroelectronics.X-CUBE-EEPRMA1.5.2.0
2026-03-29 20:14:10,459 [WARN] PackLoader:240 - Cannot read IP mode file for wolfSSL.I-CUBE-wolfSSL.5.8.4
2026-03-29 20:14:10,462 [WARN] PackLoader:240 - Cannot read IP mode file for Cesanta.I-CUBE-Mongoose.7.20.0
2026-03-29 20:14:10,497 [WARN] PackLoader:240 - Cannot read IP mode file for STMicroelectronics.X-CUBE-MEMS1.12.0.0
2026-03-29 20:14:10,602 [WARN] PackLoader:240 - Cannot read IP mode file for STMicroelectronics.X-CUBE-AZRTOS-G0.1.1.0
2026-03-29 20:14:10,610 [WARN] PackLoader:240 - Cannot read IP mode file for STMicroelectronics.X-CUBE-NFC4.3.0.0
2026-03-29 20:14:10,631 [WARN] PackLoader:240 - Cannot read IP mode file for EmbeddedOffice.I-CUBE-FS-RTOS.1.0.1
2026-03-29 20:14:10,660 [WARN] PackLoader:240 - Cannot read IP mode file for STMicroelectronics.X-CUBE-WB05N.2.0.0
2026-03-29 20:14:10,697 [INFO] WebApp:191 - Connection restablished
2026-03-29 20:14:10,752 [WARN] PackLoader:240 - Cannot read IP mode file for wolfSSL.I-CUBE-wolfTPM.3.8.0
2026-03-29 20:14:10,779 [WARN] PackLoader:240 - Cannot read IP mode file for STMicroelectronics.X-CUBE-TCPP.4.2.0
2026-03-29 20:14:10,797 [WARN] PackLoader:240 - Cannot read IP mode file for RealThread.X-CUBE-RT-Thread_Nano.4.1.1
2026-03-29 20:14:10,815 [WARN] PackLoader:240 - Cannot read IP mode file for STMicroelectronics.FP-ATR-SIGFOX1.3.2.0
2026-03-29 20:14:10,828 [WARN] PackLoader:240 - Cannot read IP mode file for STMicroelectronics.X-CUBE-FREERTOS.1.5.0
2026-03-29 20:14:10,842 [WARN] PackLoader:240 - Cannot read IP mode file for ITTIA_DB.I-CUBE-ITTIADB.8.9.0
2026-03-29 20:14:10,858 [WARN] PackLoader:240 - Cannot read IP mode file for STMicroelectronics.X-CUBE-NFC6.3.2.0
2026-03-29 20:14:10,868 [WARN] PackLoader:240 - Cannot read IP mode file for STMicroelectronics.X-CUBE-AI.10.2.0
2026-03-29 20:14:10,898 [WARN] PackLoader:240 - Cannot read IP mode file for SEGGER.I-CUBE-embOS.1.3.1
2026-03-29 20:14:10,942 [WARN] PackLoader:240 - Cannot read IP mode file for STMicroelectronics.X-CUBE-ALGOBUILD.1.4.0
2026-03-29 20:14:10,948 [WARN] PackLoader:240 - Cannot read IP mode file for STMicroelectronics.X-CUBE-PM33A1.1.0.0
2026-03-29 20:14:10,965 [WARN] PackLoader:240 - Cannot read IP mode file for STMicroelectronics.X-CUBE-AZRTOS-F4.1.1.0
2026-03-29 20:14:10,977 [WARN] PackLoader:240 - Cannot read IP mode file for STMicroelectronics.X-CUBE-ISPU.2.1.0
2026-03-29 20:14:10,990 [WARN] PackLoader:240 - Cannot read IP mode file for STMicroelectronics.X-CUBE-IPS.3.2.0
2026-03-29 20:14:11,003 [WARN] PackLoader:240 - Cannot read IP mode file for STMicroelectronics.X-CUBE-NFC12.1.0.0
2026-03-29 20:14:11,019 [WARN] PackLoader:240 - Cannot read IP mode file for STMicroelectronics.X-CUBE-AZRTOS-L5.2.0.0
2026-03-29 20:14:11,031 [WARN] PackLoader:240 - Cannot read IP mode file for STMicroelectronics.X-CUBE-TOUCHGFX.4.26.0
2026-03-29 20:14:11,039 [WARN] PackLoader:240 - Cannot read IP mode file for STMicroelectronics.X-CUBE-TOUCHGFX.4.26.1
2026-03-29 20:14:11,045 [WARN] PackLoader:240 - Cannot read IP mode file for STMicroelectronics.FP-SNS-STAIOTCFT.1.0.0
2026-03-29 20:14:11,057 [WARN] PackLoader:240 - Cannot read IP mode file for STMicroelectronics.X-CUBE-DPower.1.3.0
2026-03-29 20:14:11,073 [WARN] ConditionMgr:438 - getConditionDescription Invalid condition id : LAN8742 Phy interface Condition cause : null
2026-03-29 20:14:11,074 [WARN] PackLoader:240 - Cannot read IP mode file for STMicroelectronics.X-CUBE-AZRTOS-L4.2.0.0
2026-03-29 20:14:11,075 [WARN] ConditionMgr:1044 - genDependencies : Invalid condition id : LAN8742 Phy interface Condition cause : null
2026-03-29 20:14:11,075 [WARN] ConditionMgr:1044 - genDependencies : Invalid condition id : LAN8742 Phy interface Condition cause : null
2026-03-29 20:14:11,076 [WARN] ConditionMgr:1044 - genDependencies : Invalid condition id : LAN8742 Phy interface Condition cause : null
2026-03-29 20:14:11,093 [WARN] PackLoader:240 - Cannot read IP mode file for STMicroelectronics.X-CUBE-SFXS2LP1.4.0.0
2026-03-29 20:14:11,100 [WARN] PackLoader:240 - Cannot read IP mode file for STMicroelectronics.X-CUBE-ST67W61.1.2.0
2026-03-29 20:14:11,112 [WARN] PackLoader:240 - Cannot read IP mode file for STMicroelectronics.X-CUBE-BLEMGR.4.1.0
2026-03-29 20:14:11,125 [WARN] ConditionMgr:438 - getConditionDescription Invalid condition id : UX DEVICE CLASS RTOS Condition cause : null
2026-03-29 20:14:11,125 [WARN] ConditionMgr:438 - getConditionDescription Invalid condition id : UX DEVICE CLASS RTOS Condition cause : null
2026-03-29 20:14:11,126 [WARN] PackLoader:240 - Cannot read IP mode file for STMicroelectronics.X-CUBE-AZRTOS-WB.2.0.0
2026-03-29 20:14:11,127 [WARN] ConditionMgr:1044 - genDependencies : Invalid condition id : UX DEVICE CLASS RTOS Condition cause : null
2026-03-29 20:14:11,127 [WARN] ConditionMgr:1044 - genDependencies : Invalid condition id : UX DEVICE CLASS RTOS Condition cause : null
2026-03-29 20:14:11,127 [WARN] ConditionMgr:1044 - genDependencies : Invalid condition id : UX DEVICE CLASS RTOS Condition cause : null
2026-03-29 20:14:11,127 [WARN] ConditionMgr:1044 - genDependencies : Invalid condition id : UX DEVICE CLASS RTOS Condition cause : null
2026-03-29 20:14:11,127 [WARN] ConditionMgr:1044 - genDependencies : Invalid condition id : UX DEVICE CLASS RTOS Condition cause : null
2026-03-29 20:14:11,131 [WARN] ConditionMgr:438 - getConditionDescription Invalid condition id : Cortex-A Device cause : null
2026-03-29 20:14:11,144 [WARN] ConditionMgr:1044 - genDependencies : Invalid condition id : Cortex-A Device cause : null
2026-03-29 20:14:11,145 [WARN] ConditionMgr:1044 - genDependencies : Invalid condition id : Cortex-A Device cause : null
2026-03-29 20:14:11,145 [WARN] ConditionMgr:1044 - genDependencies : Invalid condition id : Cortex-A Device cause : null
2026-03-29 20:14:11,152 [WARN] PackLoader:240 - Cannot read IP mode file for STMicroelectronics.X-CUBE-STSE01.2.0.0
2026-03-29 20:14:11,161 [WARN] PackLoader:240 - Cannot read IP mode file for STMicroelectronics.X-CUBE-SUBG2.5.0.0
2026-03-29 20:14:11,174 [WARN] PackLoader:240 - Cannot read IP mode file for STMicroelectronics.X-CUBE-AZRTOS-G4.2.0.0
2026-03-29 20:14:11,179 [WARN] PackLoader:240 - Cannot read IP mode file for wolfSSL.I-CUBE-wolfSSH.1.4.20
2026-03-29 20:14:11,183 [WARN] PackLoader:240 - Cannot read IP mode file for STMicroelectronics.X-CUBE-NFC7.2.0.0
2026-03-29 20:14:11,190 [WARN] PackLoader:240 - Cannot read IP mode file for STMicroelectronics.X-CUBE-ALS.1.0.2
2026-03-29 20:14:11,202 [WARN] PackLoader:240 - Cannot read IP mode file for STMicroelectronics.X-CUBE-TOF1.3.4.3
2026-03-29 20:14:11,211 [INFO] ThirdParty:978 - Integrity check success = true
2026-03-29 20:14:11,211 [INFO] IntegrityCheckThread:100 - exiting critical section [integrity check]
2026-03-29 20:14:11,212 [INFO] IntegrityCheckThread:103 - End integrity checks thread
2026-03-29 20:14:11,288 [ERROR] LogOutputStream:75 - [STDERR_REDIRECT] [Fatal Error] :1:1: Premature end of file.
2026-03-29 20:14:11,288 [ERROR] LogOutputStream:75 - [STDERR_REDIRECT] 
2026-03-29 20:14:12,288 [ERROR] LogOutputStream:75 - [STDERR_REDIRECT] [Fatal Error] :1:1: Premature end of file.
2026-03-29 20:14:12,289 [ERROR] LogOutputStream:75 - [STDERR_REDIRECT] 
2026-03-29 20:14:13,295 [ERROR] LogOutputStream:75 - [STDERR_REDIRECT] [Fatal Error] :1:1: Premature end of file.
2026-03-29 20:14:13,295 [ERROR] LogOutputStream:75 - [STDERR_REDIRECT] 
2026-03-29 20:14:14,283 [ERROR] LogOutputStream:75 - [STDERR_REDIRECT] [Fatal Error] :1:1: Premature end of file.
2026-03-29 20:14:14,284 [ERROR] LogOutputStream:75 - [STDERR_REDIRECT] 
2026-03-29 20:14:15,288 [ERROR] LogOutputStream:75 - [STDERR_REDIRECT] [Fatal Error] :1:1: Premature end of file.
2026-03-29 20:14:15,288 [ERROR] LogOutputStream:75 - [STDERR_REDIRECT] 
2026-03-29 20:14:16,340 [ERROR] LogOutputStream:75 - [STDERR_REDIRECT] [Fatal Error] :1:1: Premature end of file.
2026-03-29 20:14:16,341 [ERROR] LogOutputStream:75 - [STDERR_REDIRECT] 
2026-03-29 20:14:16,756 [ERROR] LogOutputStream:75 - [STDERR_REDIRECT] 
