2026-02-05 09:16:40,042 [INFO] Activator:176 - 


2026-02-05 09:16:40,044 [INFO] Activator:177 - !SESSION log4j initialized
2026-02-05 09:16:42,566 [INFO] LogOutputStream:77 - [STDOUT_REDIRECT] 
2026-02-05 09:16:44,914 [INFO] ApplicationProperties:184 - Using Application install path: C:\ST\STM32CubeIDE_1.17.0\STM32CubeIDE\plugins\com.st.stm32cube.common.mx_6.14.0.202502271554
2026-02-05 09:16:44,931 [INFO] DbMcusXml:78 - Set database path to: C:\ST\STM32CubeIDE_1.17.0\STM32CubeIDE\plugins\com.st.stm32cube.common.mx_6.14.0.202502271554\\db\/mcu/
2026-02-05 09:16:44,931 [INFO] ApiDb:274 - Set plugin database path to: C:\ST\STM32CubeIDE_1.17.0\STM32CubeIDE\plugins\com.st.stm32cube.common.mx_6.14.0.202502271554\\db\/plugins/boardmanager/
2026-02-05 09:16:44,931 [WARN] ApiDb:259 - Overriding images path with different value:  => C:\ST\STM32CubeIDE_1.17.0\STM32CubeIDE\plugins\com.st.stm32cube.common.mx_6.14.0.202502271554\\db\/plugins/mcufinder/images/
2026-02-05 09:16:44,936 [INFO] ApiDb:250 - Set database path to: C:\Users\G45\.stmcufinder\plugins\mcufinder//mcu/
2026-02-05 09:16:44,937 [INFO] DbMcusAds:125 - Set database path to: C:\Users\G45\.stmcufinder\plugins\mcufinder//mcu/
2026-02-05 09:16:44,939 [INFO] CrossReferenceDbSqlite:203 - Set database path to: C:\Users\G45\.stmcufinder\plugins\mcufinder//mcu/cs/
2026-02-05 09:16:45,051 [INFO] RulesReader:64 - Compatibility file has been processed (301 Rules)
2026-02-05 09:16:45,134 [INFO] DbMcusXml:78 - Set database path to: C:\ST\STM32CubeIDE_1.17.0\STM32CubeIDE\plugins\com.st.stm32cube.common.mx_6.14.0.202502271554\\db\/mcu/
2026-02-05 09:16:45,134 [INFO] ApiDb:274 - Set plugin database path to: C:\ST\STM32CubeIDE_1.17.0\STM32CubeIDE\plugins\com.st.stm32cube.common.mx_6.14.0.202502271554\\db\/plugins/boardmanager/
2026-02-05 09:16:45,134 [INFO] ApiDb:261 - Set plugin images path to: C:\ST\STM32CubeIDE_1.17.0\STM32CubeIDE\plugins\com.st.stm32cube.common.mx_6.14.0.202502271554\\db\/plugins/mcufinder/images/
2026-02-05 09:16:45,134 [WARN] DbFile:41 - Overriding database path with different value: C:\Users\G45\.stmcufinder\plugins\mcufinder/ => C:\Users\G45\.stmcufinder\plugins\mcufinder
2026-02-05 09:16:45,135 [INFO] ApiDb:250 - Set database path to: C:\Users\G45\.stmcufinder\plugins\mcufinder//mcu/
2026-02-05 09:16:45,135 [WARN] DbFile:41 - Overriding database path with different value: C:\Users\G45\.stmcufinder\plugins\mcufinder/ => C:\Users\G45\.stmcufinder\plugins\mcufinder
2026-02-05 09:16:45,135 [INFO] DbMcusAds:125 - Set database path to: C:\Users\G45\.stmcufinder\plugins\mcufinder//mcu/
2026-02-05 09:16:45,135 [WARN] DbFile:41 - Overriding database path with different value: C:\Users\G45\.stmcufinder\plugins\mcufinder/ => C:\Users\G45\.stmcufinder\plugins\mcufinder
2026-02-05 09:16:45,135 [WARN] DbFile:41 - Overriding database path with different value: C:\Users\G45\.stmcufinder\plugins\mcufinder/ => C:\Users\G45\.stmcufinder\plugins\mcufinder
2026-02-05 09:16:45,135 [INFO] CrossReferenceDbSqlite:203 - Set database path to: C:\Users\G45\.stmcufinder\plugins\mcufinder//mcu/cs/
2026-02-05 09:16:45,223 [INFO] MainPanel:272 - HeapMemory: 268435456
2026-02-05 09:16:45,335 [INFO] DbMcusXml:78 - Set database path to: C:\ST\STM32CubeIDE_1.17.0\STM32CubeIDE\plugins\com.st.stm32cube.common.mx_6.14.0.202502271554\\db\/mcu/
2026-02-05 09:16:45,336 [INFO] ApiDb:274 - Set plugin database path to: C:\ST\STM32CubeIDE_1.17.0\STM32CubeIDE\plugins\com.st.stm32cube.common.mx_6.14.0.202502271554\\db\/plugins/boardmanager/
2026-02-05 09:16:45,336 [INFO] ApiDb:261 - Set plugin images path to: C:\ST\STM32CubeIDE_1.17.0\STM32CubeIDE\plugins\com.st.stm32cube.common.mx_6.14.0.202502271554\\db\/plugins/mcufinder/images/
2026-02-05 09:16:45,336 [WARN] DbFile:41 - Overriding database path with different value: C:\Users\G45\.stmcufinder\plugins\mcufinder/ => C:\Users\G45\.stmcufinder\plugins\mcufinder
2026-02-05 09:16:45,336 [INFO] ApiDb:250 - Set database path to: C:\Users\G45\.stmcufinder\plugins\mcufinder//mcu/
2026-02-05 09:16:45,336 [WARN] DbFile:41 - Overriding database path with different value: C:\Users\G45\.stmcufinder\plugins\mcufinder/ => C:\Users\G45\.stmcufinder\plugins\mcufinder
2026-02-05 09:16:45,336 [INFO] DbMcusAds:125 - Set database path to: C:\Users\G45\.stmcufinder\plugins\mcufinder//mcu/
2026-02-05 09:16:45,336 [WARN] DbFile:41 - Overriding database path with different value: C:\Users\G45\.stmcufinder\plugins\mcufinder/ => C:\Users\G45\.stmcufinder\plugins\mcufinder
2026-02-05 09:16:45,337 [WARN] DbFile:41 - Overriding database path with different value: C:\Users\G45\.stmcufinder\plugins\mcufinder/ => C:\Users\G45\.stmcufinder\plugins\mcufinder
2026-02-05 09:16:45,337 [INFO] CrossReferenceDbSqlite:203 - Set database path to: C:\Users\G45\.stmcufinder\plugins\mcufinder//mcu/cs/
2026-02-05 09:16:45,356 [INFO] ApplicationProperties:184 - Using Application install path: C:\ST\STM32CubeIDE_1.17.0\STM32CubeIDE\plugins\com.st.stm32cube.common.mx_6.14.0.202502271554
2026-02-05 09:16:45,357 [INFO] PluginManage:196 - Search for loadable plugins [exclusion list=, ]
2026-02-05 09:16:45,358 [INFO] PluginManage:310 - Check plugin analytics
2026-02-05 09:16:45,537 [INFO] AnalyticsPlugin:253 - Accepted Software Licenses: STM32CubeMX.5.2.1,STM32CubeMX.5.6.0,STM32CubeMX.6.1.1
2026-02-05 09:16:45,537 [INFO] AnalyticsPlugin:255 - Accepted CMSIS Pack Licenses: 
2026-02-05 09:16:45,537 [INFO] AnalyticsPlugin:257 - Accepted Firmware Licenses: FW.L4.1.18.0,FW.F4.1.28.0
2026-02-05 09:16:45,540 [INFO] PluginManage:359 - Loaded plugin analytics (category:tool,tabindex:-1)
2026-02-05 09:16:45,541 [INFO] PluginManage:310 - Check plugin cadmodel
2026-02-05 09:16:45,546 [INFO] CADModel:105 - Init CAD model plugin
2026-02-05 09:16:45,546 [INFO] PluginManage:359 - Loaded plugin cadmodel (category:power,tabindex:5)
2026-02-05 09:16:45,547 [INFO] PluginManage:310 - Check plugin clock
2026-02-05 09:16:45,559 [INFO] PluginManage:359 - Loaded plugin clock (category:base,tabindex:2)
2026-02-05 09:16:45,559 [INFO] PluginManage:310 - Check plugin ddr
2026-02-05 09:16:45,561 [INFO] PluginManage:359 - Loaded plugin ddr (category:tool,tabindex:6)
2026-02-05 09:16:45,561 [INFO] PluginManage:310 - Check plugin filemanager
2026-02-05 09:16:45,838 [INFO] PluginManage:359 - Loaded plugin filemanager (category:base,tabindex:10)
2026-02-05 09:16:45,838 [INFO] PluginManage:310 - Check plugin ipmanager
2026-02-05 09:16:45,848 [INFO] PluginManage:359 - Loaded plugin ipmanager (category:base,tabindex:5)
2026-02-05 09:16:45,848 [INFO] PluginManage:310 - Check plugin lpbam
2026-02-05 09:16:45,858 [INFO] PluginManage:359 - Loaded plugin lpbam (category:base,tabindex:0)
2026-02-05 09:16:45,859 [INFO] PluginManage:310 - Check plugin memorymap
2026-02-05 09:16:45,875 [INFO] PluginManage:359 - Loaded plugin memorymap (category:base,tabindex:4)
2026-02-05 09:16:45,875 [INFO] PluginManage:310 - Check plugin pinoutandconfiguration
2026-02-05 09:16:45,883 [INFO] PluginManage:359 - Loaded plugin pinoutandconfiguration (category:base,tabindex:1)
2026-02-05 09:16:45,883 [INFO] PluginManage:310 - Check plugin pinoutconfig
2026-02-05 09:16:45,971 [WARN] SupportedApi:132 - Cannot load RTOS API schema: s4s-elt-must-match.1: The content of 'definitions' must match (annotation?, (simpleType | complexType)?, (unique | key | keyref)*)). A problem was found starting at: attribute.
2026-02-05 09:16:46,092 [INFO] PluginManage:359 - Loaded plugin pinoutconfig (category:base,tabindex:0)
2026-02-05 09:16:46,092 [INFO] PluginManage:310 - Check plugin power
2026-02-05 09:16:46,101 [INFO] PluginManage:359 - Loaded plugin power (category:power,tabindex:4)
2026-02-05 09:16:46,101 [INFO] PluginManage:310 - Check plugin projectmanager
2026-02-05 09:16:46,118 [INFO] PluginManage:359 - Loaded plugin projectmanager (category:projectmanager,tabindex:4)
2026-02-05 09:16:46,118 [INFO] PluginManage:310 - Check plugin rif
2026-02-05 09:16:46,125 [INFO] PluginManage:359 - Loaded plugin rif (category:base,tabindex:3)
2026-02-05 09:16:46,125 [INFO] PluginManage:310 - Check plugin thirdparty
2026-02-05 09:16:46,273 [INFO] PluginManage:359 - Loaded plugin thirdparty (category:base,tabindex:-1)
2026-02-05 09:16:46,274 [INFO] PluginManage:310 - Check plugin tools
2026-02-05 09:16:46,273 [WARN] IntegrityCheckThread:84 - waiting for thirdparty lock release [integrity check]
2026-02-05 09:16:46,274 [INFO] IntegrityCheckThread:86 - entering critical section [integrity check]
2026-02-05 09:16:46,275 [INFO] ThirdPartyUpdaterWithRetryManager:70 - Updater plugin not ready yet. [1/15]
2026-02-05 09:16:46,276 [INFO] PluginManage:359 - Loaded plugin tools (category:base,tabindex:7)
2026-02-05 09:16:46,277 [INFO] PluginManage:310 - Check plugin tutovideos
2026-02-05 09:16:46,454 [INFO] PluginManage:359 - Loaded plugin tutovideos (category:base,tabindex:-1)
2026-02-05 09:16:46,455 [INFO] PluginManage:310 - Check plugin updater
2026-02-05 09:16:46,480 [INFO] PluginManage:359 - Loaded plugin updater (category:base,tabindex:12)
2026-02-05 09:16:46,480 [INFO] PluginManage:310 - Check plugin userauth
2026-02-05 09:16:46,483 [INFO] UserAuth:118 - Init User Auth plugin
2026-02-05 09:16:46,484 [INFO] PluginManage:359 - Loaded plugin userauth (category:base,tabindex:14)
2026-02-05 09:16:46,485 [INFO] PluginManage:283 - PluginManage : Loaded plugins [18]
2026-02-05 09:16:46,721 [INFO] PinOutPanel:1589 - setPackage(No Configuration,No Configuration)
2026-02-05 09:16:46,824 [INFO] CADModel:165 - CPN selected for project level
2026-02-05 09:16:46,825 [INFO] CADModel:114 - Register for checkConnection events
2026-02-05 09:16:46,842 [INFO] IPUIPlugin:80 - create IPUIPlugin
2026-02-05 09:16:46,842 [INFO] PluginManager:220 - loadIPPluginJar : add adc
2026-02-05 09:16:46,845 [INFO] IPUIPlugin:80 - create IPUIPlugin
2026-02-05 09:16:46,845 [INFO] PluginManager:220 - loadIPPluginJar : add aes
2026-02-05 09:16:46,848 [INFO] IPUIPlugin:80 - create IPUIPlugin
2026-02-05 09:16:46,848 [INFO] PluginManager:220 - loadIPPluginJar : add can
2026-02-05 09:16:46,850 [INFO] IPUIPlugin:80 - create IPUIPlugin
2026-02-05 09:16:46,850 [INFO] PluginManager:220 - loadIPPluginJar : add comp
2026-02-05 09:16:46,853 [INFO] IPUIPlugin:80 - create IPUIPlugin
2026-02-05 09:16:46,853 [INFO] PluginManager:220 - loadIPPluginJar : add cryp
2026-02-05 09:16:46,857 [INFO] IPUIPlugin:80 - create IPUIPlugin
2026-02-05 09:16:46,857 [INFO] PluginManager:220 - loadIPPluginJar : add ddr_ctrl_phy
2026-02-05 09:16:46,860 [INFO] IPUIPlugin:80 - create IPUIPlugin
2026-02-05 09:16:46,860 [INFO] PluginManager:220 - loadIPPluginJar : add dfsdm
2026-02-05 09:16:46,866 [INFO] IPUIPlugin:80 - create IPUIPlugin
2026-02-05 09:16:46,866 [INFO] PluginManager:220 - loadIPPluginJar : add dma
2026-02-05 09:16:46,869 [INFO] IPUIPlugin:80 - create IPUIPlugin
2026-02-05 09:16:46,869 [INFO] PluginManager:220 - loadIPPluginJar : add dma3
2026-02-05 09:16:46,872 [INFO] IPUIPlugin:80 - create IPUIPlugin
2026-02-05 09:16:46,872 [INFO] PluginManager:220 - loadIPPluginJar : add extmemmanager
2026-02-05 09:16:46,874 [INFO] IPUIPlugin:80 - create IPUIPlugin
2026-02-05 09:16:46,874 [INFO] PluginManager:220 - loadIPPluginJar : add fatfs
2026-02-05 09:16:46,878 [INFO] IPUIPlugin:80 - create IPUIPlugin
2026-02-05 09:16:46,878 [INFO] PluginManager:220 - loadIPPluginJar : add fmc
2026-02-05 09:16:46,884 [INFO] IPUIPlugin:80 - create IPUIPlugin
2026-02-05 09:16:46,885 [INFO] PluginManager:220 - loadIPPluginJar : add freertos
2026-02-05 09:16:46,887 [INFO] IPUIPlugin:80 - create IPUIPlugin
2026-02-05 09:16:46,887 [INFO] PluginManager:220 - loadIPPluginJar : add genericplugin
2026-02-05 09:16:46,889 [INFO] IPUIPlugin:80 - create IPUIPlugin
2026-02-05 09:16:46,890 [INFO] PluginManager:220 - loadIPPluginJar : add gfxmmu
2026-02-05 09:16:46,894 [INFO] IPUIPlugin:80 - create IPUIPlugin
2026-02-05 09:16:46,894 [INFO] PluginManager:220 - loadIPPluginJar : add gic
2026-02-05 09:16:46,898 [INFO] IPUIPlugin:80 - create IPUIPlugin
2026-02-05 09:16:46,899 [INFO] PluginManager:220 - loadIPPluginJar : add gpio
2026-02-05 09:16:46,901 [INFO] IPUIPlugin:80 - create IPUIPlugin
2026-02-05 09:16:46,902 [INFO] PluginManager:220 - loadIPPluginJar : add gtzc
2026-02-05 09:16:46,904 [INFO] IPUIPlugin:80 - create IPUIPlugin
2026-02-05 09:16:46,904 [INFO] PluginManager:220 - loadIPPluginJar : add hash
2026-02-05 09:16:46,907 [INFO] IPUIPlugin:80 - create IPUIPlugin
2026-02-05 09:16:46,907 [INFO] PluginManager:220 - loadIPPluginJar : add i2c
2026-02-05 09:16:46,910 [INFO] IPUIPlugin:80 - create IPUIPlugin
2026-02-05 09:16:46,910 [INFO] PluginManager:220 - loadIPPluginJar : add i2s
2026-02-05 09:16:46,913 [INFO] IPUIPlugin:80 - create IPUIPlugin
2026-02-05 09:16:46,914 [INFO] PluginManager:220 - loadIPPluginJar : add i3c
2026-02-05 09:16:46,918 [INFO] IPUIPlugin:80 - create IPUIPlugin
2026-02-05 09:16:46,918 [INFO] PluginManager:220 - loadIPPluginJar : add ipddr
2026-02-05 09:16:46,926 [INFO] IPUIPlugin:80 - create IPUIPlugin
2026-02-05 09:16:46,926 [INFO] PluginManager:220 - loadIPPluginJar : add linkedlist
2026-02-05 09:16:46,930 [INFO] IPUIPlugin:80 - create IPUIPlugin
2026-02-05 09:16:46,931 [INFO] PluginManager:220 - loadIPPluginJar : add lorawan
2026-02-05 09:16:46,932 [INFO] IPUIPlugin:80 - create IPUIPlugin
2026-02-05 09:16:46,932 [INFO] PluginManager:220 - loadIPPluginJar : add ltdc
2026-02-05 09:16:46,938 [INFO] IPUIPlugin:80 - create IPUIPlugin
2026-02-05 09:16:46,938 [INFO] PluginManager:220 - loadIPPluginJar : add mdma
2026-02-05 09:16:46,941 [INFO] IPUIPlugin:80 - create IPUIPlugin
2026-02-05 09:16:46,942 [INFO] PluginManager:220 - loadIPPluginJar : add nvic
2026-02-05 09:16:46,945 [INFO] IPUIPlugin:80 - create IPUIPlugin
2026-02-05 09:16:46,945 [INFO] PluginManager:220 - loadIPPluginJar : add opamp
2026-02-05 09:16:46,949 [INFO] IPUIPlugin:80 - create IPUIPlugin
2026-02-05 09:16:46,949 [INFO] PluginManager:220 - loadIPPluginJar : add openamp
2026-02-05 09:16:46,953 [INFO] IPUIPlugin:80 - create IPUIPlugin
2026-02-05 09:16:46,953 [INFO] PluginManager:220 - loadIPPluginJar : add pdm2pcm
2026-02-05 09:16:46,958 [INFO] IPUIPlugin:80 - create IPUIPlugin
2026-02-05 09:16:46,961 [INFO] PluginManager:220 - loadIPPluginJar : add plateformsettings
2026-02-05 09:16:46,963 [INFO] IPUIPlugin:80 - create IPUIPlugin
2026-02-05 09:16:46,963 [INFO] PluginManager:220 - loadIPPluginJar : add quadspi
2026-02-05 09:16:46,965 [INFO] IPUIPlugin:80 - create IPUIPlugin
2026-02-05 09:16:46,966 [INFO] PluginManager:220 - loadIPPluginJar : add radio
2026-02-05 09:16:46,969 [INFO] IPUIPlugin:80 - create IPUIPlugin
2026-02-05 09:16:46,970 [INFO] PluginManager:220 - loadIPPluginJar : add resmgrutility
2026-02-05 09:16:46,973 [INFO] IPUIPlugin:80 - create IPUIPlugin
2026-02-05 09:16:46,974 [INFO] PluginManager:220 - loadIPPluginJar : add sai
2026-02-05 09:16:46,977 [INFO] IPUIPlugin:80 - create IPUIPlugin
2026-02-05 09:16:46,977 [INFO] PluginManager:220 - loadIPPluginJar : add spi
2026-02-05 09:16:46,993 [INFO] IPUIPlugin:80 - create IPUIPlugin
2026-02-05 09:16:46,993 [INFO] PluginManager:220 - loadIPPluginJar : add stm32_wpan
2026-02-05 09:16:46,996 [INFO] IPUIPlugin:80 - create IPUIPlugin
2026-02-05 09:16:46,996 [INFO] PluginManager:220 - loadIPPluginJar : add tim
2026-02-05 09:16:46,999 [INFO] IPUIPlugin:80 - create IPUIPlugin
2026-02-05 09:16:47,000 [INFO] PluginManager:220 - loadIPPluginJar : add touchsensing
2026-02-05 09:16:47,002 [INFO] IPUIPlugin:80 - create IPUIPlugin
2026-02-05 09:16:47,002 [INFO] PluginManager:220 - loadIPPluginJar : add tracer_emb
2026-02-05 09:16:47,004 [INFO] IPUIPlugin:80 - create IPUIPlugin
2026-02-05 09:16:47,004 [INFO] PluginManager:220 - loadIPPluginJar : add ts
2026-02-05 09:16:47,006 [INFO] IPUIPlugin:80 - create IPUIPlugin
2026-02-05 09:16:47,006 [INFO] PluginManager:220 - loadIPPluginJar : add tsc
2026-02-05 09:16:47,008 [INFO] IPUIPlugin:80 - create IPUIPlugin
2026-02-05 09:16:47,009 [INFO] PluginManager:220 - loadIPPluginJar : add ucpd
2026-02-05 09:16:47,012 [INFO] IPUIPlugin:80 - create IPUIPlugin
2026-02-05 09:16:47,012 [INFO] PluginManager:220 - loadIPPluginJar : add usart
2026-02-05 09:16:47,015 [INFO] IPUIPlugin:80 - create IPUIPlugin
2026-02-05 09:16:47,016 [INFO] PluginManager:220 - loadIPPluginJar : add usbx
2026-02-05 09:16:47,146 [FATAL] Updater:351 - Updater called before beeing initialized
2026-02-05 09:16:47,176 [INFO] RulesReader:64 - Compatibility file has been processed (301 Rules)
2026-02-05 09:16:47,187 [INFO] RulesReader:64 - Compatibility file has been processed (301 Rules)
2026-02-05 09:16:47,195 [INFO] CADModel:165 - CPN selected for project level
2026-02-05 09:16:47,195 [INFO] CADModel:114 - Register for checkConnection events
2026-02-05 09:16:47,195 [FATAL] Updater:351 - Updater called before beeing initialized
2026-02-05 09:16:47,195 [ERROR] CADModel:125 - Updater not yet initialized, retry later 
2026-02-05 09:16:47,339 [FATAL] Updater:351 - Updater called before beeing initialized
2026-02-05 09:16:47,341 [INFO] CADModel:165 - CPN selected for project level
2026-02-05 09:16:47,341 [INFO] CADModel:114 - Register for checkConnection events
2026-02-05 09:16:47,341 [FATAL] Updater:351 - Updater called before beeing initialized
2026-02-05 09:16:47,341 [ERROR] CADModel:125 - Updater not yet initialized, retry later 
2026-02-05 09:16:47,344 [FATAL] Updater:351 - Updater called before beeing initialized
2026-02-05 09:16:47,460 [FATAL] Updater:351 - Updater called before beeing initialized
2026-02-05 09:16:47,465 [INFO] DbMcusAds:53 - JSON generation date=Thu Jan 08 16:57:51 CET 2026 (1767887871456)
2026-02-05 09:16:47,465 [FATAL] Updater:351 - Updater called before beeing initialized
2026-02-05 09:16:47,503 [WARN] DetailPanel:346 - Failed to get advertising image, set to default
2026-02-05 09:16:47,804 [FATAL] Updater:351 - Updater called before beeing initialized
2026-02-05 09:16:47,806 [FATAL] Updater:351 - Updater called before beeing initialized
2026-02-05 09:16:47,806 [FATAL] Updater:351 - Updater called before beeing initialized
2026-02-05 09:16:47,806 [WARN] DetailPanel:346 - Failed to get advertising image, set to default
2026-02-05 09:16:47,807 [FATAL] Updater:351 - Updater called before beeing initialized
2026-02-05 09:16:47,853 [ERROR] Updater:1198 - MainUpdater not yet initialized. External WinMGr cannot be set.
2026-02-05 09:16:47,856 [INFO] Updater:1134 - Updater Version found : 6.14.0
2026-02-05 09:16:47,876 [INFO] ApplicationProperties:184 - Using Application install path: C:\ST\STM32CubeIDE_1.17.0\STM32CubeIDE\plugins\com.st.stm32cube.common.mx_6.14.0.202502271554
2026-02-05 09:16:48,256 [INFO] MainUpdater:2872 - connection check result : 10
2026-02-05 09:16:48,257 [INFO] MainUpdater:289 - Updater Check For Update Now.
2026-02-05 09:16:48,257 [INFO] MicroXplorer:498 - Change Database Version : DB.6.0.140
2026-02-05 09:16:48,263 [INFO] McuFinderGlobals:63 - Set McuFinder mode to 2 (CubeIDE integrated)
2026-02-05 09:16:48,263 [INFO] UserAuth:486 - Internet connection configuration mode: 1
2026-02-05 09:16:48,277 [INFO] JxBrowserEngine:152 - Initiate JxBrowser Engine with user profile folder
2026-02-05 09:16:48,488 [INFO] CheckServerUpdateThread:120 - End of CheckServer Thread
2026-02-05 09:16:49,435 [INFO] WebApp:169 - Instantiating new browser for Auth
2026-02-05 09:16:49,578 [INFO] McuFinderGlobals:63 - Set McuFinder mode to 2 (CubeIDE integrated)
2026-02-05 09:16:49,584 [INFO] MainUpdater:2872 - connection check result : 10
2026-02-05 09:16:49,647 [WARN] PackLoader:240 - Cannot read IP mode file for STMicroelectronics.FP-SNS-MOTENVWB1.1.4.0
2026-02-05 09:16:49,658 [WARN] PackLoader:240 - Cannot read IP mode file for STMicroelectronics.FP-ATR-ASTRA1.2.0.2
2026-02-05 09:16:49,662 [WARN] PackLoader:240 - Cannot read IP mode file for STMicroelectronics.FP-ATR-ASTRA1.2.0.1
2026-02-05 09:16:49,675 [WARN] PackLoader:240 - Cannot read IP mode file for STMicroelectronics.X-CUBE-SMBUS.2.1.0
2026-02-05 09:16:49,688 [WARN] PackLoader:240 - Cannot read IP mode file for STMicroelectronics.X-CUBE-WB05N.1.1.0
2026-02-05 09:16:49,695 [WARN] PackLoader:240 - Cannot read IP mode file for STMicroelectronics.X-CUBE-TOUCHGFX.4.23.1
2026-02-05 09:16:49,698 [WARN] PackLoader:240 - Cannot read IP mode file for STMicroelectronics.X-CUBE-TOUCHGFX.4.23.0
2026-02-05 09:16:49,915 [WARN] PackLoader:240 - Cannot read IP mode file for STMicroelectronics.X-CUBE-MEMS1.9.2.0
2026-02-05 09:16:50,142 [WARN] PackLoader:240 - Cannot read IP mode file for STMicroelectronics.X-CUBE-AZRTOS-F7.1.1.0
2026-02-05 09:16:50,151 [WARN] PackLoader:240 - Cannot read IP mode file for STMicroelectronics.X-CUBE-AI.7.1.0
2026-02-05 09:16:50,154 [WARN] PackLoader:240 - Cannot read IP mode file for STMicroelectronics.X-CUBE-TOUCHGFX.4.19.1
2026-02-05 09:16:50,162 [WARN] PackLoader:240 - Cannot read IP mode file for STMicroelectronics.FP-SNS-MOTENV1.4.3.2
2026-02-05 09:16:50,169 [WARN] PackLoader:240 - Cannot read IP mode file for STMicroelectronics.X-CUBE-BLE1.6.2.3
2026-02-05 09:16:50,173 [WARN] PackLoader:240 - Cannot read IP mode file for STMicroelectronics.X-CUBE-BLE1.6.2.4
2026-02-05 09:16:50,176 [ERROR] Engine:466 - C:\Users\G45\.stm32cubemx\thirdparties\pdsc\STMicroelectronics.FP-SNS-MOTENV1.5.1.0.pdsc: PDSC version is not supported
2026-02-05 09:16:50,179 [WARN] PackLoader:240 - Cannot read IP mode file for STMicroelectronics.X-CUBE-BLE1.6.2.2
2026-02-05 09:16:50,216 [WARN] PackLoader:240 - Cannot read IP mode file for STMicroelectronics.FP-SNS-FLIGHT1.5.0.2
2026-02-05 09:16:50,230 [WARN] PackLoader:240 - Cannot read IP mode file for STMicroelectronics.X-CUBE-BLE2.3.2.2
2026-02-05 09:16:50,235 [WARN] PackLoader:240 - Cannot read IP mode file for wolfSSL.I-CUBE-wolfSSL.5.1.1
2026-02-05 09:16:50,253 [WARN] PackLoader:240 - Cannot read IP mode file for STMicroelectronics.X-CUBE-AZRTOS-H7.3.4.0
2026-02-05 09:16:50,263 [WARN] PackLoader:240 - Cannot read IP mode file for STMicroelectronics.X-CUBE-DISPLAY.3.0.0
2026-02-05 09:16:50,270 [WARN] PackLoader:240 - Cannot read IP mode file for STMicroelectronics.X-CUBE-BLE1.7.0.0
2026-02-05 09:16:50,275 [WARN] PackLoader:240 - Cannot read IP mode file for STMicroelectronics.X-CUBE-NFC10.1.0.0
2026-02-05 09:16:50,289 [WARN] PackLoader:240 - Cannot read IP mode file for STMicroelectronics.X-CUBE-BLEMGR.4.0.0
2026-02-05 09:16:50,296 [WARN] PackLoader:240 - Cannot read IP mode file for STMicroelectronics.X-CUBE-ST60.1.1.0
2026-02-05 09:16:50,303 [WARN] PackLoader:240 - Cannot read IP mode file for STMicroelectronics.X-CUBE-GNSS1.7.1.0
2026-02-05 09:16:50,312 [WARN] PackLoader:240 - Cannot read IP mode file for STMicroelectronics.X-CUBE-SUBG2.4.2.0
2026-02-05 09:16:50,323 [WARN] PackLoader:240 - Cannot read IP mode file for STMicroelectronics.X-CUBE-BLEMGR.3.1.0
2026-02-05 09:16:50,328 [WARN] PackLoader:240 - Cannot read IP mode file for STMicroelectronics.X-CUBE-AI.10.0.0
2026-02-05 09:16:50,359 [ERROR] Engine:466 - C:\Users\G45\.stm32cubemx\thirdparties\pdsc\STMicroelectronics.FP-SNS-STBOX1.2.1.0.pdsc: PDSC version is not supported
2026-02-05 09:16:50,385 [INFO] ApiDb:581 - Connected to CubeFinder SQLite database (C:\Users\G45\.stmcufinder\plugins\mcufinder\mcu\cube-finder-db.db)
2026-02-05 09:16:50,440 [WARN] PackLoader:240 - Cannot read IP mode file for STMicroelectronics.FP-SNS-SMARTAG2.1.2.0
2026-02-05 09:16:50,454 [WARN] PackLoader:240 - Cannot read IP mode file for STMicroelectronics.FP-SNS-FLIGHT1.5.1.0
2026-02-05 09:16:50,489 [WARN] PackLoader:240 - Cannot read IP mode file for STMicroelectronics.X-CUBE-MEMS1.11.1.0
2026-02-05 09:16:50,511 [INFO] ApiDb:668 - CubeFinder database Data Model version=2.1
2026-02-05 09:16:50,512 [INFO] ApiDb:669 - CubeFinder database Configuration version=3.0.39
2026-02-05 09:16:50,513 [INFO] ApiDb:670 - CubeFinder database generation date=2025-12-22 (1766407740)
2026-02-05 09:16:50,513 [INFO] ApiDb:671 - CubeFinder database FW Pack versions=[FP-ATR-ASTRA1_V2.0.0, FP-SNS-FLIGHT1_V5.1.0, FP-SNS-MOTENV1_V5.1.0, FP-SNS-MOTENVWB1_V1.4.0, FP-SNS-SMARTAG2_V1.2.0, FP-SNS-STBOX1_V2.1.0, STM32Cube_FW_C0_V1.4.0, STM32Cube_FW_F4_V1.28.3, STM32Cube_FW_F7_V1.17.4, STM32Cube_FW_G0_V1.6.2, STM32Cube_FW_G4_V1.6.1, STM32Cube_FW_H5_V1.5.1, STM32Cube_FW_H7RS_V1.3.0, STM32Cube_FW_H7_V1.12.1, STM32Cube_FW_L0_V1.12.2, STM32Cube_FW_L4_V1.18.1, STM32Cube_FW_L5_V1.6.0, STM32Cube_FW_N6_V1.3.0, STM32Cube_FW_U0_V1.3.0, STM32Cube_FW_U3_V1.2.1, STM32Cube_FW_U5_V1.8.0, STM32Cube_FW_WB0_V1.4.0, STM32Cube_FW_WBA_V1.8.0, STM32Cube_FW_WB_V1.24.0, STM32Cube_FW_WL3_V1.3.0, STM32Cube_FW_WL_V1.4.0, X-CUBE-ALGOBUILD_V1.4.0, X-CUBE-ALS_V1.0.2, X-CUBE-AZRTOS-F4_V1.1.0, X-CUBE-AZRTOS-F7_V1.1.0, X-CUBE-AZRTOS-G0_V1.1.0, X-CUBE-AZRTOS-G4_V2.0.0, X-CUBE-AZRTOS-H7RS_V1.1.0, X-CUBE-AZRTOS-H7_V3.4.0, X-CUBE-AZRTOS-L4_V2.0.0, X-CUBE-AZRTOS-L5_V2.0.0, X-CUBE-AZRTOS-WB_V2.0.0, X-CUBE-AZRTOS-WL_V2.0.0, X-CUBE-BLE1_V7.1.0, X-CUBE-BLE2_V3.3.0, X-CUBE-BLEMGR_V4.1.0, X-CUBE-EEPRMA1_V5.2.0, X-CUBE-FREERTOS_V1.3.1, X-CUBE-GNSS1_V6.0.0, X-CUBE-MEMS1_V12.0.0, X-CUBE-NFC4_V3.0.0, X-CUBE-NFC7_V2.0.0, X-CUBE-SFXS2LP1_V4.0.0, X-CUBE-ST67W61_V1.1.0, X-CUBE-SUBG2_V5.0.0, X-CUBE-TOF1_V3.4.3]
2026-02-05 09:16:50,639 [INFO] DbBoardsSqlite:226 - include board P-NUCLEO-WB55-NUCLEO as a kit item of type 'Nucleo-64'
2026-02-05 09:16:50,645 [INFO] DbBoardsSqlite:226 - include board P-NUCLEO-WB55-USBDONGLE as a kit item of type 'Nucleo USB Dongle'
2026-02-05 09:16:50,646 [INFO] DbBoardsSqlite:226 - include board STEVAL-IDP005V1 as a kit item of type 'Evaluation Board'
2026-02-05 09:16:50,646 [INFO] DbBoardsSqlite:226 - include board STEVAL-IDP005V2 as a kit item of type 'Evaluation Board'
2026-02-05 09:16:50,687 [INFO] LogOutputStream:77 - [STDOUT_REDIRECT] 1 : Invalid condition id : UX_CORESTACK_Condition cause : null
2026-02-05 09:16:50,688 [INFO] LogOutputStream:77 - [STDOUT_REDIRECT] 1 : Invalid condition id : UX_CORESTACK_Condition cause : null
2026-02-05 09:16:50,689 [INFO] LogOutputStream:77 - [STDOUT_REDIRECT] 1 : Invalid condition id : UX_CORESTACK_Condition cause : null
2026-02-05 09:16:50,691 [INFO] LogOutputStream:77 - [STDOUT_REDIRECT] 1 : Invalid condition id : UX_CORESTACK_Condition cause : null
2026-02-05 09:16:50,692 [INFO] LogOutputStream:77 - [STDOUT_REDIRECT] 1 : Invalid condition id : UX_CORESTACK_Condition cause : null
2026-02-05 09:16:50,695 [WARN] PackLoader:240 - Cannot read IP mode file for STMicroelectronics.X-CUBE-AZRTOS-WL.2.0.0
2026-02-05 09:16:50,701 [WARN] PackLoader:240 - Cannot read IP mode file for STMicroelectronics.X-CUBE-ALGOBUILD.1.2.1
2026-02-05 09:16:50,707 [WARN] PackLoader:240 - Cannot read IP mode file for STMicroelectronics.FP-SNS-MOTENV1.5.0.0
2026-02-05 09:16:50,725 [WARN] PackLoader:240 - Cannot read IP mode file for STMicroelectronics.X-CUBE-AZRTOS-H7RS.1.2.0
2026-02-05 09:16:50,730 [WARN] PackLoader:240 - Cannot read IP mode file for wolfSSL.I-CUBE-wolfMQTT.1.19.0
2026-02-05 09:16:50,751 [WARN] PackLoader:240 - Cannot read IP mode file for WES.I-CUBE-Cesium.1.3.0
2026-02-05 09:16:50,755 [WARN] PackLoader:240 - Cannot read IP mode file for STMicroelectronics.X-CUBE-BLE2.3.3.0
2026-02-05 09:16:50,821 [WARN] PackLoader:240 - Cannot read IP mode file for STMicroelectronics.X-CUBE-DISPLAY.2.2.0
2026-02-05 09:16:50,838 [WARN] PackLoader:240 - Cannot read IP mode file for STMicroelectronics.X-CUBE-TOF1.3.2.0
2026-02-05 09:16:50,845 [WARN] PackLoader:240 - Cannot read IP mode file for STMicroelectronics.X-CUBE-TOUCHGFX.4.18.1
2026-02-05 09:16:50,849 [INFO] ApiDb:240 - Found 895 in-development CPN: [B-G473E-ZEST1S, B-WB1M-WPAN1, B-WBA5M-WPAN, B-WL5M-SUBG1, NUCLEO-C031C6, NUCLEO-C051C8, NUCLEO-C071RB, NUCLEO-C092RC, NUCLEO-H503RB, NUCLEO-H533RE, NUCLEO-H563ZI, NUCLEO-H7S3L8, NUCLEO-N657X0-Q, NUCLEO-U031R8, NUCLEO-U083RC, NUCLEO-U385RG-Q, NUCLEO-U545RE-Q, NUCLEO-U5A5ZJ-Q, NUCLEO-WB05KZ, NUCLEO-WB07CC, NUCLEO-WB09KE, NUCLEO-WBA52CG, NUCLEO-WBA55CG, NUCLEO-WBA65RI, NUCLEO-WL33CC1, NUCLEO-WL33CC2, STEVAL-PROTEUS1, STEVAL-SMARTAG2, STEVAL-STWINBX1, STM320518-EVAL, STM32C0116-DK, STM32C011D6Y3TR, STM32C011D6Y6TR, STM32C011F4P3, STM32C011F4P6, STM32C011F4U3, STM32C011F4U6TR, STM32C011F6P3, STM32C011F6P6, STM32C011F6U3, STM32C011F6U6TR, STM32C011J4M3, STM32C011J4M6, STM32C011J6M3, STM32C011J6M6, STM32C0316-DK, STM32C031C4T3, STM32C031C4T6, STM32C031C4U3, STM32C031C4U6, STM32C031C6T3, STM32C031C6T6, STM32C031C6U3, STM32C031C6U6, STM32C031F4P3, STM32C031F4P6, STM32C031F6P3, STM32C031F6P6, STM32C031G4U3, STM32C031G4U6, STM32C031G6U3, STM32C031G6U6, STM32C031K4T3, STM32C031K4T6, STM32C031K4U3, STM32C031K4U6, STM32C031K6T3, STM32C031K6T6, STM32C031K6U3, STM32C031K6U6, STM32C051C6T6, STM32C051C6U6, STM32C051C8T6, STM32C051C8U6, STM32C051D8Y6TR, STM32C051F6P6, STM32C051F8P6, STM32C051G6U6, STM32C051G8U6, STM32C051K6T6, STM32C051K6U6, STM32C051K8T6, STM32C071C8T6, STM32C071C8T6N, STM32C071C8U6, STM32C071C8U6N, STM32C071CBT6, STM32C071CBT6N, STM32C071CBU6, STM32C071CBU6N, STM32C071F8P6, STM32C071F8P6N, STM32C071FBP6, STM32C071FBP6N, STM32C071FBY6TR, STM32C071G8U6, STM32C071G8U6N, STM32C071GBU6, STM32C071GBU6N, STM32C071K8T6, STM32C071K8T6N, STM32C071K8U6, STM32C071K8U6N, STM32C071KBT6, STM32C071KBT6N, STM32C071KBU6, STM32C071KBU6N, STM32C071R8T6, STM32C071R8T6N, STM32C071RBI6N, STM32C071RBT6, STM32C071RBT6N, STM32C091CBT6, STM32C091CBU6, STM32C091CCT6, STM32C091CCU6, STM32C091ECY6TR, STM32C091FBP6, STM32C091FCP6, STM32C091GBU6, STM32C091GCU6, STM32C091KBT6, STM32C091KBU6, STM32C091KCT6, STM32C091KCU6, STM32C091RBT6, STM32C091RCI6, STM32C091RCT6, STM32C092CBT6, STM32C092CBU6, STM32C092CCT6, STM32C092CCU6, STM32C092ECY6TR, STM32C092FBP6, STM32C092FCP6, STM32C092GBU6, STM32C092GCU6, STM32C092KBT6, STM32C092KBU6, STM32C092KCT6, STM32C092KCU6, STM32C092RBT6, STM32C092RCI6, STM32C092RCT6, STM32G071K8TXN, STM32G071K8UXN, STM32G081GBU6N, STM32G081KBT6N, STM32G081KBUXN, STM32G0B1CCT6N, STM32G0B1KCT6, STM32G0B1NEY6TR, STM32G0B1RCT6N, STM32G0C1CCT6, STM32G0C1CCT6N, STM32G0C1CCU6N, STM32G0C1CET6N, STM32G0C1CEU6N, STM32G0C1KCT6, STM32G0C1NEY6TR, STM32G0C1RCI6N, STM32G0C1RCT6N, STM32G0C1REI6N, STM32G0C1RET6N, STM32G0C1VCI6, STM32G0C1VEI6, STM32G411C6T3, STM32G411C6T6, STM32G411C6U3, STM32G411C6U6, STM32G411C8T3, STM32G411C8T6, STM32G411C8U3, STM32G411C8U6, STM32G411CBT3, STM32G411CBT6, STM32G411CBU3, STM32G411CBU6, STM32G411CCT3, STM32G411CCT6, STM32G411CCU3, STM32G411CCU6, STM32G411K6T3, STM32G411K6T6, STM32G411K6U3, STM32G411K6U6, STM32G411K8T3, STM32G411K8T6, STM32G411K8U3, STM32G411K8U6, STM32G411KBT3, STM32G411KBT6, STM32G411KBU3, STM32G411KBU6, STM32G411M6T3, STM32G411M6T6, STM32G411M8T3, STM32G411M8T6, STM32G411MBT3, STM32G411MBT6, STM32G411MCT3, STM32G411MCT6, STM32G411R6T3, STM32G411R6T6, STM32G411R8T3, STM32G411R8T6, STM32G411RBT3, STM32G411RBT6, STM32G411RCT3, STM32G411RCT6, STM32G414CBT3, STM32G414CBT6, STM32G414CBU3, STM32G414CBU6, STM32G414CCT3, STM32G414CCT6, STM32G414CCU3, STM32G414CCU6, STM32G414MBT3, STM32G414MBT6, STM32G414MCT3, STM32G414MCT6, STM32G414RBT3, STM32G414RBT6, STM32G414RCT3, STM32G414RCT6, STM32G414VBT3, STM32G414VBT6, STM32G414VCT3, STM32G414VCT6, STM32G431CBT3Z, STM32G431RBT3Z, STM32G471CCT6, STM32G471CCU6, STM32G471CET3, STM32G471CET6, STM32G471CEU3, STM32G471CEU6, STM32G471MCT6, STM32G471MET3, STM32G471MET6, STM32G471MEY6TR, STM32G471QCT6, STM32G471QET3, STM32G471RCT6, STM32G471RET3, STM32G471RET6, STM32G471VCH6, STM32G471VCI6, STM32G471VCT6, STM32G471VEH3, STM32G471VEH6, STM32G471VEI3, STM32G471VEI6, STM32G471VET3, STM32G471VET6, STM32G473QET3Z, STM32G473RET3Z, STM32G474CCT6, STM32G491RET3Z, STM32H503CBT6, STM32H503CBU6, STM32H503EBY6TR, STM32H503KBU6, STM32H503RBT6, STM32H523CCT6, STM32H523CCU6, STM32H523CET6, STM32H523CEU6, STM32H523HEY6TR, STM32H523RCT6, STM32H523RET6, STM32H523VCI6, STM32H523VCT6, STM32H523VEI6, STM32H523VET6, STM32H523ZCJ6, STM32H523ZCT6, STM32H523ZEJ6, STM32H523ZET6, STM32H533CET6, STM32H533CEU6, STM32H533HEY6TR, STM32H533RET6, STM32H533VEI6, STM32H533VET6, STM32H533ZEJ6, STM32H533ZET6, STM32H562AGI6, STM32H562AII6, STM32H562IGK6, STM32H562IGT6, STM32H562IIK6, STM32H562IIT6, STM32H562RGT6, STM32H562RGV6, STM32H562RIT6, STM32H562RIV6, STM32H562VGT6, STM32H562VIT6, STM32H562ZGT6, STM32H562ZIT6, STM32H563AGI6, STM32H563AII3Q, STM32H563AII6, STM32H563IGK6, STM32H563IGT6, STM32H563IIK3Q, STM32H563IIK6, STM32H563IIT3Q, STM32H563IIT6, STM32H563MIY3QTR, STM32H563RGT6, STM32H563RGV6, STM32H563RIT6, STM32H563RIV6, STM32H563VGT6, STM32H563VIT3Q, STM32H563VIT6, STM32H563ZGT6, STM32H563ZIT3Q, STM32H563ZIT6, STM32H573AII3Q, STM32H573AII6, STM32H573I-DK, STM32H573IIK3Q, STM32H573IIK6, STM32H573IIT3Q, STM32H573IIT6, STM32H573MIY3QTR, STM32H573RIT6, STM32H573RIV6, STM32H573VIT3Q, STM32H573VIT6, STM32H573ZIT3Q, STM32H573ZIT6, STM32H7R3A8I6, STM32H7R3I8K6, STM32H7R3I8T6, STM32H7R3L8H6, STM32H7R3L8H6H, STM32H7R3R8V6, STM32H7R3V8H6, STM32H7R3V8T6, STM32H7R3V8Y6TR, STM32H7R3Z8J6, STM32H7R3Z8T6, STM32H7R7A8I6, STM32H7R7I8K6, STM32H7R7I8T6, STM32H7R7L8H6, STM32H7R7L8H6H, STM32H7R7Z8J6, STM32H7S3A8I6, STM32H7S3I8K6, STM32H7S3I8T6, STM32H7S3L8H6, STM32H7S3L8H6H, STM32H7S3R8V6, STM32H7S3V8H6, STM32H7S3V8T6, STM32H7S3V8Y6TR, STM32H7S3Z8J6, STM32H7S3Z8T6, STM32H7S78-DK, STM32H7S7A8I6, STM32H7S7I8K6, STM32H7S7I8T6, STM32H7S7L8H6, STM32H7S7L8H6H, STM32H7S7Z8J6, STM32L4R5QGI6STR, STM32MP131AAE3, STM32MP131AAF3, STM32MP131AAG3, STM32MP131CAE3, STM32MP131CAF3, STM32MP131CAG3, STM32MP131DAE7, STM32MP131DAF7, STM32MP131DAG7, STM32MP131FAE7, STM32MP131FAF7, STM32MP131FAG7, STM32MP133AAE3, STM32MP133AAF3, STM32MP133AAG3, STM32MP133CAE3, STM32MP133CAF3, STM32MP133CAG3, STM32MP133DAE7, STM32MP133DAF7, STM32MP133DAG7, STM32MP133FAE7, STM32MP133FAF7, STM32MP133FAG7, STM32MP135AAE3, STM32MP135AAF3, STM32MP135AAG3, STM32MP135CAE3, STM32MP135CAF3, STM32MP135CAG3, STM32MP135DAE7, STM32MP135DAF7, STM32MP135DAG7, STM32MP135F-DK, STM32MP135FAE7, STM32MP135FAF7, STM32MP135FAF7T, STM32MP135FAF7U, STM32MP135FAG7, STM32MP231AAJ3, STM32MP231AAK3, STM32MP231AAL3, STM32MP231CAJ3, STM32MP231CAK3, STM32MP231CAL3, STM32MP231DAJ3, STM32MP231DAK3, STM32MP231DAL3, STM32MP231FAJ3, STM32MP231FAK3, STM32MP231FAL3, STM32MP233AAJ3, STM32MP233AAK3, STM32MP233AAL3, STM32MP233CAJ3, STM32MP233CAK3, STM32MP233CAL3, STM32MP233DAJ3, STM32MP233DAK3, STM32MP233DAL3, STM32MP233FAJ3, STM32MP233FAK3, STM32MP233FAL3, STM32MP235AAJ3, STM32MP235AAK3, STM32MP235AAL3, STM32MP235CAJ3, STM32MP235CAK3, STM32MP235CAL3, STM32MP235DAJ3, STM32MP235DAK3, STM32MP235DAL3, STM32MP235FAJ3, STM32MP235FAK3, STM32MP235FAL3, STM32MP251AAI3, STM32MP251AAJ3, STM32MP251AAK3, STM32MP251AAL3, STM32MP251CAI3, STM32MP251CAJ3, STM32MP251CAK3, STM32MP251CAL3, STM32MP251DAI3, STM32MP251DAJ3, STM32MP251DAK3, STM32MP251DAL3, STM32MP251FAI3, STM32MP251FAJ3, STM32MP251FAK3, STM32MP251FAL3, STM32MP253AAI3, STM32MP253AAJ3, STM32MP253AAK3, STM32MP253AAL3, STM32MP253CAI3, STM32MP253CAJ3, STM32MP253CAK3, STM32MP253CAL3, STM32MP253DAI3, STM32MP253DAJ3, STM32MP253DAK3, STM32MP253DAL3, STM32MP253FAI3, STM32MP253FAJ3, STM32MP253FAK3, STM32MP253FAL3, STM32MP255AAI3, STM32MP255AAJ3, STM32MP255AAK3, STM32MP255AAL3, STM32MP255CAI3, STM32MP255CAJ3, STM32MP255CAK3, STM32MP255CAL3, STM32MP255DAI3, STM32MP255DAJ3, STM32MP255DAK3, STM32MP255DAL3, STM32MP255FAI3, STM32MP255FAJ3, STM32MP255FAK3, STM32MP255FAL3, STM32MP257AAI3, STM32MP257AAJ3, STM32MP257AAK3, STM32MP257AAL3, STM32MP257CAI3, STM32MP257CAJ3, STM32MP257CAK3, STM32MP257CAL3, STM32MP257DAI3, STM32MP257DAJ3, STM32MP257DAK3, STM32MP257DAL3, STM32MP257F-DK, STM32MP257F-EV1, STM32MP257FAI3, STM32MP257FAJ3, STM32MP257FAK3, STM32MP257FAL3, STM32N645A0H3Q, STM32N645B0H3Q, STM32N645I0H3Q, STM32N645L0H3Q, STM32N645X0H3Q, STM32N645Z0H3Q, STM32N647A0H3Q, STM32N647B0H3Q, STM32N647I0H3Q, STM32N647L0H3Q, STM32N647X0H3Q, STM32N647Z0H3Q, STM32N655A0H3Q, STM32N655B0H3Q, STM32N655I0H3Q, STM32N655L0H3Q, STM32N655X0H3Q, STM32N655Z0H3Q, STM32N6570-DK, STM32N657A0H3Q, STM32N657B0H3Q, STM32N657I0H3Q, STM32N657L0H3Q, STM32N657X0H3Q, STM32N657Z0H3Q, STM32U031C6T6, STM32U031C6U6, STM32U031C8T6, STM32U031C8U6, STM32U031F4P6, STM32U031F6P6, STM32U031F8P6, STM32U031G6Y6TR, STM32U031G8Y6TR, STM32U031K4U6, STM32U031K6U6, STM32U031K8U6, STM32U031R6I6, STM32U031R6T6, STM32U031R8I6, STM32U031R8T6, STM32U073C8T6, STM32U073C8U6, STM32U073CBT6, STM32U073CBU6, STM32U073CCT6, STM32U073CCU6, STM32U073H8Y6TR, STM32U073HBY6TR, STM32U073HCY6TR, STM32U073K8U6, STM32U073KBU6, STM32U073KCU6, STM32U073M8I6, STM32U073M8T6, STM32U073MBI6, STM32U073MBT6, STM32U073MCI6, STM32U073MCT6, STM32U073R8I6, STM32U073R8T6, STM32U073RBI6, STM32U073RBT6, STM32U073RCI6, STM32U073RCT6, STM32U083C-DK, STM32U083CCT6, STM32U083CCU6, STM32U083HCY6TR, STM32U083KCU6, STM32U083MCI6, STM32U083MCT6, STM32U083RCI6, STM32U083RCT6, STM32U375CET6, STM32U375CET6Q, STM32U375CEU6, STM32U375CEU6Q, STM32U375CEY6QTR, STM32U375CGT6, STM32U375CGT6Q, STM32U375CGU6, STM32U375CGU6Q, STM32U375CGY6QTR, STM32U375KEU6, STM32U375KGU6, STM32U375REI6, STM32U375REI6Q, STM32U375RET6, STM32U375RET6Q, STM32U375REY6GTR, STM32U375REY6QTR, STM32U375RGI6, STM32U375RGI6Q, STM32U375RGT6, STM32U375RGT6Q, STM32U375RGY6GTR, STM32U375RGY6QTR, STM32U375VEI6, STM32U375VEI6Q, STM32U375VET6, STM32U375VET6Q, STM32U375VGI6, STM32U375VGI6Q, STM32U375VGT6, STM32U375VGT6Q, STM32U385CGT6, STM32U385CGT6Q, STM32U385CGU6, STM32U385CGU6Q, STM32U385CGY6QTR, STM32U385KGU6, STM32U385RGI6, STM32U385RGI6Q, STM32U385RGT6, STM32U385RGT6Q, STM32U385RGY6GTR, STM32U385RGY6QTR, STM32U385VGI6, STM32U385VGI6Q, STM32U385VGT6, STM32U385VGT6Q, STM32U535CBT6, STM32U535CBT6Q, STM32U535CBU6, STM32U535CBU6Q, STM32U535CCT6, STM32U535CCT6Q, STM32U535CCU6, STM32U535CCU6Q, STM32U535CET6, STM32U535CET6Q, STM32U535CEU6, STM32U535CEU6Q, STM32U535JEY6QTR, STM32U535NCY6QTR, STM32U535NEY6QTR, STM32U535RBI6, STM32U535RBI6Q, STM32U535RBT6, STM32U535RBT6Q, STM32U535RCI6, STM32U535RCI6Q, STM32U535RCT6, STM32U535RCT6Q, STM32U535REI6, STM32U535REI6Q, STM32U535RET6, STM32U535RET6Q, STM32U535VCI6, STM32U535VCI6Q, STM32U535VCT6, STM32U535VCT6Q, STM32U535VEI6, STM32U535VEI6Q, STM32U535VET6, STM32U535VET6Q, STM32U545CET6, STM32U545CET6Q, STM32U545CEU6, STM32U545CEU6Q, STM32U545JEY6QTR, STM32U545NEY6QTR, STM32U545REI6, STM32U545REI6Q, STM32U545RET6, STM32U545RET6Q, STM32U545VEI6, STM32U545VEI6Q, STM32U545VET6, STM32U545VET6Q, STM32U595AIH6, STM32U595AIH6Q, STM32U595AJH6, STM32U595AJH6Q, STM32U595QII6, STM32U595QII6Q, STM32U595QJI6, STM32U595QJI6Q, STM32U595RIT6, STM32U595RIT6Q, STM32U595RJT6, STM32U595RJT6Q, STM32U595VIT6, STM32U595VIT6Q, STM32U595VJT6, STM32U595VJT6Q, STM32U595ZIT6, STM32U595ZIT6Q, STM32U595ZIY6QTR, STM32U595ZJT6, STM32U595ZJT6Q, STM32U595ZJY6QTR, STM32U599BJY6QTR, STM32U599NIH6Q, STM32U599NJH6Q, STM32U599VIT6Q, STM32U599VJT6, STM32U599VJT6Q, STM32U599ZIT6Q, STM32U599ZIY6QTR, STM32U599ZJT6Q, STM32U599ZJY6QTR, STM32U5A5AJH6, STM32U5A5AJH6Q, STM32U5A5QII3Q , STM32U5A5QJI6, STM32U5A5QJI6Q, STM32U5A5RJT6, STM32U5A5RJT6Q, STM32U5A5VJT6, STM32U5A5VJT6Q, STM32U5A5ZJT6, STM32U5A5ZJT6Q, STM32U5A5ZJY6QTR, STM32U5A9BJY6QTR, STM32U5A9J-DK, STM32U5A9NJH6Q, STM32U5A9VJT6Q, STM32U5A9ZJT6Q, STM32U5A9ZJY6QTR, STM32U5F7VIT6, STM32U5F7VIT6Q, STM32U5F7VJT6, STM32U5F7VJT6Q, STM32U5F9BJY6QTR, STM32U5F9NJH6Q, STM32U5F9VIT6Q, STM32U5F9VJT6Q, STM32U5F9ZIJ6QTR, STM32U5F9ZIT6Q, STM32U5F9ZJJ6QTR, STM32U5F9ZJT6Q, STM32U5G7VJT6, STM32U5G7VJT6Q, STM32U5G9BJY6QTR, STM32U5G9J-DK1, STM32U5G9J-DK2, STM32U5G9NJH6Q, STM32U5G9VJT6Q, STM32U5G9ZJJ6QTR, STM32U5G9ZJT6Q, STM32WB05KZV6TR, STM32WB05KZV7TR, STM32WB05TZF6TR, STM32WB05TZF7TR, STM32WB06CCF6TR, STM32WB06CCF7TR, STM32WB06CCV6TR, STM32WB06CCV7TR, STM32WB06KCV6TR, STM32WB06KCV7TR, STM32WB07CCF6TR, STM32WB07CCF7TR, STM32WB07CCV6TR, STM32WB07CCV7TR, STM32WB07KCV6TR, STM32WB07KCV7TR, STM32WB09KEV6TR, STM32WB09KEV7TR, STM32WB09TEF6TR, STM32WB09TEF7TR, STM32WB1MMCH6, STM32WBA50KGU6, STM32WBA50KGU6TR, STM32WBA52CEU6, STM32WBA52CEU6TR, STM32WBA52CEU7, STM32WBA52CEU7TR, STM32WBA52CGU6, STM32WBA52CGU6TR, STM32WBA52CGU6U, STM32WBA52CGU7, STM32WBA52CGU7TR, STM32WBA52KEU6, STM32WBA52KEU6TR, STM32WBA52KGU6, STM32WBA52KGU6TR, STM32WBA54CEU6, STM32WBA54CEU6TR, STM32WBA54CEU7, STM32WBA54CEU7TR, STM32WBA54CGU6, STM32WBA54CGU6TR, STM32WBA54CGU7, STM32WBA54CGU7TR, STM32WBA54KEU6, STM32WBA54KEU6TR, STM32WBA54KEU7, STM32WBA54KEU7TR, STM32WBA54KGU6, STM32WBA54KGU6TR, STM32WBA54KGU7, STM32WBA54KGU7TR, STM32WBA55CEU6, STM32WBA55CEU6TR, STM32WBA55CEU7, STM32WBA55CEU7TR, STM32WBA55CGU6, STM32WBA55CGU6TR, STM32WBA55CGU6U, STM32WBA55CGU7, STM32WBA55CGU7TR, STM32WBA55G-DK1, STM32WBA55HEF6, STM32WBA55HEF7, STM32WBA55HGF6, STM32WBA55HGF7, STM32WBA55UEI6, STM32WBA55UEI6TR, STM32WBA55UEI7, STM32WBA55UEI7TR, STM32WBA55UGI6, STM32WBA55UGI6TR, STM32WBA55UGI7, STM32WBA55UGI7TR, STM32WBA5MJGH6TR, STM32WBA62CGU6, STM32WBA62CIU6, STM32WBA62MGF6, STM32WBA62MIF6, STM32WBA62PGI6, STM32WBA62PII6, STM32WBA63CGU6, STM32WBA63CGU7, STM32WBA63CIU6, STM32WBA63CIU7, STM32WBA64CGU6, STM32WBA64CGU7, STM32WBA64CIU6, STM32WBA64CIU7, STM32WBA65CGU6, STM32WBA65CGU7, STM32WBA65CIU6, STM32WBA65CIU7, STM32WBA65I-DK1, STM32WBA65MGF6, STM32WBA65MGF7, STM32WBA65MIF6, STM32WBA65MIF7, STM32WBA65PGI6, STM32WBA65PGI7, STM32WBA65PII6, STM32WBA65PII7, STM32WBA65RGV6, STM32WBA65RGV7, STM32WBA65RIV6, STM32WBA65RIV7, STM32WL30K8V6, STM32WL30KBV6, STM32WL31C8V6, STM32WL31CBV6, STM32WL31K8V6, STM32WL31KBV6, STM32WL33C8V6, STM32WL33C8V6TR, STM32WL33C8V7, STM32WL33C8V7TR, STM32WL33CBV6, STM32WL33CBV6TR, STM32WL33CBV7, STM32WL33CBV7TR, STM32WL33CCV6, STM32WL33CCV6TR, STM32WL33CCV7, STM32WL33CCV7A, STM32WL33CCV7ATR, STM32WL33CCV7TR, STM32WL33K8V6, STM32WL33K8V6TR, STM32WL33K8V7, STM32WL33K8V7TR, STM32WL33KBV6, STM32WL33KBV6TR, STM32WL33KBV7, STM32WL33KBV7TR, STM32WL33KCV6, STM32WL33KCV6TR, STM32WL33KCV7, STM32WL33KCV7TR, STM32WL5MOCH6, STM32WL5MOCH6TR]
2026-02-05 09:16:50,851 [WARN] PackLoader:240 - Cannot read IP mode file for STMicroelectronics.X-CUBE-NFC9.1.0.0
2026-02-05 09:16:50,888 [WARN] PackLoader:240 - Cannot read IP mode file for STMicroelectronics.X-CUBE-AZRTOS-H7.2.1.0
2026-02-05 09:16:50,895 [WARN] PackLoader:240 - Cannot read IP mode file for STMicroelectronics.X-CUBE-BLE1.7.1.0
2026-02-05 09:16:50,898 [ERROR] Engine:466 - C:\Users\G45\.stm32cubemx\thirdparties\pdsc\STMicroelectronics.X-CUBE-FREERTOS.1.4.0.pdsc: PDSC version is not supported
2026-02-05 09:16:50,904 [WARN] PackLoader:240 - Cannot read IP mode file for STMicroelectronics.X-CUBE-EEPRMA1.5.2.0
2026-02-05 09:16:50,908 [WARN] PackLoader:240 - Cannot read IP mode file for STMicroelectronics.X-CUBE-TOUCHGFX.4.21.1
2026-02-05 09:16:50,911 [WARN] PackLoader:240 - Cannot read IP mode file for STMicroelectronics.X-CUBE-TOUCHGFX.4.21.3
2026-02-05 09:16:50,923 [INFO] ApiDb:668 - CubeFinder database Data Model version=2.1
2026-02-05 09:16:50,924 [INFO] ApiDb:669 - CubeFinder database Configuration version=3.0.39
2026-02-05 09:16:50,924 [INFO] ApiDb:670 - CubeFinder database generation date=2025-12-22 (1766407740)
2026-02-05 09:16:50,924 [INFO] ApiDb:671 - CubeFinder database FW Pack versions=[FP-ATR-ASTRA1_V2.0.0, FP-SNS-FLIGHT1_V5.1.0, FP-SNS-MOTENV1_V5.1.0, FP-SNS-MOTENVWB1_V1.4.0, FP-SNS-SMARTAG2_V1.2.0, FP-SNS-STBOX1_V2.1.0, STM32Cube_FW_C0_V1.4.0, STM32Cube_FW_F4_V1.28.3, STM32Cube_FW_F7_V1.17.4, STM32Cube_FW_G0_V1.6.2, STM32Cube_FW_G4_V1.6.1, STM32Cube_FW_H5_V1.5.1, STM32Cube_FW_H7RS_V1.3.0, STM32Cube_FW_H7_V1.12.1, STM32Cube_FW_L0_V1.12.2, STM32Cube_FW_L4_V1.18.1, STM32Cube_FW_L5_V1.6.0, STM32Cube_FW_N6_V1.3.0, STM32Cube_FW_U0_V1.3.0, STM32Cube_FW_U3_V1.2.1, STM32Cube_FW_U5_V1.8.0, STM32Cube_FW_WB0_V1.4.0, STM32Cube_FW_WBA_V1.8.0, STM32Cube_FW_WB_V1.24.0, STM32Cube_FW_WL3_V1.3.0, STM32Cube_FW_WL_V1.4.0, X-CUBE-ALGOBUILD_V1.4.0, X-CUBE-ALS_V1.0.2, X-CUBE-AZRTOS-F4_V1.1.0, X-CUBE-AZRTOS-F7_V1.1.0, X-CUBE-AZRTOS-G0_V1.1.0, X-CUBE-AZRTOS-G4_V2.0.0, X-CUBE-AZRTOS-H7RS_V1.1.0, X-CUBE-AZRTOS-H7_V3.4.0, X-CUBE-AZRTOS-L4_V2.0.0, X-CUBE-AZRTOS-L5_V2.0.0, X-CUBE-AZRTOS-WB_V2.0.0, X-CUBE-AZRTOS-WL_V2.0.0, X-CUBE-BLE1_V7.1.0, X-CUBE-BLE2_V3.3.0, X-CUBE-BLEMGR_V4.1.0, X-CUBE-EEPRMA1_V5.2.0, X-CUBE-FREERTOS_V1.3.1, X-CUBE-GNSS1_V6.0.0, X-CUBE-MEMS1_V12.0.0, X-CUBE-NFC4_V3.0.0, X-CUBE-NFC7_V2.0.0, X-CUBE-SFXS2LP1_V4.0.0, X-CUBE-ST67W61_V1.1.0, X-CUBE-SUBG2_V5.0.0, X-CUBE-TOF1_V3.4.3]
2026-02-05 09:16:50,951 [WARN] PackLoader:240 - Cannot read IP mode file for STMicroelectronics.X-CUBE-MEMS1.9.4.0
2026-02-05 09:16:51,066 [WARN] PackLoader:240 - Cannot read IP mode file for STMicroelectronics.X-CUBE-AI.7.3.0
2026-02-05 09:16:51,096 [WARN] PackLoader:240 - Cannot read IP mode file for STMicroelectronics.X-CUBE-MEMS1.12.0.0
2026-02-05 09:16:51,150 [WARN] PackLoader:240 - Cannot read IP mode file for STMicroelectronics.X-CUBE-ALGOBUILD.1.3.0
2026-02-05 09:16:51,187 [WARN] PackLoader:240 - Cannot read IP mode file for STMicroelectronics.X-CUBE-AZRTOS-G0.1.1.0
2026-02-05 09:16:51,193 [WARN] PackLoader:240 - Cannot read IP mode file for STMicroelectronics.X-CUBE-SAFEA1.1.2.2
2026-02-05 09:16:51,198 [WARN] PackLoader:240 - Cannot read IP mode file for STMicroelectronics.X-CUBE-NFC4.3.0.0
2026-02-05 09:16:51,236 [WARN] PackLoader:240 - Cannot read IP mode file for SEGGER.I-CUBE-embOS.1.2.0
2026-02-05 09:16:51,260 [WARN] PackLoader:240 - Cannot read IP mode file for EmbeddedOffice.I-CUBE-FS-RTOS.1.0.1
2026-02-05 09:16:51,264 [WARN] PackLoader:240 - Cannot read IP mode file for STMicroelectronics.X-CUBE-DISPLAY.2.1.0
2026-02-05 09:16:51,268 [WARN] PackLoader:240 - Cannot read IP mode file for STMicroelectronics.X-CUBE-WB05N.2.0.0
2026-02-05 09:16:51,274 [WARN] PackLoader:240 - Cannot read IP mode file for STMicroelectronics.X-CUBE-BLEMGR.3.0.0
2026-02-05 09:16:51,281 [WARN] PackLoader:240 - Cannot read IP mode file for STMicroelectronics.X-CUBE-BLEMGR.1.3.0
2026-02-05 09:16:51,287 [WARN] PackLoader:240 - Cannot read IP mode file for STMicroelectronics.X-CUBE-TCPP.4.2.0
2026-02-05 09:16:51,326 [WARN] PackLoader:240 - Cannot read IP mode file for RealThread.X-CUBE-RT-Thread_Nano.4.1.1
2026-02-05 09:16:51,339 [WARN] PackLoader:240 - Cannot read IP mode file for STMicroelectronics.X-CUBE-AZRTOS-H7.2.0.0
2026-02-05 09:16:51,345 [WARN] PackLoader:240 - Cannot read IP mode file for STMicroelectronics.FP-ATR-SIGFOX1.3.2.0
2026-02-05 09:16:51,349 [WARN] ConditionMgr:438 - getConditionDescription Invalid condition id : Cortex-A Device cause : null
2026-02-05 09:16:51,357 [WARN] ConditionMgr:1044 - genDependencies : Invalid condition id : Cortex-A Device cause : null
2026-02-05 09:16:51,358 [WARN] ConditionMgr:1044 - genDependencies : Invalid condition id : Cortex-A Device cause : null
2026-02-05 09:16:51,358 [WARN] ConditionMgr:1044 - genDependencies : Invalid condition id : Cortex-A Device cause : null
2026-02-05 09:16:51,361 [WARN] PackLoader:240 - Cannot read IP mode file for STMicroelectronics.X-CUBE-EEPRMA1.5.1.0
2026-02-05 09:16:51,367 [WARN] PackLoader:240 - Cannot read IP mode file for emotas.I-CUBE-CANOPEN.1.1.2
2026-02-05 09:16:51,373 [WARN] PackLoader:240 - Cannot read IP mode file for STMicroelectronics.X-CUBE-NFC6.3.2.0
2026-02-05 09:16:51,402 [WARN] PackLoader:240 - Cannot read IP mode file for STMicroelectronics.X-CUBE-MEMS1.9.5.0
2026-02-05 09:16:51,567 [WARN] PackLoader:240 - Cannot read IP mode file for STMicroelectronics.X-CUBE-AI.10.2.0
2026-02-05 09:16:51,589 [WARN] PackLoader:240 - Cannot read IP mode file for SEGGER.I-CUBE-embOS.1.3.1
2026-02-05 09:16:51,663 [WARN] PackLoader:240 - Cannot read IP mode file for STMicroelectronics.X-CUBE-ALGOBUILD.1.4.0
2026-02-05 09:16:51,682 [WARN] PackLoader:240 - Cannot read IP mode file for STMicroelectronics.X-CUBE-DISPLAY.2.0.1
2026-02-05 09:16:51,699 [WARN] PackLoader:240 - Cannot read IP mode file for STMicroelectronics.X-CUBE-TOF1.3.0.0
2026-02-05 09:16:51,705 [WARN] PackLoader:240 - Cannot read IP mode file for STMicroelectronics.X-CUBE-PM33A1.1.0.0
2026-02-05 09:16:51,711 [WARN] PackLoader:240 - Cannot read IP mode file for STMicroelectronics.X-CUBE-GNSS1.6.0.0
2026-02-05 09:16:51,727 [WARN] PackLoader:240 - Cannot read IP mode file for STMicroelectronics.X-CUBE-AZRTOS-F4.1.1.0
2026-02-05 09:16:51,754 [WARN] PackLoader:240 - Cannot read IP mode file for STMicroelectronics.X-CUBE-ISPU.2.1.0
2026-02-05 09:16:51,759 [ERROR] Engine:466 - C:\Users\G45\.stm32cubemx\thirdparties\pdsc\STMicroelectronics.X-CUBE-IPS.3.2.0.pdsc: PDSC version is not supported
2026-02-05 09:16:51,764 [WARN] PackLoader:240 - Cannot read IP mode file for STMicroelectronics.X-CUBE-NFC12.1.0.0
2026-02-05 09:16:51,781 [WARN] PackLoader:240 - Cannot read IP mode file for STMicroelectronics.X-CUBE-AZRTOS-L5.2.0.0
2026-02-05 09:16:51,806 [WARN] PackLoader:240 - Cannot read IP mode file for STMicroelectronics.X-CUBE-NFC6.3.1.0
2026-02-05 09:16:51,812 [WARN] PackLoader:240 - Cannot read IP mode file for ITTIA_DB.I-CUBE-ITTIADB.8.8.0
2026-02-05 09:16:51,818 [WARN] PackLoader:240 - Cannot read IP mode file for STMicroelectronics.X-CUBE-BLEMGR.2.0.0
2026-02-05 09:16:51,824 [WARN] PackLoader:240 - Cannot read IP mode file for STMicroelectronics.X-CUBE-DPower.1.2.0
2026-02-05 09:16:51,828 [WARN] PackLoader:240 - Cannot read IP mode file for STMicroelectronics.X-CUBE-NFC4.2.0.4
2026-02-05 09:16:51,833 [WARN] PackLoader:240 - Cannot read IP mode file for STMicroelectronics.X-CUBE-NFC4.2.0.3
2026-02-05 09:16:51,845 [WARN] ConditionMgr:438 - getConditionDescription Invalid condition id : UX DEVICE CLASS RTOS Condition cause : null
2026-02-05 09:16:51,845 [WARN] ConditionMgr:438 - getConditionDescription Invalid condition id : UX DEVICE CLASS RTOS Condition cause : null
2026-02-05 09:16:51,848 [WARN] PackLoader:240 - Cannot read IP mode file for STMicroelectronics.X-CUBE-AZRTOS-H7.3.1.0
2026-02-05 09:16:51,848 [WARN] ConditionMgr:1044 - genDependencies : Invalid condition id : UX DEVICE CLASS RTOS Condition cause : null
2026-02-05 09:16:51,848 [WARN] ConditionMgr:1044 - genDependencies : Invalid condition id : UX DEVICE CLASS RTOS Condition cause : null
2026-02-05 09:16:51,849 [WARN] ConditionMgr:1044 - genDependencies : Invalid condition id : UX DEVICE CLASS RTOS Condition cause : null
2026-02-05 09:16:51,849 [WARN] ConditionMgr:1044 - genDependencies : Invalid condition id : UX DEVICE CLASS RTOS Condition cause : null
2026-02-05 09:16:51,849 [WARN] ConditionMgr:1044 - genDependencies : Invalid condition id : UX DEVICE CLASS RTOS Condition cause : null
2026-02-05 09:16:51,856 [WARN] PackLoader:240 - Cannot read IP mode file for STMicroelectronics.X-CUBE-SFXS2LP1.3.1.0
2026-02-05 09:16:51,878 [WARN] PackLoader:240 - Cannot read IP mode file for STMicroelectronics.X-CUBE-AZRTOS-F4.1.0.0
2026-02-05 09:16:51,883 [WARN] PackLoader:240 - Cannot read IP mode file for STMicroelectronics.X-CUBE-TOF1.2.0.0
2026-02-05 09:16:51,888 [WARN] PackLoader:240 - Cannot read IP mode file for STMicroelectronics.X-CUBE-FREERTOS.1.3.0
2026-02-05 09:16:51,892 [WARN] PackLoader:240 - Cannot read IP mode file for STMicroelectronics.X-CUBE-NFC7.1.0.1
2026-02-05 09:16:51,895 [WARN] PackLoader:240 - Cannot read IP mode file for STMicroelectronics.X-CUBE-NFC7.1.0.0
2026-02-05 09:16:51,899 [WARN] PackLoader:240 - Cannot read IP mode file for STMicroelectronics.X-CUBE-TOUCHGFX.4.26.0
2026-02-05 09:16:51,904 [WARN] PackLoader:240 - Cannot read IP mode file for STMicroelectronics.X-CUBE-NFC6.3.0.0
2026-02-05 09:16:51,909 [WARN] PackLoader:240 - Cannot read IP mode file for STMicroelectronics.X-CUBE-EEPRMA1.4.1.0
2026-02-05 09:16:51,914 [WARN] PackLoader:240 - Cannot read IP mode file for STMicroelectronics.FP-SNS-STAIOTCFT.1.0.0
2026-02-05 09:16:51,926 [WARN] PackLoader:240 - Cannot read IP mode file for STMicroelectronics.X-CUBE-DPower.1.3.0
2026-02-05 09:16:51,929 [WARN] PackLoader:240 - Cannot read IP mode file for STMicroelectronics.X-CUBE-AI.8.1.0
2026-02-05 09:16:51,940 [WARN] PackLoader:240 - Cannot read IP mode file for STMicroelectronics.X-CUBE-AZRTOS-G0.1.0.0
2026-02-05 09:16:51,954 [WARN] ConditionMgr:438 - getConditionDescription Invalid condition id : LAN8742 Phy interface Condition cause : null
2026-02-05 09:16:51,954 [WARN] PackLoader:240 - Cannot read IP mode file for STMicroelectronics.X-CUBE-AZRTOS-L4.2.0.0
2026-02-05 09:16:51,955 [WARN] ConditionMgr:1044 - genDependencies : Invalid condition id : LAN8742 Phy interface Condition cause : null
2026-02-05 09:16:51,955 [WARN] ConditionMgr:1044 - genDependencies : Invalid condition id : LAN8742 Phy interface Condition cause : null
2026-02-05 09:16:51,956 [WARN] ConditionMgr:1044 - genDependencies : Invalid condition id : LAN8742 Phy interface Condition cause : null
2026-02-05 09:16:51,963 [WARN] PackLoader:240 - Cannot read IP mode file for STMicroelectronics.X-CUBE-SFXS2LP1.4.0.0
2026-02-05 09:16:51,976 [WARN] PackLoader:240 - Cannot read IP mode file for STMicroelectronics.X-CUBE-AZRTOS-H7.3.0.0
2026-02-05 09:16:51,981 [ERROR] Engine:466 - C:\Users\G45\.stm32cubemx\thirdparties\pdsc\STMicroelectronics.X-CUBE-ST67W61.1.2.0.pdsc: PDSC version is not supported
2026-02-05 09:16:51,984 [WARN] PackLoader:240 - Cannot read IP mode file for STMicroelectronics.X-CUBE-ISPU.1.1.0
2026-02-05 09:16:51,998 [WARN] PackLoader:240 - Cannot read IP mode file for STMicroelectronics.X-CUBE-AZRTOS-H7.3.3.0
2026-02-05 09:16:52,006 [WARN] PackLoader:240 - Cannot read IP mode file for RoweBots.I-CUBE-UNISONRTOS.5.5.0-4
2026-02-05 09:16:52,013 [WARN] PackLoader:240 - Cannot read IP mode file for STMicroelectronics.X-CUBE-BLEMGR.4.1.0
2026-02-05 09:16:52,018 [WARN] PackLoader:240 - Cannot read IP mode file for STMicroelectronics.X-CUBE-AI.8.0.0
2026-02-05 09:16:52,055 [WARN] ConditionMgr:438 - getConditionDescription Invalid condition id : UX DEVICE CLASS RTOS Condition cause : null
2026-02-05 09:16:52,055 [WARN] ConditionMgr:438 - getConditionDescription Invalid condition id : UX DEVICE CLASS RTOS Condition cause : null
2026-02-05 09:16:52,056 [WARN] PackLoader:240 - Cannot read IP mode file for STMicroelectronics.X-CUBE-AZRTOS-WB.2.0.0
2026-02-05 09:16:52,057 [WARN] ConditionMgr:1044 - genDependencies : Invalid condition id : UX DEVICE CLASS RTOS Condition cause : null
2026-02-05 09:16:52,057 [WARN] ConditionMgr:1044 - genDependencies : Invalid condition id : UX DEVICE CLASS RTOS Condition cause : null
2026-02-05 09:16:52,057 [WARN] ConditionMgr:1044 - genDependencies : Invalid condition id : UX DEVICE CLASS RTOS Condition cause : null
2026-02-05 09:16:52,057 [WARN] ConditionMgr:1044 - genDependencies : Invalid condition id : UX DEVICE CLASS RTOS Condition cause : null
2026-02-05 09:16:52,058 [WARN] ConditionMgr:1044 - genDependencies : Invalid condition id : UX DEVICE CLASS RTOS Condition cause : null
2026-02-05 09:16:52,061 [WARN] PackLoader:240 - Cannot read IP mode file for STMicroelectronics.X-CUBE-FREERTOS.1.0.1
2026-02-05 09:16:52,066 [WARN] PackLoader:240 - Cannot read IP mode file for STMicroelectronics.X-CUBE-GNSS1.7.0.1
2026-02-05 09:16:52,072 [WARN] PackLoader:240 - Cannot read IP mode file for STMicroelectronics.FP-SNS-STBOX1.2.0.0
2026-02-05 09:16:52,079 [WARN] PackLoader:240 - Cannot read IP mode file for STMicroelectronics.X-CUBE-STSE01.2.0.0
2026-02-05 09:16:52,089 [WARN] PackLoader:240 - Cannot read IP mode file for STMicroelectronics.X-CUBE-AZRTOS-L5.1.1.0
2026-02-05 09:16:52,097 [WARN] PackLoader:240 - Cannot read IP mode file for STMicroelectronics.X-CUBE-SUBG2.5.0.0
2026-02-05 09:16:52,104 [WARN] PackLoader:240 - Cannot read IP mode file for Cesanta.I-CUBE-Mongoose.7.13.0
2026-02-05 09:16:52,113 [WARN] PackLoader:240 - Cannot read IP mode file for STMicroelectronics.X-CUBE-AZRTOS-G4.2.0.0
2026-02-05 09:16:52,121 [WARN] PackLoader:240 - Cannot read IP mode file for STMicroelectronics.X-CUBE-TOF1.3.3.0
2026-02-05 09:16:52,128 [WARN] PackLoader:240 - Cannot read IP mode file for STMicroelectronics.FP-ATR-ASTRA1.1.1.1
2026-02-05 09:16:52,138 [WARN] PackLoader:240 - Cannot read IP mode file for Infineon.AIROC-Wi-Fi-Bluetooth-STM32.1.5.1
2026-02-05 09:16:52,143 [WARN] PackLoader:240 - Cannot read IP mode file for STMicroelectronics.X-CUBE-NFC7.2.0.0
2026-02-05 09:16:52,146 [WARN] PackLoader:240 - Cannot read IP mode file for STMicroelectronics.FP-SNS-MOTENVWB1.1.3.1
2026-02-05 09:16:52,177 [WARN] PackLoader:240 - Cannot read IP mode file for STMicroelectronics.X-CUBE-AZRTOS-G4.1.0.0
2026-02-05 09:16:52,190 [WARN] PackLoader:240 - Cannot read IP mode file for STMicroelectronics.X-CUBE-AZRTOS-L4.1.0.0
2026-02-05 09:16:52,194 [WARN] PackLoader:240 - Cannot read IP mode file for STMicroelectronics.X-CUBE-ISPU.2.0.0
2026-02-05 09:16:52,203 [WARN] PackLoader:240 - Cannot read IP mode file for STMicroelectronics.X-CUBE-IPS.3.1.0
2026-02-05 09:16:52,210 [WARN] PackLoader:240 - Cannot read IP mode file for STMicroelectronics.X-CUBE-ALS.1.0.2
2026-02-05 09:16:52,242 [WARN] PackLoader:240 - Cannot read IP mode file for STMicroelectronics.X-CUBE-MEMS1.10.0.0
2026-02-05 09:16:52,337 [WARN] PackLoader:240 - Cannot read IP mode file for STMicroelectronics.X-CUBE-FREERTOS.1.1.0
2026-02-05 09:16:52,348 [WARN] PackLoader:240 - Cannot read IP mode file for STMicroelectronics.X-CUBE-AZRTOS-F7.1.0.0
2026-02-05 09:16:52,353 [WARN] PackLoader:240 - Cannot read IP mode file for STMicroelectronics.X-CUBE-TOUCHGFX.4.24.2
2026-02-05 09:16:52,360 [WARN] PackLoader:240 - Cannot read IP mode file for STMicroelectronics.X-CUBE-AZRTOS-WL.1.0.0
2026-02-05 09:16:52,380 [WARN] PackLoader:240 - Cannot read IP mode file for STMicroelectronics.X-CUBE-MEMS1.9.1.0
2026-02-05 09:16:52,554 [WARN] PackLoader:240 - Cannot read IP mode file for wolfSSL.I-CUBE-wolfTPM.3.4.0
2026-02-05 09:16:52,561 [WARN] PackLoader:240 - Cannot read IP mode file for portGmbH.I-Cube-SoM-uGOAL.1.1.0
2026-02-05 09:16:52,564 [WARN] PackLoader:240 - Cannot read IP mode file for STMicroelectronics.X-CUBE-ALS.1.0.1
2026-02-05 09:16:52,574 [WARN] PackLoader:240 - Cannot read IP mode file for STMicroelectronics.X-CUBE-AZRTOS-WB.1.1.0
2026-02-05 09:16:52,618 [WARN] PackLoader:240 - Cannot read IP mode file for STMicroelectronics.X-CUBE-AZRTOS-L5.1.0.0
2026-02-05 09:16:52,624 [WARN] PackLoader:240 - Cannot read IP mode file for STMicroelectronics.X-CUBE-EEPRMA1.3.1.0
2026-02-05 09:16:52,628 [WARN] PackLoader:240 - Cannot read IP mode file for STMicroelectronics.X-CUBE-EEPRMA1.3.1.1
2026-02-05 09:16:52,678 [WARN] PackLoader:240 - Cannot read IP mode file for STMicroelectronics.X-CUBE-AZRTOS-H7RS.1.0.0
2026-02-05 09:16:52,688 [WARN] PackLoader:240 - Cannot read IP mode file for STMicroelectronics.X-CUBE-GNSS1.5.2.0
2026-02-05 09:16:52,692 [WARN] PackLoader:240 - Cannot read IP mode file for STMicroelectronics.FP-ATR-ASTRA1.2.0.0
2026-02-05 09:16:52,704 [WARN] PackLoader:240 - Cannot read IP mode file for STMicroelectronics.X-CUBE-TOF1.3.4.2
2026-02-05 09:16:52,720 [WARN] PackLoader:240 - Cannot read IP mode file for STMicroelectronics.X-CUBE-TOF1.3.4.3
2026-02-05 09:16:52,735 [WARN] PackLoader:240 - Cannot read IP mode file for STMicroelectronics.X-CUBE-TOF1.3.4.0
2026-02-05 09:16:52,774 [WARN] PackLoader:240 - Cannot read IP mode file for STMicroelectronics.X-CUBE-TOF1.3.4.1
2026-02-05 09:16:52,794 [WARN] PackLoader:240 - Cannot read IP mode file for STMicroelectronics.X-CUBE-AZRTOS-H7.3.2.0
2026-02-05 09:16:52,812 [WARN] PackLoader:240 - Cannot read IP mode file for wolfSSL.I-CUBE-wolfSSH.1.4.17
2026-02-05 09:16:52,813 [INFO] ThirdParty:978 - Integrity check success = true
2026-02-05 09:16:52,813 [INFO] IntegrityCheckThread:100 - exiting critical section [integrity check]
2026-02-05 09:16:52,813 [INFO] IntegrityCheckThread:103 - End integrity checks thread
2026-02-05 09:16:53,162 [INFO] WebApp:463 - Apply proxy settings
2026-02-05 09:16:53,162 [INFO] WebApp:548 - Chromium requires no authentication
2026-02-05 09:16:53,173 [INFO] WebApp:491 - Direct internet connection detected
2026-02-05 09:16:53,196 [INFO] WebApp:894 - Register for checkConnection events
2026-02-05 09:16:53,197 [INFO] WebApp:463 - Apply proxy settings
2026-02-05 09:16:53,197 [INFO] WebApp:548 - Chromium requires no authentication
2026-02-05 09:16:53,198 [INFO] WebApp:491 - Direct internet connection detected
2026-02-05 09:16:53,396 [INFO] WebApp:225 - Starting web application
2026-02-05 09:16:53,396 [INFO] WebApp:593 - Web application path used C:\ST\STM32CubeIDE_1.17.0\STM32CubeIDE\plugins\com.st.stm32cube.common.mx_6.14.0.202502271554\db\plugins\mcufinder\reactClient1\index.html
2026-02-05 09:16:53,540 [INFO] UserAuth:486 - Internet connection configuration mode: 1
2026-02-05 09:16:54,180 [INFO] WebApp:191 - Connection restablished
2026-02-05 09:16:54,543 [INFO] ApiDb:240 - Found 895 in-development CPN: [B-G473E-ZEST1S, B-WB1M-WPAN1, B-WBA5M-WPAN, B-WL5M-SUBG1, NUCLEO-C031C6, NUCLEO-C051C8, NUCLEO-C071RB, NUCLEO-C092RC, NUCLEO-H503RB, NUCLEO-H533RE, NUCLEO-H563ZI, NUCLEO-H7S3L8, NUCLEO-N657X0-Q, NUCLEO-U031R8, NUCLEO-U083RC, NUCLEO-U385RG-Q, NUCLEO-U545RE-Q, NUCLEO-U5A5ZJ-Q, NUCLEO-WB05KZ, NUCLEO-WB07CC, NUCLEO-WB09KE, NUCLEO-WBA52CG, NUCLEO-WBA55CG, NUCLEO-WBA65RI, NUCLEO-WL33CC1, NUCLEO-WL33CC2, STEVAL-PROTEUS1, STEVAL-SMARTAG2, STEVAL-STWINBX1, STM320518-EVAL, STM32C0116-DK, STM32C011D6Y3TR, STM32C011D6Y6TR, STM32C011F4P3, STM32C011F4P6, STM32C011F4U3, STM32C011F4U6TR, STM32C011F6P3, STM32C011F6P6, STM32C011F6U3, STM32C011F6U6TR, STM32C011J4M3, STM32C011J4M6, STM32C011J6M3, STM32C011J6M6, STM32C0316-DK, STM32C031C4T3, STM32C031C4T6, STM32C031C4U3, STM32C031C4U6, STM32C031C6T3, STM32C031C6T6, STM32C031C6U3, STM32C031C6U6, STM32C031F4P3, STM32C031F4P6, STM32C031F6P3, STM32C031F6P6, STM32C031G4U3, STM32C031G4U6, STM32C031G6U3, STM32C031G6U6, STM32C031K4T3, STM32C031K4T6, STM32C031K4U3, STM32C031K4U6, STM32C031K6T3, STM32C031K6T6, STM32C031K6U3, STM32C031K6U6, STM32C051C6T6, STM32C051C6U6, STM32C051C8T6, STM32C051C8U6, STM32C051D8Y6TR, STM32C051F6P6, STM32C051F8P6, STM32C051G6U6, STM32C051G8U6, STM32C051K6T6, STM32C051K6U6, STM32C051K8T6, STM32C071C8T6, STM32C071C8T6N, STM32C071C8U6, STM32C071C8U6N, STM32C071CBT6, STM32C071CBT6N, STM32C071CBU6, STM32C071CBU6N, STM32C071F8P6, STM32C071F8P6N, STM32C071FBP6, STM32C071FBP6N, STM32C071FBY6TR, STM32C071G8U6, STM32C071G8U6N, STM32C071GBU6, STM32C071GBU6N, STM32C071K8T6, STM32C071K8T6N, STM32C071K8U6, STM32C071K8U6N, STM32C071KBT6, STM32C071KBT6N, STM32C071KBU6, STM32C071KBU6N, STM32C071R8T6, STM32C071R8T6N, STM32C071RBI6N, STM32C071RBT6, STM32C071RBT6N, STM32C091CBT6, STM32C091CBU6, STM32C091CCT6, STM32C091CCU6, STM32C091ECY6TR, STM32C091FBP6, STM32C091FCP6, STM32C091GBU6, STM32C091GCU6, STM32C091KBT6, STM32C091KBU6, STM32C091KCT6, STM32C091KCU6, STM32C091RBT6, STM32C091RCI6, STM32C091RCT6, STM32C092CBT6, STM32C092CBU6, STM32C092CCT6, STM32C092CCU6, STM32C092ECY6TR, STM32C092FBP6, STM32C092FCP6, STM32C092GBU6, STM32C092GCU6, STM32C092KBT6, STM32C092KBU6, STM32C092KCT6, STM32C092KCU6, STM32C092RBT6, STM32C092RCI6, STM32C092RCT6, STM32G071K8TXN, STM32G071K8UXN, STM32G081GBU6N, STM32G081KBT6N, STM32G081KBUXN, STM32G0B1CCT6N, STM32G0B1KCT6, STM32G0B1NEY6TR, STM32G0B1RCT6N, STM32G0C1CCT6, STM32G0C1CCT6N, STM32G0C1CCU6N, STM32G0C1CET6N, STM32G0C1CEU6N, STM32G0C1KCT6, STM32G0C1NEY6TR, STM32G0C1RCI6N, STM32G0C1RCT6N, STM32G0C1REI6N, STM32G0C1RET6N, STM32G0C1VCI6, STM32G0C1VEI6, STM32G411C6T3, STM32G411C6T6, STM32G411C6U3, STM32G411C6U6, STM32G411C8T3, STM32G411C8T6, STM32G411C8U3, STM32G411C8U6, STM32G411CBT3, STM32G411CBT6, STM32G411CBU3, STM32G411CBU6, STM32G411CCT3, STM32G411CCT6, STM32G411CCU3, STM32G411CCU6, STM32G411K6T3, STM32G411K6T6, STM32G411K6U3, STM32G411K6U6, STM32G411K8T3, STM32G411K8T6, STM32G411K8U3, STM32G411K8U6, STM32G411KBT3, STM32G411KBT6, STM32G411KBU3, STM32G411KBU6, STM32G411M6T3, STM32G411M6T6, STM32G411M8T3, STM32G411M8T6, STM32G411MBT3, STM32G411MBT6, STM32G411MCT3, STM32G411MCT6, STM32G411R6T3, STM32G411R6T6, STM32G411R8T3, STM32G411R8T6, STM32G411RBT3, STM32G411RBT6, STM32G411RCT3, STM32G411RCT6, STM32G414CBT3, STM32G414CBT6, STM32G414CBU3, STM32G414CBU6, STM32G414CCT3, STM32G414CCT6, STM32G414CCU3, STM32G414CCU6, STM32G414MBT3, STM32G414MBT6, STM32G414MCT3, STM32G414MCT6, STM32G414RBT3, STM32G414RBT6, STM32G414RCT3, STM32G414RCT6, STM32G414VBT3, STM32G414VBT6, STM32G414VCT3, STM32G414VCT6, STM32G431CBT3Z, STM32G431RBT3Z, STM32G471CCT6, STM32G471CCU6, STM32G471CET3, STM32G471CET6, STM32G471CEU3, STM32G471CEU6, STM32G471MCT6, STM32G471MET3, STM32G471MET6, STM32G471MEY6TR, STM32G471QCT6, STM32G471QET3, STM32G471RCT6, STM32G471RET3, STM32G471RET6, STM32G471VCH6, STM32G471VCI6, STM32G471VCT6, STM32G471VEH3, STM32G471VEH6, STM32G471VEI3, STM32G471VEI6, STM32G471VET3, STM32G471VET6, STM32G473QET3Z, STM32G473RET3Z, STM32G474CCT6, STM32G491RET3Z, STM32H503CBT6, STM32H503CBU6, STM32H503EBY6TR, STM32H503KBU6, STM32H503RBT6, STM32H523CCT6, STM32H523CCU6, STM32H523CET6, STM32H523CEU6, STM32H523HEY6TR, STM32H523RCT6, STM32H523RET6, STM32H523VCI6, STM32H523VCT6, STM32H523VEI6, STM32H523VET6, STM32H523ZCJ6, STM32H523ZCT6, STM32H523ZEJ6, STM32H523ZET6, STM32H533CET6, STM32H533CEU6, STM32H533HEY6TR, STM32H533RET6, STM32H533VEI6, STM32H533VET6, STM32H533ZEJ6, STM32H533ZET6, STM32H562AGI6, STM32H562AII6, STM32H562IGK6, STM32H562IGT6, STM32H562IIK6, STM32H562IIT6, STM32H562RGT6, STM32H562RGV6, STM32H562RIT6, STM32H562RIV6, STM32H562VGT6, STM32H562VIT6, STM32H562ZGT6, STM32H562ZIT6, STM32H563AGI6, STM32H563AII3Q, STM32H563AII6, STM32H563IGK6, STM32H563IGT6, STM32H563IIK3Q, STM32H563IIK6, STM32H563IIT3Q, STM32H563IIT6, STM32H563MIY3QTR, STM32H563RGT6, STM32H563RGV6, STM32H563RIT6, STM32H563RIV6, STM32H563VGT6, STM32H563VIT3Q, STM32H563VIT6, STM32H563ZGT6, STM32H563ZIT3Q, STM32H563ZIT6, STM32H573AII3Q, STM32H573AII6, STM32H573I-DK, STM32H573IIK3Q, STM32H573IIK6, STM32H573IIT3Q, STM32H573IIT6, STM32H573MIY3QTR, STM32H573RIT6, STM32H573RIV6, STM32H573VIT3Q, STM32H573VIT6, STM32H573ZIT3Q, STM32H573ZIT6, STM32H7R3A8I6, STM32H7R3I8K6, STM32H7R3I8T6, STM32H7R3L8H6, STM32H7R3L8H6H, STM32H7R3R8V6, STM32H7R3V8H6, STM32H7R3V8T6, STM32H7R3V8Y6TR, STM32H7R3Z8J6, STM32H7R3Z8T6, STM32H7R7A8I6, STM32H7R7I8K6, STM32H7R7I8T6, STM32H7R7L8H6, STM32H7R7L8H6H, STM32H7R7Z8J6, STM32H7S3A8I6, STM32H7S3I8K6, STM32H7S3I8T6, STM32H7S3L8H6, STM32H7S3L8H6H, STM32H7S3R8V6, STM32H7S3V8H6, STM32H7S3V8T6, STM32H7S3V8Y6TR, STM32H7S3Z8J6, STM32H7S3Z8T6, STM32H7S78-DK, STM32H7S7A8I6, STM32H7S7I8K6, STM32H7S7I8T6, STM32H7S7L8H6, STM32H7S7L8H6H, STM32H7S7Z8J6, STM32L4R5QGI6STR, STM32MP131AAE3, STM32MP131AAF3, STM32MP131AAG3, STM32MP131CAE3, STM32MP131CAF3, STM32MP131CAG3, STM32MP131DAE7, STM32MP131DAF7, STM32MP131DAG7, STM32MP131FAE7, STM32MP131FAF7, STM32MP131FAG7, STM32MP133AAE3, STM32MP133AAF3, STM32MP133AAG3, STM32MP133CAE3, STM32MP133CAF3, STM32MP133CAG3, STM32MP133DAE7, STM32MP133DAF7, STM32MP133DAG7, STM32MP133FAE7, STM32MP133FAF7, STM32MP133FAG7, STM32MP135AAE3, STM32MP135AAF3, STM32MP135AAG3, STM32MP135CAE3, STM32MP135CAF3, STM32MP135CAG3, STM32MP135DAE7, STM32MP135DAF7, STM32MP135DAG7, STM32MP135F-DK, STM32MP135FAE7, STM32MP135FAF7, STM32MP135FAF7T, STM32MP135FAF7U, STM32MP135FAG7, STM32MP231AAJ3, STM32MP231AAK3, STM32MP231AAL3, STM32MP231CAJ3, STM32MP231CAK3, STM32MP231CAL3, STM32MP231DAJ3, STM32MP231DAK3, STM32MP231DAL3, STM32MP231FAJ3, STM32MP231FAK3, STM32MP231FAL3, STM32MP233AAJ3, STM32MP233AAK3, STM32MP233AAL3, STM32MP233CAJ3, STM32MP233CAK3, STM32MP233CAL3, STM32MP233DAJ3, STM32MP233DAK3, STM32MP233DAL3, STM32MP233FAJ3, STM32MP233FAK3, STM32MP233FAL3, STM32MP235AAJ3, STM32MP235AAK3, STM32MP235AAL3, STM32MP235CAJ3, STM32MP235CAK3, STM32MP235CAL3, STM32MP235DAJ3, STM32MP235DAK3, STM32MP235DAL3, STM32MP235FAJ3, STM32MP235FAK3, STM32MP235FAL3, STM32MP251AAI3, STM32MP251AAJ3, STM32MP251AAK3, STM32MP251AAL3, STM32MP251CAI3, STM32MP251CAJ3, STM32MP251CAK3, STM32MP251CAL3, STM32MP251DAI3, STM32MP251DAJ3, STM32MP251DAK3, STM32MP251DAL3, STM32MP251FAI3, STM32MP251FAJ3, STM32MP251FAK3, STM32MP251FAL3, STM32MP253AAI3, STM32MP253AAJ3, STM32MP253AAK3, STM32MP253AAL3, STM32MP253CAI3, STM32MP253CAJ3, STM32MP253CAK3, STM32MP253CAL3, STM32MP253DAI3, STM32MP253DAJ3, STM32MP253DAK3, STM32MP253DAL3, STM32MP253FAI3, STM32MP253FAJ3, STM32MP253FAK3, STM32MP253FAL3, STM32MP255AAI3, STM32MP255AAJ3, STM32MP255AAK3, STM32MP255AAL3, STM32MP255CAI3, STM32MP255CAJ3, STM32MP255CAK3, STM32MP255CAL3, STM32MP255DAI3, STM32MP255DAJ3, STM32MP255DAK3, STM32MP255DAL3, STM32MP255FAI3, STM32MP255FAJ3, STM32MP255FAK3, STM32MP255FAL3, STM32MP257AAI3, STM32MP257AAJ3, STM32MP257AAK3, STM32MP257AAL3, STM32MP257CAI3, STM32MP257CAJ3, STM32MP257CAK3, STM32MP257CAL3, STM32MP257DAI3, STM32MP257DAJ3, STM32MP257DAK3, STM32MP257DAL3, STM32MP257F-DK, STM32MP257F-EV1, STM32MP257FAI3, STM32MP257FAJ3, STM32MP257FAK3, STM32MP257FAL3, STM32N645A0H3Q, STM32N645B0H3Q, STM32N645I0H3Q, STM32N645L0H3Q, STM32N645X0H3Q, STM32N645Z0H3Q, STM32N647A0H3Q, STM32N647B0H3Q, STM32N647I0H3Q, STM32N647L0H3Q, STM32N647X0H3Q, STM32N647Z0H3Q, STM32N655A0H3Q, STM32N655B0H3Q, STM32N655I0H3Q, STM32N655L0H3Q, STM32N655X0H3Q, STM32N655Z0H3Q, STM32N6570-DK, STM32N657A0H3Q, STM32N657B0H3Q, STM32N657I0H3Q, STM32N657L0H3Q, STM32N657X0H3Q, STM32N657Z0H3Q, STM32U031C6T6, STM32U031C6U6, STM32U031C8T6, STM32U031C8U6, STM32U031F4P6, STM32U031F6P6, STM32U031F8P6, STM32U031G6Y6TR, STM32U031G8Y6TR, STM32U031K4U6, STM32U031K6U6, STM32U031K8U6, STM32U031R6I6, STM32U031R6T6, STM32U031R8I6, STM32U031R8T6, STM32U073C8T6, STM32U073C8U6, STM32U073CBT6, STM32U073CBU6, STM32U073CCT6, STM32U073CCU6, STM32U073H8Y6TR, STM32U073HBY6TR, STM32U073HCY6TR, STM32U073K8U6, STM32U073KBU6, STM32U073KCU6, STM32U073M8I6, STM32U073M8T6, STM32U073MBI6, STM32U073MBT6, STM32U073MCI6, STM32U073MCT6, STM32U073R8I6, STM32U073R8T6, STM32U073RBI6, STM32U073RBT6, STM32U073RCI6, STM32U073RCT6, STM32U083C-DK, STM32U083CCT6, STM32U083CCU6, STM32U083HCY6TR, STM32U083KCU6, STM32U083MCI6, STM32U083MCT6, STM32U083RCI6, STM32U083RCT6, STM32U375CET6, STM32U375CET6Q, STM32U375CEU6, STM32U375CEU6Q, STM32U375CEY6QTR, STM32U375CGT6, STM32U375CGT6Q, STM32U375CGU6, STM32U375CGU6Q, STM32U375CGY6QTR, STM32U375KEU6, STM32U375KGU6, STM32U375REI6, STM32U375REI6Q, STM32U375RET6, STM32U375RET6Q, STM32U375REY6GTR, STM32U375REY6QTR, STM32U375RGI6, STM32U375RGI6Q, STM32U375RGT6, STM32U375RGT6Q, STM32U375RGY6GTR, STM32U375RGY6QTR, STM32U375VEI6, STM32U375VEI6Q, STM32U375VET6, STM32U375VET6Q, STM32U375VGI6, STM32U375VGI6Q, STM32U375VGT6, STM32U375VGT6Q, STM32U385CGT6, STM32U385CGT6Q, STM32U385CGU6, STM32U385CGU6Q, STM32U385CGY6QTR, STM32U385KGU6, STM32U385RGI6, STM32U385RGI6Q, STM32U385RGT6, STM32U385RGT6Q, STM32U385RGY6GTR, STM32U385RGY6QTR, STM32U385VGI6, STM32U385VGI6Q, STM32U385VGT6, STM32U385VGT6Q, STM32U535CBT6, STM32U535CBT6Q, STM32U535CBU6, STM32U535CBU6Q, STM32U535CCT6, STM32U535CCT6Q, STM32U535CCU6, STM32U535CCU6Q, STM32U535CET6, STM32U535CET6Q, STM32U535CEU6, STM32U535CEU6Q, STM32U535JEY6QTR, STM32U535NCY6QTR, STM32U535NEY6QTR, STM32U535RBI6, STM32U535RBI6Q, STM32U535RBT6, STM32U535RBT6Q, STM32U535RCI6, STM32U535RCI6Q, STM32U535RCT6, STM32U535RCT6Q, STM32U535REI6, STM32U535REI6Q, STM32U535RET6, STM32U535RET6Q, STM32U535VCI6, STM32U535VCI6Q, STM32U535VCT6, STM32U535VCT6Q, STM32U535VEI6, STM32U535VEI6Q, STM32U535VET6, STM32U535VET6Q, STM32U545CET6, STM32U545CET6Q, STM32U545CEU6, STM32U545CEU6Q, STM32U545JEY6QTR, STM32U545NEY6QTR, STM32U545REI6, STM32U545REI6Q, STM32U545RET6, STM32U545RET6Q, STM32U545VEI6, STM32U545VEI6Q, STM32U545VET6, STM32U545VET6Q, STM32U595AIH6, STM32U595AIH6Q, STM32U595AJH6, STM32U595AJH6Q, STM32U595QII6, STM32U595QII6Q, STM32U595QJI6, STM32U595QJI6Q, STM32U595RIT6, STM32U595RIT6Q, STM32U595RJT6, STM32U595RJT6Q, STM32U595VIT6, STM32U595VIT6Q, STM32U595VJT6, STM32U595VJT6Q, STM32U595ZIT6, STM32U595ZIT6Q, STM32U595ZIY6QTR, STM32U595ZJT6, STM32U595ZJT6Q, STM32U595ZJY6QTR, STM32U599BJY6QTR, STM32U599NIH6Q, STM32U599NJH6Q, STM32U599VIT6Q, STM32U599VJT6, STM32U599VJT6Q, STM32U599ZIT6Q, STM32U599ZIY6QTR, STM32U599ZJT6Q, STM32U599ZJY6QTR, STM32U5A5AJH6, STM32U5A5AJH6Q, STM32U5A5QII3Q , STM32U5A5QJI6, STM32U5A5QJI6Q, STM32U5A5RJT6, STM32U5A5RJT6Q, STM32U5A5VJT6, STM32U5A5VJT6Q, STM32U5A5ZJT6, STM32U5A5ZJT6Q, STM32U5A5ZJY6QTR, STM32U5A9BJY6QTR, STM32U5A9J-DK, STM32U5A9NJH6Q, STM32U5A9VJT6Q, STM32U5A9ZJT6Q, STM32U5A9ZJY6QTR, STM32U5F7VIT6, STM32U5F7VIT6Q, STM32U5F7VJT6, STM32U5F7VJT6Q, STM32U5F9BJY6QTR, STM32U5F9NJH6Q, STM32U5F9VIT6Q, STM32U5F9VJT6Q, STM32U5F9ZIJ6QTR, STM32U5F9ZIT6Q, STM32U5F9ZJJ6QTR, STM32U5F9ZJT6Q, STM32U5G7VJT6, STM32U5G7VJT6Q, STM32U5G9BJY6QTR, STM32U5G9J-DK1, STM32U5G9J-DK2, STM32U5G9NJH6Q, STM32U5G9VJT6Q, STM32U5G9ZJJ6QTR, STM32U5G9ZJT6Q, STM32WB05KZV6TR, STM32WB05KZV7TR, STM32WB05TZF6TR, STM32WB05TZF7TR, STM32WB06CCF6TR, STM32WB06CCF7TR, STM32WB06CCV6TR, STM32WB06CCV7TR, STM32WB06KCV6TR, STM32WB06KCV7TR, STM32WB07CCF6TR, STM32WB07CCF7TR, STM32WB07CCV6TR, STM32WB07CCV7TR, STM32WB07KCV6TR, STM32WB07KCV7TR, STM32WB09KEV6TR, STM32WB09KEV7TR, STM32WB09TEF6TR, STM32WB09TEF7TR, STM32WB1MMCH6, STM32WBA50KGU6, STM32WBA50KGU6TR, STM32WBA52CEU6, STM32WBA52CEU6TR, STM32WBA52CEU7, STM32WBA52CEU7TR, STM32WBA52CGU6, STM32WBA52CGU6TR, STM32WBA52CGU6U, STM32WBA52CGU7, STM32WBA52CGU7TR, STM32WBA52KEU6, STM32WBA52KEU6TR, STM32WBA52KGU6, STM32WBA52KGU6TR, STM32WBA54CEU6, STM32WBA54CEU6TR, STM32WBA54CEU7, STM32WBA54CEU7TR, STM32WBA54CGU6, STM32WBA54CGU6TR, STM32WBA54CGU7, STM32WBA54CGU7TR, STM32WBA54KEU6, STM32WBA54KEU6TR, STM32WBA54KEU7, STM32WBA54KEU7TR, STM32WBA54KGU6, STM32WBA54KGU6TR, STM32WBA54KGU7, STM32WBA54KGU7TR, STM32WBA55CEU6, STM32WBA55CEU6TR, STM32WBA55CEU7, STM32WBA55CEU7TR, STM32WBA55CGU6, STM32WBA55CGU6TR, STM32WBA55CGU6U, STM32WBA55CGU7, STM32WBA55CGU7TR, STM32WBA55G-DK1, STM32WBA55HEF6, STM32WBA55HEF7, STM32WBA55HGF6, STM32WBA55HGF7, STM32WBA55UEI6, STM32WBA55UEI6TR, STM32WBA55UEI7, STM32WBA55UEI7TR, STM32WBA55UGI6, STM32WBA55UGI6TR, STM32WBA55UGI7, STM32WBA55UGI7TR, STM32WBA5MJGH6TR, STM32WBA62CGU6, STM32WBA62CIU6, STM32WBA62MGF6, STM32WBA62MIF6, STM32WBA62PGI6, STM32WBA62PII6, STM32WBA63CGU6, STM32WBA63CGU7, STM32WBA63CIU6, STM32WBA63CIU7, STM32WBA64CGU6, STM32WBA64CGU7, STM32WBA64CIU6, STM32WBA64CIU7, STM32WBA65CGU6, STM32WBA65CGU7, STM32WBA65CIU6, STM32WBA65CIU7, STM32WBA65I-DK1, STM32WBA65MGF6, STM32WBA65MGF7, STM32WBA65MIF6, STM32WBA65MIF7, STM32WBA65PGI6, STM32WBA65PGI7, STM32WBA65PII6, STM32WBA65PII7, STM32WBA65RGV6, STM32WBA65RGV7, STM32WBA65RIV6, STM32WBA65RIV7, STM32WL30K8V6, STM32WL30KBV6, STM32WL31C8V6, STM32WL31CBV6, STM32WL31K8V6, STM32WL31KBV6, STM32WL33C8V6, STM32WL33C8V6TR, STM32WL33C8V7, STM32WL33C8V7TR, STM32WL33CBV6, STM32WL33CBV6TR, STM32WL33CBV7, STM32WL33CBV7TR, STM32WL33CCV6, STM32WL33CCV6TR, STM32WL33CCV7, STM32WL33CCV7A, STM32WL33CCV7ATR, STM32WL33CCV7TR, STM32WL33K8V6, STM32WL33K8V6TR, STM32WL33K8V7, STM32WL33K8V7TR, STM32WL33KBV6, STM32WL33KBV6TR, STM32WL33KBV7, STM32WL33KBV7TR, STM32WL33KCV6, STM32WL33KCV6TR, STM32WL33KCV7, STM32WL33KCV7TR, STM32WL5MOCH6, STM32WL5MOCH6TR]
2026-02-05 09:16:54,553 [INFO] DbMcus:218 - Found 4822 MCUs, 4822 are supported
2026-02-05 09:16:54,553 [INFO] ApiDb:423 - Load user favorites file C:\Users\G45/.stm32cubeide/favorites.mcus.txt: 0 item(s)
2026-02-05 09:16:54,554 [INFO] ApiDb:427 - User favorites MCUs=[]
2026-02-05 09:16:54,554 [INFO] DbMcus:224 - Set 0 / 0 favorites MCUs
2026-02-05 09:16:55,349 [INFO] BoardInfo:889 - No configuration file found for board P-NUCLEO-WB55
2026-02-05 09:16:55,350 [INFO] DbBoards:161 - Kit is not supported: P-NUCLEO-WB55
2026-02-05 09:16:55,356 [INFO] BoardInfo:889 - No configuration file found for board STEVAL-BFA001V1B
2026-02-05 09:16:55,357 [INFO] DbBoards:161 - Kit is not supported: STEVAL-BFA001V1B
2026-02-05 09:16:55,358 [INFO] BoardInfo:889 - No configuration file found for board STEVAL-BFA001V2B
2026-02-05 09:16:55,358 [INFO] DbBoards:161 - Kit is not supported: STEVAL-BFA001V2B
2026-02-05 09:16:55,534 [INFO] DbBoards:168 - Found 211 boards, 208 are supported
2026-02-05 09:16:55,534 [INFO] DbBoards:169 - Found 211 boards, 43 of them is supported for  Bsp
2026-02-05 09:16:55,537 [INFO] ApiDb:423 - Load user favorites file C:\Users\G45/.stm32cubeide/favorites.boards.txt: 1 item(s)
2026-02-05 09:16:55,537 [INFO] ApiDb:427 - User favorites Boards=[NUCLEO-L476RG]
2026-02-05 09:16:55,537 [INFO] DbBoards:198 - Set 1 / 1 favorites Boards
2026-02-05 09:16:55,537 [INFO] McuFinderGlobals:76 - Set McuFinderConnectedMode to true
2026-02-05 09:16:55,545 [INFO] MultiScanPanel:200 - Auto-refresh data requested => check proxy status ongoing
2026-02-05 09:16:55,547 [INFO] FinderPluginLoader:95 - Searching for filters in installed packs
2026-02-05 09:16:57,220 [INFO] LoadUrlFilesThread:185 - End of LoadServerUrlFiles without Thread
2026-02-05 09:16:57,285 [INFO] DetailPanel:341 - Set advertising image to C:/Users/G45/STM32Cube/Repository/\en.prom-stm32mp21-0126.png
2026-02-05 09:17:02,949 [INFO] MultiScanPanel:200 - Auto-refresh data requested => check proxy status ongoing
2026-02-05 09:17:03,102 [INFO] LoadUrlFilesThread:185 - End of LoadServerUrlFiles without Thread
2026-02-05 09:17:03,102 [INFO] DetailPanel:341 - Set advertising image to C:/Users/G45/STM32Cube/Repository/\en.prom-stm32mp21-0126.png
2026-02-05 09:17:03,115 [INFO] DbBoards:642 - Loading board mini-images...
2026-02-05 09:17:05,569 [INFO] DbBoards:665 - Loaded 211 board mini-images
2026-02-05 09:18:22,028 [INFO] MainUpdater:2872 - connection check result : 10
2026-02-05 09:18:22,029 [INFO] MainUpdater:2872 - connection check result : 10
2026-02-05 09:18:22,044 [INFO] MicroXplorer:468 - Change Database Path : 
2026-02-05 09:18:22,044 [INFO] MicroXplorer:498 - Change Database Version : DB.6.0.140
2026-02-05 09:18:22,052 [WARN] ThirdParty:871 - waiting for thirdparty lock release [close project]
2026-02-05 09:18:22,052 [INFO] ThirdParty:873 - entering critical section [close project]
2026-02-05 09:18:22,053 [INFO] ThirdParty:883 - exiting critical section [close project]
2026-02-05 09:18:22,056 [INFO] PinOutPanel:1589 - setPackage(No Configuration,No Configuration)
2026-02-05 09:18:22,065 [INFO] UtilMem:75 - Begin LoadConfig() Used Memory: 987169960 Bytes (1073741824)
2026-02-05 09:18:22,069 [INFO] OpenFileManager:354 - Change cursor
2026-02-05 09:18:22,189 [INFO] ProjectFactory:442 - No CPN specified for board NUCLEO-L476RG => set CPN to STM32L476RGT3
2026-02-05 09:18:22,190 [INFO] Mcu:2011 - Initializing MCU STM32L476R(C-E-G)Tx STM32L476RGTx STM32L476RGT3
2026-02-05 09:18:25,050 [INFO] Context:756 - Trying to add GPIOservice into a context  which must be forbidden
2026-02-05 09:18:26,464 [INFO] Rule:224 - rule 117617 - U5Cobra4M][GTZC] default value MPCBB3 and MPCBB5 - Not Secured memory - MPCBB1 is applicable
2026-02-05 09:18:26,464 [INFO] Rule:224 - rule 117617 - U5Cobra4M][GTZC] default value MPCBB3 and MPCBB5 - Not Secured memory - MPCBB1 is applicable
2026-02-05 09:18:26,464 [INFO] Rule:224 - rule 117617 - U5Cobra4M][GTZC] default value MPCBB3 and MPCBB5 - Not Secured memory - MPCBB2 is applicable
2026-02-05 09:18:26,464 [INFO] Rule:224 - rule 117617 - U5Cobra4M][GTZC] default value MPCBB3 and MPCBB5 - Not Secured memory - MPCBB2 is applicable
2026-02-05 09:18:26,464 [INFO] Rule:224 - rule 117617 - U5Cobra4M][GTZC] default value MPCBB3 and MPCBB5 - Not Secured memory - MPCBB3 is applicable
2026-02-05 09:18:26,464 [INFO] Rule:224 - rule 117617 - U5Cobra4M][GTZC] default value MPCBB3 and MPCBB5 - Not Secured memory - MPCBB3 is applicable
2026-02-05 09:18:26,464 [INFO] Rule:224 - rule 117617 - U5Cobra4M][GTZC] default value MPCBB3 and MPCBB5 - Not Secured memory - MPCBB4 is applicable
2026-02-05 09:18:26,464 [INFO] Rule:224 - rule 117617 - U5Cobra4M][GTZC] default value MPCBB3 and MPCBB5 - Not Secured memory - MPCBB4 is applicable
2026-02-05 09:18:26,464 [INFO] Rule:224 - rule 117617 - U5Cobra4M][GTZC] default value MPCBB3 and MPCBB5 - Secured memory - MPCBB1 is applicable
2026-02-05 09:18:26,465 [INFO] Rule:224 - rule 117617 - U5Cobra4M][GTZC] default value MPCBB3 and MPCBB5 - Secured memory - MPCBB2 is applicable
2026-02-05 09:18:26,465 [INFO] Rule:224 - rule 117617 - U5Cobra4M][GTZC] default value MPCBB3 and MPCBB5 - Secured memory - MPCBB3 is applicable
2026-02-05 09:18:26,465 [INFO] Rule:224 - rule 117617 - U5Cobra4M][GTZC] default value MPCBB3 and MPCBB5 - Secured memory - MPCBB4 is applicable
2026-02-05 09:18:26,465 [INFO] Rule:224 - rule 117617 - U5Cobra4M][GTZC] default value MPCBB3 and MPCBB5 - Privileged memory - MPCBB1 is applicable
2026-02-05 09:18:26,465 [INFO] Rule:224 - rule 117617 - U5Cobra4M][GTZC] default value MPCBB3 and MPCBB5 - Privileged memory - MPCBB2 is applicable
2026-02-05 09:18:26,465 [INFO] Rule:224 - rule 117617 - U5Cobra4M][GTZC] default value MPCBB3 and MPCBB5 - Privileged memory - MPCBB3 is applicable
2026-02-05 09:18:26,465 [INFO] Rule:224 - rule 117617 - U5Cobra4M][GTZC] default value MPCBB3 and MPCBB5 - Privileged memory - MPCBB4 is applicable
2026-02-05 09:18:26,465 [INFO] Rule:224 - rule 117617 - U5Cobra4M][GTZC] default value MPCBB3 and MPCBB5 - Not Privileged memory - MPCBB1 is applicable
2026-02-05 09:18:26,465 [INFO] Rule:224 - rule 117617 - U5Cobra4M][GTZC] default value MPCBB3 and MPCBB5 - Not Privileged memory - MPCBB2 is applicable
2026-02-05 09:18:26,465 [INFO] Rule:224 - rule 117617 - U5Cobra4M][GTZC] default value MPCBB3 and MPCBB5 - Not Privileged memory - MPCBB3 is applicable
2026-02-05 09:18:26,465 [INFO] Rule:224 - rule 117617 - U5Cobra4M][GTZC] default value MPCBB3 and MPCBB5 - Not Privileged memory - MPCBB4 is applicable
2026-02-05 09:18:26,465 [INFO] Rule:224 - rule 117617 - U5Cobra4M][GTZC] default value MPCBB3 and MPCBB5 - Privileged memory - MPCBB1 is applicable
2026-02-05 09:18:26,465 [INFO] Rule:224 - rule 117617 - U5Cobra4M][GTZC] default value MPCBB3 and MPCBB5 - Privileged memory - MPCBB2 is applicable
2026-02-05 09:18:26,465 [INFO] Rule:224 - rule 117617 - U5Cobra4M][GTZC] default value MPCBB3 and MPCBB5 - Privileged memory - MPCBB3 is applicable
2026-02-05 09:18:26,465 [INFO] Rule:224 - rule 117617 - U5Cobra4M][GTZC] default value MPCBB3 and MPCBB5 - Privileged memory - MPCBB4 is applicable
2026-02-05 09:18:26,465 [INFO] Rule:224 - rule 117617 - U5Cobra4M][GTZC] default value MPCBB3 and MPCBB5 - Privileged memory - MPCBB1 is applicable
2026-02-05 09:18:26,466 [INFO] Rule:224 - rule 117617 - U5Cobra4M][GTZC] default value MPCBB3 and MPCBB5 - Privileged memory - MPCBB2 is applicable
2026-02-05 09:18:26,466 [INFO] Rule:224 - rule 117617 - U5Cobra4M][GTZC] default value MPCBB3 and MPCBB5 - Privileged memory - MPCBB3 is applicable
2026-02-05 09:18:26,466 [INFO] Rule:224 - rule 117617 - U5Cobra4M][GTZC] default value MPCBB3 and MPCBB5 - Privileged memory - MPCBB4 is applicable
2026-02-05 09:18:26,466 [INFO] Rule:224 - rule 117617 - U5Cobra4M][GTZC] default value MPCBB3 and MPCBB5 - Not Privileged memory - MPCBB1 is applicable
2026-02-05 09:18:26,466 [INFO] Rule:224 - rule 117617 - U5Cobra4M][GTZC] default value MPCBB3 and MPCBB5 - Not Privileged memory - MPCBB2 is applicable
2026-02-05 09:18:26,466 [INFO] Rule:224 - rule 117617 - U5Cobra4M][GTZC] default value MPCBB3 and MPCBB5 - Not Privileged memory - MPCBB3 is applicable
2026-02-05 09:18:26,466 [INFO] Rule:224 - rule 117617 - U5Cobra4M][GTZC] default value MPCBB3 and MPCBB5 - Not Privileged memory - MPCBB4 is applicable
2026-02-05 09:18:26,466 [INFO] Rule:224 - rule 117617 - U5Cobra4M][GTZC] default value MPCBB3 and MPCBB5 - Privileged memory - MPCBB1 is applicable
2026-02-05 09:18:26,466 [INFO] Rule:224 - rule 117617 - U5Cobra4M][GTZC] default value MPCBB3 and MPCBB5 - Privileged memory - MPCBB2 is applicable
2026-02-05 09:18:26,466 [INFO] Rule:224 - rule 117617 - U5Cobra4M][GTZC] default value MPCBB3 and MPCBB5 - Privileged memory - MPCBB3 is applicable
2026-02-05 09:18:26,466 [INFO] Rule:224 - rule 117617 - U5Cobra4M][GTZC] default value MPCBB3 and MPCBB5 - Privileged memory - MPCBB4 is applicable
2026-02-05 09:18:26,466 [INFO] Rule:224 - rule Rename SubGHz_Phy SUBGHZ_APPLICATION SUBGHZ_PINGPONG to SUBGHZ_ADV_APPLICATION is applicable
2026-02-05 09:18:26,466 [INFO] Rule:224 - rule Rename Enabled to IBEACON is applicable
2026-02-05 09:18:26,466 [INFO] Rule:224 - rule GTZC_S instance for project manager is applicable
2026-02-05 09:18:26,466 [INFO] Rule:224 - rule GTZC_S instance for context M33S is applicable
2026-02-05 09:18:26,466 [INFO] Rule:224 - rule GTZC_S instance value for IP GTZC is applicable
2026-02-05 09:18:26,466 [INFO] Rule:224 - rule GTZC_S instance for mcu.IP is applicable
2026-02-05 09:18:26,467 [INFO] Rule:224 - rule GTZC_S instance for VP is applicable
2026-02-05 09:18:26,467 [INFO] Rule:224 - rule GTZC_S instance for signal is applicable
2026-02-05 09:18:26,467 [INFO] Rule:224 - rule GTZC_S instance for mcu.Pin is applicable
2026-02-05 09:18:26,467 [INFO] Rule:224 - rule GTZC_S instance for VP is applicable
2026-02-05 09:18:26,467 [INFO] Rule:224 - rule GTZC_S instance for signal is applicable
2026-02-05 09:18:26,467 [INFO] Rule:224 - rule GTZC_S instance for mcu is applicable
2026-02-05 09:18:26,467 [INFO] Rule:224 - rule GTZC_S instance for mcu.Pin is applicable
2026-02-05 09:18:26,467 [INFO] Rule:224 - rule GTZC_S instance value for IP GTZC is applicable
2026-02-05 09:18:26,467 [INFO] Rule:224 - rule GTZC_S instance for project manager is applicable
2026-02-05 09:18:26,467 [INFO] Rule:224 - rule GTZC_S instance for context M33S is applicable
2026-02-05 09:18:26,467 [INFO] Rule:224 - rule GTZC_S instance for VP is applicable
2026-02-05 09:18:26,467 [INFO] Rule:224 - rule GTZC_S instance for signal is applicable
2026-02-05 09:18:26,467 [INFO] Rule:224 - rule SPDIFRX instance for mcu is applicable
2026-02-05 09:18:26,467 [INFO] Rule:224 - rule Rename Tracer Mode is applicable
2026-02-05 09:18:26,468 [INFO] Rule:224 - rule SPDIFRX instance value for IP SPDIFRX is applicable
2026-02-05 09:18:26,468 [INFO] Rule:224 - rule SPDIFRX instance for signal is applicable
2026-02-05 09:18:26,468 [INFO] Rule:224 - rule SPDIFRX instance for project manager is applicable
2026-02-05 09:18:26,468 [INFO] Rule:224 - rule SPDIFRX instance for project manager is applicable
2026-02-05 09:18:26,468 [INFO] Rule:224 - rule ADC Scan  fix with FW F7 is applicable
2026-02-05 09:18:26,468 [INFO] Rule:224 - rule ADC Scan  fix with FW F7 is applicable
2026-02-05 09:18:26,471 [INFO] Rule:224 - rule WakeUp0 Mode is applicable
2026-02-05 09:18:26,484 [INFO] Rule:224 - rule WakeUp0 SIGNAL is applicable
2026-02-05 09:18:26,485 [INFO] Rule:224 - rule WakeUp1 Mode is applicable
2026-02-05 09:18:26,485 [INFO] Rule:224 - rule WakeUp1 SIGNAL is applicable
2026-02-05 09:18:26,485 [INFO] Rule:224 - rule WakeUp2 Mode is applicable
2026-02-05 09:18:26,485 [INFO] Rule:224 - rule WakeUp2 SIGNAL is applicable
2026-02-05 09:18:26,485 [INFO] Rule:224 - rule WakeUp4 Mode is applicable
2026-02-05 09:18:26,485 [INFO] Rule:224 - rule WakeUp4 SIGNAL is applicable
2026-02-05 09:18:26,485 [INFO] Rule:224 - rule WakeUp5 Mode is applicable
2026-02-05 09:18:26,485 [INFO] Rule:224 - rule WakeUp5 SIGNAL is applicable
2026-02-05 09:18:26,485 [INFO] Rule:224 - rule Add RTC Activate Clock Source is applicable
2026-02-05 09:18:26,485 [INFO] Rule:224 - rule Add RTC Activate Calendar 1 is applicable
2026-02-05 09:18:26,485 [INFO] Rule:224 - rule Add RTC Activate Calendar 2 is applicable
2026-02-05 09:18:26,485 [INFO] Rule:224 - rule Add RTC Activate Calendar 3 is applicable
2026-02-05 09:18:26,485 [INFO] Rule:224 - rule UART/USART TX Mode is applicable
2026-02-05 09:18:26,486 [INFO] Rule:224 - rule UART/USART RX Mode is applicable
2026-02-05 09:18:26,486 [INFO] Rule:224 - rule UART/USART RX TX Mode is applicable
2026-02-05 09:18:26,486 [INFO] Rule:224 - rule UART/USART PARITY NONE is applicable
2026-02-05 09:18:26,486 [INFO] Rule:224 - rule UART/USART PARITY EVEN is applicable
2026-02-05 09:18:26,486 [INFO] Rule:224 - rule UART/USART PARITY ODD is applicable
2026-02-05 09:18:26,486 [INFO] Rule:224 - rule USART StopBits 1 is applicable
2026-02-05 09:18:26,486 [INFO] Rule:224 - rule USART StopBits 2 is applicable
2026-02-05 09:18:26,486 [INFO] Rule:224 - rule USART StopBits 1.5 is applicable
2026-02-05 09:18:26,486 [INFO] Rule:224 - rule USART StopBits 0.5 is applicable
2026-02-05 09:18:26,486 [INFO] Rule:224 - rule UART/USART WORD LENGTH 7 is applicable
2026-02-05 09:18:26,486 [INFO] Rule:224 - rule UART/USART WORD LENGTH 8 is applicable
2026-02-05 09:18:26,486 [INFO] Rule:224 - rule UART/USART WORD LENGTH 9 is applicable
2026-02-05 09:18:26,486 [INFO] Rule:224 - rule Rename FMC NAND NCE signal is applicable
2026-02-05 09:18:26,486 [INFO] Rule:224 - rule Rename FMC NAND INT signal is applicable
2026-02-05 09:18:26,486 [INFO] Rule:224 - rule Change Default Value for LSE Drive Capability for WB family is applicable
2026-02-05 09:18:26,486 [INFO] Rule:224 - rule Change Default Value for ADC Clock Prescaler G0 family is applicable
2026-02-05 09:18:26,486 [INFO] Rule:224 - rule Change Default Value for ADC ExternalTrigConv L4 family is applicable
2026-02-05 09:18:26,487 [INFO] Rule:224 - rule Change Default Value for ADC ExternalTrigInjecConv L4 family is applicable
2026-02-05 09:18:26,487 [INFO] Rule:224 - rule Change Default Value for ADC ExternalTrigConv F3 family is applicable
2026-02-05 09:18:26,487 [INFO] Rule:224 - rule Change Default Value for ADC ExternalTrigInjecConv F3 family is applicable
2026-02-05 09:18:26,487 [INFO] Rule:224 - rule Change Default Value for ADC ExternalTrigConv Goldfish serie is applicable
2026-02-05 09:18:26,487 [INFO] Rule:224 - rule Change Default Value for ADC ExternalTrigInjecConv Goldfish serie is applicable
2026-02-05 09:18:26,487 [INFO] Rule:224 - rule Change Default Value for ADC ExternalTrigConv L0 family is applicable
2026-02-05 09:18:26,487 [INFO] Rule:224 - rule Change Default Value for ADC ExternalTrigConv F0 family is applicable
2026-02-05 09:18:26,487 [INFO] Rule:224 - rule Change Default Value for ADC ExternalTrigConvn L1 family is applicable
2026-02-05 09:18:26,487 [INFO] Rule:224 - rule Change Default Value for ADC ExternalTrigInjecConv L1 family is applicable
2026-02-05 09:18:26,487 [INFO] Rule:224 - rule Change Default Value for ADC ExternalTrigConv F1 family is applicable
2026-02-05 09:18:26,487 [INFO] Rule:224 - rule Change Default Value for ADC ExternalTrigInjecConv F1 family is applicable
2026-02-05 09:18:26,487 [INFO] Rule:224 - rule Change Default Value for ADC ExternalTrigConv F7 family is applicable
2026-02-05 09:18:26,487 [INFO] Rule:224 - rule Change Default Value for ADC ExternalTrigInjecConv F7 family is applicable
2026-02-05 09:18:26,487 [INFO] Rule:224 - rule Change Default Value for ADC ExternalTrigConv F4 and F2 family is applicable
2026-02-05 09:18:26,487 [INFO] Rule:224 - rule Change Default Value for ADC ExternalTrigInjecConv F4 and F2 family is applicable
2026-02-05 09:18:26,487 [INFO] Rule:224 - rule ADC SamplingTime fix with FW L0  is applicable
2026-02-05 09:18:26,487 [INFO] Rule:224 - rule ADC SamplingTime fix with FW L0  is applicable
2026-02-05 09:18:26,487 [INFO] Rule:224 - rule ADC SamplingTime fix with FW L0 is applicable
2026-02-05 09:18:26,487 [INFO] Rule:224 - rule ADC SamplingTime fix with FW L0 is applicable
2026-02-05 09:18:26,487 [INFO] Rule:224 - rule ADC SamplingTime fix with FW L0  is applicable
2026-02-05 09:18:26,487 [INFO] Rule:224 - rule ADC SamplingTime fix with FW L0 is applicable
2026-02-05 09:18:26,488 [INFO] Rule:224 - rule Rename USB_OE Signal is applicable
2026-02-05 09:18:26,488 [INFO] Rule:224 - rule Rename Activate_OE Mode is applicable
2026-02-05 09:18:26,488 [INFO] Rule:224 - rule Rename DIE462/DIE415 pin PC14/OSC32_IN -> PC14-OSC32_IN (PC14) is applicable
2026-02-05 09:18:26,488 [INFO] Rule:224 - rule Rename DIE462/DIE415 pin PC15/OSC32_OUT -> PC15-OSC32_OUT (PC15) is applicable
2026-02-05 09:18:26,488 [INFO] Rule:224 - rule Rename DIE462/DIE415 pin PH0/OSC_IN -> PH0-OSC_IN (PH0) is applicable
2026-02-05 09:18:26,488 [INFO] Rule:224 - rule Rename DIE462/DIE415 pin PH1/OSC_OUT -> PH1-OSC_OUT (PH1) is applicable
2026-02-05 09:18:26,488 [INFO] Rule:224 - rule Rename DIE462 pin PA13 -> PA13 (JTMS/SWDIO) is applicable
2026-02-05 09:18:26,488 [INFO] Rule:224 - rule Rename DIE415 pin PA13 -> PA13 (JTMS/SWDIO) is applicable
2026-02-05 09:18:26,488 [INFO] Rule:224 - rule Rename DIE462 pin PA14 -> PA14 (JTCK/SWCLK) is applicable
2026-02-05 09:18:26,488 [INFO] Rule:224 - rule Rename DIE415 pin PA14 -> PA14 (JTCK/SWCLK) is applicable
2026-02-05 09:18:26,488 [INFO] Rule:224 - rule Rename DIE462/DIE415 pin PA15 -> PA15 (JTDI) is applicable
2026-02-05 09:18:26,488 [INFO] Rule:224 - rule Rename DIE462 pin PB3 -> PB3 (JTD0/TRACESWO) is applicable
2026-02-05 09:18:26,488 [INFO] Rule:224 - rule Rename DIE415 pin PB3 -> PB3 (JTD0-TRACESWO) is applicable
2026-02-05 09:18:26,488 [INFO] Rule:224 - rule Rename DIE462/DIE415 pin PB4 -> PB4 (NJTRST) is applicable
2026-02-05 09:18:26,488 [INFO] Rule:224 - rule Rename DIE462 pin PH3/BOOT0 -> PH3-BOOT0 (BOOT0) is applicable
2026-02-05 09:18:26,488 [INFO] Rule:224 - rule Rename CRYP DataEncryptionTypesList to Algorithm is applicable
2026-02-05 09:18:26,489 [INFO] Rule:224 - rule Rename AES DataEncryptionTypesList to Algorithm is applicable
2026-02-05 09:18:26,489 [INFO] Rule:224 - rule Rename TDESECB to CRYP_TDES_ECB is applicable
2026-02-05 09:18:26,489 [INFO] Rule:224 - rule Rename TDESCBC to CRYP_TDES_CBC is applicable
2026-02-05 09:18:26,489 [INFO] Rule:224 - rule Rename DESECB to CRYP_DES_ECB is applicable
2026-02-05 09:18:26,489 [INFO] Rule:224 - rule Rename DESCBC to CRYP_DES_CBC is applicable
2026-02-05 09:18:26,489 [INFO] Rule:224 - rule Rename AESECB to CRYP_AES_ECB is applicable
2026-02-05 09:18:26,489 [INFO] Rule:224 - rule Rename AESCBC to CRYP_AES_CBC is applicable
2026-02-05 09:18:26,489 [INFO] Rule:224 - rule Rename AESCTR to CRYP_AES_CTR is applicable
2026-02-05 09:18:26,489 [INFO] Rule:224 - rule Rename AESGCM to CRYP_AES_GCM is applicable
2026-02-05 09:18:26,489 [INFO] Rule:224 - rule Rename AESCCM to CRYP_AES_CCM is applicable
2026-02-05 09:18:26,489 [INFO] Rule:224 - rule Rename CAN TimeSeg1 to BS1 is applicable
2026-02-05 09:18:26,489 [INFO] Rule:224 - rule Rename CAN TimeSeg2 to BS2 is applicable
2026-02-05 09:18:26,489 [INFO] Rule:224 - rule Rename CAN SyncJumpWidth to SJW is applicable
2026-02-05 09:18:26,489 [INFO] Rule:224 - rule TimeTriggeredMode to TTCM is applicable
2026-02-05 09:18:26,489 [INFO] Rule:224 - rule Rename CAN AutoBusOff to ABOM is applicable
2026-02-05 09:18:26,489 [INFO] Rule:224 - rule Rename CAN AutoWakeUp to AWUM is applicable
2026-02-05 09:18:26,489 [INFO] Rule:224 - rule Rename CAN AutoRetransmission to NART is applicable
2026-02-05 09:18:26,489 [INFO] Rule:224 - rule Rename CAN ReceiveFifoLocked to RFLM is applicable
2026-02-05 09:18:26,489 [INFO] Rule:224 - rule Rename CAN TransmitFifoPriority to TXFP is applicable
2026-02-05 09:18:26,489 [INFO] Rule:224 - rule Rename HRTIMER HRTIM_OUTPUTFAULTLEVEL_HIGH in HRTIMER HRTIM_OUTPUTFAULTLEVEL_HIGHZ is applicable
2026-02-05 09:18:26,490 [INFO] Rule:224 - rule Rename TIMER TIM_CLEARINPUTSOURCE_OCREFCLR in  TIMER TIM_CLEARINPUTSOURCE_NONE for F7 family is applicable
2026-02-05 09:18:26,490 [INFO] Rule:224 - rule FDCAN_R1 - Rename FDCAN mode Master into Classic is applicable
2026-02-05 09:18:26,490 [INFO] Rule:224 - rule FDCAN_R2 - Rename FDCAN mode Slave into Classic is applicable
2026-02-05 09:18:26,490 [INFO] Rule:224 - rule FDCAN1_R3 - if PA10.Mode=FullDuplex, add Pin PA12 is applicable
2026-02-05 09:18:26,490 [INFO] Rule:224 - rule FDCAN1_R3 - if PA9.Mode=FullDuplex, add Pin PA11 is applicable
2026-02-05 09:18:26,490 [INFO] Rule:224 - rule FDCAN1_R3 - Alternatepin_1 - if PE1.Mode=FullDuplex, add Pin PB9 is applicable
2026-02-05 09:18:26,490 [INFO] Rule:224 - rule FDCAN1_R3 - Alternatepin_1 - if PE0.Mode=FullDuplex, add Pin PB8 is applicable
2026-02-05 09:18:26,490 [INFO] Rule:224 - rule FDCAN1_R3 - Alternatepin_2 - if PD5.Mode=FullDuplex, add Pin PD1 is applicable
2026-02-05 09:18:26,490 [INFO] Rule:224 - rule FDCAN1_R3 - Alternatepin_2 - if PD4.Mode=FullDuplex, add Pin PD0 is applicable
2026-02-05 09:18:26,490 [INFO] Rule:224 - rule FDCAN1_R4 - Rename Mode FullDuplex into Enable FDCAN_TXFD for pin PA10 is applicable
2026-02-05 09:18:26,490 [INFO] Rule:224 - rule FDCAN1_R4 - Rename Mode FullDuplex into Enable FDCAN_TXFD for pin PA9 is applicable
2026-02-05 09:18:26,490 [INFO] Rule:224 - rule FDCAN1_R4 - Alternatepin_1 - Rename Mode FullDuplex into Enable FDCAN_TXFD for pin PE1 is applicable
2026-02-05 09:18:26,490 [INFO] Rule:224 - rule FDCAN1_R4 - Alternatepin_1 - Rename Mode FullDuplex into Enable FDCAN_TXFD for pin PE0 is applicable
2026-02-05 09:18:26,490 [INFO] Rule:224 - rule FDCAN1_R4 - Alternatepin_2 - Rename Mode FullDuplex into Enable FDCAN_TXFD for pin PD5 is applicable
2026-02-05 09:18:26,490 [INFO] Rule:224 - rule FDCAN1_R4 - Alternatepin_2 - Rename Mode FullDuplex into Enable FDCAN_TXFD for pin PD4 is applicable
2026-02-05 09:18:26,490 [INFO] Rule:224 - rule FDCAN2_R3 - if PD10.Mode=FullDuplex, add Pin PB13 is applicable
2026-02-05 09:18:26,490 [INFO] Rule:224 - rule FDCAN2_R3 - if PD9.Mode=FullDuplex, add Pin PB12 is applicable
2026-02-05 09:18:26,490 [INFO] Rule:224 - rule FDCAN2_R3 - Alternatepin_1 - if PB7.Mode=FullDuplex, add Pin PB6 is applicable
2026-02-05 09:18:26,490 [INFO] Rule:224 - rule FDCAN2_R3 - Alternatepin_1 - if PD9.Mode=FullDuplex, add Pin PB12 is applicable
2026-02-05 09:18:26,490 [INFO] Rule:224 - rule FDCAN2_R4 - Rename Mode FullDuplex into Enable FDCAN_TXFD for pin PD10 is applicable
2026-02-05 09:18:26,491 [INFO] Rule:224 - rule FDCAN2_R4 - Rename Mode FullDuplex into Enable FDCAN_TXFD for pin PD9 is applicable
2026-02-05 09:18:26,491 [INFO] Rule:224 - rule FDCAN2_R4 - Alternatepin_1 - Rename Mode FullDuplex into Enable FDCAN_TXFD for pin PB7 is applicable
2026-02-05 09:18:26,491 [INFO] Rule:224 - rule FDCAN2_R4 - Alternatepin_1 - Rename Mode FullDuplex into Enable FDCAN_TXFD for pin PD6 is applicable
2026-02-05 09:18:26,491 [INFO] Rule:224 - rule USART TxPinLevelInvertParam Mode is applicable
2026-02-05 09:18:26,491 [INFO] Rule:224 - rule USART RxPinLevelInvertParam Mode is applicable
2026-02-05 09:18:26,491 [INFO] Rule:224 - rule USART DataInvertParam Mode is applicable
2026-02-05 09:18:26,491 [INFO] Rule:224 - rule USART SwapParam Mode is applicable
2026-02-05 09:18:26,491 [INFO] Rule:224 - rule USART OverrunDisableParam Mode is applicable
2026-02-05 09:18:26,491 [INFO] Rule:224 - rule USART DMADisableonRxErrorParam Mode is applicable
2026-02-05 09:18:26,491 [INFO] Rule:224 - rule USART MSBFirstParam Mode is applicable
2026-02-05 09:18:26,491 [INFO] Rule:224 - rule Update MwName for USB_DEVICE is applicable
2026-02-05 09:18:26,491 [INFO] Rule:224 - rule Change PWR_Regulator_Voltage_Scale Default Value for RCC  H7 family is applicable
2026-02-05 09:18:26,491 [INFO] Rule:224 - rule UART/USART IPParameter rename Prescaler parameter to ClockPrescaler is applicable
2026-02-05 09:18:26,491 [INFO] Rule:224 - rule UART/USART Prescaler rename Prescaler parameter to ClockPrescaler is applicable
2026-02-05 09:18:26,491 [INFO] Rule:224 - rule TIM1CLockSelection is applicable
2026-02-05 09:18:26,491 [INFO] Rule:224 - rule TIM15CLockSelection is applicable
2026-02-05 09:18:26,491 [INFO] Rule:224 - rule align RCC SDMMC3CLockSelection default value on MP1 is applicable
2026-02-05 09:18:26,491 [INFO] Rule:224 - rule align RCC SDMMC12CLockSelection default value on MP1 is applicable
2026-02-05 09:18:26,493 [INFO] Rule:224 - rule align RCC QSPICLockSelection default value on MP1 is applicable
2026-02-05 09:18:26,498 [INFO] Rule:224 - rule align RCC QSPICLockSelection default value on MP1 is applicable
2026-02-05 09:18:26,499 [INFO] Rule:224 - rule align RCC SPI6CLockSelection default value on MP1 is applicable
2026-02-05 09:18:26,499 [INFO] Rule:224 - rule align RCC LPTIM23CLockSelection default value on MP1 is applicable
2026-02-05 09:18:26,499 [INFO] Rule:224 - rule align RCC LPTIM1CLockSelection default value on MP1 is applicable
2026-02-05 09:18:26,499 [INFO] Rule:224 - rule align RCC USART1CLockSelection default value on MP1 is applicable
2026-02-05 09:18:26,499 [INFO] Rule:224 - rule align RCC USART24CLockSelection default value on MP1 is applicable
2026-02-05 09:18:26,499 [INFO] Rule:224 - rule align RCC USART6CLockSelection default value on MP1 is applicable
2026-02-05 09:18:26,499 [INFO] Rule:224 - rule align RCC UART78CLockSelection default value on MP1 is applicable
2026-02-05 09:18:26,499 [INFO] Rule:224 - rule align RCC USART35CLockSelection default value on MP1 is applicable
2026-02-05 09:18:26,499 [INFO] Rule:224 - rule align RCC SPI45CLockSelection default value on MP1 is applicable
2026-02-05 09:18:26,499 [INFO] Rule:224 - rule align RCC I2C46CLockSelection BCLK value on MP1 is applicable
2026-02-05 09:18:26,499 [INFO] Rule:224 - rule align RCC SPI45CLockSelection default value on MP1 is applicable
2026-02-05 09:18:26,499 [INFO] Rule:224 - rule align RCC I2C12CLockSelection default value on MP1 is applicable
2026-02-05 09:18:26,499 [INFO] Rule:224 - rule align RCC I2C35CLockSelection default value on MP1 is applicable
2026-02-05 09:18:26,499 [INFO] Rule:224 - rule align RCC LPTIM45CLockSelection default value on MP1 is applicable
2026-02-05 09:18:26,499 [INFO] Rule:224 - rule Rename DCMI PIXCK signal is applicable
2026-02-05 09:18:26,499 [INFO] Rule:224 - rule Change Default Value for I2C46CLockSelection MP1 family is applicable
2026-02-05 09:18:26,499 [INFO] Rule:224 - rule Change Default Value for UART for G4, G0 and WB families is applicable
2026-02-05 09:18:26,499 [INFO] Rule:224 - rule Change Default Value for USART for G4, G0 and WB families is applicable
2026-02-05 09:18:26,499 [INFO] Rule:224 - rule Change Default Value for USART for G4 family is applicable
2026-02-05 09:18:26,499 [INFO] Rule:224 - rule Change USART1CLockSelection refparam name for MP1 is applicable
2026-02-05 09:18:26,499 [INFO] Rule:224 - rule Change USART2CLockSelection refparam name for MP1 is applicable
2026-02-05 09:18:26,500 [INFO] Rule:224 - rule Change USART3CLockSelection refparam name for MP1 is applicable
2026-02-05 09:18:26,500 [INFO] Rule:224 - rule Change UART4CLockSelection refparam name for MP1 is applicable
2026-02-05 09:18:26,500 [INFO] Rule:224 - rule Change UART5CLockSelection refparam name for MP1 is applicable
2026-02-05 09:18:26,500 [INFO] Rule:224 - rule Change LPUART1CLockSelection refparam name for MP1 is applicable
2026-02-05 09:18:26,500 [INFO] Rule:224 - rule Change LPTIM1CLockSelection refparam name for MP1 is applicable
2026-02-05 09:18:26,500 [INFO] Rule:224 - rule Change LPTIM2CLockSelection refparam name for MP1 is applicable
2026-02-05 09:18:26,500 [INFO] Rule:224 - rule Change RCC_MCO1Source refparam name for MP1 is applicable
2026-02-05 09:18:26,500 [INFO] Rule:224 - rule Change LSCOSource1 refparam name for MP1 is applicable
2026-02-05 09:18:26,500 [INFO] Rule:224 - rule Change SMPSCLockSelection refparam name for MP1 is applicable
2026-02-05 09:18:26,500 [INFO] Rule:224 - rule Change LPTIM3CLockSelection refparam name for MP1 is applicable
2026-02-05 09:18:26,500 [INFO] Rule:224 - rule Change MPCBB* Default Template Mode to Parameters is applicable
2026-02-05 09:18:26,500 [INFO] Rule:224 - rule Change MPCWM* or MPCBB* Secure Mode to Parameters is applicable
2026-02-05 09:18:26,501 [INFO] Rule:224 - rule Change MPCWM* or MPCBB* No Secure Mode to Parameters is applicable
2026-02-05 09:18:26,501 [INFO] Rule:224 - rule Change TZSC IP Secure Mode to Parameters is applicable
2026-02-05 09:18:26,501 [INFO] Rule:224 - rule Change TZSC IP No Secure Mode to Parameters is applicable
2026-02-05 09:18:26,501 [INFO] Rule:224 - rule Change TZSC IP Privilege Mode to Parameters is applicable
2026-02-05 09:18:26,501 [INFO] Rule:224 - rule Change TZSC IP No Privilege Mode to Parameters is applicable
2026-02-05 09:18:26,501 [INFO] Rule:224 - rule Change TZIC IT Secure Mode to Parameters is applicable
2026-02-05 09:18:26,501 [INFO] Rule:224 - rule Change TZIC IT No Secure Mode to Parameters is applicable
2026-02-05 09:18:26,501 [INFO] Rule:224 - rule Add MPCBB1_NonSecureArea_Start_Address value with referenced to MPCBB1_NonSecureArea_Start value is applicable
2026-02-05 09:18:26,501 [INFO] Rule:224 - rule Add MPCBB2_NonSecureArea_Start_Address value with referenced to MPCBB2_NonSecureArea_Start value is applicable
2026-02-05 09:18:26,501 [INFO] Rule:224 - rule Add MPCWM1_NonSecureArea*_Start_Address value with referenced to MPCWM1_NonSecureArea*_Start value is applicable
2026-02-05 09:18:26,501 [INFO] Rule:224 - rule Add MPCWM2_NonSecureArea*_Start_Address value with referenced to MPCWM2_NonSecureArea*_Start value is applicable
2026-02-05 09:18:26,501 [INFO] Rule:224 - rule Add MPCWM3_NonSecureArea_Start_Address value with referenced to MPCWM3_NonSecureArea_Start value is applicable
2026-02-05 09:18:26,501 [INFO] Rule:224 - rule Change Default Value for PLL1UserDefinedConfig is applicable
2026-02-05 09:18:26,501 [INFO] Rule:224 - rule Change GPIO_PuPd Default Value for USART in async mode is applicable
2026-02-05 09:18:26,501 [INFO] Rule:224 - rule Change SMPSDivider Default Value is applicable
2026-02-05 09:18:26,501 [INFO] Rule:224 - rule OPAMP is applicable
2026-02-05 09:18:26,501 [INFO] Rule:224 - rule LPUART IPParameter rename Prescaler parameter to ClockPrescaler for STM32H7 is applicable
2026-02-05 09:18:26,501 [INFO] Rule:224 - rule LPUART IPParameter rename Prescaler parameter to ClockPrescaler for STM32H7 is applicable
2026-02-05 09:18:26,501 [INFO] Rule:224 - rule LPUART IPParameter rename Prescaler parameter to ClockPrescaler for STM32WB is applicable
2026-02-05 09:18:26,501 [INFO] Rule:224 - rule LPUART IPParameter rename Prescaler parameter to ClockPrescaler for STM32WB is applicable
2026-02-05 09:18:26,501 [INFO] Rule:224 - rule LPUART IPParameter rename Prescaler parameter to ClockPrescaler for STM32G4 is applicable
2026-02-05 09:18:26,501 [INFO] Rule:224 - rule LPUART IPParameter rename Prescaler parameter to ClockPrescaler for STM32G4 is applicable
2026-02-05 09:18:26,501 [INFO] Rule:224 - rule LPUART IPParameter rename Prescaler parameter to ClockPrescaler for STM32L5 is applicable
2026-02-05 09:18:26,501 [INFO] Rule:224 - rule LPUART IPParameter rename Prescaler parameter to ClockPrescaler for STM32L5 is applicable
2026-02-05 09:18:26,501 [INFO] Rule:224 - rule LPUART IPParameter rename Prescaler parameter to ClockPrescaler for STM32G4 is applicable
2026-02-05 09:18:26,502 [INFO] Rule:224 - rule LPUART IPParameter rename Prescaler parameter to ClockPrescaler for STM32G4 is applicable
2026-02-05 09:18:26,502 [INFO] Rule:224 - rule USB device lib V2.5.3 for L0 rename USBD_SUPPORT_USER_STRING parameter to USBD_SUPPORT_USER_STRING_DESC4 is applicable
2026-02-05 09:18:26,502 [INFO] Rule:224 - rule I2SCLockSelection clock entry align is applicable
2026-02-05 09:18:26,502 [INFO] Rule:224 - rule Assign TIMx context if used as SYS timebase is applicable
2026-02-05 09:18:26,502 [INFO] Rule:224 - rule Change GPIO_Pu Default Value for I2C is applicable
2026-02-05 09:18:26,502 [INFO] Rule:224 - rule Change GPIO_Pu Default Value for SMBus is applicable
2026-02-05 09:18:26,502 [INFO] Rule:224 - rule change FDCAN default value is applicable
2026-02-05 09:18:26,502 [INFO] Rule:224 - rule Change mode sai is applicable
2026-02-05 09:18:26,502 [INFO] Rule:224 - rule **Change sai mode is applicable
2026-02-05 09:18:26,502 [INFO] Rule:224 - rule Rename STM32WPAN CFG_BLE_IRK to CFG_BLE_IR is applicable
2026-02-05 09:18:26,502 [INFO] Rule:224 - rule Rename STM32WPAN CFG_BLE_ERK to CFG_BLE_ER is applicable
2026-02-05 09:18:26,502 [INFO] Rule:224 - rule Rename STM32WPAN CFG_BLE_IRK_HEX to CFG_BLE_IR_HEX is applicable
2026-02-05 09:18:26,502 [INFO] Rule:224 - rule Rename STM32WPAN CFG_BLE_ERK_HEX to CFG_BLE_ER_HEX is applicable
2026-02-05 09:18:26,502 [INFO] Rule:224 - rule Adapt Old IOC before rework replace old CORTEX_M33/CORTEX_M55 attributes by the new one. is applicable
2026-02-05 09:18:26,502 [INFO] Rule:224 - rule Rename parametre of RCC RCC_APBDBG_DIV2 to RCC_TIMPRES_DIV2 is applicable
2026-02-05 09:18:26,502 [INFO] Rule:224 - rule Rename DIE493 pin PA10 [PA12] -> PA10 is applicable
2026-02-05 09:18:26,502 [INFO] Rule:224 - rule Rename DIE493 pin PA9 [PA11] -> PA9 is applicable
2026-02-05 09:18:26,552 [INFO] DbConfProperties:307 - Apply Compatibility (49/266 Rules)
2026-02-05 09:18:26,575 [INFO] ImportTextPane:218 - (OptionalMessage_ERROR) Unable to find key (Mcu.ThirdPartyNb) in loaded IOC file
2026-02-05 09:18:26,587 [INFO] ImportTextPane:218 - (OptionalMessage_ERROR) Pin12 (VP_RIF_VS_RIF1) cannot be retrieved for this MCU
2026-02-05 09:18:26,956 [INFO] RtosManager:558 - Registered RTOS mode: class=CMSIS, group=RTOS, mode=CMSIS_V1, owner=FREERTOS
2026-02-05 09:18:26,956 [INFO] RtosManager:558 - Registered RTOS mode: class=CMSIS, group=RTOS2, mode=CMSIS_V2, owner=FREERTOS
2026-02-05 09:18:26,956 [INFO] RtosManager:558 - Registered RTOS mode: class=RTOS, group=Core, mode=CMSIS_V1, owner=FREERTOS
2026-02-05 09:18:26,956 [INFO] RtosManager:558 - Registered RTOS mode: class=RTOS, group=Core, mode=CMSIS_V2, owner=FREERTOS
2026-02-05 09:18:26,957 [WARN] ModelIntegratedComponent:184 - Missing modes for component STMicroelectronics:FreeRTOS:0.0.1:STMicroelectronics:RTOS:FreeRTOS:Core:::10.2.0:
2026-02-05 09:18:26,968 [WARN] ModelIntegratedComponent:63 - No mode defined for component null
2026-02-05 09:18:26,969 [WARN] ModelIntegratedComponent:63 - No mode defined for component null
2026-02-05 09:18:26,969 [WARN] ModelIntegratedComponent:63 - No mode defined for component null
2026-02-05 09:18:26,969 [WARN] ModelIntegratedComponent:63 - No mode defined for component null
2026-02-05 09:18:26,969 [WARN] ModelIntegratedComponent:63 - No mode defined for component null
2026-02-05 09:18:26,969 [WARN] ModelIntegratedComponent:63 - No mode defined for component null
2026-02-05 09:18:26,969 [WARN] ModelIntegratedComponent:63 - No mode defined for component null
2026-02-05 09:18:26,969 [WARN] ModelIntegratedComponent:63 - No mode defined for component null
2026-02-05 09:18:26,969 [WARN] ModelIntegratedComponent:63 - No mode defined for component null
2026-02-05 09:18:26,969 [WARN] ModelIntegratedComponent:63 - No mode defined for component null
2026-02-05 09:18:26,969 [WARN] ModelIntegratedComponent:63 - No mode defined for component null
2026-02-05 09:18:26,969 [WARN] ModelIntegratedComponent:63 - No mode defined for component null
2026-02-05 09:18:26,969 [WARN] ModelIntegratedComponent:63 - No mode defined for component null
2026-02-05 09:18:26,969 [WARN] ModelIntegratedComponent:63 - No mode defined for component null
2026-02-05 09:18:26,969 [WARN] ModelIntegratedComponent:63 - No mode defined for component null
2026-02-05 09:18:26,969 [WARN] ModelIntegratedComponent:63 - No mode defined for component null
2026-02-05 09:18:26,969 [WARN] ModelIntegratedComponent:63 - No mode defined for component null
2026-02-05 09:18:26,969 [WARN] ModelIntegratedComponent:63 - No mode defined for component null
2026-02-05 09:18:26,969 [WARN] ModelIntegratedComponent:63 - No mode defined for component null
2026-02-05 09:18:26,969 [WARN] ModelIntegratedComponent:63 - No mode defined for component null
2026-02-05 09:18:26,969 [WARN] ModelIntegratedComponent:63 - No mode defined for component null
2026-02-05 09:18:26,970 [WARN] ModelIntegratedComponent:63 - No mode defined for component null
2026-02-05 09:18:26,970 [WARN] ModelIntegratedComponent:63 - No mode defined for component null
2026-02-05 09:18:26,970 [WARN] ModelIntegratedComponent:63 - No mode defined for component null
2026-02-05 09:18:26,970 [WARN] ModelIntegratedComponent:63 - No mode defined for component null
2026-02-05 09:18:26,970 [WARN] ModelIntegratedComponent:63 - No mode defined for component null
2026-02-05 09:18:26,970 [WARN] ModelIntegratedComponent:63 - No mode defined for component null
2026-02-05 09:18:26,970 [WARN] ModelIntegratedComponent:63 - No mode defined for component null
2026-02-05 09:18:26,970 [WARN] ModelIntegratedComponent:63 - No mode defined for component null
2026-02-05 09:18:26,970 [WARN] ModelIntegratedComponent:63 - No mode defined for component null
2026-02-05 09:18:26,970 [WARN] ModelIntegratedComponent:63 - No mode defined for component null
2026-02-05 09:18:26,970 [WARN] ModelIntegratedComponent:63 - No mode defined for component null
2026-02-05 09:18:26,970 [WARN] ModelIntegratedComponent:63 - No mode defined for component null
2026-02-05 09:18:26,970 [WARN] ModelIntegratedComponent:63 - No mode defined for component null
2026-02-05 09:18:26,970 [WARN] ModelIntegratedComponent:63 - No mode defined for component null
2026-02-05 09:18:26,970 [WARN] ModelPack:524 - Component already loaded: STMicroelectronics:HAL Drivers:0.0.0:STMicroelectronics:Device:STMicro_Driver:XSPI:HAL::0.0.1:HAL_XSPI
2026-02-05 09:18:27,909 [INFO] ThirdPartyModel:298 - Start build external matchings
2026-02-05 09:18:36,402 [INFO] ThirdPartyModel:316 - End build external matchings
2026-02-05 09:18:36,578 [INFO] ImportTextPane:218 - (OptionalMessage_ERROR) IP (RCC) : Invalid parameter (FamilyName)
2026-02-05 09:18:36,580 [INFO] ImportTextPane:218 - (OptionalMessage_ERROR) IP (RCC) : Parameter (RNGFreq_Value) has invalid value (64000000)
2026-02-05 09:18:36,580 [INFO] ImportTextPane:218 - (OptionalMessage_ERROR) IP (RCC) : Parameter (SDMMCFreq_Value) has invalid value (64000000)
2026-02-05 09:18:36,580 [INFO] ImportTextPane:218 - (OptionalMessage_ERROR) IP (RCC) : Parameter (USBFreq_Value) has invalid value (64000000)
2026-02-05 09:18:37,149 [INFO] UtilMem:75 - End LoadConfig() Used Memory: 993487200 Bytes (1073741824)
2026-02-05 09:18:37,361 [WARN] ThirdParty:833 - waiting for thirdparty lock release [change project]
2026-02-05 09:18:37,362 [INFO] ThirdParty:835 - entering critical section [change project]
2026-02-05 09:18:37,362 [INFO] ThirdParty:1030 - CMSIS Pack Vendor :STMicroelectronics X-CUBE-PM33A1 1.0.0
2026-02-05 09:18:37,362 [INFO] ThirdParty:1030 - CMSIS Pack Vendor :STMicroelectronics USBPD 4.1
2026-02-05 09:18:37,362 [INFO] ThirdParty:1030 - CMSIS Pack Vendor :STMicroelectronics X-CUBE-GNSS1 6.0.0
2026-02-05 09:18:37,362 [INFO] ThirdParty:1030 - CMSIS Pack Vendor :STMicroelectronics USB_HOST 2.0.0
2026-02-05 09:18:37,362 [INFO] ThirdParty:1030 - CMSIS Pack Vendor :STMicroelectronics FP-SNS-MOTENVWB1 1.4.0
2026-02-05 09:18:37,362 [INFO] ThirdParty:1030 - CMSIS Pack Vendor :STMicroelectronics X-CUBE-AZRTOS-F4 1.1.0
2026-02-05 09:18:37,362 [INFO] ThirdParty:1030 - CMSIS Pack Vendor :STMicroelectronics LIBJPEG 8.0.0
2026-02-05 09:18:37,362 [INFO] ThirdParty:1030 - CMSIS Pack Vendor :STMicroelectronics FP-ATR-ASTRA1 2.0.2
2026-02-05 09:18:37,362 [INFO] ThirdParty:1030 - CMSIS Pack Vendor :STMicroelectronics FP-ATR-ASTRA1 2.0.1
2026-02-05 09:18:37,362 [INFO] ThirdParty:1030 - CMSIS Pack Vendor :STMicroelectronics X-CUBE-SMBUS 2.1.0
2026-02-05 09:18:37,362 [INFO] ThirdParty:1030 - CMSIS Pack Vendor :STMicroelectronics X-CUBE-WB05N 1.1.0
2026-02-05 09:18:37,362 [INFO] ThirdParty:1030 - CMSIS Pack Vendor :STMicroelectronics X-CUBE-ISPU 2.1.0
2026-02-05 09:18:37,362 [INFO] ThirdParty:1030 - CMSIS Pack Vendor :STMicroelectronics X-CUBE-TOUCHGFX 4.23.1
2026-02-05 09:18:37,362 [INFO] ThirdParty:1030 - CMSIS Pack Vendor :STMicroelectronics X-CUBE-TOUCHGFX 4.23.0
2026-02-05 09:18:37,362 [INFO] ThirdParty:1030 - CMSIS Pack Vendor :STMicroelectronics X-CUBE-MEMS1 9.2.0
2026-02-05 09:18:37,362 [INFO] ThirdParty:1030 - CMSIS Pack Vendor :STMicroelectronics X-CUBE-NFC12 1.0.0
2026-02-05 09:18:37,362 [INFO] ThirdParty:1030 - CMSIS Pack Vendor :STMicroelectronics X-CUBE-AZRTOS-F7 1.1.0
2026-02-05 09:18:37,363 [INFO] ThirdParty:1030 - CMSIS Pack Vendor :STMicroelectronics X-CUBE-AZRTOS-L5 2.0.0
2026-02-05 09:18:37,363 [INFO] ThirdParty:1030 - CMSIS Pack Vendor :STMicroelectronics USB_DEVICE 2.0.0
2026-02-05 09:18:37,363 [INFO] ThirdParty:1030 - CMSIS Pack Vendor :STMicroelectronics X-CUBE-NFC6 3.1.0
2026-02-05 09:18:37,363 [INFO] ThirdParty:1030 - CMSIS Pack Vendor :ITTIA_DB I-CUBE-ITTIADB 8.8.0
2026-02-05 09:18:37,363 [INFO] ThirdParty:1030 - CMSIS Pack Vendor :STMicroelectronics X-CUBE-AI 7.1.0
2026-02-05 09:18:37,363 [INFO] ThirdParty:1030 - CMSIS Pack Vendor :STMicroelectronics X-CUBE-TOUCHGFX 4.19.1
2026-02-05 09:18:37,363 [INFO] ThirdParty:1030 - CMSIS Pack Vendor :STMicroelectronics FP-SNS-MOTENV1 4.3.2
2026-02-05 09:18:37,363 [INFO] ThirdParty:1030 - CMSIS Pack Vendor :STMicroelectronics X-CUBE-BLE1 6.2.3
2026-02-05 09:18:37,363 [INFO] ThirdParty:1030 - CMSIS Pack Vendor :STMicroelectronics X-CUBE-BLE1 6.2.4
2026-02-05 09:18:37,363 [INFO] ThirdParty:1030 - CMSIS Pack Vendor :STMicroelectronics FreeRTOS 0.0.1
2026-02-05 09:18:37,363 [INFO] ThirdParty:1030 - CMSIS Pack Vendor :STMicroelectronics X-CUBE-BLEMGR 2.0.0
2026-02-05 09:18:37,363 [INFO] ThirdParty:1030 - CMSIS Pack Vendor :STMicroelectronics X-CUBE-DPower 1.2.0
2026-02-05 09:18:37,363 [INFO] ThirdParty:1030 - CMSIS Pack Vendor :STMicroelectronics X-CUBE-BLE1 6.2.2
2026-02-05 09:18:37,363 [INFO] ThirdParty:1030 - CMSIS Pack Vendor :STMicroelectronics FP-SNS-FLIGHT1 5.0.2
2026-02-05 09:18:37,363 [INFO] ThirdParty:1030 - CMSIS Pack Vendor :STMicroelectronics X-CUBE-BLE2 3.2.2
2026-02-05 09:18:37,363 [INFO] ThirdParty:1030 - CMSIS Pack Vendor :STMicroelectronics X-CUBE-NFC4 2.0.4
2026-02-05 09:18:37,363 [INFO] ThirdParty:1030 - CMSIS Pack Vendor :STMicroelectronics X-CUBE-NFC4 2.0.3
2026-02-05 09:18:37,363 [INFO] ThirdParty:1030 - CMSIS Pack Vendor :STMicroelectronics X-CUBE-AZRTOS-H7 3.1.0
2026-02-05 09:18:37,363 [INFO] ThirdParty:1030 - CMSIS Pack Vendor :STMicroelectronics PDM2PCM 3.3.0
2026-02-05 09:18:37,363 [INFO] ThirdParty:1030 - CMSIS Pack Vendor :STMicroelectronics X-CUBE-SFXS2LP1 3.1.0
2026-02-05 09:18:37,363 [INFO] ThirdParty:1030 - CMSIS Pack Vendor :wolfSSL I-CUBE-wolfSSL 5.1.1
2026-02-05 09:18:37,363 [INFO] ThirdParty:1030 - CMSIS Pack Vendor :STMicroelectronics X-CUBE-AZRTOS-H7 3.4.0
2026-02-05 09:18:37,363 [INFO] ThirdParty:1030 - CMSIS Pack Vendor :STMicroelectronics X-CUBE-DISPLAY 3.0.0
2026-02-05 09:18:37,363 [INFO] ThirdParty:1030 - CMSIS Pack Vendor :STMicroelectronics X-CUBE-AZRTOS-F4 1.0.0
2026-02-05 09:18:37,363 [INFO] ThirdParty:1030 - CMSIS Pack Vendor :STMicroelectronics X-CUBE-BLE1 7.0.0
2026-02-05 09:18:37,363 [INFO] ThirdParty:1030 - CMSIS Pack Vendor :STMicroelectronics X-CUBE-NFC10 1.0.0
2026-02-05 09:18:37,363 [INFO] ThirdParty:1030 - CMSIS Pack Vendor :STMicroelectronics X-CUBE-TOF1 2.0.0
2026-02-05 09:18:37,363 [INFO] ThirdParty:1030 - CMSIS Pack Vendor :STMicroelectronics X-CUBE-BLEMGR 4.0.0
2026-02-05 09:18:37,363 [INFO] ThirdParty:1030 - CMSIS Pack Vendor :STMicroelectronics HAL Drivers 0.0.0
2026-02-05 09:18:37,363 [INFO] ThirdParty:1030 - CMSIS Pack Vendor :STMicroelectronics X-CUBE-ST60 1.1.0
2026-02-05 09:18:37,364 [INFO] ThirdParty:1030 - CMSIS Pack Vendor :STMicroelectronics X-CUBE-FREERTOS 1.3.0
2026-02-05 09:18:37,364 [INFO] ThirdParty:1030 - CMSIS Pack Vendor :STMicroelectronics X-CUBE-NFC7 1.0.1
2026-02-05 09:18:37,364 [INFO] ThirdParty:1030 - CMSIS Pack Vendor :STMicroelectronics MBEDTLS 2.14.1
2026-02-05 09:18:37,364 [INFO] ThirdParty:1030 - CMSIS Pack Vendor :STMicroelectronics X-CUBE-GNSS1 7.1.0
2026-02-05 09:18:37,364 [INFO] ThirdParty:1030 - CMSIS Pack Vendor :STMicroelectronics X-CUBE-NFC7 1.0.0
2026-02-05 09:18:37,364 [INFO] ThirdParty:1030 - CMSIS Pack Vendor :STMicroelectronics X-CUBE-TOUCHGFX 4.26.0
2026-02-05 09:18:37,364 [INFO] ThirdParty:1030 - CMSIS Pack Vendor :STMicroelectronics X-CUBE-SUBG2 4.2.0
2026-02-05 09:18:37,364 [INFO] ThirdParty:1030 - CMSIS Pack Vendor :STMicroelectronics X-CUBE-NFC6 3.0.0
2026-02-05 09:18:37,364 [INFO] ThirdParty:1030 - CMSIS Pack Vendor :STMicroelectronics X-CUBE-EEPRMA1 4.1.0
2026-02-05 09:18:37,364 [INFO] ThirdParty:1030 - CMSIS Pack Vendor :STMicroelectronics X-CUBE-BLEMGR 3.1.0
2026-02-05 09:18:37,364 [INFO] ThirdParty:1030 - CMSIS Pack Vendor :STMicroelectronics X-CUBE-AI 10.0.0
2026-02-05 09:18:37,364 [INFO] ThirdParty:1030 - CMSIS Pack Vendor :STMicroelectronics FP-SNS-STAIOTCFT 1.0.0
2026-02-05 09:18:37,364 [INFO] ThirdParty:1030 - CMSIS Pack Vendor :STMicroelectronics FP-SNS-SMARTAG2 1.2.0
2026-02-05 09:18:37,364 [INFO] ThirdParty:1030 - CMSIS Pack Vendor :STMicroelectronics FP-SNS-FLIGHT1 5.1.0
2026-02-05 09:18:37,364 [INFO] ThirdParty:1030 - CMSIS Pack Vendor :STMicroelectronics X-CUBE-MEMS1 11.1.0
2026-02-05 09:18:37,364 [INFO] ThirdParty:1030 - CMSIS Pack Vendor :STMicroelectronics X-CUBE-AZRTOS-WL 2.0.0
2026-02-05 09:18:37,364 [INFO] ThirdParty:1030 - CMSIS Pack Vendor :STMicroelectronics X-CUBE-ALGOBUILD 1.2.1
2026-02-05 09:18:37,364 [INFO] ThirdParty:1030 - CMSIS Pack Vendor :STMicroelectronics X-CUBE-DPower 1.3.0
2026-02-05 09:18:37,364 [INFO] ThirdParty:1030 - CMSIS Pack Vendor :STMicroelectronics FP-SNS-MOTENV1 5.0.0
2026-02-05 09:18:37,364 [INFO] ThirdParty:1030 - CMSIS Pack Vendor :STMicroelectronics USB_DEVICE 1.0.0
2026-02-05 09:18:37,364 [INFO] ThirdParty:1030 - CMSIS Pack Vendor :STMicroelectronics X-CUBE-AZRTOS-H7RS 1.2.0
2026-02-05 09:18:37,364 [INFO] ThirdParty:1030 - CMSIS Pack Vendor :STMicroelectronics X-CUBE-AI 8.1.0
2026-02-05 09:18:37,364 [INFO] ThirdParty:1030 - CMSIS Pack Vendor :STMicroelectronics X-CUBE-AZRTOS-G0 1.0.0
2026-02-05 09:18:37,364 [INFO] ThirdParty:1030 - CMSIS Pack Vendor :wolfSSL I-CUBE-wolfMQTT 1.19.0
2026-02-05 09:18:37,364 [INFO] ThirdParty:1030 - CMSIS Pack Vendor :STMicroelectronics X-CUBE-AZRTOS-L4 2.0.0
2026-02-05 09:18:37,364 [INFO] ThirdParty:1030 - CMSIS Pack Vendor :STMicroelectronics ThreadX 0.0.2
2026-02-05 09:18:37,364 [INFO] ThirdParty:1030 - CMSIS Pack Vendor :WES I-CUBE-Cesium 1.3.0
2026-02-05 09:18:37,364 [INFO] ThirdParty:1030 - CMSIS Pack Vendor :STMicroelectronics lwIP 2.1.2
2026-02-05 09:18:37,365 [INFO] ThirdParty:1030 - CMSIS Pack Vendor :STMicroelectronics X-CUBE-SFXS2LP1 4.0.0
2026-02-05 09:18:37,365 [INFO] ThirdParty:1030 - CMSIS Pack Vendor :STMicroelectronics X-CUBE-BLE2 3.3.0
2026-02-05 09:18:37,365 [INFO] ThirdParty:1030 - CMSIS Pack Vendor :Avnet-IOTCONNECT X-CUBE-iotc-st67-sdk 1.0.0
2026-02-05 09:18:37,365 [INFO] ThirdParty:1030 - CMSIS Pack Vendor :STMicroelectronics X-CUBE-DISPLAY 2.2.0
2026-02-05 09:18:37,365 [INFO] ThirdParty:1030 - CMSIS Pack Vendor :STMicroelectronics X-CUBE-TOF1 3.2.0
2026-02-05 09:18:37,365 [INFO] ThirdParty:1030 - CMSIS Pack Vendor :STMicroelectronics PDM2PCM 3.2.0
2026-02-05 09:18:37,365 [INFO] ThirdParty:1030 - CMSIS Pack Vendor :STMicroelectronics X-CUBE-TOUCHGFX 4.18.1
2026-02-05 09:18:37,365 [INFO] ThirdParty:1030 - CMSIS Pack Vendor :STMicroelectronics X-CUBE-AZRTOS-H7 3.0.0
2026-02-05 09:18:37,365 [INFO] ThirdParty:1030 - CMSIS Pack Vendor :STMicroelectronics X-CUBE-ISPU 1.1.0
2026-02-05 09:18:37,365 [INFO] ThirdParty:1030 - CMSIS Pack Vendor :STMicroelectronics X-CUBE-AZRTOS-H7 3.3.0
2026-02-05 09:18:37,365 [INFO] ThirdParty:1030 - CMSIS Pack Vendor :RoweBots I-CUBE-UNISONRTOS 5.5.0-4
2026-02-05 09:18:37,365 [INFO] ThirdParty:1030 - CMSIS Pack Vendor :STMicroelectronics X-CUBE-NFC9 1.0.0
2026-02-05 09:18:37,365 [INFO] ThirdParty:1030 - CMSIS Pack Vendor :STMicroelectronics X-CUBE-AZRTOS-H7 2.1.0
2026-02-05 09:18:37,365 [INFO] ThirdParty:1030 - CMSIS Pack Vendor :STMicroelectronics X-CUBE-BLE1 7.1.0
2026-02-05 09:18:37,365 [INFO] ThirdParty:1030 - CMSIS Pack Vendor :STMicroelectronics USB_DEVICE 3.0.0
2026-02-05 09:18:37,365 [INFO] ThirdParty:1030 - CMSIS Pack Vendor :STMicroelectronics X-CUBE-EEPRMA1 5.2.0
2026-02-05 09:18:37,365 [INFO] ThirdParty:1030 - CMSIS Pack Vendor :STMicroelectronics X-CUBE-BLEMGR 4.1.0
2026-02-05 09:18:37,365 [INFO] ThirdParty:1030 - CMSIS Pack Vendor :STMicroelectronics X-CUBE-AI 8.0.0
2026-02-05 09:18:37,365 [INFO] ThirdParty:1030 - CMSIS Pack Vendor :STMicroelectronics X-CUBE-AZRTOS-WB 2.0.0
2026-02-05 09:18:37,365 [INFO] ThirdParty:1030 - CMSIS Pack Vendor :STMicroelectronics X-CUBE-FREERTOS 1.0.1
2026-02-05 09:18:37,365 [INFO] ThirdParty:1030 - CMSIS Pack Vendor :STMicroelectronics X-CUBE-TOUCHGFX 4.21.1
2026-02-05 09:18:37,365 [INFO] ThirdParty:1030 - CMSIS Pack Vendor :STMicroelectronics X-CUBE-GNSS1 7.0.1
2026-02-05 09:18:37,365 [INFO] ThirdParty:1030 - CMSIS Pack Vendor :STMicroelectronics X-CUBE-TOUCHGFX 4.21.3
2026-02-05 09:18:37,366 [INFO] ThirdParty:1030 - CMSIS Pack Vendor :STMicroelectronics X-CUBE-MEMS1 9.4.0
2026-02-05 09:18:37,366 [INFO] ThirdParty:1030 - CMSIS Pack Vendor :STMicroelectronics X-CUBE-AI 7.3.0
2026-02-05 09:18:37,366 [INFO] ThirdParty:1030 - CMSIS Pack Vendor :STMicroelectronics FP-SNS-STBOX1 2.0.0
2026-02-05 09:18:37,366 [INFO] ThirdParty:1030 - CMSIS Pack Vendor :STMicroelectronics X-CUBE-MEMS1 12.0.0
2026-02-05 09:18:37,366 [INFO] ThirdParty:1030 - CMSIS Pack Vendor :STMicroelectronics X-CUBE-ALGOBUILD 1.3.0
2026-02-05 09:18:37,366 [INFO] ThirdParty:1030 - CMSIS Pack Vendor :STMicroelectronics X-CUBE-STSE01 2.0.0
2026-02-05 09:18:37,366 [INFO] ThirdParty:1030 - CMSIS Pack Vendor :STMicroelectronics X-CUBE-AZRTOS-L5 1.1.0
2026-02-05 09:18:37,366 [INFO] ThirdParty:1030 - CMSIS Pack Vendor :STMicroelectronics X-CUBE-AZRTOS-G0 1.1.0
2026-02-05 09:18:37,366 [INFO] ThirdParty:1030 - CMSIS Pack Vendor :STMicroelectronics X-CUBE-SAFEA1 1.2.2
2026-02-05 09:18:37,366 [INFO] ThirdParty:1030 - CMSIS Pack Vendor :STMicroelectronics X-CUBE-NFC4 3.0.0
2026-02-05 09:18:37,366 [INFO] ThirdParty:1030 - CMSIS Pack Vendor :SEGGER I-CUBE-embOS 1.2.0
2026-02-05 09:18:37,366 [INFO] ThirdParty:1030 - CMSIS Pack Vendor :STMicroelectronics X-CUBE-SUBG2 5.0.0
2026-02-05 09:18:37,366 [INFO] ThirdParty:1030 - CMSIS Pack Vendor :STMicroelectronics STM32_WPAN 1.0.0
2026-02-05 09:18:37,366 [INFO] ThirdParty:1030 - CMSIS Pack Vendor :EmbeddedOffice I-CUBE-FS-RTOS 1.0.1
2026-02-05 09:18:37,366 [INFO] ThirdParty:1030 - CMSIS Pack Vendor :STMicroelectronics lwIP 2.0.3
2026-02-05 09:18:37,366 [INFO] ThirdParty:1030 - CMSIS Pack Vendor :Cesanta I-CUBE-Mongoose 7.13.0
2026-02-05 09:18:37,366 [INFO] ThirdParty:1030 - CMSIS Pack Vendor :STMicroelectronics USB_HOST 1.0.0
2026-02-05 09:18:37,366 [INFO] ThirdParty:1030 - CMSIS Pack Vendor :STMicroelectronics X-CUBE-DISPLAY 2.1.0
2026-02-05 09:18:37,366 [INFO] ThirdParty:1030 - CMSIS Pack Vendor :STMicroelectronics X-CUBE-AZRTOS-G4 2.0.0
2026-02-05 09:18:37,366 [INFO] ThirdParty:1030 - CMSIS Pack Vendor :STMicroelectronics X-CUBE-WB05N 2.0.0
2026-02-05 09:18:37,366 [INFO] ThirdParty:1030 - CMSIS Pack Vendor :STMicroelectronics PDM2PCM 3.1.0
2026-02-05 09:18:37,366 [INFO] ThirdParty:1030 - CMSIS Pack Vendor :STMicroelectronics X-CUBE-TOF1 3.3.0
2026-02-05 09:18:37,366 [INFO] ThirdParty:1030 - CMSIS Pack Vendor :STMicroelectronics FP-ATR-ASTRA1 1.1.1
2026-02-05 09:18:37,366 [INFO] ThirdParty:1030 - CMSIS Pack Vendor :Infineon AIROC-Wi-Fi-Bluetooth-STM32 1.5.1
2026-02-05 09:18:37,366 [INFO] ThirdParty:1030 - CMSIS Pack Vendor :STMicroelectronics X-CUBE-BLEMGR 3.0.0
2026-02-05 09:18:37,366 [INFO] ThirdParty:1030 - CMSIS Pack Vendor :STMicroelectronics X-CUBE-BLEMGR 1.3.0
2026-02-05 09:18:37,366 [INFO] ThirdParty:1030 - CMSIS Pack Vendor :STMicroelectronics X-CUBE-NFC7 2.0.0
2026-02-05 09:18:37,366 [INFO] ThirdParty:1030 - CMSIS Pack Vendor :STMicroelectronics X-CUBE-TCPP 4.2.0
2026-02-05 09:18:37,366 [INFO] ThirdParty:1030 - CMSIS Pack Vendor :RealThread X-CUBE-RT-Thread_Nano 4.1.1
2026-02-05 09:18:37,367 [INFO] ThirdParty:1030 - CMSIS Pack Vendor :STMicroelectronics X-CUBE-AZRTOS-H7 2.0.0
2026-02-05 09:18:37,367 [INFO] ThirdParty:1030 - CMSIS Pack Vendor :STMicroelectronics FP-SNS-MOTENVWB1 1.3.1
2026-02-05 09:18:37,367 [INFO] ThirdParty:1030 - CMSIS Pack Vendor :STMicroelectronics FP-ATR-SIGFOX1 3.2.0
2026-02-05 09:18:37,367 [INFO] ThirdParty:1030 - CMSIS Pack Vendor :STMicroelectronics X-CUBE-AZRTOS-G4 1.0.0
2026-02-05 09:18:37,367 [INFO] ThirdParty:1030 - CMSIS Pack Vendor :STMicroelectronics X-CUBE-AZRTOS-L4 1.0.0
2026-02-05 09:18:37,367 [INFO] ThirdParty:1030 - CMSIS Pack Vendor :quantropi X-CUBE-qispace-sdk-base 1.9.3
2026-02-05 09:18:37,367 [INFO] ThirdParty:1030 - CMSIS Pack Vendor :STMicroelectronics X-CUBE-ISPU 2.0.0
2026-02-05 09:18:37,367 [INFO] ThirdParty:1030 - CMSIS Pack Vendor :STMicroelectronics X-CUBE-EEPRMA1 5.1.0
2026-02-05 09:18:37,367 [INFO] ThirdParty:1030 - CMSIS Pack Vendor :STMicroelectronics MBEDTLS 2.16.2
2026-02-05 09:18:37,367 [INFO] ThirdParty:1030 - CMSIS Pack Vendor :STMicroelectronics X-CUBE-IPS 3.1.0
2026-02-05 09:18:37,367 [INFO] ThirdParty:1030 - CMSIS Pack Vendor :STMicroelectronics X-CUBE-ALS 1.0.2
2026-02-05 09:18:37,367 [INFO] ThirdParty:1030 - CMSIS Pack Vendor :emotas I-CUBE-CANOPEN 1.1.2
2026-02-05 09:18:37,367 [INFO] ThirdParty:1030 - CMSIS Pack Vendor :STMicroelectronics X-CUBE-MEMS1 10.0.0
2026-02-05 09:18:37,367 [INFO] ThirdParty:1030 - CMSIS Pack Vendor :STMicroelectronics X-CUBE-FREERTOS 1.1.0
2026-02-05 09:18:37,367 [INFO] ThirdParty:1030 - CMSIS Pack Vendor :STMicroelectronics X-CUBE-AZRTOS-F7 1.0.0
2026-02-05 09:18:37,367 [INFO] ThirdParty:1030 - CMSIS Pack Vendor :STMicroelectronics X-CUBE-TOUCHGFX 4.24.2
2026-02-05 09:18:37,367 [INFO] ThirdParty:1030 - CMSIS Pack Vendor :STMicroelectronics X-CUBE-AZRTOS-WL 1.0.0
2026-02-05 09:18:37,367 [INFO] ThirdParty:1030 - CMSIS Pack Vendor :STMicroelectronics X-CUBE-MEMS1 9.1.0
2026-02-05 09:18:37,367 [INFO] ThirdParty:1030 - CMSIS Pack Vendor :wolfSSL I-CUBE-wolfTPM 3.4.0
2026-02-05 09:18:37,367 [INFO] ThirdParty:1030 - CMSIS Pack Vendor :portGmbH I-Cube-SoM-uGOAL 1.1.0
2026-02-05 09:18:37,367 [INFO] ThirdParty:1030 - CMSIS Pack Vendor :STMicroelectronics X-CUBE-ALS 1.0.1
2026-02-05 09:18:37,367 [INFO] ThirdParty:1030 - CMSIS Pack Vendor :STMicroelectronics X-CUBE-NFC6 3.2.0
2026-02-05 09:18:37,367 [INFO] ThirdParty:1030 - CMSIS Pack Vendor :STMicroelectronics X-CUBE-MEMS1 9.5.0
2026-02-05 09:18:37,367 [INFO] ThirdParty:1030 - CMSIS Pack Vendor :STMicroelectronics X-CUBE-AI 10.2.0
2026-02-05 09:18:37,367 [INFO] ThirdParty:1030 - CMSIS Pack Vendor :STMicroelectronics ThreadX 1.0.0
2026-02-05 09:18:37,367 [INFO] ThirdParty:1030 - CMSIS Pack Vendor :STMicroelectronics X-CUBE-AZRTOS-WB 1.1.0
2026-02-05 09:18:37,367 [INFO] ThirdParty:1030 - CMSIS Pack Vendor :SEGGER I-CUBE-embOS 1.3.1
2026-02-05 09:18:37,367 [INFO] ThirdParty:1030 - CMSIS Pack Vendor :STMicroelectronics X-CUBE-ALGOBUILD 1.4.0
2026-02-05 09:18:37,367 [INFO] ThirdParty:1030 - CMSIS Pack Vendor :STMicroelectronics X-CUBE-AZRTOS-L5 1.0.0
2026-02-05 09:18:37,367 [INFO] ThirdParty:1030 - CMSIS Pack Vendor :STMicroelectronics X-CUBE-EEPRMA1 3.1.0
2026-02-05 09:18:37,368 [INFO] ThirdParty:1030 - CMSIS Pack Vendor :STMicroelectronics X-CUBE-EEPRMA1 3.1.1
2026-02-05 09:18:37,368 [INFO] ThirdParty:1030 - CMSIS Pack Vendor :STMicroelectronics X-CUBE-AZRTOS-H7RS 1.0.0
2026-02-05 09:18:37,368 [INFO] ThirdParty:1030 - CMSIS Pack Vendor :STMicroelectronics X-CUBE-GNSS1 5.2.0
2026-02-05 09:18:37,368 [INFO] ThirdParty:1030 - CMSIS Pack Vendor :STMicroelectronics FP-ATR-ASTRA1 2.0.0
2026-02-05 09:18:37,368 [INFO] ThirdParty:1030 - CMSIS Pack Vendor :STMicroelectronics X-CUBE-TOF1 3.4.2
2026-02-05 09:18:37,368 [INFO] ThirdParty:1030 - CMSIS Pack Vendor :STMicroelectronics X-CUBE-TOF1 3.4.3
2026-02-05 09:18:37,368 [INFO] ThirdParty:1030 - CMSIS Pack Vendor :STMicroelectronics X-CUBE-DISPLAY 2.0.1
2026-02-05 09:18:37,368 [INFO] ThirdParty:1030 - CMSIS Pack Vendor :STMicroelectronics X-CUBE-TOF1 3.4.0
2026-02-05 09:18:37,368 [INFO] ThirdParty:1030 - CMSIS Pack Vendor :STMicroelectronics X-CUBE-TOF1 3.4.1
2026-02-05 09:18:37,368 [INFO] ThirdParty:1030 - CMSIS Pack Vendor :STMicroelectronics X-CUBE-AZRTOS-H7 3.2.0
2026-02-05 09:18:37,368 [INFO] ThirdParty:1030 - CMSIS Pack Vendor :STMicroelectronics X-CUBE-TOF1 3.0.0
2026-02-05 09:18:37,368 [INFO] ThirdParty:1030 - CMSIS Pack Vendor :wolfSSL I-CUBE-wolfSSH 1.4.17
2026-02-05 09:18:37,368 [INFO] ThirdParty:841 - exiting critical section [change project]
2026-02-05 09:18:38,062 [INFO] PinOutPanel:1589 - setPackage(No Configuration,No Configuration)
2026-02-05 09:18:38,065 [INFO] PinOutPanel:1589 - setPackage(STM32L476RGTx,LQFP64)
2026-02-05 09:18:39,703 [INFO] UtilMem:75 - Before build in PCC Used Memory: 1006508912 Bytes (1073741824)
2026-02-05 09:18:40,885 [INFO] UtilMem:75 - After build in PCC Used Memory: 976148992 Bytes (1073741824)
2026-02-05 09:18:40,931 [INFO] IPUIPlugin:80 - create IPUIPlugin
2026-02-05 09:18:40,932 [INFO] IPUIPlugin:80 - create IPUIPlugin
2026-02-05 09:18:40,932 [INFO] IPUIPlugin:80 - create IPUIPlugin
2026-02-05 09:18:40,932 [INFO] IPUIPlugin:80 - create IPUIPlugin
2026-02-05 09:18:40,932 [INFO] IPUIPlugin:80 - create IPUIPlugin
2026-02-05 09:18:40,932 [INFO] IPUIPlugin:80 - create IPUIPlugin
2026-02-05 09:18:40,932 [INFO] IPUIPlugin:80 - create IPUIPlugin
2026-02-05 09:18:40,932 [INFO] IPUIPlugin:80 - create IPUIPlugin
2026-02-05 09:18:40,932 [INFO] IPUIPlugin:80 - create IPUIPlugin
2026-02-05 09:18:40,932 [INFO] IPUIPlugin:80 - create IPUIPlugin
2026-02-05 09:18:40,933 [INFO] IPUIPlugin:80 - create IPUIPlugin
2026-02-05 09:18:40,933 [INFO] IPUIPlugin:80 - create IPUIPlugin
2026-02-05 09:18:40,933 [INFO] IPUIPlugin:80 - create IPUIPlugin
2026-02-05 09:18:40,934 [INFO] IPUIPlugin:80 - create IPUIPlugin
2026-02-05 09:18:40,934 [INFO] IPUIPlugin:80 - create IPUIPlugin
2026-02-05 09:18:40,934 [INFO] IPUIPlugin:80 - create IPUIPlugin
2026-02-05 09:18:40,934 [INFO] IPUIPlugin:80 - create IPUIPlugin
2026-02-05 09:18:40,934 [INFO] IPUIPlugin:80 - create IPUIPlugin
2026-02-05 09:18:40,934 [INFO] IPUIPlugin:80 - create IPUIPlugin
2026-02-05 09:18:40,935 [INFO] IPUIPlugin:80 - create IPUIPlugin
2026-02-05 09:18:40,935 [INFO] IPUIPlugin:80 - create IPUIPlugin
2026-02-05 09:18:40,935 [INFO] IPUIPlugin:80 - create IPUIPlugin
2026-02-05 09:18:40,935 [INFO] IPUIPlugin:80 - create IPUIPlugin
2026-02-05 09:18:40,935 [INFO] IPUIPlugin:80 - create IPUIPlugin
2026-02-05 09:18:40,936 [INFO] IPUIPlugin:80 - create IPUIPlugin
2026-02-05 09:18:40,936 [INFO] IPUIPlugin:80 - create IPUIPlugin
2026-02-05 09:18:40,936 [INFO] IPUIPlugin:80 - create IPUIPlugin
2026-02-05 09:18:40,936 [INFO] IPUIPlugin:80 - create IPUIPlugin
2026-02-05 09:18:40,936 [INFO] IPUIPlugin:80 - create IPUIPlugin
2026-02-05 09:18:40,937 [INFO] IPUIPlugin:80 - create IPUIPlugin
2026-02-05 09:18:40,937 [INFO] IPUIPlugin:80 - create IPUIPlugin
2026-02-05 09:18:40,937 [INFO] IPUIPlugin:80 - create IPUIPlugin
2026-02-05 09:18:40,937 [INFO] IPUIPlugin:80 - create IPUIPlugin
2026-02-05 09:18:40,937 [INFO] IPUIPlugin:80 - create IPUIPlugin
2026-02-05 09:18:40,938 [INFO] IPUIPlugin:80 - create IPUIPlugin
2026-02-05 09:18:40,938 [INFO] IPUIPlugin:80 - create IPUIPlugin
2026-02-05 09:18:40,938 [INFO] IPUIPlugin:80 - create IPUIPlugin
2026-02-05 09:18:40,938 [INFO] IPUIPlugin:80 - create IPUIPlugin
2026-02-05 09:18:40,939 [INFO] IPUIPlugin:80 - create IPUIPlugin
2026-02-05 09:18:40,939 [INFO] IPUIPlugin:80 - create IPUIPlugin
2026-02-05 09:18:40,939 [INFO] IPUIPlugin:80 - create IPUIPlugin
2026-02-05 09:18:40,939 [INFO] IPUIPlugin:80 - create IPUIPlugin
2026-02-05 09:18:40,940 [INFO] IPUIPlugin:80 - create IPUIPlugin
2026-02-05 09:18:40,940 [INFO] IPUIPlugin:80 - create IPUIPlugin
2026-02-05 09:18:40,940 [INFO] IPUIPlugin:80 - create IPUIPlugin
2026-02-05 09:18:40,940 [INFO] IPUIPlugin:80 - create IPUIPlugin
2026-02-05 09:18:40,941 [INFO] IPUIPlugin:80 - create IPUIPlugin
2026-02-05 09:18:40,941 [INFO] IPUIPlugin:80 - create IPUIPlugin
2026-02-05 09:18:40,941 [INFO] IPUIPlugin:80 - create IPUIPlugin
2026-02-05 09:18:40,941 [INFO] IPUIPlugin:80 - create IPUIPlugin
2026-02-05 09:18:40,942 [INFO] IPUIPlugin:80 - create IPUIPlugin
2026-02-05 09:18:40,942 [INFO] IPUIPlugin:80 - create IPUIPlugin
2026-02-05 09:18:40,944 [INFO] IPUIPlugin:80 - create IPUIPlugin
2026-02-05 09:18:40,945 [INFO] IPUIPlugin:80 - create IPUIPlugin
2026-02-05 09:18:40,946 [INFO] IPUIPlugin:80 - create IPUIPlugin
2026-02-05 09:18:40,946 [INFO] IPUIPlugin:80 - create IPUIPlugin
2026-02-05 09:18:40,946 [INFO] IPUIPlugin:80 - create IPUIPlugin
2026-02-05 09:18:40,947 [INFO] IPUIPlugin:80 - create IPUIPlugin
2026-02-05 09:18:40,947 [INFO] IPUIPlugin:80 - create IPUIPlugin
2026-02-05 09:18:41,219 [INFO] CADModel:165 - CPN selected for project levelSTM32L476RGT3
2026-02-05 09:18:41,219 [INFO] CADModel:114 - Register for checkConnection events
2026-02-05 09:18:41,258 [INFO] OpenFileManager:385 - Restore cursor
2026-02-05 09:18:42,335 [INFO] UtilMem:75 - End SaveConfig() Used Memory: 814686608 Bytes (1073741824)
2026-02-05 09:18:42,475 [INFO] UtilMem:75 - End SaveConfig() Used Memory: 848241040 Bytes (1073741824)
2026-02-05 09:18:43,053 [INFO] BlockDiagram:2775 - set Specific Code input for plugin: SYS
2026-02-05 09:18:43,053 [INFO] BlockDiagram:2775 - set Specific Code input for plugin: RCC
2026-02-05 09:18:43,053 [INFO] BlockDiagram:2775 - set Specific Code input for plugin: NVIC
2026-02-05 09:18:43,053 [INFO] BlockDiagram:2775 - set Specific Code input for plugin: USART
2026-02-05 09:18:43,053 [INFO] BlockDiagram:2775 - set Specific Code input for plugin: GPIO
2026-02-05 09:18:43,054 [INFO] CodeGenerator:882 - code generatio: config db path: C:\ST\STM32CubeIDE_1.17.0\STM32CubeIDE\plugins\com.st.stm32cube.common.mx_6.14.0.202502271554\\db\
2026-02-05 09:18:43,207 [INFO] CodeEngine:263 - oldGeneratedFile, C:\Users\G45\Documents\DUBOSCLARD_LOZANO\STM32-2026-G221\MXTmpFiles\license.tmp_save
2026-02-05 09:18:43,585 [INFO] CodeEngine:287 - Generated code: C:\Users\G45\Documents\DUBOSCLARD_LOZANO\STM32-2026-G221\MXTmpFiles\license.tmp
2026-02-05 09:18:43,683 [INFO] CodeEngine:263 - oldGeneratedFile, C:\Users\G45\Documents\DUBOSCLARD_LOZANO\STM32-2026-G221\MXTmpFiles\gpio.tmp_save
2026-02-05 09:18:43,868 [INFO] CodeEngine:287 - Generated code: C:\Users\G45\Documents\DUBOSCLARD_LOZANO\STM32-2026-G221\MXTmpFiles\gpio.tmp
2026-02-05 09:18:44,082 [INFO] CodeEngine:263 - oldGeneratedFile, C:\Users\G45\Documents\DUBOSCLARD_LOZANO\STM32-2026-G221\Core\Src\stm32l4xx_it.c_save
2026-02-05 09:18:44,293 [INFO] CodeEngine:287 - Generated code: C:\Users\G45\Documents\DUBOSCLARD_LOZANO\STM32-2026-G221\Core\Src\stm32l4xx_it.c
2026-02-05 09:18:44,300 [INFO] CodeEngine:263 - oldGeneratedFile, C:\Users\G45\Documents\DUBOSCLARD_LOZANO\STM32-2026-G221\Core\Inc\stm32l4xx_it.h_save
2026-02-05 09:18:44,388 [INFO] CodeEngine:287 - Generated code: C:\Users\G45\Documents\DUBOSCLARD_LOZANO\STM32-2026-G221\Core\Inc\stm32l4xx_it.h
2026-02-05 09:18:44,403 [INFO] CodeEngine:263 - oldGeneratedFile, C:\Users\G45\Documents\DUBOSCLARD_LOZANO\STM32-2026-G221\Core\Src\stm32l4xx_hal_msp.c_save
2026-02-05 09:18:44,641 [INFO] CodeEngine:287 - Generated code: C:\Users\G45\Documents\DUBOSCLARD_LOZANO\STM32-2026-G221\Core\Src\stm32l4xx_hal_msp.c
2026-02-05 09:18:44,648 [INFO] CodeEngine:263 - oldGeneratedFile, C:\Users\G45\Documents\DUBOSCLARD_LOZANO\STM32-2026-G221\MXTmpFiles\system.tmp_save
2026-02-05 09:18:44,757 [INFO] CodeEngine:287 - Generated code: C:\Users\G45\Documents\DUBOSCLARD_LOZANO\STM32-2026-G221\MXTmpFiles\system.tmp
2026-02-05 09:18:44,770 [INFO] CodeEngine:319 - oldGeneratedFile, C:\Users\G45\Documents\DUBOSCLARD_LOZANO\STM32-2026-G221\Core\Inc\stm32l4xx_hal_conf.h_save
2026-02-05 09:18:44,928 [INFO] CodeEngine:343 - Generated code: C:\Users\G45\Documents\DUBOSCLARD_LOZANO\STM32-2026-G221\Core\Inc\stm32l4xx_hal_conf.h
2026-02-05 09:18:45,003 [INFO] ApiDbMcu:508 - Load IP Config File for USART2
2026-02-05 09:18:45,007 [INFO] ApiDbMcu:508 - Load IP Config File for RCC
2026-02-05 09:18:45,031 [INFO] CodeEngine:263 - oldGeneratedFile, C:\Users\G45\Documents\DUBOSCLARD_LOZANO\STM32-2026-G221\Core\Inc\main.h_save
2026-02-05 09:18:45,176 [INFO] CodeEngine:287 - Generated code: C:\Users\G45\Documents\DUBOSCLARD_LOZANO\STM32-2026-G221\Core\Inc\main.h
2026-02-05 09:18:45,180 [INFO] CodeEngine:263 - oldGeneratedFile, C:\Users\G45\Documents\DUBOSCLARD_LOZANO\STM32-2026-G221\Core\Src\main.c_save
2026-02-05 09:18:45,352 [INFO] CodeEngine:287 - Generated code: C:\Users\G45\Documents\DUBOSCLARD_LOZANO\STM32-2026-G221\Core\Src\main.c
2026-02-05 09:18:45,694 [INFO] ProjectBuilder:3324 - Time for Copy HAL[1] : 148mS.
2026-02-05 09:18:45,702 [INFO] ProjectBuilder:4912 - Project Generator version: 4.6.0-B36
2026-02-05 09:18:45,969 [INFO] ConfigFileManager:1590 - The Die is : DIE415
2026-02-05 09:18:45,986 [INFO] ApiDbMcu:508 - Load IP Config File for FATFS
2026-02-05 09:18:45,992 [INFO] ApiDbMcu:508 - Load IP Config File for FREERTOS
2026-02-05 09:18:46,044 [INFO] ApiDbMcu:508 - Load IP Config File for TOUCHSENSING
2026-02-05 09:18:46,056 [INFO] ApiDbMcu:508 - Load IP Config File for USB_DEVICE
2026-02-05 09:18:46,071 [INFO] ApiDbMcu:508 - Load IP Config File for USB_HOST
2026-02-05 09:18:46,695 [INFO] LogOutputStream:77 - [STDOUT_REDIRECT] 
2026-02-05 09:18:50,092 [INFO] ProjectBuilder:5191 - Time for Generating toolchain IDE Files: 4390mS.
2026-02-05 09:18:50,093 [INFO] ProjectBuilder:3181 - Time for Copy CMSIS : 1mS.
2026-02-05 09:18:50,095 [INFO] ProjectBuilder:3181 - Time for Copy CMSIS : 0mS.
2026-02-05 09:18:50,577 [INFO] McuFinderGlobals:76 - Set McuFinderConnectedMode to true
2026-02-05 09:18:50,589 [INFO] ApiDb:448 - Save user favorites file C:\Users\G45/.stm32cubeide/favorites.mcus.txt: 0 item(s)
2026-02-05 09:18:50,590 [INFO] ApiDb:452 - User favorites MCUs=[]
2026-02-05 09:18:50,592 [INFO] ApiDb:448 - Save user favorites file C:\Users\G45/.stm32cubeide/favorites.boards.txt: 1 item(s)
2026-02-05 09:18:50,592 [INFO] ApiDb:452 - User favorites Boards=[NUCLEO-L476RG]
2026-02-05 09:19:21,171 [INFO] UtilMem:75 - End SaveConfig() Used Memory: 820393360 Bytes (1073741824)
2026-02-05 09:19:25,048 [INFO] UtilMem:75 - End SaveConfig() Used Memory: 856611352 Bytes (1073741824)
2026-02-05 09:19:29,062 [INFO] UtilMem:75 - End SaveConfig() Used Memory: 988148824 Bytes (1073741824)
2026-02-05 09:19:29,653 [INFO] BlockDiagram:2775 - set Specific Code input for plugin: SYS
2026-02-05 09:19:29,653 [INFO] BlockDiagram:2775 - set Specific Code input for plugin: RCC
2026-02-05 09:19:29,653 [INFO] BlockDiagram:2775 - set Specific Code input for plugin: NVIC
2026-02-05 09:19:29,653 [INFO] BlockDiagram:2775 - set Specific Code input for plugin: USART
2026-02-05 09:19:29,653 [INFO] BlockDiagram:2775 - set Specific Code input for plugin: GPIO
2026-02-05 09:19:29,654 [INFO] CodeGenerator:882 - code generatio: config db path: C:\ST\STM32CubeIDE_1.17.0\STM32CubeIDE\plugins\com.st.stm32cube.common.mx_6.14.0.202502271554\\db\
2026-02-05 09:19:29,765 [INFO] CodeEngine:263 - oldGeneratedFile, C:\Users\G45\Documents\DUBOSCLARD_LOZANO\STM32-2026-G221\MXTmpFiles\license.tmp_save
2026-02-05 09:19:29,931 [INFO] CodeEngine:287 - Generated code: C:\Users\G45\Documents\DUBOSCLARD_LOZANO\STM32-2026-G221\MXTmpFiles\license.tmp
2026-02-05 09:19:30,021 [INFO] CodeEngine:263 - oldGeneratedFile, C:\Users\G45\Documents\DUBOSCLARD_LOZANO\STM32-2026-G221\Core\Src\gpio.c_save
2026-02-05 09:19:30,194 [INFO] CodeEngine:287 - Generated code: C:\Users\G45\Documents\DUBOSCLARD_LOZANO\STM32-2026-G221\Core\Src\gpio.c
2026-02-05 09:19:30,198 [INFO] CodeEngine:263 - oldGeneratedFile, C:\Users\G45\Documents\DUBOSCLARD_LOZANO\STM32-2026-G221\Core\Inc\gpio.h_save
2026-02-05 09:19:30,302 [INFO] CodeEngine:287 - Generated code: C:\Users\G45\Documents\DUBOSCLARD_LOZANO\STM32-2026-G221\Core\Inc\gpio.h
2026-02-05 09:19:30,433 [INFO] CodeEngine:263 - oldGeneratedFile, C:\Users\G45\Documents\DUBOSCLARD_LOZANO\STM32-2026-G221\Core\Src\usart.c_save
2026-02-05 09:19:30,716 [INFO] CodeEngine:287 - Generated code: C:\Users\G45\Documents\DUBOSCLARD_LOZANO\STM32-2026-G221\Core\Src\usart.c
2026-02-05 09:19:30,736 [INFO] CodeEngine:263 - oldGeneratedFile, C:\Users\G45\Documents\DUBOSCLARD_LOZANO\STM32-2026-G221\Core\Inc\usart.h_save
2026-02-05 09:19:30,882 [INFO] CodeEngine:287 - Generated code: C:\Users\G45\Documents\DUBOSCLARD_LOZANO\STM32-2026-G221\Core\Inc\usart.h
2026-02-05 09:19:30,908 [INFO] CodeEngine:263 - oldGeneratedFile, C:\Users\G45\Documents\DUBOSCLARD_LOZANO\STM32-2026-G221\Core\Src\stm32l4xx_it.c_save
2026-02-05 09:19:31,036 [INFO] CodeEngine:287 - Generated code: C:\Users\G45\Documents\DUBOSCLARD_LOZANO\STM32-2026-G221\Core\Src\stm32l4xx_it.c
2026-02-05 09:19:31,043 [INFO] CodeEngine:263 - oldGeneratedFile, C:\Users\G45\Documents\DUBOSCLARD_LOZANO\STM32-2026-G221\Core\Inc\stm32l4xx_it.h_save
2026-02-05 09:19:31,122 [INFO] CodeEngine:287 - Generated code: C:\Users\G45\Documents\DUBOSCLARD_LOZANO\STM32-2026-G221\Core\Inc\stm32l4xx_it.h
2026-02-05 09:19:31,154 [INFO] CodeEngine:263 - oldGeneratedFile, C:\Users\G45\Documents\DUBOSCLARD_LOZANO\STM32-2026-G221\Core\Src\stm32l4xx_hal_msp.c_save
2026-02-05 09:19:31,267 [INFO] CodeEngine:287 - Generated code: C:\Users\G45\Documents\DUBOSCLARD_LOZANO\STM32-2026-G221\Core\Src\stm32l4xx_hal_msp.c
2026-02-05 09:19:31,271 [INFO] CodeEngine:263 - oldGeneratedFile, C:\Users\G45\Documents\DUBOSCLARD_LOZANO\STM32-2026-G221\MXTmpFiles\system.tmp_save
2026-02-05 09:19:31,361 [INFO] CodeEngine:287 - Generated code: C:\Users\G45\Documents\DUBOSCLARD_LOZANO\STM32-2026-G221\MXTmpFiles\system.tmp
2026-02-05 09:19:31,384 [INFO] CodeEngine:319 - oldGeneratedFile, C:\Users\G45\Documents\DUBOSCLARD_LOZANO\STM32-2026-G221\Core\Inc\stm32l4xx_hal_conf.h_save
2026-02-05 09:19:31,512 [INFO] CodeEngine:343 - Generated code: C:\Users\G45\Documents\DUBOSCLARD_LOZANO\STM32-2026-G221\Core\Inc\stm32l4xx_hal_conf.h
2026-02-05 09:19:31,572 [INFO] CodeEngine:263 - oldGeneratedFile, C:\Users\G45\Documents\DUBOSCLARD_LOZANO\STM32-2026-G221\Core\Inc\main.h_save
2026-02-05 09:19:31,684 [INFO] CodeEngine:287 - Generated code: C:\Users\G45\Documents\DUBOSCLARD_LOZANO\STM32-2026-G221\Core\Inc\main.h
2026-02-05 09:19:31,704 [INFO] CodeEngine:263 - oldGeneratedFile, C:\Users\G45\Documents\DUBOSCLARD_LOZANO\STM32-2026-G221\Core\Src\main.c_save
2026-02-05 09:19:31,838 [INFO] CodeEngine:287 - Generated code: C:\Users\G45\Documents\DUBOSCLARD_LOZANO\STM32-2026-G221\Core\Src\main.c
2026-02-05 09:19:32,174 [INFO] ProjectBuilder:3324 - Time for Copy HAL[1] : 153mS.
2026-02-05 09:19:32,179 [INFO] ProjectBuilder:4912 - Project Generator version: 4.6.0-B36
2026-02-05 09:19:32,295 [INFO] ConfigFileManager:1590 - The Die is : DIE415
2026-02-05 09:19:34,252 [INFO] ProjectBuilder:5191 - Time for Generating toolchain IDE Files: 2072mS.
2026-02-05 09:19:34,275 [INFO] ProjectBuilder:3181 - Time for Copy CMSIS : 23mS.
2026-02-05 09:19:34,277 [INFO] ProjectBuilder:3181 - Time for Copy CMSIS : 0mS.
2026-02-05 09:30:25,891 [INFO] MainUpdater:2872 - connection check result : 10
2026-02-05 09:30:25,964 [INFO] McuFinderGlobals:76 - Set McuFinderConnectedMode to true
2026-02-05 09:30:25,965 [INFO] MultiScanPanel:200 - Auto-refresh data requested => check proxy status ongoing
2026-02-05 09:30:25,965 [INFO] FinderPluginLoader:95 - Searching for filters in installed packs
2026-02-05 09:30:28,305 [INFO] LoadUrlFilesThread:185 - End of LoadServerUrlFiles without Thread
2026-02-05 09:30:28,305 [INFO] DetailPanel:341 - Set advertising image to C:/Users/G45/STM32Cube/Repository/\en.prom-stm32mp21-0126.png
2026-02-05 09:30:33,939 [INFO] MultiScanPanel:200 - Auto-refresh data requested => check proxy status ongoing
2026-02-05 09:30:34,051 [INFO] LoadUrlFilesThread:185 - End of LoadServerUrlFiles without Thread
2026-02-05 09:30:34,052 [INFO] DetailPanel:341 - Set advertising image to C:/Users/G45/STM32Cube/Repository/\en.prom-stm32mp21-0126.png
2026-02-05 09:31:14,885 [INFO] MainUpdater:2872 - connection check result : 10
2026-02-05 09:31:14,886 [INFO] MainUpdater:2872 - connection check result : 10
2026-02-05 09:31:14,942 [INFO] MicroXplorer:468 - Change Database Path : 
2026-02-05 09:31:14,943 [INFO] MicroXplorer:498 - Change Database Version : DB.6.0.140
2026-02-05 09:31:15,004 [ERROR] ProjectManagerView:394 - 
java.lang.NullPointerException: Cannot invoke "javax.swing.JTextField.getText()" because the return value of "java.util.List.get(int)" is null
	at com.st.microxplorer.plugins.projectmanager.gui.ProjectChoiceTab$9.caretUpdate(ProjectChoiceTab.java:2678) ~[filemanager.jar:?]
	at javax.swing.text.JTextComponent.fireCaretUpdate(JTextComponent.java:408) ~[?:?]
	at javax.swing.text.JTextComponent$MutableCaretEvent.fire(JTextComponent.java:4484) ~[?:?]
	at javax.swing.text.JTextComponent$MutableCaretEvent.stateChanged(JTextComponent.java:4506) ~[?:?]
	at javax.swing.text.DefaultCaret.fireStateChanged(DefaultCaret.java:857) ~[?:?]
	at javax.swing.text.DefaultCaret.changeCaretPosition(DefaultCaret.java:1343) ~[?:?]
	at javax.swing.text.DefaultCaret.handleSetDot(DefaultCaret.java:1242) ~[?:?]
	at javax.swing.text.DefaultCaret.setDot(DefaultCaret.java:1223) ~[?:?]
	at javax.swing.text.DefaultCaret$Handler.insertUpdate(DefaultCaret.java:1819) ~[?:?]
	at javax.swing.text.AbstractDocument.fireInsertUpdate(AbstractDocument.java:227) ~[?:?]
	at javax.swing.text.AbstractDocument.handleInsertString(AbstractDocument.java:781) ~[?:?]
	at javax.swing.text.AbstractDocument.insertString(AbstractDocument.java:740) ~[?:?]
	at javax.swing.text.PlainDocument.insertString(PlainDocument.java:131) ~[?:?]
	at javax.swing.text.AbstractDocument.replace(AbstractDocument.java:699) ~[?:?]
	at javax.swing.text.JTextComponent.setText(JTextComponent.java:1725) ~[?:?]
	at com.st.microxplorer.plugins.projectmanager.gui.ProjectChoiceTab.createHeapStackFields(ProjectChoiceTab.java:979) ~[filemanager.jar:?]
	at com.st.microxplorer.plugins.projectmanager.gui.ProjectChoiceTab.buildLinkSettingsPanel(ProjectChoiceTab.java:3766) ~[filemanager.jar:?]
	at com.st.microxplorer.plugins.projectmanager.gui.ProjectChoiceTab.defineWindowsFields(ProjectChoiceTab.java:1962) ~[filemanager.jar:?]
	at com.st.microxplorer.plugins.projectmanager.gui.ProjectChoiceTab.updateSettings(ProjectChoiceTab.java:555) ~[filemanager.jar:?]
	at com.st.microxplorer.plugins.projectmanager.gui.ProjectSettingsPanel.UpdateDialog(ProjectSettingsPanel.java:245) ~[filemanager.jar:?]
	at com.st.microxplorer.plugins.projectmanager.ProjectManagerView.propertyChange(ProjectManagerView.java:391) ~[filemanager.jar:?]
	at java.beans.PropertyChangeSupport.fire(PropertyChangeSupport.java:343) ~[?:?]
	at java.beans.PropertyChangeSupport.firePropertyChange(PropertyChangeSupport.java:335) ~[?:?]
	at java.beans.PropertyChangeSupport.firePropertyChange(PropertyChangeSupport.java:268) ~[?:?]
	at com.st.microxplorer.util.MXPropertyChangeSupport.firePropertyChange(MXPropertyChangeSupport.java:54) ~[STM32CubeMX.jar:?]
	at com.st.microxplorer.mxsystem.MxSystem.closeConfig(MxSystem.java:899) ~[STM32CubeMX.jar:?]
	at com.st.microxplorer.maingui.MainPanel.closeConfig(MainPanel.java:789) ~[STM32CubeMX.jar:?]
	at com.st.microxplorer.plugins.filemanager.engine.OpenFileManager.loadConfigurationFile(OpenFileManager.java:287) ~[filemanager.jar:?]
	at com.st.microxplorer.plugins.filemanager.engine.MainFileManager.userLoadConfig(MainFileManager.java:341) ~[filemanager.jar:?]
	at com.st.microxplorer.plugins.filemanager.FileManagerView.getSpecificTask(FileManagerView.java:250) ~[filemanager.jar:?]
	at com.st.stm32cube.common.mx.editor.CubeMxEditor.getMxTabbedPaneInstance(CubeMxEditor.java:1191) ~[com.st.stm32cube.common.mx_6.14.0.202502271554/:?]
	at com.st.stm32cube.common.mx.editor.CubeMxEditor$12$1.createSwingComponent(CubeMxEditor.java:1068) ~[com.st.stm32cube.common.mx_6.14.0.202502271554/:?]
	at com.st.stm32cube.common.mx.oss.core.awtswtbridge.EmbeddedSwingComposite.doComponentCreation(EmbeddedSwingComposite.java:492) ~[com.st.stm32cube.common.mx.oss_6.14.0.202502271554/:?]
	at com.st.stm32cube.common.mx.oss.core.awtswtbridge.EmbeddedSwingComposite$4.run(EmbeddedSwingComposite.java:291) ~[com.st.stm32cube.common.mx.oss_6.14.0.202502271554/:?]
	at com.st.stm32cube.common.mx.oss.core.awtswtbridge.AwtEnvironment$2.run(AwtEnvironment.java:166) ~[com.st.stm32cube.common.mx.oss_6.14.0.202502271554/:?]
	at java.awt.event.InvocationEvent.dispatch(InvocationEvent.java:318) ~[?:?]
	at java.awt.EventQueue.dispatchEventImpl(EventQueue.java:773) ~[?:?]
	at java.awt.EventQueue$4.run(EventQueue.java:720) ~[?:?]
	at java.awt.EventQueue$4.run(EventQueue.java:714) ~[?:?]
	at java.security.AccessController.doPrivileged(AccessController.java:400) ~[?:?]
	at java.security.ProtectionDomain$JavaSecurityAccessImpl.doIntersectionPrivilege(ProtectionDomain.java:87) ~[?:?]
	at java.awt.EventQueue.dispatchEvent(EventQueue.java:742) ~[?:?]
	at java.awt.EventDispatchThread.pumpOneEventForFilters(EventDispatchThread.java:203) ~[?:?]
	at java.awt.EventDispatchThread.pumpEventsForFilter(EventDispatchThread.java:124) ~[?:?]
	at java.awt.EventDispatchThread.pumpEventsForHierarchy(EventDispatchThread.java:113) ~[?:?]
	at java.awt.EventDispatchThread.pumpEvents(EventDispatchThread.java:109) ~[?:?]
	at java.awt.EventDispatchThread.pumpEvents(EventDispatchThread.java:101) ~[?:?]
	at java.awt.EventDispatchThread.run(EventDispatchThread.java:90) ~[?:?]
2026-02-05 09:31:15,017 [WARN] ThirdParty:871 - waiting for thirdparty lock release [close project]
2026-02-05 09:31:15,017 [INFO] ThirdParty:873 - entering critical section [close project]
2026-02-05 09:31:15,017 [INFO] ThirdParty:883 - exiting critical section [close project]
2026-02-05 09:31:15,020 [INFO] PinOutPanel:1589 - setPackage(No Configuration,No Configuration)
2026-02-05 09:31:15,032 [INFO] UtilMem:75 - Begin LoadConfig() Used Memory: 922818104 Bytes (1073741824)
2026-02-05 09:31:15,033 [INFO] OpenFileManager:354 - Change cursor
2026-02-05 09:31:15,141 [INFO] RulesReader:64 - Compatibility file has been processed (301 Rules)
2026-02-05 09:31:15,153 [INFO] ProjectFactory:442 - No CPN specified for board NUCLEO-L476RG => set CPN to STM32L476RGT3
2026-02-05 09:31:15,153 [INFO] Mcu:2011 - Initializing MCU STM32L476R(C-E-G)Tx STM32L476RGTx STM32L476RGT3
2026-02-05 09:31:17,978 [INFO] Context:756 - Trying to add GPIOservice into a context  which must be forbidden
2026-02-05 09:31:18,553 [INFO] Rule:224 - rule 117617 - U5Cobra4M][GTZC] default value MPCBB3 and MPCBB5 - Not Secured memory - MPCBB1 is applicable
2026-02-05 09:31:18,553 [INFO] Rule:224 - rule 117617 - U5Cobra4M][GTZC] default value MPCBB3 and MPCBB5 - Not Secured memory - MPCBB1 is applicable
2026-02-05 09:31:18,553 [INFO] Rule:224 - rule 117617 - U5Cobra4M][GTZC] default value MPCBB3 and MPCBB5 - Not Secured memory - MPCBB2 is applicable
2026-02-05 09:31:18,553 [INFO] Rule:224 - rule 117617 - U5Cobra4M][GTZC] default value MPCBB3 and MPCBB5 - Not Secured memory - MPCBB2 is applicable
2026-02-05 09:31:18,553 [INFO] Rule:224 - rule 117617 - U5Cobra4M][GTZC] default value MPCBB3 and MPCBB5 - Not Secured memory - MPCBB3 is applicable
2026-02-05 09:31:18,553 [INFO] Rule:224 - rule 117617 - U5Cobra4M][GTZC] default value MPCBB3 and MPCBB5 - Not Secured memory - MPCBB3 is applicable
2026-02-05 09:31:18,554 [INFO] Rule:224 - rule 117617 - U5Cobra4M][GTZC] default value MPCBB3 and MPCBB5 - Not Secured memory - MPCBB4 is applicable
2026-02-05 09:31:18,554 [INFO] Rule:224 - rule 117617 - U5Cobra4M][GTZC] default value MPCBB3 and MPCBB5 - Not Secured memory - MPCBB4 is applicable
2026-02-05 09:31:18,554 [INFO] Rule:224 - rule 117617 - U5Cobra4M][GTZC] default value MPCBB3 and MPCBB5 - Secured memory - MPCBB1 is applicable
2026-02-05 09:31:18,554 [INFO] Rule:224 - rule 117617 - U5Cobra4M][GTZC] default value MPCBB3 and MPCBB5 - Secured memory - MPCBB2 is applicable
2026-02-05 09:31:18,554 [INFO] Rule:224 - rule 117617 - U5Cobra4M][GTZC] default value MPCBB3 and MPCBB5 - Secured memory - MPCBB3 is applicable
2026-02-05 09:31:18,554 [INFO] Rule:224 - rule 117617 - U5Cobra4M][GTZC] default value MPCBB3 and MPCBB5 - Secured memory - MPCBB4 is applicable
2026-02-05 09:31:18,554 [INFO] Rule:224 - rule 117617 - U5Cobra4M][GTZC] default value MPCBB3 and MPCBB5 - Privileged memory - MPCBB1 is applicable
2026-02-05 09:31:18,554 [INFO] Rule:224 - rule 117617 - U5Cobra4M][GTZC] default value MPCBB3 and MPCBB5 - Privileged memory - MPCBB2 is applicable
2026-02-05 09:31:18,554 [INFO] Rule:224 - rule 117617 - U5Cobra4M][GTZC] default value MPCBB3 and MPCBB5 - Privileged memory - MPCBB3 is applicable
2026-02-05 09:31:18,554 [INFO] Rule:224 - rule 117617 - U5Cobra4M][GTZC] default value MPCBB3 and MPCBB5 - Privileged memory - MPCBB4 is applicable
2026-02-05 09:31:18,554 [INFO] Rule:224 - rule 117617 - U5Cobra4M][GTZC] default value MPCBB3 and MPCBB5 - Not Privileged memory - MPCBB1 is applicable
2026-02-05 09:31:18,554 [INFO] Rule:224 - rule 117617 - U5Cobra4M][GTZC] default value MPCBB3 and MPCBB5 - Not Privileged memory - MPCBB2 is applicable
2026-02-05 09:31:18,554 [INFO] Rule:224 - rule 117617 - U5Cobra4M][GTZC] default value MPCBB3 and MPCBB5 - Not Privileged memory - MPCBB3 is applicable
2026-02-05 09:31:18,554 [INFO] Rule:224 - rule 117617 - U5Cobra4M][GTZC] default value MPCBB3 and MPCBB5 - Not Privileged memory - MPCBB4 is applicable
2026-02-05 09:31:18,554 [INFO] Rule:224 - rule 117617 - U5Cobra4M][GTZC] default value MPCBB3 and MPCBB5 - Privileged memory - MPCBB1 is applicable
2026-02-05 09:31:18,554 [INFO] Rule:224 - rule 117617 - U5Cobra4M][GTZC] default value MPCBB3 and MPCBB5 - Privileged memory - MPCBB2 is applicable
2026-02-05 09:31:18,554 [INFO] Rule:224 - rule 117617 - U5Cobra4M][GTZC] default value MPCBB3 and MPCBB5 - Privileged memory - MPCBB3 is applicable
2026-02-05 09:31:18,554 [INFO] Rule:224 - rule 117617 - U5Cobra4M][GTZC] default value MPCBB3 and MPCBB5 - Privileged memory - MPCBB4 is applicable
2026-02-05 09:31:18,554 [INFO] Rule:224 - rule 117617 - U5Cobra4M][GTZC] default value MPCBB3 and MPCBB5 - Privileged memory - MPCBB1 is applicable
2026-02-05 09:31:18,554 [INFO] Rule:224 - rule 117617 - U5Cobra4M][GTZC] default value MPCBB3 and MPCBB5 - Privileged memory - MPCBB2 is applicable
2026-02-05 09:31:18,554 [INFO] Rule:224 - rule 117617 - U5Cobra4M][GTZC] default value MPCBB3 and MPCBB5 - Privileged memory - MPCBB3 is applicable
2026-02-05 09:31:18,554 [INFO] Rule:224 - rule 117617 - U5Cobra4M][GTZC] default value MPCBB3 and MPCBB5 - Privileged memory - MPCBB4 is applicable
2026-02-05 09:31:18,554 [INFO] Rule:224 - rule 117617 - U5Cobra4M][GTZC] default value MPCBB3 and MPCBB5 - Not Privileged memory - MPCBB1 is applicable
2026-02-05 09:31:18,554 [INFO] Rule:224 - rule 117617 - U5Cobra4M][GTZC] default value MPCBB3 and MPCBB5 - Not Privileged memory - MPCBB2 is applicable
2026-02-05 09:31:18,555 [INFO] Rule:224 - rule 117617 - U5Cobra4M][GTZC] default value MPCBB3 and MPCBB5 - Not Privileged memory - MPCBB3 is applicable
2026-02-05 09:31:18,555 [INFO] Rule:224 - rule 117617 - U5Cobra4M][GTZC] default value MPCBB3 and MPCBB5 - Not Privileged memory - MPCBB4 is applicable
2026-02-05 09:31:18,555 [INFO] Rule:224 - rule 117617 - U5Cobra4M][GTZC] default value MPCBB3 and MPCBB5 - Privileged memory - MPCBB1 is applicable
2026-02-05 09:31:18,555 [INFO] Rule:224 - rule 117617 - U5Cobra4M][GTZC] default value MPCBB3 and MPCBB5 - Privileged memory - MPCBB2 is applicable
2026-02-05 09:31:18,555 [INFO] Rule:224 - rule 117617 - U5Cobra4M][GTZC] default value MPCBB3 and MPCBB5 - Privileged memory - MPCBB3 is applicable
2026-02-05 09:31:18,555 [INFO] Rule:224 - rule 117617 - U5Cobra4M][GTZC] default value MPCBB3 and MPCBB5 - Privileged memory - MPCBB4 is applicable
2026-02-05 09:31:18,555 [INFO] Rule:224 - rule Rename SubGHz_Phy SUBGHZ_APPLICATION SUBGHZ_PINGPONG to SUBGHZ_ADV_APPLICATION is applicable
2026-02-05 09:31:18,555 [INFO] Rule:224 - rule Rename Enabled to IBEACON is applicable
2026-02-05 09:31:18,555 [INFO] Rule:224 - rule GTZC_S instance for project manager is applicable
2026-02-05 09:31:18,555 [INFO] Rule:224 - rule GTZC_S instance for context M33S is applicable
2026-02-05 09:31:18,555 [INFO] Rule:224 - rule GTZC_S instance value for IP GTZC is applicable
2026-02-05 09:31:18,555 [INFO] Rule:224 - rule GTZC_S instance for mcu.IP is applicable
2026-02-05 09:31:18,555 [INFO] Rule:224 - rule GTZC_S instance for VP is applicable
2026-02-05 09:31:18,555 [INFO] Rule:224 - rule GTZC_S instance for signal is applicable
2026-02-05 09:31:18,555 [INFO] Rule:224 - rule GTZC_S instance for mcu.Pin is applicable
2026-02-05 09:31:18,555 [INFO] Rule:224 - rule GTZC_S instance for VP is applicable
2026-02-05 09:31:18,555 [INFO] Rule:224 - rule GTZC_S instance for signal is applicable
2026-02-05 09:31:18,555 [INFO] Rule:224 - rule GTZC_S instance for mcu is applicable
2026-02-05 09:31:18,555 [INFO] Rule:224 - rule GTZC_S instance for mcu.Pin is applicable
2026-02-05 09:31:18,555 [INFO] Rule:224 - rule GTZC_S instance value for IP GTZC is applicable
2026-02-05 09:31:18,555 [INFO] Rule:224 - rule GTZC_S instance for project manager is applicable
2026-02-05 09:31:18,555 [INFO] Rule:224 - rule GTZC_S instance for context M33S is applicable
2026-02-05 09:31:18,555 [INFO] Rule:224 - rule GTZC_S instance for VP is applicable
2026-02-05 09:31:18,555 [INFO] Rule:224 - rule GTZC_S instance for signal is applicable
2026-02-05 09:31:18,555 [INFO] Rule:224 - rule SPDIFRX instance for mcu is applicable
2026-02-05 09:31:18,556 [INFO] Rule:224 - rule Rename Tracer Mode is applicable
2026-02-05 09:31:18,556 [INFO] Rule:224 - rule SPDIFRX instance value for IP SPDIFRX is applicable
2026-02-05 09:31:18,556 [INFO] Rule:224 - rule SPDIFRX instance for signal is applicable
2026-02-05 09:31:18,556 [INFO] Rule:224 - rule SPDIFRX instance for project manager is applicable
2026-02-05 09:31:18,556 [INFO] Rule:224 - rule SPDIFRX instance for project manager is applicable
2026-02-05 09:31:18,556 [INFO] Rule:224 - rule ADC Scan  fix with FW F7 is applicable
2026-02-05 09:31:18,556 [INFO] Rule:224 - rule ADC Scan  fix with FW F7 is applicable
2026-02-05 09:31:18,556 [INFO] Rule:224 - rule WakeUp0 Mode is applicable
2026-02-05 09:31:18,556 [INFO] Rule:224 - rule WakeUp0 SIGNAL is applicable
2026-02-05 09:31:18,556 [INFO] Rule:224 - rule WakeUp1 Mode is applicable
2026-02-05 09:31:18,556 [INFO] Rule:224 - rule WakeUp1 SIGNAL is applicable
2026-02-05 09:31:18,556 [INFO] Rule:224 - rule WakeUp2 Mode is applicable
2026-02-05 09:31:18,556 [INFO] Rule:224 - rule WakeUp2 SIGNAL is applicable
2026-02-05 09:31:18,556 [INFO] Rule:224 - rule WakeUp4 Mode is applicable
2026-02-05 09:31:18,556 [INFO] Rule:224 - rule WakeUp4 SIGNAL is applicable
2026-02-05 09:31:18,556 [INFO] Rule:224 - rule WakeUp5 Mode is applicable
2026-02-05 09:31:18,556 [INFO] Rule:224 - rule WakeUp5 SIGNAL is applicable
2026-02-05 09:31:18,556 [INFO] Rule:224 - rule Add RTC Activate Clock Source is applicable
2026-02-05 09:31:18,556 [INFO] Rule:224 - rule Add RTC Activate Calendar 1 is applicable
2026-02-05 09:31:18,556 [INFO] Rule:224 - rule Add RTC Activate Calendar 2 is applicable
2026-02-05 09:31:18,556 [INFO] Rule:224 - rule Add RTC Activate Calendar 3 is applicable
2026-02-05 09:31:18,557 [INFO] Rule:224 - rule UART/USART TX Mode is applicable
2026-02-05 09:31:18,557 [INFO] Rule:224 - rule UART/USART RX Mode is applicable
2026-02-05 09:31:18,557 [INFO] Rule:224 - rule UART/USART RX TX Mode is applicable
2026-02-05 09:31:18,557 [INFO] Rule:224 - rule UART/USART PARITY NONE is applicable
2026-02-05 09:31:18,557 [INFO] Rule:224 - rule UART/USART PARITY EVEN is applicable
2026-02-05 09:31:18,557 [INFO] Rule:224 - rule UART/USART PARITY ODD is applicable
2026-02-05 09:31:18,557 [INFO] Rule:224 - rule USART StopBits 1 is applicable
2026-02-05 09:31:18,557 [INFO] Rule:224 - rule USART StopBits 2 is applicable
2026-02-05 09:31:18,557 [INFO] Rule:224 - rule USART StopBits 1.5 is applicable
2026-02-05 09:31:18,557 [INFO] Rule:224 - rule USART StopBits 0.5 is applicable
2026-02-05 09:31:18,557 [INFO] Rule:224 - rule UART/USART WORD LENGTH 7 is applicable
2026-02-05 09:31:18,557 [INFO] Rule:224 - rule UART/USART WORD LENGTH 8 is applicable
2026-02-05 09:31:18,557 [INFO] Rule:224 - rule UART/USART WORD LENGTH 9 is applicable
2026-02-05 09:31:18,557 [INFO] Rule:224 - rule Rename FMC NAND NCE signal is applicable
2026-02-05 09:31:18,557 [INFO] Rule:224 - rule Rename FMC NAND INT signal is applicable
2026-02-05 09:31:18,557 [INFO] Rule:224 - rule Change Default Value for LSE Drive Capability for WB family is applicable
2026-02-05 09:31:18,557 [INFO] Rule:224 - rule Change Default Value for ADC Clock Prescaler G0 family is applicable
2026-02-05 09:31:18,557 [INFO] Rule:224 - rule Change Default Value for ADC ExternalTrigConv L4 family is applicable
2026-02-05 09:31:18,557 [INFO] Rule:224 - rule Change Default Value for ADC ExternalTrigInjecConv L4 family is applicable
2026-02-05 09:31:18,557 [INFO] Rule:224 - rule Change Default Value for ADC ExternalTrigConv F3 family is applicable
2026-02-05 09:31:18,557 [INFO] Rule:224 - rule Change Default Value for ADC ExternalTrigInjecConv F3 family is applicable
2026-02-05 09:31:18,557 [INFO] Rule:224 - rule Change Default Value for ADC ExternalTrigConv Goldfish serie is applicable
2026-02-05 09:31:18,557 [INFO] Rule:224 - rule Change Default Value for ADC ExternalTrigInjecConv Goldfish serie is applicable
2026-02-05 09:31:18,557 [INFO] Rule:224 - rule Change Default Value for ADC ExternalTrigConv L0 family is applicable
2026-02-05 09:31:18,557 [INFO] Rule:224 - rule Change Default Value for ADC ExternalTrigConv F0 family is applicable
2026-02-05 09:31:18,557 [INFO] Rule:224 - rule Change Default Value for ADC ExternalTrigConvn L1 family is applicable
2026-02-05 09:31:18,558 [INFO] Rule:224 - rule Change Default Value for ADC ExternalTrigInjecConv L1 family is applicable
2026-02-05 09:31:18,558 [INFO] Rule:224 - rule Change Default Value for ADC ExternalTrigConv F1 family is applicable
2026-02-05 09:31:18,558 [INFO] Rule:224 - rule Change Default Value for ADC ExternalTrigInjecConv F1 family is applicable
2026-02-05 09:31:18,558 [INFO] Rule:224 - rule Change Default Value for ADC ExternalTrigConv F7 family is applicable
2026-02-05 09:31:18,558 [INFO] Rule:224 - rule Change Default Value for ADC ExternalTrigInjecConv F7 family is applicable
2026-02-05 09:31:18,558 [INFO] Rule:224 - rule Change Default Value for ADC ExternalTrigConv F4 and F2 family is applicable
2026-02-05 09:31:18,558 [INFO] Rule:224 - rule Change Default Value for ADC ExternalTrigInjecConv F4 and F2 family is applicable
2026-02-05 09:31:18,558 [INFO] Rule:224 - rule ADC SamplingTime fix with FW L0  is applicable
2026-02-05 09:31:18,558 [INFO] Rule:224 - rule ADC SamplingTime fix with FW L0  is applicable
2026-02-05 09:31:18,558 [INFO] Rule:224 - rule ADC SamplingTime fix with FW L0 is applicable
2026-02-05 09:31:18,558 [INFO] Rule:224 - rule ADC SamplingTime fix with FW L0 is applicable
2026-02-05 09:31:18,558 [INFO] Rule:224 - rule ADC SamplingTime fix with FW L0  is applicable
2026-02-05 09:31:18,558 [INFO] Rule:224 - rule ADC SamplingTime fix with FW L0 is applicable
2026-02-05 09:31:18,558 [INFO] Rule:224 - rule Rename USB_OE Signal is applicable
2026-02-05 09:31:18,558 [INFO] Rule:224 - rule Rename Activate_OE Mode is applicable
2026-02-05 09:31:18,558 [INFO] Rule:224 - rule Rename DIE462/DIE415 pin PC14/OSC32_IN -> PC14-OSC32_IN (PC14) is applicable
2026-02-05 09:31:18,558 [INFO] Rule:224 - rule Rename DIE462/DIE415 pin PC15/OSC32_OUT -> PC15-OSC32_OUT (PC15) is applicable
2026-02-05 09:31:18,558 [INFO] Rule:224 - rule Rename DIE462/DIE415 pin PH0/OSC_IN -> PH0-OSC_IN (PH0) is applicable
2026-02-05 09:31:18,558 [INFO] Rule:224 - rule Rename DIE462/DIE415 pin PH1/OSC_OUT -> PH1-OSC_OUT (PH1) is applicable
2026-02-05 09:31:18,558 [INFO] Rule:224 - rule Rename DIE462 pin PA13 -> PA13 (JTMS/SWDIO) is applicable
2026-02-05 09:31:18,558 [INFO] Rule:224 - rule Rename DIE415 pin PA13 -> PA13 (JTMS/SWDIO) is applicable
2026-02-05 09:31:18,558 [INFO] Rule:224 - rule Rename DIE462 pin PA14 -> PA14 (JTCK/SWCLK) is applicable
2026-02-05 09:31:18,558 [INFO] Rule:224 - rule Rename DIE415 pin PA14 -> PA14 (JTCK/SWCLK) is applicable
2026-02-05 09:31:18,558 [INFO] Rule:224 - rule Rename DIE462/DIE415 pin PA15 -> PA15 (JTDI) is applicable
2026-02-05 09:31:18,559 [INFO] Rule:224 - rule Rename DIE462 pin PB3 -> PB3 (JTD0/TRACESWO) is applicable
2026-02-05 09:31:18,559 [INFO] Rule:224 - rule Rename DIE415 pin PB3 -> PB3 (JTD0-TRACESWO) is applicable
2026-02-05 09:31:18,559 [INFO] Rule:224 - rule Rename DIE462/DIE415 pin PB4 -> PB4 (NJTRST) is applicable
2026-02-05 09:31:18,559 [INFO] Rule:224 - rule Rename DIE462 pin PH3/BOOT0 -> PH3-BOOT0 (BOOT0) is applicable
2026-02-05 09:31:18,559 [INFO] Rule:224 - rule Rename CRYP DataEncryptionTypesList to Algorithm is applicable
2026-02-05 09:31:18,559 [INFO] Rule:224 - rule Rename AES DataEncryptionTypesList to Algorithm is applicable
2026-02-05 09:31:18,559 [INFO] Rule:224 - rule Rename TDESECB to CRYP_TDES_ECB is applicable
2026-02-05 09:31:18,559 [INFO] Rule:224 - rule Rename TDESCBC to CRYP_TDES_CBC is applicable
2026-02-05 09:31:18,559 [INFO] Rule:224 - rule Rename DESECB to CRYP_DES_ECB is applicable
2026-02-05 09:31:18,559 [INFO] Rule:224 - rule Rename DESCBC to CRYP_DES_CBC is applicable
2026-02-05 09:31:18,559 [INFO] Rule:224 - rule Rename AESECB to CRYP_AES_ECB is applicable
2026-02-05 09:31:18,559 [INFO] Rule:224 - rule Rename AESCBC to CRYP_AES_CBC is applicable
2026-02-05 09:31:18,559 [INFO] Rule:224 - rule Rename AESCTR to CRYP_AES_CTR is applicable
2026-02-05 09:31:18,559 [INFO] Rule:224 - rule Rename AESGCM to CRYP_AES_GCM is applicable
2026-02-05 09:31:18,559 [INFO] Rule:224 - rule Rename AESCCM to CRYP_AES_CCM is applicable
2026-02-05 09:31:18,559 [INFO] Rule:224 - rule Rename CAN TimeSeg1 to BS1 is applicable
2026-02-05 09:31:18,559 [INFO] Rule:224 - rule Rename CAN TimeSeg2 to BS2 is applicable
2026-02-05 09:31:18,559 [INFO] Rule:224 - rule Rename CAN SyncJumpWidth to SJW is applicable
2026-02-05 09:31:18,559 [INFO] Rule:224 - rule TimeTriggeredMode to TTCM is applicable
2026-02-05 09:31:18,559 [INFO] Rule:224 - rule Rename CAN AutoBusOff to ABOM is applicable
2026-02-05 09:31:18,559 [INFO] Rule:224 - rule Rename CAN AutoWakeUp to AWUM is applicable
2026-02-05 09:31:18,559 [INFO] Rule:224 - rule Rename CAN AutoRetransmission to NART is applicable
2026-02-05 09:31:18,559 [INFO] Rule:224 - rule Rename CAN ReceiveFifoLocked to RFLM is applicable
2026-02-05 09:31:18,559 [INFO] Rule:224 - rule Rename CAN TransmitFifoPriority to TXFP is applicable
2026-02-05 09:31:18,559 [INFO] Rule:224 - rule Rename HRTIMER HRTIM_OUTPUTFAULTLEVEL_HIGH in HRTIMER HRTIM_OUTPUTFAULTLEVEL_HIGHZ is applicable
2026-02-05 09:31:18,559 [INFO] Rule:224 - rule Rename TIMER TIM_CLEARINPUTSOURCE_OCREFCLR in  TIMER TIM_CLEARINPUTSOURCE_NONE for F7 family is applicable
2026-02-05 09:31:18,559 [INFO] Rule:224 - rule FDCAN_R1 - Rename FDCAN mode Master into Classic is applicable
2026-02-05 09:31:18,559 [INFO] Rule:224 - rule FDCAN_R2 - Rename FDCAN mode Slave into Classic is applicable
2026-02-05 09:31:18,560 [INFO] Rule:224 - rule FDCAN1_R3 - if PA10.Mode=FullDuplex, add Pin PA12 is applicable
2026-02-05 09:31:18,560 [INFO] Rule:224 - rule FDCAN1_R3 - if PA9.Mode=FullDuplex, add Pin PA11 is applicable
2026-02-05 09:31:18,560 [INFO] Rule:224 - rule FDCAN1_R3 - Alternatepin_1 - if PE1.Mode=FullDuplex, add Pin PB9 is applicable
2026-02-05 09:31:18,560 [INFO] Rule:224 - rule FDCAN1_R3 - Alternatepin_1 - if PE0.Mode=FullDuplex, add Pin PB8 is applicable
2026-02-05 09:31:18,560 [INFO] Rule:224 - rule FDCAN1_R3 - Alternatepin_2 - if PD5.Mode=FullDuplex, add Pin PD1 is applicable
2026-02-05 09:31:18,560 [INFO] Rule:224 - rule FDCAN1_R3 - Alternatepin_2 - if PD4.Mode=FullDuplex, add Pin PD0 is applicable
2026-02-05 09:31:18,560 [INFO] Rule:224 - rule FDCAN1_R4 - Rename Mode FullDuplex into Enable FDCAN_TXFD for pin PA10 is applicable
2026-02-05 09:31:18,560 [INFO] Rule:224 - rule FDCAN1_R4 - Rename Mode FullDuplex into Enable FDCAN_TXFD for pin PA9 is applicable
2026-02-05 09:31:18,560 [INFO] Rule:224 - rule FDCAN1_R4 - Alternatepin_1 - Rename Mode FullDuplex into Enable FDCAN_TXFD for pin PE1 is applicable
2026-02-05 09:31:18,560 [INFO] Rule:224 - rule FDCAN1_R4 - Alternatepin_1 - Rename Mode FullDuplex into Enable FDCAN_TXFD for pin PE0 is applicable
2026-02-05 09:31:18,560 [INFO] Rule:224 - rule FDCAN1_R4 - Alternatepin_2 - Rename Mode FullDuplex into Enable FDCAN_TXFD for pin PD5 is applicable
2026-02-05 09:31:18,560 [INFO] Rule:224 - rule FDCAN1_R4 - Alternatepin_2 - Rename Mode FullDuplex into Enable FDCAN_TXFD for pin PD4 is applicable
2026-02-05 09:31:18,560 [INFO] Rule:224 - rule FDCAN2_R3 - if PD10.Mode=FullDuplex, add Pin PB13 is applicable
2026-02-05 09:31:18,560 [INFO] Rule:224 - rule FDCAN2_R3 - if PD9.Mode=FullDuplex, add Pin PB12 is applicable
2026-02-05 09:31:18,560 [INFO] Rule:224 - rule FDCAN2_R3 - Alternatepin_1 - if PB7.Mode=FullDuplex, add Pin PB6 is applicable
2026-02-05 09:31:18,560 [INFO] Rule:224 - rule FDCAN2_R3 - Alternatepin_1 - if PD9.Mode=FullDuplex, add Pin PB12 is applicable
2026-02-05 09:31:18,560 [INFO] Rule:224 - rule FDCAN2_R4 - Rename Mode FullDuplex into Enable FDCAN_TXFD for pin PD10 is applicable
2026-02-05 09:31:18,560 [INFO] Rule:224 - rule FDCAN2_R4 - Rename Mode FullDuplex into Enable FDCAN_TXFD for pin PD9 is applicable
2026-02-05 09:31:18,560 [INFO] Rule:224 - rule FDCAN2_R4 - Alternatepin_1 - Rename Mode FullDuplex into Enable FDCAN_TXFD for pin PB7 is applicable
2026-02-05 09:31:18,560 [INFO] Rule:224 - rule FDCAN2_R4 - Alternatepin_1 - Rename Mode FullDuplex into Enable FDCAN_TXFD for pin PD6 is applicable
2026-02-05 09:31:18,560 [INFO] Rule:224 - rule USART TxPinLevelInvertParam Mode is applicable
2026-02-05 09:31:18,560 [INFO] Rule:224 - rule USART RxPinLevelInvertParam Mode is applicable
2026-02-05 09:31:18,560 [INFO] Rule:224 - rule USART DataInvertParam Mode is applicable
2026-02-05 09:31:18,560 [INFO] Rule:224 - rule USART SwapParam Mode is applicable
2026-02-05 09:31:18,560 [INFO] Rule:224 - rule USART OverrunDisableParam Mode is applicable
2026-02-05 09:31:18,560 [INFO] Rule:224 - rule USART DMADisableonRxErrorParam Mode is applicable
2026-02-05 09:31:18,560 [INFO] Rule:224 - rule USART MSBFirstParam Mode is applicable
2026-02-05 09:31:18,560 [INFO] Rule:224 - rule Update MwName for USB_DEVICE is applicable
2026-02-05 09:31:18,560 [INFO] Rule:224 - rule Change PWR_Regulator_Voltage_Scale Default Value for RCC  H7 family is applicable
2026-02-05 09:31:18,561 [INFO] Rule:224 - rule UART/USART IPParameter rename Prescaler parameter to ClockPrescaler is applicable
2026-02-05 09:31:18,561 [INFO] Rule:224 - rule UART/USART Prescaler rename Prescaler parameter to ClockPrescaler is applicable
2026-02-05 09:31:18,561 [INFO] Rule:224 - rule TIM1CLockSelection is applicable
2026-02-05 09:31:18,561 [INFO] Rule:224 - rule TIM15CLockSelection is applicable
2026-02-05 09:31:18,561 [INFO] Rule:224 - rule align RCC SDMMC3CLockSelection default value on MP1 is applicable
2026-02-05 09:31:18,561 [INFO] Rule:224 - rule align RCC SDMMC12CLockSelection default value on MP1 is applicable
2026-02-05 09:31:18,561 [INFO] Rule:224 - rule align RCC QSPICLockSelection default value on MP1 is applicable
2026-02-05 09:31:18,561 [INFO] Rule:224 - rule align RCC QSPICLockSelection default value on MP1 is applicable
2026-02-05 09:31:18,561 [INFO] Rule:224 - rule align RCC SPI6CLockSelection default value on MP1 is applicable
2026-02-05 09:31:18,561 [INFO] Rule:224 - rule align RCC LPTIM23CLockSelection default value on MP1 is applicable
2026-02-05 09:31:18,561 [INFO] Rule:224 - rule align RCC LPTIM1CLockSelection default value on MP1 is applicable
2026-02-05 09:31:18,561 [INFO] Rule:224 - rule align RCC USART1CLockSelection default value on MP1 is applicable
2026-02-05 09:31:18,561 [INFO] Rule:224 - rule align RCC USART24CLockSelection default value on MP1 is applicable
2026-02-05 09:31:18,561 [INFO] Rule:224 - rule align RCC USART6CLockSelection default value on MP1 is applicable
2026-02-05 09:31:18,561 [INFO] Rule:224 - rule align RCC UART78CLockSelection default value on MP1 is applicable
2026-02-05 09:31:18,561 [INFO] Rule:224 - rule align RCC USART35CLockSelection default value on MP1 is applicable
2026-02-05 09:31:18,561 [INFO] Rule:224 - rule align RCC SPI45CLockSelection default value on MP1 is applicable
2026-02-05 09:31:18,561 [INFO] Rule:224 - rule align RCC I2C46CLockSelection BCLK value on MP1 is applicable
2026-02-05 09:31:18,561 [INFO] Rule:224 - rule align RCC SPI45CLockSelection default value on MP1 is applicable
2026-02-05 09:31:18,561 [INFO] Rule:224 - rule align RCC I2C12CLockSelection default value on MP1 is applicable
2026-02-05 09:31:18,561 [INFO] Rule:224 - rule align RCC I2C35CLockSelection default value on MP1 is applicable
2026-02-05 09:31:18,561 [INFO] Rule:224 - rule align RCC LPTIM45CLockSelection default value on MP1 is applicable
2026-02-05 09:31:18,561 [INFO] Rule:224 - rule Rename DCMI PIXCK signal is applicable
2026-02-05 09:31:18,561 [INFO] Rule:224 - rule Change Default Value for I2C46CLockSelection MP1 family is applicable
2026-02-05 09:31:18,561 [INFO] Rule:224 - rule Change Default Value for UART for G4, G0 and WB families is applicable
2026-02-05 09:31:18,561 [INFO] Rule:224 - rule Change Default Value for USART for G4, G0 and WB families is applicable
2026-02-05 09:31:18,561 [INFO] Rule:224 - rule Change Default Value for USART for G4 family is applicable
2026-02-05 09:31:18,561 [INFO] Rule:224 - rule Change USART1CLockSelection refparam name for MP1 is applicable
2026-02-05 09:31:18,562 [INFO] Rule:224 - rule Change USART2CLockSelection refparam name for MP1 is applicable
2026-02-05 09:31:18,562 [INFO] Rule:224 - rule Change USART3CLockSelection refparam name for MP1 is applicable
2026-02-05 09:31:18,562 [INFO] Rule:224 - rule Change UART4CLockSelection refparam name for MP1 is applicable
2026-02-05 09:31:18,562 [INFO] Rule:224 - rule Change UART5CLockSelection refparam name for MP1 is applicable
2026-02-05 09:31:18,562 [INFO] Rule:224 - rule Change LPUART1CLockSelection refparam name for MP1 is applicable
2026-02-05 09:31:18,562 [INFO] Rule:224 - rule Change LPTIM1CLockSelection refparam name for MP1 is applicable
2026-02-05 09:31:18,562 [INFO] Rule:224 - rule Change LPTIM2CLockSelection refparam name for MP1 is applicable
2026-02-05 09:31:18,562 [INFO] Rule:224 - rule Change RCC_MCO1Source refparam name for MP1 is applicable
2026-02-05 09:31:18,562 [INFO] Rule:224 - rule Change LSCOSource1 refparam name for MP1 is applicable
2026-02-05 09:31:18,562 [INFO] Rule:224 - rule Change SMPSCLockSelection refparam name for MP1 is applicable
2026-02-05 09:31:18,562 [INFO] Rule:224 - rule Change LPTIM3CLockSelection refparam name for MP1 is applicable
2026-02-05 09:31:18,562 [INFO] Rule:224 - rule Change MPCBB* Default Template Mode to Parameters is applicable
2026-02-05 09:31:18,562 [INFO] Rule:224 - rule Change MPCWM* or MPCBB* Secure Mode to Parameters is applicable
2026-02-05 09:31:18,562 [INFO] Rule:224 - rule Change MPCWM* or MPCBB* No Secure Mode to Parameters is applicable
2026-02-05 09:31:18,562 [INFO] Rule:224 - rule Change TZSC IP Secure Mode to Parameters is applicable
2026-02-05 09:31:18,562 [INFO] Rule:224 - rule Change TZSC IP No Secure Mode to Parameters is applicable
2026-02-05 09:31:18,562 [INFO] Rule:224 - rule Change TZSC IP Privilege Mode to Parameters is applicable
2026-02-05 09:31:18,562 [INFO] Rule:224 - rule Change TZSC IP No Privilege Mode to Parameters is applicable
2026-02-05 09:31:18,562 [INFO] Rule:224 - rule Change TZIC IT Secure Mode to Parameters is applicable
2026-02-05 09:31:18,562 [INFO] Rule:224 - rule Change TZIC IT No Secure Mode to Parameters is applicable
2026-02-05 09:31:18,562 [INFO] Rule:224 - rule Add MPCBB1_NonSecureArea_Start_Address value with referenced to MPCBB1_NonSecureArea_Start value is applicable
2026-02-05 09:31:18,562 [INFO] Rule:224 - rule Add MPCBB2_NonSecureArea_Start_Address value with referenced to MPCBB2_NonSecureArea_Start value is applicable
2026-02-05 09:31:18,562 [INFO] Rule:224 - rule Add MPCWM1_NonSecureArea*_Start_Address value with referenced to MPCWM1_NonSecureArea*_Start value is applicable
2026-02-05 09:31:18,562 [INFO] Rule:224 - rule Add MPCWM2_NonSecureArea*_Start_Address value with referenced to MPCWM2_NonSecureArea*_Start value is applicable
2026-02-05 09:31:18,562 [INFO] Rule:224 - rule Add MPCWM3_NonSecureArea_Start_Address value with referenced to MPCWM3_NonSecureArea_Start value is applicable
2026-02-05 09:31:18,562 [INFO] Rule:224 - rule Change Default Value for PLL1UserDefinedConfig is applicable
2026-02-05 09:31:18,562 [INFO] Rule:224 - rule Change GPIO_PuPd Default Value for USART in async mode is applicable
2026-02-05 09:31:18,562 [INFO] Rule:224 - rule Change SMPSDivider Default Value is applicable
2026-02-05 09:31:18,563 [INFO] Rule:224 - rule OPAMP is applicable
2026-02-05 09:31:18,563 [INFO] Rule:224 - rule LPUART IPParameter rename Prescaler parameter to ClockPrescaler for STM32H7 is applicable
2026-02-05 09:31:18,563 [INFO] Rule:224 - rule LPUART IPParameter rename Prescaler parameter to ClockPrescaler for STM32H7 is applicable
2026-02-05 09:31:18,563 [INFO] Rule:224 - rule LPUART IPParameter rename Prescaler parameter to ClockPrescaler for STM32WB is applicable
2026-02-05 09:31:18,563 [INFO] Rule:224 - rule LPUART IPParameter rename Prescaler parameter to ClockPrescaler for STM32WB is applicable
2026-02-05 09:31:18,563 [INFO] Rule:224 - rule LPUART IPParameter rename Prescaler parameter to ClockPrescaler for STM32G4 is applicable
2026-02-05 09:31:18,563 [INFO] Rule:224 - rule LPUART IPParameter rename Prescaler parameter to ClockPrescaler for STM32G4 is applicable
2026-02-05 09:31:18,563 [INFO] Rule:224 - rule LPUART IPParameter rename Prescaler parameter to ClockPrescaler for STM32L5 is applicable
2026-02-05 09:31:18,563 [INFO] Rule:224 - rule LPUART IPParameter rename Prescaler parameter to ClockPrescaler for STM32L5 is applicable
2026-02-05 09:31:18,563 [INFO] Rule:224 - rule LPUART IPParameter rename Prescaler parameter to ClockPrescaler for STM32G4 is applicable
2026-02-05 09:31:18,563 [INFO] Rule:224 - rule LPUART IPParameter rename Prescaler parameter to ClockPrescaler for STM32G4 is applicable
2026-02-05 09:31:18,563 [INFO] Rule:224 - rule USB device lib V2.5.3 for L0 rename USBD_SUPPORT_USER_STRING parameter to USBD_SUPPORT_USER_STRING_DESC4 is applicable
2026-02-05 09:31:18,563 [INFO] Rule:224 - rule I2SCLockSelection clock entry align is applicable
2026-02-05 09:31:18,563 [INFO] Rule:224 - rule Assign TIMx context if used as SYS timebase is applicable
2026-02-05 09:31:18,563 [INFO] Rule:224 - rule Change GPIO_Pu Default Value for I2C is applicable
2026-02-05 09:31:18,563 [INFO] Rule:224 - rule Change GPIO_Pu Default Value for SMBus is applicable
2026-02-05 09:31:18,563 [INFO] Rule:224 - rule change FDCAN default value is applicable
2026-02-05 09:31:18,563 [INFO] Rule:224 - rule Change mode sai is applicable
2026-02-05 09:31:18,563 [INFO] Rule:224 - rule **Change sai mode is applicable
2026-02-05 09:31:18,564 [INFO] Rule:224 - rule Rename STM32WPAN CFG_BLE_IRK to CFG_BLE_IR is applicable
2026-02-05 09:31:18,564 [INFO] Rule:224 - rule Rename STM32WPAN CFG_BLE_ERK to CFG_BLE_ER is applicable
2026-02-05 09:31:18,564 [INFO] Rule:224 - rule Rename STM32WPAN CFG_BLE_IRK_HEX to CFG_BLE_IR_HEX is applicable
2026-02-05 09:31:18,564 [INFO] Rule:224 - rule Rename STM32WPAN CFG_BLE_ERK_HEX to CFG_BLE_ER_HEX is applicable
2026-02-05 09:31:18,564 [INFO] Rule:224 - rule Adapt Old IOC before rework replace old CORTEX_M33/CORTEX_M55 attributes by the new one. is applicable
2026-02-05 09:31:18,564 [INFO] Rule:224 - rule Rename parametre of RCC RCC_APBDBG_DIV2 to RCC_TIMPRES_DIV2 is applicable
2026-02-05 09:31:18,564 [INFO] Rule:224 - rule Rename DIE493 pin PA10 [PA12] -> PA10 is applicable
2026-02-05 09:31:18,564 [INFO] Rule:224 - rule Rename DIE493 pin PA9 [PA11] -> PA9 is applicable
2026-02-05 09:31:18,578 [INFO] DbConfProperties:307 - Apply Compatibility (49/266 Rules)
2026-02-05 09:31:18,593 [INFO] ImportTextPane:218 - (OptionalMessage_ERROR) Unable to find key (Mcu.ThirdPartyNb) in loaded IOC file
2026-02-05 09:31:18,594 [INFO] ImportTextPane:218 - (OptionalMessage_ERROR) Pin12 (VP_RIF_VS_RIF1) cannot be retrieved for this MCU
2026-02-05 09:31:19,033 [INFO] RtosManager:558 - Registered RTOS mode: class=CMSIS, group=RTOS, mode=CMSIS_V1, owner=FREERTOS
2026-02-05 09:31:19,033 [INFO] RtosManager:558 - Registered RTOS mode: class=CMSIS, group=RTOS2, mode=CMSIS_V2, owner=FREERTOS
2026-02-05 09:31:19,033 [INFO] RtosManager:558 - Registered RTOS mode: class=RTOS, group=Core, mode=CMSIS_V1, owner=FREERTOS
2026-02-05 09:31:19,033 [INFO] RtosManager:558 - Registered RTOS mode: class=RTOS, group=Core, mode=CMSIS_V2, owner=FREERTOS
2026-02-05 09:31:19,033 [WARN] ModelIntegratedComponent:184 - Missing modes for component STMicroelectronics:FreeRTOS:0.0.1:STMicroelectronics:RTOS:FreeRTOS:Core:::10.2.0:
2026-02-05 09:31:19,043 [WARN] ModelIntegratedComponent:63 - No mode defined for component null
2026-02-05 09:31:19,044 [WARN] ModelIntegratedComponent:63 - No mode defined for component null
2026-02-05 09:31:19,044 [WARN] ModelIntegratedComponent:63 - No mode defined for component null
2026-02-05 09:31:19,044 [WARN] ModelIntegratedComponent:63 - No mode defined for component null
2026-02-05 09:31:19,044 [WARN] ModelIntegratedComponent:63 - No mode defined for component null
2026-02-05 09:31:19,044 [WARN] ModelIntegratedComponent:63 - No mode defined for component null
2026-02-05 09:31:19,044 [WARN] ModelIntegratedComponent:63 - No mode defined for component null
2026-02-05 09:31:19,044 [WARN] ModelIntegratedComponent:63 - No mode defined for component null
2026-02-05 09:31:19,044 [WARN] ModelIntegratedComponent:63 - No mode defined for component null
2026-02-05 09:31:19,044 [WARN] ModelIntegratedComponent:63 - No mode defined for component null
2026-02-05 09:31:19,044 [WARN] ModelIntegratedComponent:63 - No mode defined for component null
2026-02-05 09:31:19,044 [WARN] ModelIntegratedComponent:63 - No mode defined for component null
2026-02-05 09:31:19,044 [WARN] ModelIntegratedComponent:63 - No mode defined for component null
2026-02-05 09:31:19,044 [WARN] ModelIntegratedComponent:63 - No mode defined for component null
2026-02-05 09:31:19,044 [WARN] ModelIntegratedComponent:63 - No mode defined for component null
2026-02-05 09:31:19,044 [WARN] ModelIntegratedComponent:63 - No mode defined for component null
2026-02-05 09:31:19,044 [WARN] ModelIntegratedComponent:63 - No mode defined for component null
2026-02-05 09:31:19,044 [WARN] ModelIntegratedComponent:63 - No mode defined for component null
2026-02-05 09:31:19,044 [WARN] ModelIntegratedComponent:63 - No mode defined for component null
2026-02-05 09:31:19,044 [WARN] ModelIntegratedComponent:63 - No mode defined for component null
2026-02-05 09:31:19,044 [WARN] ModelIntegratedComponent:63 - No mode defined for component null
2026-02-05 09:31:19,044 [WARN] ModelIntegratedComponent:63 - No mode defined for component null
2026-02-05 09:31:19,044 [WARN] ModelIntegratedComponent:63 - No mode defined for component null
2026-02-05 09:31:19,044 [WARN] ModelIntegratedComponent:63 - No mode defined for component null
2026-02-05 09:31:19,045 [WARN] ModelIntegratedComponent:63 - No mode defined for component null
2026-02-05 09:31:19,045 [WARN] ModelIntegratedComponent:63 - No mode defined for component null
2026-02-05 09:31:19,045 [WARN] ModelIntegratedComponent:63 - No mode defined for component null
2026-02-05 09:31:19,045 [WARN] ModelIntegratedComponent:63 - No mode defined for component null
2026-02-05 09:31:19,045 [WARN] ModelIntegratedComponent:63 - No mode defined for component null
2026-02-05 09:31:19,045 [WARN] ModelIntegratedComponent:63 - No mode defined for component null
2026-02-05 09:31:19,045 [WARN] ModelIntegratedComponent:63 - No mode defined for component null
2026-02-05 09:31:19,045 [WARN] ModelIntegratedComponent:63 - No mode defined for component null
2026-02-05 09:31:19,045 [WARN] ModelIntegratedComponent:63 - No mode defined for component null
2026-02-05 09:31:19,045 [WARN] ModelIntegratedComponent:63 - No mode defined for component null
2026-02-05 09:31:19,045 [WARN] ModelIntegratedComponent:63 - No mode defined for component null
2026-02-05 09:31:19,045 [WARN] ModelPack:524 - Component already loaded: STMicroelectronics:HAL Drivers:0.0.0:STMicroelectronics:Device:STMicro_Driver:XSPI:HAL::0.0.1:HAL_XSPI
2026-02-05 09:31:19,805 [INFO] ThirdPartyModel:298 - Start build external matchings
2026-02-05 09:31:28,174 [INFO] ThirdPartyModel:316 - End build external matchings
2026-02-05 09:31:28,338 [INFO] ImportTextPane:218 - (OptionalMessage_ERROR) IP (RCC) : Invalid parameter (FamilyName)
2026-02-05 09:31:28,341 [INFO] ImportTextPane:218 - (OptionalMessage_ERROR) IP (RCC) : Parameter (RNGFreq_Value) has invalid value (64000000)
2026-02-05 09:31:28,342 [INFO] ImportTextPane:218 - (OptionalMessage_ERROR) IP (RCC) : Parameter (SDMMCFreq_Value) has invalid value (64000000)
2026-02-05 09:31:28,342 [INFO] ImportTextPane:218 - (OptionalMessage_ERROR) IP (RCC) : Parameter (USBFreq_Value) has invalid value (64000000)
2026-02-05 09:31:28,834 [INFO] UtilMem:75 - End LoadConfig() Used Memory: 937236800 Bytes (1073741824)
2026-02-05 09:31:28,849 [WARN] ThirdParty:833 - waiting for thirdparty lock release [change project]
2026-02-05 09:31:28,850 [INFO] ThirdParty:835 - entering critical section [change project]
2026-02-05 09:31:28,850 [INFO] ThirdParty:1030 - CMSIS Pack Vendor :STMicroelectronics X-CUBE-PM33A1 1.0.0
2026-02-05 09:31:28,850 [INFO] ThirdParty:1030 - CMSIS Pack Vendor :STMicroelectronics USBPD 4.1
2026-02-05 09:31:28,850 [INFO] ThirdParty:1030 - CMSIS Pack Vendor :STMicroelectronics X-CUBE-GNSS1 6.0.0
2026-02-05 09:31:28,850 [INFO] ThirdParty:1030 - CMSIS Pack Vendor :STMicroelectronics USB_HOST 2.0.0
2026-02-05 09:31:28,850 [INFO] ThirdParty:1030 - CMSIS Pack Vendor :STMicroelectronics FP-SNS-MOTENVWB1 1.4.0
2026-02-05 09:31:28,850 [INFO] ThirdParty:1030 - CMSIS Pack Vendor :STMicroelectronics X-CUBE-AZRTOS-F4 1.1.0
2026-02-05 09:31:28,850 [INFO] ThirdParty:1030 - CMSIS Pack Vendor :STMicroelectronics LIBJPEG 8.0.0
2026-02-05 09:31:28,850 [INFO] ThirdParty:1030 - CMSIS Pack Vendor :STMicroelectronics FP-ATR-ASTRA1 2.0.2
2026-02-05 09:31:28,850 [INFO] ThirdParty:1030 - CMSIS Pack Vendor :STMicroelectronics FP-ATR-ASTRA1 2.0.1
2026-02-05 09:31:28,850 [INFO] ThirdParty:1030 - CMSIS Pack Vendor :STMicroelectronics X-CUBE-SMBUS 2.1.0
2026-02-05 09:31:28,850 [INFO] ThirdParty:1030 - CMSIS Pack Vendor :STMicroelectronics X-CUBE-WB05N 1.1.0
2026-02-05 09:31:28,850 [INFO] ThirdParty:1030 - CMSIS Pack Vendor :STMicroelectronics X-CUBE-ISPU 2.1.0
2026-02-05 09:31:28,850 [INFO] ThirdParty:1030 - CMSIS Pack Vendor :STMicroelectronics X-CUBE-TOUCHGFX 4.23.1
2026-02-05 09:31:28,850 [INFO] ThirdParty:1030 - CMSIS Pack Vendor :STMicroelectronics X-CUBE-TOUCHGFX 4.23.0
2026-02-05 09:31:28,850 [INFO] ThirdParty:1030 - CMSIS Pack Vendor :STMicroelectronics X-CUBE-MEMS1 9.2.0
2026-02-05 09:31:28,850 [INFO] ThirdParty:1030 - CMSIS Pack Vendor :STMicroelectronics X-CUBE-NFC12 1.0.0
2026-02-05 09:31:28,850 [INFO] ThirdParty:1030 - CMSIS Pack Vendor :STMicroelectronics X-CUBE-AZRTOS-F7 1.1.0
2026-02-05 09:31:28,850 [INFO] ThirdParty:1030 - CMSIS Pack Vendor :STMicroelectronics X-CUBE-AZRTOS-L5 2.0.0
2026-02-05 09:31:28,850 [INFO] ThirdParty:1030 - CMSIS Pack Vendor :STMicroelectronics USB_DEVICE 2.0.0
2026-02-05 09:31:28,851 [INFO] ThirdParty:1030 - CMSIS Pack Vendor :STMicroelectronics X-CUBE-NFC6 3.1.0
2026-02-05 09:31:28,851 [INFO] ThirdParty:1030 - CMSIS Pack Vendor :ITTIA_DB I-CUBE-ITTIADB 8.8.0
2026-02-05 09:31:28,851 [INFO] ThirdParty:1030 - CMSIS Pack Vendor :STMicroelectronics X-CUBE-AI 7.1.0
2026-02-05 09:31:28,851 [INFO] ThirdParty:1030 - CMSIS Pack Vendor :STMicroelectronics X-CUBE-TOUCHGFX 4.19.1
2026-02-05 09:31:28,851 [INFO] ThirdParty:1030 - CMSIS Pack Vendor :STMicroelectronics FP-SNS-MOTENV1 4.3.2
2026-02-05 09:31:28,851 [INFO] ThirdParty:1030 - CMSIS Pack Vendor :STMicroelectronics X-CUBE-BLE1 6.2.3
2026-02-05 09:31:28,851 [INFO] ThirdParty:1030 - CMSIS Pack Vendor :STMicroelectronics X-CUBE-BLE1 6.2.4
2026-02-05 09:31:28,851 [INFO] ThirdParty:1030 - CMSIS Pack Vendor :STMicroelectronics FreeRTOS 0.0.1
2026-02-05 09:31:28,851 [INFO] ThirdParty:1030 - CMSIS Pack Vendor :STMicroelectronics X-CUBE-BLEMGR 2.0.0
2026-02-05 09:31:28,851 [INFO] ThirdParty:1030 - CMSIS Pack Vendor :STMicroelectronics X-CUBE-DPower 1.2.0
2026-02-05 09:31:28,851 [INFO] ThirdParty:1030 - CMSIS Pack Vendor :STMicroelectronics X-CUBE-BLE1 6.2.2
2026-02-05 09:31:28,851 [INFO] ThirdParty:1030 - CMSIS Pack Vendor :STMicroelectronics FP-SNS-FLIGHT1 5.0.2
2026-02-05 09:31:28,851 [INFO] ThirdParty:1030 - CMSIS Pack Vendor :STMicroelectronics X-CUBE-BLE2 3.2.2
2026-02-05 09:31:28,851 [INFO] ThirdParty:1030 - CMSIS Pack Vendor :STMicroelectronics X-CUBE-NFC4 2.0.4
2026-02-05 09:31:28,851 [INFO] ThirdParty:1030 - CMSIS Pack Vendor :STMicroelectronics X-CUBE-NFC4 2.0.3
2026-02-05 09:31:28,851 [INFO] ThirdParty:1030 - CMSIS Pack Vendor :STMicroelectronics X-CUBE-AZRTOS-H7 3.1.0
2026-02-05 09:31:28,851 [INFO] ThirdParty:1030 - CMSIS Pack Vendor :STMicroelectronics PDM2PCM 3.3.0
2026-02-05 09:31:28,851 [INFO] ThirdParty:1030 - CMSIS Pack Vendor :STMicroelectronics X-CUBE-SFXS2LP1 3.1.0
2026-02-05 09:31:28,851 [INFO] ThirdParty:1030 - CMSIS Pack Vendor :wolfSSL I-CUBE-wolfSSL 5.1.1
2026-02-05 09:31:28,851 [INFO] ThirdParty:1030 - CMSIS Pack Vendor :STMicroelectronics X-CUBE-AZRTOS-H7 3.4.0
2026-02-05 09:31:28,851 [INFO] ThirdParty:1030 - CMSIS Pack Vendor :STMicroelectronics X-CUBE-DISPLAY 3.0.0
2026-02-05 09:31:28,851 [INFO] ThirdParty:1030 - CMSIS Pack Vendor :STMicroelectronics X-CUBE-AZRTOS-F4 1.0.0
2026-02-05 09:31:28,851 [INFO] ThirdParty:1030 - CMSIS Pack Vendor :STMicroelectronics X-CUBE-BLE1 7.0.0
2026-02-05 09:31:28,851 [INFO] ThirdParty:1030 - CMSIS Pack Vendor :STMicroelectronics X-CUBE-NFC10 1.0.0
2026-02-05 09:31:28,851 [INFO] ThirdParty:1030 - CMSIS Pack Vendor :STMicroelectronics X-CUBE-TOF1 2.0.0
2026-02-05 09:31:28,851 [INFO] ThirdParty:1030 - CMSIS Pack Vendor :STMicroelectronics X-CUBE-BLEMGR 4.0.0
2026-02-05 09:31:28,851 [INFO] ThirdParty:1030 - CMSIS Pack Vendor :STMicroelectronics HAL Drivers 0.0.0
2026-02-05 09:31:28,851 [INFO] ThirdParty:1030 - CMSIS Pack Vendor :STMicroelectronics X-CUBE-ST60 1.1.0
2026-02-05 09:31:28,851 [INFO] ThirdParty:1030 - CMSIS Pack Vendor :STMicroelectronics X-CUBE-FREERTOS 1.3.0
2026-02-05 09:31:28,852 [INFO] ThirdParty:1030 - CMSIS Pack Vendor :STMicroelectronics X-CUBE-NFC7 1.0.1
2026-02-05 09:31:28,852 [INFO] ThirdParty:1030 - CMSIS Pack Vendor :STMicroelectronics MBEDTLS 2.14.1
2026-02-05 09:31:28,852 [INFO] ThirdParty:1030 - CMSIS Pack Vendor :STMicroelectronics X-CUBE-GNSS1 7.1.0
2026-02-05 09:31:28,852 [INFO] ThirdParty:1030 - CMSIS Pack Vendor :STMicroelectronics X-CUBE-NFC7 1.0.0
2026-02-05 09:31:28,852 [INFO] ThirdParty:1030 - CMSIS Pack Vendor :STMicroelectronics X-CUBE-TOUCHGFX 4.26.0
2026-02-05 09:31:28,852 [INFO] ThirdParty:1030 - CMSIS Pack Vendor :STMicroelectronics X-CUBE-SUBG2 4.2.0
2026-02-05 09:31:28,852 [INFO] ThirdParty:1030 - CMSIS Pack Vendor :STMicroelectronics X-CUBE-NFC6 3.0.0
2026-02-05 09:31:28,852 [INFO] ThirdParty:1030 - CMSIS Pack Vendor :STMicroelectronics X-CUBE-EEPRMA1 4.1.0
2026-02-05 09:31:28,852 [INFO] ThirdParty:1030 - CMSIS Pack Vendor :STMicroelectronics X-CUBE-BLEMGR 3.1.0
2026-02-05 09:31:28,852 [INFO] ThirdParty:1030 - CMSIS Pack Vendor :STMicroelectronics X-CUBE-AI 10.0.0
2026-02-05 09:31:28,852 [INFO] ThirdParty:1030 - CMSIS Pack Vendor :STMicroelectronics FP-SNS-STAIOTCFT 1.0.0
2026-02-05 09:31:28,852 [INFO] ThirdParty:1030 - CMSIS Pack Vendor :STMicroelectronics FP-SNS-SMARTAG2 1.2.0
2026-02-05 09:31:28,852 [INFO] ThirdParty:1030 - CMSIS Pack Vendor :STMicroelectronics FP-SNS-FLIGHT1 5.1.0
2026-02-05 09:31:28,852 [INFO] ThirdParty:1030 - CMSIS Pack Vendor :STMicroelectronics X-CUBE-MEMS1 11.1.0
2026-02-05 09:31:28,852 [INFO] ThirdParty:1030 - CMSIS Pack Vendor :STMicroelectronics X-CUBE-AZRTOS-WL 2.0.0
2026-02-05 09:31:28,852 [INFO] ThirdParty:1030 - CMSIS Pack Vendor :STMicroelectronics X-CUBE-ALGOBUILD 1.2.1
2026-02-05 09:31:28,852 [INFO] ThirdParty:1030 - CMSIS Pack Vendor :STMicroelectronics X-CUBE-DPower 1.3.0
2026-02-05 09:31:28,852 [INFO] ThirdParty:1030 - CMSIS Pack Vendor :STMicroelectronics FP-SNS-MOTENV1 5.0.0
2026-02-05 09:31:28,852 [INFO] ThirdParty:1030 - CMSIS Pack Vendor :STMicroelectronics USB_DEVICE 1.0.0
2026-02-05 09:31:28,852 [INFO] ThirdParty:1030 - CMSIS Pack Vendor :STMicroelectronics X-CUBE-AZRTOS-H7RS 1.2.0
2026-02-05 09:31:28,852 [INFO] ThirdParty:1030 - CMSIS Pack Vendor :STMicroelectronics X-CUBE-AI 8.1.0
2026-02-05 09:31:28,852 [INFO] ThirdParty:1030 - CMSIS Pack Vendor :STMicroelectronics X-CUBE-AZRTOS-G0 1.0.0
2026-02-05 09:31:28,852 [INFO] ThirdParty:1030 - CMSIS Pack Vendor :wolfSSL I-CUBE-wolfMQTT 1.19.0
2026-02-05 09:31:28,852 [INFO] ThirdParty:1030 - CMSIS Pack Vendor :STMicroelectronics X-CUBE-AZRTOS-L4 2.0.0
2026-02-05 09:31:28,852 [INFO] ThirdParty:1030 - CMSIS Pack Vendor :STMicroelectronics ThreadX 0.0.2
2026-02-05 09:31:28,852 [INFO] ThirdParty:1030 - CMSIS Pack Vendor :WES I-CUBE-Cesium 1.3.0
2026-02-05 09:31:28,852 [INFO] ThirdParty:1030 - CMSIS Pack Vendor :STMicroelectronics lwIP 2.1.2
2026-02-05 09:31:28,852 [INFO] ThirdParty:1030 - CMSIS Pack Vendor :STMicroelectronics X-CUBE-SFXS2LP1 4.0.0
2026-02-05 09:31:28,852 [INFO] ThirdParty:1030 - CMSIS Pack Vendor :STMicroelectronics X-CUBE-BLE2 3.3.0
2026-02-05 09:31:28,852 [INFO] ThirdParty:1030 - CMSIS Pack Vendor :Avnet-IOTCONNECT X-CUBE-iotc-st67-sdk 1.0.0
2026-02-05 09:31:28,853 [INFO] ThirdParty:1030 - CMSIS Pack Vendor :STMicroelectronics X-CUBE-DISPLAY 2.2.0
2026-02-05 09:31:28,853 [INFO] ThirdParty:1030 - CMSIS Pack Vendor :STMicroelectronics X-CUBE-TOF1 3.2.0
2026-02-05 09:31:28,853 [INFO] ThirdParty:1030 - CMSIS Pack Vendor :STMicroelectronics PDM2PCM 3.2.0
2026-02-05 09:31:28,853 [INFO] ThirdParty:1030 - CMSIS Pack Vendor :STMicroelectronics X-CUBE-TOUCHGFX 4.18.1
2026-02-05 09:31:28,853 [INFO] ThirdParty:1030 - CMSIS Pack Vendor :STMicroelectronics X-CUBE-AZRTOS-H7 3.0.0
2026-02-05 09:31:28,853 [INFO] ThirdParty:1030 - CMSIS Pack Vendor :STMicroelectronics X-CUBE-ISPU 1.1.0
2026-02-05 09:31:28,853 [INFO] ThirdParty:1030 - CMSIS Pack Vendor :STMicroelectronics X-CUBE-AZRTOS-H7 3.3.0
2026-02-05 09:31:28,853 [INFO] ThirdParty:1030 - CMSIS Pack Vendor :RoweBots I-CUBE-UNISONRTOS 5.5.0-4
2026-02-05 09:31:28,853 [INFO] ThirdParty:1030 - CMSIS Pack Vendor :STMicroelectronics X-CUBE-NFC9 1.0.0
2026-02-05 09:31:28,853 [INFO] ThirdParty:1030 - CMSIS Pack Vendor :STMicroelectronics X-CUBE-AZRTOS-H7 2.1.0
2026-02-05 09:31:28,853 [INFO] ThirdParty:1030 - CMSIS Pack Vendor :STMicroelectronics X-CUBE-BLE1 7.1.0
2026-02-05 09:31:28,853 [INFO] ThirdParty:1030 - CMSIS Pack Vendor :STMicroelectronics USB_DEVICE 3.0.0
2026-02-05 09:31:28,853 [INFO] ThirdParty:1030 - CMSIS Pack Vendor :STMicroelectronics X-CUBE-EEPRMA1 5.2.0
2026-02-05 09:31:28,853 [INFO] ThirdParty:1030 - CMSIS Pack Vendor :STMicroelectronics X-CUBE-BLEMGR 4.1.0
2026-02-05 09:31:28,853 [INFO] ThirdParty:1030 - CMSIS Pack Vendor :STMicroelectronics X-CUBE-AI 8.0.0
2026-02-05 09:31:28,853 [INFO] ThirdParty:1030 - CMSIS Pack Vendor :STMicroelectronics X-CUBE-AZRTOS-WB 2.0.0
2026-02-05 09:31:28,853 [INFO] ThirdParty:1030 - CMSIS Pack Vendor :STMicroelectronics X-CUBE-FREERTOS 1.0.1
2026-02-05 09:31:28,853 [INFO] ThirdParty:1030 - CMSIS Pack Vendor :STMicroelectronics X-CUBE-TOUCHGFX 4.21.1
2026-02-05 09:31:28,853 [INFO] ThirdParty:1030 - CMSIS Pack Vendor :STMicroelectronics X-CUBE-GNSS1 7.0.1
2026-02-05 09:31:28,853 [INFO] ThirdParty:1030 - CMSIS Pack Vendor :STMicroelectronics X-CUBE-TOUCHGFX 4.21.3
2026-02-05 09:31:28,853 [INFO] ThirdParty:1030 - CMSIS Pack Vendor :STMicroelectronics X-CUBE-MEMS1 9.4.0
2026-02-05 09:31:28,853 [INFO] ThirdParty:1030 - CMSIS Pack Vendor :STMicroelectronics X-CUBE-AI 7.3.0
2026-02-05 09:31:28,853 [INFO] ThirdParty:1030 - CMSIS Pack Vendor :STMicroelectronics FP-SNS-STBOX1 2.0.0
2026-02-05 09:31:28,853 [INFO] ThirdParty:1030 - CMSIS Pack Vendor :STMicroelectronics X-CUBE-MEMS1 12.0.0
2026-02-05 09:31:28,853 [INFO] ThirdParty:1030 - CMSIS Pack Vendor :STMicroelectronics X-CUBE-ALGOBUILD 1.3.0
2026-02-05 09:31:28,853 [INFO] ThirdParty:1030 - CMSIS Pack Vendor :STMicroelectronics X-CUBE-STSE01 2.0.0
2026-02-05 09:31:28,853 [INFO] ThirdParty:1030 - CMSIS Pack Vendor :STMicroelectronics X-CUBE-AZRTOS-L5 1.1.0
2026-02-05 09:31:28,854 [INFO] ThirdParty:1030 - CMSIS Pack Vendor :STMicroelectronics X-CUBE-AZRTOS-G0 1.1.0
2026-02-05 09:31:28,854 [INFO] ThirdParty:1030 - CMSIS Pack Vendor :STMicroelectronics X-CUBE-SAFEA1 1.2.2
2026-02-05 09:31:28,854 [INFO] ThirdParty:1030 - CMSIS Pack Vendor :STMicroelectronics X-CUBE-NFC4 3.0.0
2026-02-05 09:31:28,854 [INFO] ThirdParty:1030 - CMSIS Pack Vendor :SEGGER I-CUBE-embOS 1.2.0
2026-02-05 09:31:28,854 [INFO] ThirdParty:1030 - CMSIS Pack Vendor :STMicroelectronics X-CUBE-SUBG2 5.0.0
2026-02-05 09:31:28,854 [INFO] ThirdParty:1030 - CMSIS Pack Vendor :STMicroelectronics STM32_WPAN 1.0.0
2026-02-05 09:31:28,854 [INFO] ThirdParty:1030 - CMSIS Pack Vendor :EmbeddedOffice I-CUBE-FS-RTOS 1.0.1
2026-02-05 09:31:28,854 [INFO] ThirdParty:1030 - CMSIS Pack Vendor :STMicroelectronics lwIP 2.0.3
2026-02-05 09:31:28,854 [INFO] ThirdParty:1030 - CMSIS Pack Vendor :Cesanta I-CUBE-Mongoose 7.13.0
2026-02-05 09:31:28,854 [INFO] ThirdParty:1030 - CMSIS Pack Vendor :STMicroelectronics USB_HOST 1.0.0
2026-02-05 09:31:28,854 [INFO] ThirdParty:1030 - CMSIS Pack Vendor :STMicroelectronics X-CUBE-DISPLAY 2.1.0
2026-02-05 09:31:28,854 [INFO] ThirdParty:1030 - CMSIS Pack Vendor :STMicroelectronics X-CUBE-AZRTOS-G4 2.0.0
2026-02-05 09:31:28,854 [INFO] ThirdParty:1030 - CMSIS Pack Vendor :STMicroelectronics X-CUBE-WB05N 2.0.0
2026-02-05 09:31:28,854 [INFO] ThirdParty:1030 - CMSIS Pack Vendor :STMicroelectronics PDM2PCM 3.1.0
2026-02-05 09:31:28,854 [INFO] ThirdParty:1030 - CMSIS Pack Vendor :STMicroelectronics X-CUBE-TOF1 3.3.0
2026-02-05 09:31:28,854 [INFO] ThirdParty:1030 - CMSIS Pack Vendor :STMicroelectronics FP-ATR-ASTRA1 1.1.1
2026-02-05 09:31:28,854 [INFO] ThirdParty:1030 - CMSIS Pack Vendor :Infineon AIROC-Wi-Fi-Bluetooth-STM32 1.5.1
2026-02-05 09:31:28,854 [INFO] ThirdParty:1030 - CMSIS Pack Vendor :STMicroelectronics X-CUBE-BLEMGR 3.0.0
2026-02-05 09:31:28,854 [INFO] ThirdParty:1030 - CMSIS Pack Vendor :STMicroelectronics X-CUBE-BLEMGR 1.3.0
2026-02-05 09:31:28,854 [INFO] ThirdParty:1030 - CMSIS Pack Vendor :STMicroelectronics X-CUBE-NFC7 2.0.0
2026-02-05 09:31:28,854 [INFO] ThirdParty:1030 - CMSIS Pack Vendor :STMicroelectronics X-CUBE-TCPP 4.2.0
2026-02-05 09:31:28,854 [INFO] ThirdParty:1030 - CMSIS Pack Vendor :RealThread X-CUBE-RT-Thread_Nano 4.1.1
2026-02-05 09:31:28,854 [INFO] ThirdParty:1030 - CMSIS Pack Vendor :STMicroelectronics X-CUBE-AZRTOS-H7 2.0.0
2026-02-05 09:31:28,854 [INFO] ThirdParty:1030 - CMSIS Pack Vendor :STMicroelectronics FP-SNS-MOTENVWB1 1.3.1
2026-02-05 09:31:28,854 [INFO] ThirdParty:1030 - CMSIS Pack Vendor :STMicroelectronics FP-ATR-SIGFOX1 3.2.0
2026-02-05 09:31:28,854 [INFO] ThirdParty:1030 - CMSIS Pack Vendor :STMicroelectronics X-CUBE-AZRTOS-G4 1.0.0
2026-02-05 09:31:28,854 [INFO] ThirdParty:1030 - CMSIS Pack Vendor :STMicroelectronics X-CUBE-AZRTOS-L4 1.0.0
2026-02-05 09:31:28,854 [INFO] ThirdParty:1030 - CMSIS Pack Vendor :quantropi X-CUBE-qispace-sdk-base 1.9.3
2026-02-05 09:31:28,854 [INFO] ThirdParty:1030 - CMSIS Pack Vendor :STMicroelectronics X-CUBE-ISPU 2.0.0
2026-02-05 09:31:28,854 [INFO] ThirdParty:1030 - CMSIS Pack Vendor :STMicroelectronics X-CUBE-EEPRMA1 5.1.0
2026-02-05 09:31:28,855 [INFO] ThirdParty:1030 - CMSIS Pack Vendor :STMicroelectronics MBEDTLS 2.16.2
2026-02-05 09:31:28,855 [INFO] ThirdParty:1030 - CMSIS Pack Vendor :STMicroelectronics X-CUBE-IPS 3.1.0
2026-02-05 09:31:28,855 [INFO] ThirdParty:1030 - CMSIS Pack Vendor :STMicroelectronics X-CUBE-ALS 1.0.2
2026-02-05 09:31:28,855 [INFO] ThirdParty:1030 - CMSIS Pack Vendor :emotas I-CUBE-CANOPEN 1.1.2
2026-02-05 09:31:28,855 [INFO] ThirdParty:1030 - CMSIS Pack Vendor :STMicroelectronics X-CUBE-MEMS1 10.0.0
2026-02-05 09:31:28,855 [INFO] ThirdParty:1030 - CMSIS Pack Vendor :STMicroelectronics X-CUBE-FREERTOS 1.1.0
2026-02-05 09:31:28,855 [INFO] ThirdParty:1030 - CMSIS Pack Vendor :STMicroelectronics X-CUBE-AZRTOS-F7 1.0.0
2026-02-05 09:31:28,855 [INFO] ThirdParty:1030 - CMSIS Pack Vendor :STMicroelectronics X-CUBE-TOUCHGFX 4.24.2
2026-02-05 09:31:28,855 [INFO] ThirdParty:1030 - CMSIS Pack Vendor :STMicroelectronics X-CUBE-AZRTOS-WL 1.0.0
2026-02-05 09:31:28,855 [INFO] ThirdParty:1030 - CMSIS Pack Vendor :STMicroelectronics X-CUBE-MEMS1 9.1.0
2026-02-05 09:31:28,855 [INFO] ThirdParty:1030 - CMSIS Pack Vendor :wolfSSL I-CUBE-wolfTPM 3.4.0
2026-02-05 09:31:28,855 [INFO] ThirdParty:1030 - CMSIS Pack Vendor :portGmbH I-Cube-SoM-uGOAL 1.1.0
2026-02-05 09:31:28,855 [INFO] ThirdParty:1030 - CMSIS Pack Vendor :STMicroelectronics X-CUBE-ALS 1.0.1
2026-02-05 09:31:28,855 [INFO] ThirdParty:1030 - CMSIS Pack Vendor :STMicroelectronics X-CUBE-NFC6 3.2.0
2026-02-05 09:31:28,855 [INFO] ThirdParty:1030 - CMSIS Pack Vendor :STMicroelectronics X-CUBE-MEMS1 9.5.0
2026-02-05 09:31:28,855 [INFO] ThirdParty:1030 - CMSIS Pack Vendor :STMicroelectronics X-CUBE-AI 10.2.0
2026-02-05 09:31:28,855 [INFO] ThirdParty:1030 - CMSIS Pack Vendor :STMicroelectronics ThreadX 1.0.0
2026-02-05 09:31:28,855 [INFO] ThirdParty:1030 - CMSIS Pack Vendor :STMicroelectronics X-CUBE-AZRTOS-WB 1.1.0
2026-02-05 09:31:28,855 [INFO] ThirdParty:1030 - CMSIS Pack Vendor :SEGGER I-CUBE-embOS 1.3.1
2026-02-05 09:31:28,855 [INFO] ThirdParty:1030 - CMSIS Pack Vendor :STMicroelectronics X-CUBE-ALGOBUILD 1.4.0
2026-02-05 09:31:28,855 [INFO] ThirdParty:1030 - CMSIS Pack Vendor :STMicroelectronics X-CUBE-AZRTOS-L5 1.0.0
2026-02-05 09:31:28,855 [INFO] ThirdParty:1030 - CMSIS Pack Vendor :STMicroelectronics X-CUBE-EEPRMA1 3.1.0
2026-02-05 09:31:28,855 [INFO] ThirdParty:1030 - CMSIS Pack Vendor :STMicroelectronics X-CUBE-EEPRMA1 3.1.1
2026-02-05 09:31:28,855 [INFO] ThirdParty:1030 - CMSIS Pack Vendor :STMicroelectronics X-CUBE-AZRTOS-H7RS 1.0.0
2026-02-05 09:31:28,855 [INFO] ThirdParty:1030 - CMSIS Pack Vendor :STMicroelectronics X-CUBE-GNSS1 5.2.0
2026-02-05 09:31:28,855 [INFO] ThirdParty:1030 - CMSIS Pack Vendor :STMicroelectronics FP-ATR-ASTRA1 2.0.0
2026-02-05 09:31:28,855 [INFO] ThirdParty:1030 - CMSIS Pack Vendor :STMicroelectronics X-CUBE-TOF1 3.4.2
2026-02-05 09:31:28,855 [INFO] ThirdParty:1030 - CMSIS Pack Vendor :STMicroelectronics X-CUBE-TOF1 3.4.3
2026-02-05 09:31:28,856 [INFO] ThirdParty:1030 - CMSIS Pack Vendor :STMicroelectronics X-CUBE-DISPLAY 2.0.1
2026-02-05 09:31:28,856 [INFO] ThirdParty:1030 - CMSIS Pack Vendor :STMicroelectronics X-CUBE-TOF1 3.4.0
2026-02-05 09:31:28,856 [INFO] ThirdParty:1030 - CMSIS Pack Vendor :STMicroelectronics X-CUBE-TOF1 3.4.1
2026-02-05 09:31:28,856 [INFO] ThirdParty:1030 - CMSIS Pack Vendor :STMicroelectronics X-CUBE-AZRTOS-H7 3.2.0
2026-02-05 09:31:28,856 [INFO] ThirdParty:1030 - CMSIS Pack Vendor :STMicroelectronics X-CUBE-TOF1 3.0.0
2026-02-05 09:31:28,856 [INFO] ThirdParty:1030 - CMSIS Pack Vendor :wolfSSL I-CUBE-wolfSSH 1.4.17
2026-02-05 09:31:28,856 [INFO] ThirdParty:841 - exiting critical section [change project]
2026-02-05 09:31:29,264 [INFO] PinOutPanel:1589 - setPackage(No Configuration,No Configuration)
2026-02-05 09:31:29,265 [INFO] PinOutPanel:1589 - setPackage(STM32L476RGTx,LQFP64)
2026-02-05 09:31:29,929 [INFO] UtilMem:75 - Before build in PCC Used Memory: 988184000 Bytes (1073741824)
2026-02-05 09:31:30,609 [INFO] UtilMem:75 - After build in PCC Used Memory: 873889216 Bytes (1073741824)
2026-02-05 09:31:30,642 [INFO] IPUIPlugin:80 - create IPUIPlugin
2026-02-05 09:31:30,642 [INFO] IPUIPlugin:80 - create IPUIPlugin
2026-02-05 09:31:30,642 [INFO] IPUIPlugin:80 - create IPUIPlugin
2026-02-05 09:31:30,642 [INFO] IPUIPlugin:80 - create IPUIPlugin
2026-02-05 09:31:30,642 [INFO] IPUIPlugin:80 - create IPUIPlugin
2026-02-05 09:31:30,642 [INFO] IPUIPlugin:80 - create IPUIPlugin
2026-02-05 09:31:30,643 [INFO] IPUIPlugin:80 - create IPUIPlugin
2026-02-05 09:31:30,645 [INFO] IPUIPlugin:80 - create IPUIPlugin
2026-02-05 09:31:30,645 [INFO] IPUIPlugin:80 - create IPUIPlugin
2026-02-05 09:31:30,645 [INFO] IPUIPlugin:80 - create IPUIPlugin
2026-02-05 09:31:30,645 [INFO] IPUIPlugin:80 - create IPUIPlugin
2026-02-05 09:31:30,645 [INFO] IPUIPlugin:80 - create IPUIPlugin
2026-02-05 09:31:30,645 [INFO] IPUIPlugin:80 - create IPUIPlugin
2026-02-05 09:31:30,645 [INFO] IPUIPlugin:80 - create IPUIPlugin
2026-02-05 09:31:30,646 [INFO] IPUIPlugin:80 - create IPUIPlugin
2026-02-05 09:31:30,646 [INFO] IPUIPlugin:80 - create IPUIPlugin
2026-02-05 09:31:30,646 [INFO] IPUIPlugin:80 - create IPUIPlugin
2026-02-05 09:31:30,646 [INFO] IPUIPlugin:80 - create IPUIPlugin
2026-02-05 09:31:30,646 [INFO] IPUIPlugin:80 - create IPUIPlugin
2026-02-05 09:31:30,646 [INFO] IPUIPlugin:80 - create IPUIPlugin
2026-02-05 09:31:30,647 [INFO] IPUIPlugin:80 - create IPUIPlugin
2026-02-05 09:31:30,647 [INFO] IPUIPlugin:80 - create IPUIPlugin
2026-02-05 09:31:30,647 [INFO] IPUIPlugin:80 - create IPUIPlugin
2026-02-05 09:31:30,647 [INFO] IPUIPlugin:80 - create IPUIPlugin
2026-02-05 09:31:30,647 [INFO] IPUIPlugin:80 - create IPUIPlugin
2026-02-05 09:31:30,647 [INFO] IPUIPlugin:80 - create IPUIPlugin
2026-02-05 09:31:30,648 [INFO] IPUIPlugin:80 - create IPUIPlugin
2026-02-05 09:31:30,648 [INFO] IPUIPlugin:80 - create IPUIPlugin
2026-02-05 09:31:30,648 [INFO] IPUIPlugin:80 - create IPUIPlugin
2026-02-05 09:31:30,648 [INFO] IPUIPlugin:80 - create IPUIPlugin
2026-02-05 09:31:30,648 [INFO] IPUIPlugin:80 - create IPUIPlugin
2026-02-05 09:31:30,649 [INFO] IPUIPlugin:80 - create IPUIPlugin
2026-02-05 09:31:30,649 [INFO] IPUIPlugin:80 - create IPUIPlugin
2026-02-05 09:31:30,649 [INFO] IPUIPlugin:80 - create IPUIPlugin
2026-02-05 09:31:30,649 [INFO] IPUIPlugin:80 - create IPUIPlugin
2026-02-05 09:31:30,649 [INFO] IPUIPlugin:80 - create IPUIPlugin
2026-02-05 09:31:30,650 [INFO] IPUIPlugin:80 - create IPUIPlugin
2026-02-05 09:31:30,650 [INFO] IPUIPlugin:80 - create IPUIPlugin
2026-02-05 09:31:30,650 [INFO] IPUIPlugin:80 - create IPUIPlugin
2026-02-05 09:31:30,650 [INFO] IPUIPlugin:80 - create IPUIPlugin
2026-02-05 09:31:30,652 [INFO] IPUIPlugin:80 - create IPUIPlugin
2026-02-05 09:31:30,652 [INFO] IPUIPlugin:80 - create IPUIPlugin
2026-02-05 09:31:30,653 [INFO] IPUIPlugin:80 - create IPUIPlugin
2026-02-05 09:31:30,653 [INFO] IPUIPlugin:80 - create IPUIPlugin
2026-02-05 09:31:30,653 [INFO] IPUIPlugin:80 - create IPUIPlugin
2026-02-05 09:31:30,653 [INFO] IPUIPlugin:80 - create IPUIPlugin
2026-02-05 09:31:30,654 [INFO] IPUIPlugin:80 - create IPUIPlugin
2026-02-05 09:31:30,654 [INFO] IPUIPlugin:80 - create IPUIPlugin
2026-02-05 09:31:30,654 [INFO] IPUIPlugin:80 - create IPUIPlugin
2026-02-05 09:31:30,655 [INFO] IPUIPlugin:80 - create IPUIPlugin
2026-02-05 09:31:30,655 [INFO] IPUIPlugin:80 - create IPUIPlugin
2026-02-05 09:31:30,655 [INFO] IPUIPlugin:80 - create IPUIPlugin
2026-02-05 09:31:30,655 [INFO] IPUIPlugin:80 - create IPUIPlugin
2026-02-05 09:31:30,656 [INFO] IPUIPlugin:80 - create IPUIPlugin
2026-02-05 09:31:30,656 [INFO] IPUIPlugin:80 - create IPUIPlugin
2026-02-05 09:31:30,656 [INFO] IPUIPlugin:80 - create IPUIPlugin
2026-02-05 09:31:30,657 [INFO] IPUIPlugin:80 - create IPUIPlugin
2026-02-05 09:31:30,657 [INFO] IPUIPlugin:80 - create IPUIPlugin
2026-02-05 09:31:30,657 [INFO] IPUIPlugin:80 - create IPUIPlugin
2026-02-05 09:31:30,824 [INFO] CADModel:165 - CPN selected for project levelSTM32L476RGT3
2026-02-05 09:31:30,824 [INFO] CADModel:114 - Register for checkConnection events
2026-02-05 09:31:30,878 [INFO] OpenFileManager:385 - Restore cursor
2026-02-05 09:31:31,454 [INFO] UtilMem:75 - End SaveConfig() Used Memory: 860121736 Bytes (1073741824)
2026-02-05 09:31:31,599 [INFO] UtilMem:75 - End SaveConfig() Used Memory: 894029920 Bytes (1073741824)
2026-02-05 09:31:31,971 [INFO] BlockDiagram:2775 - set Specific Code input for plugin: SYS
2026-02-05 09:31:31,971 [INFO] BlockDiagram:2775 - set Specific Code input for plugin: RCC
2026-02-05 09:31:31,971 [INFO] BlockDiagram:2775 - set Specific Code input for plugin: NVIC
2026-02-05 09:31:31,971 [INFO] BlockDiagram:2775 - set Specific Code input for plugin: USART
2026-02-05 09:31:31,971 [INFO] BlockDiagram:2775 - set Specific Code input for plugin: GPIO
2026-02-05 09:31:31,972 [INFO] CodeGenerator:882 - code generatio: config db path: C:\ST\STM32CubeIDE_1.17.0\STM32CubeIDE\plugins\com.st.stm32cube.common.mx_6.14.0.202502271554\\db\
2026-02-05 09:31:32,080 [INFO] CodeEngine:263 - oldGeneratedFile, C:\Users\G45\Documents\DUBOSCLARD_LOZANO\BP-LED\MXTmpFiles\license.tmp_save
2026-02-05 09:31:32,406 [INFO] CodeEngine:287 - Generated code: C:\Users\G45\Documents\DUBOSCLARD_LOZANO\BP-LED\MXTmpFiles\license.tmp
2026-02-05 09:31:32,479 [INFO] CodeEngine:263 - oldGeneratedFile, C:\Users\G45\Documents\DUBOSCLARD_LOZANO\BP-LED\MXTmpFiles\gpio.tmp_save
2026-02-05 09:31:32,686 [INFO] CodeEngine:287 - Generated code: C:\Users\G45\Documents\DUBOSCLARD_LOZANO\BP-LED\MXTmpFiles\gpio.tmp
2026-02-05 09:31:32,772 [INFO] CodeEngine:263 - oldGeneratedFile, C:\Users\G45\Documents\DUBOSCLARD_LOZANO\BP-LED\Core\Src\stm32l4xx_it.c_save
2026-02-05 09:31:33,074 [INFO] CodeEngine:287 - Generated code: C:\Users\G45\Documents\DUBOSCLARD_LOZANO\BP-LED\Core\Src\stm32l4xx_it.c
2026-02-05 09:31:33,080 [INFO] CodeEngine:263 - oldGeneratedFile, C:\Users\G45\Documents\DUBOSCLARD_LOZANO\BP-LED\Core\Inc\stm32l4xx_it.h_save
2026-02-05 09:31:33,216 [INFO] CodeEngine:287 - Generated code: C:\Users\G45\Documents\DUBOSCLARD_LOZANO\BP-LED\Core\Inc\stm32l4xx_it.h
2026-02-05 09:31:33,231 [INFO] CodeEngine:263 - oldGeneratedFile, C:\Users\G45\Documents\DUBOSCLARD_LOZANO\BP-LED\Core\Src\stm32l4xx_hal_msp.c_save
2026-02-05 09:31:33,425 [INFO] CodeEngine:287 - Generated code: C:\Users\G45\Documents\DUBOSCLARD_LOZANO\BP-LED\Core\Src\stm32l4xx_hal_msp.c
2026-02-05 09:31:33,431 [INFO] CodeEngine:263 - oldGeneratedFile, C:\Users\G45\Documents\DUBOSCLARD_LOZANO\BP-LED\MXTmpFiles\system.tmp_save
2026-02-05 09:31:33,507 [INFO] CodeEngine:287 - Generated code: C:\Users\G45\Documents\DUBOSCLARD_LOZANO\BP-LED\MXTmpFiles\system.tmp
2026-02-05 09:31:33,519 [INFO] CodeEngine:319 - oldGeneratedFile, C:\Users\G45\Documents\DUBOSCLARD_LOZANO\BP-LED\Core\Inc\stm32l4xx_hal_conf.h_save
2026-02-05 09:31:33,706 [INFO] CodeEngine:343 - Generated code: C:\Users\G45\Documents\DUBOSCLARD_LOZANO\BP-LED\Core\Inc\stm32l4xx_hal_conf.h
2026-02-05 09:31:33,778 [INFO] ApiDbMcu:508 - Load IP Config File for USART2
2026-02-05 09:31:33,784 [INFO] ApiDbMcu:508 - Load IP Config File for RCC
2026-02-05 09:31:33,793 [INFO] CodeEngine:263 - oldGeneratedFile, C:\Users\G45\Documents\DUBOSCLARD_LOZANO\BP-LED\Core\Inc\main.h_save
2026-02-05 09:31:33,976 [INFO] CodeEngine:287 - Generated code: C:\Users\G45\Documents\DUBOSCLARD_LOZANO\BP-LED\Core\Inc\main.h
2026-02-05 09:31:33,982 [INFO] CodeEngine:263 - oldGeneratedFile, C:\Users\G45\Documents\DUBOSCLARD_LOZANO\BP-LED\Core\Src\main.c_save
2026-02-05 09:31:34,133 [INFO] CodeEngine:287 - Generated code: C:\Users\G45\Documents\DUBOSCLARD_LOZANO\BP-LED\Core\Src\main.c
2026-02-05 09:31:34,626 [INFO] ProjectBuilder:3324 - Time for Copy HAL[1] : 201mS.
2026-02-05 09:31:34,635 [INFO] ProjectBuilder:4912 - Project Generator version: 4.6.0-B36
2026-02-05 09:31:34,804 [INFO] ConfigFileManager:1590 - The Die is : DIE415
2026-02-05 09:31:34,807 [INFO] ApiDbMcu:508 - Load IP Config File for FATFS
2026-02-05 09:31:34,812 [INFO] ApiDbMcu:508 - Load IP Config File for FREERTOS
2026-02-05 09:31:34,830 [INFO] ApiDbMcu:508 - Load IP Config File for TOUCHSENSING
2026-02-05 09:31:34,837 [INFO] ApiDbMcu:508 - Load IP Config File for USB_DEVICE
2026-02-05 09:31:34,842 [INFO] ApiDbMcu:508 - Load IP Config File for USB_HOST
2026-02-05 09:31:37,521 [INFO] ProjectBuilder:5191 - Time for Generating toolchain IDE Files: 2886mS.
2026-02-05 09:31:37,522 [INFO] ProjectBuilder:3181 - Time for Copy CMSIS : 0mS.
2026-02-05 09:31:37,524 [INFO] ProjectBuilder:3181 - Time for Copy CMSIS : 0mS.
2026-02-05 09:31:38,331 [INFO] McuFinderGlobals:76 - Set McuFinderConnectedMode to true
2026-02-05 09:31:38,334 [INFO] ApiDb:448 - Save user favorites file C:\Users\G45/.stm32cubeide/favorites.mcus.txt: 0 item(s)
2026-02-05 09:31:38,334 [INFO] ApiDb:452 - User favorites MCUs=[]
2026-02-05 09:31:38,336 [INFO] ApiDb:448 - Save user favorites file C:\Users\G45/.stm32cubeide/favorites.boards.txt: 1 item(s)
2026-02-05 09:31:38,336 [INFO] ApiDb:452 - User favorites Boards=[NUCLEO-L476RG]
2026-02-05 09:35:57,046 [INFO] CADModel:198 - CPN selected (Project mode): STM32L476RGT3
2026-02-05 09:35:57,050 [INFO] CADModel:200 - Internet connection configuration mode: 1
2026-02-05 09:35:57,051 [INFO] CADModel:203 - rpn retrievedSTM32L476RG
2026-02-05 09:35:57,078 [INFO] WebAppUi:325 - Instantiating new browser for Project
2026-02-05 09:35:57,321 [INFO] WebAppUi:1224 - Register for checkConnection events
2026-02-05 09:35:57,321 [INFO] WebAppUi:1259 - Apply proxy settings
2026-02-05 09:35:57,322 [INFO] WebAppUi:1297 - Chromium requires no authentication
2026-02-05 09:35:57,322 [INFO] WebAppUi:1283 - Direct internet connection detected
2026-02-05 09:35:57,335 [INFO] WebAppUi:1155 - Web application path used C:\ST\STM32CubeIDE_1.17.0\STM32CubeIDE\plugins\com.st.stm32cube.common.mx_6.14.0.202502271554\db\plugins\mcufinder\reactClient\index.html
2026-02-05 09:35:57,397 [INFO] WebAppUi:927 - Path where api_config.json is located C:\Users\G45\.stmcufinder\plugins\mcufinder//mcu/api_config.json
2026-02-05 09:35:57,398 [INFO] WebAppUi:928 - Setting api config in window object
2026-02-05 09:35:57,452 [INFO] WebAppUi:936 - Path where cad_preferences.json is located C:\Users\G45/.stm32cubeide/
2026-02-05 09:35:57,452 [INFO] WebAppUi:937 - Setting consent info in window object
2026-02-05 09:35:58,541 [INFO] WebAppUi:832 - Allow Downloads
2026-02-05 09:35:58,544 [INFO] WebAppUi:325 - Instantiating new browser for Finder
2026-02-05 09:35:58,741 [INFO] WebAppUi:1224 - Register for checkConnection events
2026-02-05 09:35:58,742 [INFO] WebAppUi:1259 - Apply proxy settings
2026-02-05 09:35:58,742 [INFO] WebAppUi:1297 - Chromium requires no authentication
2026-02-05 09:35:58,745 [INFO] WebAppUi:1283 - Direct internet connection detected
2026-02-05 09:35:58,751 [INFO] WebAppUi:1155 - Web application path used C:\ST\STM32CubeIDE_1.17.0\STM32CubeIDE\plugins\com.st.stm32cube.common.mx_6.14.0.202502271554\db\plugins\mcufinder\reactClient\index.html
2026-02-05 09:35:58,768 [INFO] WebAppUi:927 - Path where api_config.json is located C:\Users\G45\.stmcufinder\plugins\mcufinder//mcu/api_config.json
2026-02-05 09:35:58,769 [INFO] WebAppUi:928 - Setting api config in window object
2026-02-05 09:35:58,805 [INFO] WebAppUi:936 - Path where cad_preferences.json is located C:\Users\G45/.stm32cubeide/
2026-02-05 09:35:58,805 [INFO] WebAppUi:937 - Setting consent info in window object
2026-02-05 09:35:58,833 [INFO] WebAppUi:1089 - Web application message: [UlApiManager component] Connected to Ultra Librarian SSO
2026-02-05 09:35:58,833 [INFO] WebAppUi:1089 - Web application message: [UlApiManager component] Connected to Ultra Librarian API
2026-02-05 09:35:59,157 [INFO] WebAppUi:832 - Allow Downloads
2026-02-05 09:35:59,158 [INFO] WebAppUi:653 - RPN selected STM32L476RG
2026-02-05 09:35:59,158 [INFO] WebAppUi:654 - RefName selected STM32L476RGTx
2026-02-05 09:35:59,158 [INFO] WebAppUi:655 - CPN selected STM32L476RGT3
2026-02-05 09:35:59,167 [INFO] WebAppUi:818 - Which Bigleton in use 2 and which CPN is about STM32L476RGT3
2026-02-05 09:35:59,172 [INFO] WebAppUi:692 - Have injected Javascript into web application
2026-02-05 09:35:59,173 [INFO] WebAppUiContainer:153 - Web application run mode: Project CPN: STM32L476RGT3
2026-02-05 09:35:59,409 [INFO] WebAppUi:1089 - Web application message: [UlApiManager component] Connecting to SSO
2026-02-05 09:36:00,301 [INFO] WebAppUi:1089 - Web application message: [UlApiManager component] Connected to Ultra Librarian SSO
2026-02-05 09:36:00,305 [INFO] WebAppUi:1089 - Web application message: [UlApiManager component] Connected to Ultra Librarian API
2026-02-05 09:36:01,386 [INFO] WebAppUi:927 - Path where api_config.json is located C:\Users\G45\.stmcufinder\plugins\mcufinder//mcu/api_config.json
2026-02-05 09:36:01,386 [INFO] WebAppUi:928 - Setting api config in window object
2026-02-05 09:36:01,423 [INFO] WebAppUi:936 - Path where cad_preferences.json is located C:\Users\G45/.stm32cubeide/
2026-02-05 09:36:01,423 [INFO] WebAppUi:937 - Setting consent info in window object
2026-02-05 09:36:02,546 [INFO] WebAppUi:1089 - Web application message: THREE.WebGLRenderer 101
2026-02-05 09:37:20,841 [INFO] UtilMem:75 - End SaveConfig() Used Memory: 775329440 Bytes (1073741824)
2026-02-05 09:37:24,350 [INFO] UtilMem:75 - End SaveConfig() Used Memory: 811841480 Bytes (1073741824)
2026-02-05 09:37:26,751 [INFO] UtilMem:75 - End SaveConfig() Used Memory: 872658888 Bytes (1073741824)
2026-02-05 09:37:27,060 [INFO] BlockDiagram:2775 - set Specific Code input for plugin: SYS
2026-02-05 09:37:27,060 [INFO] BlockDiagram:2775 - set Specific Code input for plugin: RCC
2026-02-05 09:37:27,060 [INFO] BlockDiagram:2775 - set Specific Code input for plugin: NVIC
2026-02-05 09:37:27,060 [INFO] BlockDiagram:2775 - set Specific Code input for plugin: USART
2026-02-05 09:37:27,060 [INFO] BlockDiagram:2775 - set Specific Code input for plugin: GPIO
2026-02-05 09:37:27,061 [INFO] CodeGenerator:882 - code generatio: config db path: C:\ST\STM32CubeIDE_1.17.0\STM32CubeIDE\plugins\com.st.stm32cube.common.mx_6.14.0.202502271554\\db\
2026-02-05 09:37:27,199 [INFO] CodeEngine:263 - oldGeneratedFile, C:\Users\G45\Documents\DUBOSCLARD_LOZANO\BP-LED\MXTmpFiles\license.tmp_save
2026-02-05 09:37:27,544 [INFO] CodeEngine:287 - Generated code: C:\Users\G45\Documents\DUBOSCLARD_LOZANO\BP-LED\MXTmpFiles\license.tmp
2026-02-05 09:37:27,623 [INFO] CodeEngine:263 - oldGeneratedFile, C:\Users\G45\Documents\DUBOSCLARD_LOZANO\BP-LED\Core\Src\gpio.c_save
2026-02-05 09:37:27,851 [INFO] CodeEngine:287 - Generated code: C:\Users\G45\Documents\DUBOSCLARD_LOZANO\BP-LED\Core\Src\gpio.c
2026-02-05 09:37:27,859 [INFO] CodeEngine:263 - oldGeneratedFile, C:\Users\G45\Documents\DUBOSCLARD_LOZANO\BP-LED\Core\Inc\gpio.h_save
2026-02-05 09:37:28,011 [INFO] CodeEngine:287 - Generated code: C:\Users\G45\Documents\DUBOSCLARD_LOZANO\BP-LED\Core\Inc\gpio.h
2026-02-05 09:37:28,309 [INFO] CodeEngine:263 - oldGeneratedFile, C:\Users\G45\Documents\DUBOSCLARD_LOZANO\BP-LED\Core\Src\usart.c_save
2026-02-05 09:37:28,571 [INFO] CodeEngine:287 - Generated code: C:\Users\G45\Documents\DUBOSCLARD_LOZANO\BP-LED\Core\Src\usart.c
2026-02-05 09:37:28,578 [INFO] CodeEngine:263 - oldGeneratedFile, C:\Users\G45\Documents\DUBOSCLARD_LOZANO\BP-LED\Core\Inc\usart.h_save
2026-02-05 09:37:28,742 [INFO] CodeEngine:287 - Generated code: C:\Users\G45\Documents\DUBOSCLARD_LOZANO\BP-LED\Core\Inc\usart.h
2026-02-05 09:37:28,772 [INFO] CodeEngine:263 - oldGeneratedFile, C:\Users\G45\Documents\DUBOSCLARD_LOZANO\BP-LED\Core\Src\stm32l4xx_it.c_save
2026-02-05 09:37:29,133 [INFO] CodeEngine:287 - Generated code: C:\Users\G45\Documents\DUBOSCLARD_LOZANO\BP-LED\Core\Src\stm32l4xx_it.c
2026-02-05 09:37:29,141 [INFO] CodeEngine:263 - oldGeneratedFile, C:\Users\G45\Documents\DUBOSCLARD_LOZANO\BP-LED\Core\Inc\stm32l4xx_it.h_save
2026-02-05 09:37:29,247 [INFO] CodeEngine:287 - Generated code: C:\Users\G45\Documents\DUBOSCLARD_LOZANO\BP-LED\Core\Inc\stm32l4xx_it.h
2026-02-05 09:37:29,277 [INFO] CodeEngine:263 - oldGeneratedFile, C:\Users\G45\Documents\DUBOSCLARD_LOZANO\BP-LED\Core\Src\stm32l4xx_hal_msp.c_save
2026-02-05 09:37:29,457 [INFO] CodeEngine:287 - Generated code: C:\Users\G45\Documents\DUBOSCLARD_LOZANO\BP-LED\Core\Src\stm32l4xx_hal_msp.c
2026-02-05 09:37:29,464 [INFO] CodeEngine:263 - oldGeneratedFile, C:\Users\G45\Documents\DUBOSCLARD_LOZANO\BP-LED\MXTmpFiles\system.tmp_save
2026-02-05 09:37:29,547 [INFO] CodeEngine:287 - Generated code: C:\Users\G45\Documents\DUBOSCLARD_LOZANO\BP-LED\MXTmpFiles\system.tmp
2026-02-05 09:37:29,589 [INFO] CodeEngine:319 - oldGeneratedFile, C:\Users\G45\Documents\DUBOSCLARD_LOZANO\BP-LED\Core\Inc\stm32l4xx_hal_conf.h_save
2026-02-05 09:37:29,766 [INFO] CodeEngine:343 - Generated code: C:\Users\G45\Documents\DUBOSCLARD_LOZANO\BP-LED\Core\Inc\stm32l4xx_hal_conf.h
2026-02-05 09:37:29,857 [INFO] CodeEngine:263 - oldGeneratedFile, C:\Users\G45\Documents\DUBOSCLARD_LOZANO\BP-LED\Core\Inc\main.h_save
2026-02-05 09:37:30,037 [INFO] CodeEngine:287 - Generated code: C:\Users\G45\Documents\DUBOSCLARD_LOZANO\BP-LED\Core\Inc\main.h
2026-02-05 09:37:30,060 [INFO] CodeEngine:263 - oldGeneratedFile, C:\Users\G45\Documents\DUBOSCLARD_LOZANO\BP-LED\Core\Src\main.c_save
2026-02-05 09:37:30,204 [INFO] CodeEngine:287 - Generated code: C:\Users\G45\Documents\DUBOSCLARD_LOZANO\BP-LED\Core\Src\main.c
2026-02-05 09:37:30,911 [INFO] ProjectBuilder:3324 - Time for Copy HAL[1] : 404mS.
2026-02-05 09:37:30,921 [INFO] ProjectBuilder:4912 - Project Generator version: 4.6.0-B36
2026-02-05 09:37:31,093 [INFO] ConfigFileManager:1590 - The Die is : DIE415
2026-02-05 09:37:32,995 [INFO] ProjectBuilder:5191 - Time for Generating toolchain IDE Files: 2074mS.
2026-02-05 09:37:32,996 [INFO] ProjectBuilder:3181 - Time for Copy CMSIS : 0mS.
2026-02-05 09:37:32,999 [INFO] ProjectBuilder:3181 - Time for Copy CMSIS : 0mS.
2026-02-05 09:45:42,072 [INFO] MainUpdater:2872 - connection check result : 10
2026-02-05 09:45:42,142 [INFO] McuFinderGlobals:76 - Set McuFinderConnectedMode to true
2026-02-05 09:45:42,144 [INFO] MultiScanPanel:200 - Auto-refresh data requested => check proxy status ongoing
2026-02-05 09:45:42,145 [INFO] FinderPluginLoader:95 - Searching for filters in installed packs
2026-02-05 09:45:43,549 [INFO] LoadUrlFilesThread:185 - End of LoadServerUrlFiles without Thread
2026-02-05 09:45:43,549 [INFO] DetailPanel:341 - Set advertising image to C:/Users/G45/STM32Cube/Repository/\en.prom-stm32mp21-0126.png
2026-02-05 09:45:53,560 [INFO] MultiScanPanel:200 - Auto-refresh data requested => check proxy status ongoing
2026-02-05 09:45:53,683 [INFO] LoadUrlFilesThread:185 - End of LoadServerUrlFiles without Thread
2026-02-05 09:45:53,683 [INFO] DetailPanel:341 - Set advertising image to C:/Users/G45/STM32Cube/Repository/\en.prom-stm32mp21-0126.png
2026-02-05 09:46:43,533 [INFO] MainUpdater:2872 - connection check result : 10
2026-02-05 09:46:43,533 [INFO] MainUpdater:2872 - connection check result : 10
2026-02-05 09:46:43,556 [INFO] MicroXplorer:468 - Change Database Path : 
2026-02-05 09:46:43,556 [INFO] MicroXplorer:498 - Change Database Version : DB.6.0.140
2026-02-05 09:46:43,598 [ERROR] ProjectManagerView:394 - 
java.lang.NullPointerException: Cannot invoke "javax.swing.JTextField.getText()" because the return value of "java.util.List.get(int)" is null
	at com.st.microxplorer.plugins.projectmanager.gui.ProjectChoiceTab$9.caretUpdate(ProjectChoiceTab.java:2678) ~[filemanager.jar:?]
	at javax.swing.text.JTextComponent.fireCaretUpdate(JTextComponent.java:408) ~[?:?]
	at javax.swing.text.JTextComponent$MutableCaretEvent.fire(JTextComponent.java:4484) ~[?:?]
	at javax.swing.text.JTextComponent$MutableCaretEvent.stateChanged(JTextComponent.java:4506) ~[?:?]
	at javax.swing.text.DefaultCaret.fireStateChanged(DefaultCaret.java:857) ~[?:?]
	at javax.swing.text.DefaultCaret.changeCaretPosition(DefaultCaret.java:1343) ~[?:?]
	at javax.swing.text.DefaultCaret.handleSetDot(DefaultCaret.java:1242) ~[?:?]
	at javax.swing.text.DefaultCaret.setDot(DefaultCaret.java:1223) ~[?:?]
	at javax.swing.text.DefaultCaret$Handler.insertUpdate(DefaultCaret.java:1819) ~[?:?]
	at javax.swing.text.AbstractDocument.fireInsertUpdate(AbstractDocument.java:227) ~[?:?]
	at javax.swing.text.AbstractDocument.handleInsertString(AbstractDocument.java:781) ~[?:?]
	at javax.swing.text.AbstractDocument.insertString(AbstractDocument.java:740) ~[?:?]
	at javax.swing.text.PlainDocument.insertString(PlainDocument.java:131) ~[?:?]
	at javax.swing.text.AbstractDocument.replace(AbstractDocument.java:699) ~[?:?]
	at javax.swing.text.JTextComponent.setText(JTextComponent.java:1725) ~[?:?]
	at com.st.microxplorer.plugins.projectmanager.gui.ProjectChoiceTab.createHeapStackFields(ProjectChoiceTab.java:979) ~[filemanager.jar:?]
	at com.st.microxplorer.plugins.projectmanager.gui.ProjectChoiceTab.buildLinkSettingsPanel(ProjectChoiceTab.java:3766) ~[filemanager.jar:?]
	at com.st.microxplorer.plugins.projectmanager.gui.ProjectChoiceTab.defineWindowsFields(ProjectChoiceTab.java:1962) ~[filemanager.jar:?]
	at com.st.microxplorer.plugins.projectmanager.gui.ProjectChoiceTab.updateSettings(ProjectChoiceTab.java:555) ~[filemanager.jar:?]
	at com.st.microxplorer.plugins.projectmanager.gui.ProjectSettingsPanel.UpdateDialog(ProjectSettingsPanel.java:245) ~[filemanager.jar:?]
	at com.st.microxplorer.plugins.projectmanager.ProjectManagerView.propertyChange(ProjectManagerView.java:391) ~[filemanager.jar:?]
	at java.beans.PropertyChangeSupport.fire(PropertyChangeSupport.java:343) ~[?:?]
	at java.beans.PropertyChangeSupport.firePropertyChange(PropertyChangeSupport.java:335) ~[?:?]
	at java.beans.PropertyChangeSupport.firePropertyChange(PropertyChangeSupport.java:268) ~[?:?]
	at com.st.microxplorer.util.MXPropertyChangeSupport.firePropertyChange(MXPropertyChangeSupport.java:54) ~[STM32CubeMX.jar:?]
	at com.st.microxplorer.mxsystem.MxSystem.closeConfig(MxSystem.java:899) ~[STM32CubeMX.jar:?]
	at com.st.microxplorer.maingui.MainPanel.closeConfig(MainPanel.java:789) ~[STM32CubeMX.jar:?]
	at com.st.microxplorer.plugins.filemanager.engine.OpenFileManager.loadConfigurationFile(OpenFileManager.java:287) ~[filemanager.jar:?]
	at com.st.microxplorer.plugins.filemanager.engine.MainFileManager.userLoadConfig(MainFileManager.java:341) ~[filemanager.jar:?]
	at com.st.microxplorer.plugins.filemanager.FileManagerView.getSpecificTask(FileManagerView.java:250) ~[filemanager.jar:?]
	at com.st.stm32cube.common.mx.editor.CubeMxEditor.getMxTabbedPaneInstance(CubeMxEditor.java:1191) ~[com.st.stm32cube.common.mx_6.14.0.202502271554/:?]
	at com.st.stm32cube.common.mx.editor.CubeMxEditor$12$1.createSwingComponent(CubeMxEditor.java:1068) ~[com.st.stm32cube.common.mx_6.14.0.202502271554/:?]
	at com.st.stm32cube.common.mx.oss.core.awtswtbridge.EmbeddedSwingComposite.doComponentCreation(EmbeddedSwingComposite.java:492) ~[com.st.stm32cube.common.mx.oss_6.14.0.202502271554/:?]
	at com.st.stm32cube.common.mx.oss.core.awtswtbridge.EmbeddedSwingComposite$4.run(EmbeddedSwingComposite.java:291) ~[com.st.stm32cube.common.mx.oss_6.14.0.202502271554/:?]
	at com.st.stm32cube.common.mx.oss.core.awtswtbridge.AwtEnvironment$2.run(AwtEnvironment.java:166) ~[com.st.stm32cube.common.mx.oss_6.14.0.202502271554/:?]
	at java.awt.event.InvocationEvent.dispatch(InvocationEvent.java:318) ~[?:?]
	at java.awt.EventQueue.dispatchEventImpl(EventQueue.java:773) ~[?:?]
	at java.awt.EventQueue$4.run(EventQueue.java:720) ~[?:?]
	at java.awt.EventQueue$4.run(EventQueue.java:714) ~[?:?]
	at java.security.AccessController.doPrivileged(AccessController.java:400) ~[?:?]
	at java.security.ProtectionDomain$JavaSecurityAccessImpl.doIntersectionPrivilege(ProtectionDomain.java:87) ~[?:?]
	at java.awt.EventQueue.dispatchEvent(EventQueue.java:742) ~[?:?]
	at java.awt.EventDispatchThread.pumpOneEventForFilters(EventDispatchThread.java:203) ~[?:?]
	at java.awt.EventDispatchThread.pumpEventsForFilter(EventDispatchThread.java:124) ~[?:?]
	at java.awt.EventDispatchThread.pumpEventsForHierarchy(EventDispatchThread.java:113) ~[?:?]
	at java.awt.EventDispatchThread.pumpEvents(EventDispatchThread.java:109) ~[?:?]
	at java.awt.EventDispatchThread.pumpEvents(EventDispatchThread.java:101) ~[?:?]
	at java.awt.EventDispatchThread.run(EventDispatchThread.java:90) ~[?:?]
2026-02-05 09:46:43,600 [WARN] ThirdParty:871 - waiting for thirdparty lock release [close project]
2026-02-05 09:46:43,600 [INFO] ThirdParty:873 - entering critical section [close project]
2026-02-05 09:46:43,600 [INFO] ThirdParty:883 - exiting critical section [close project]
2026-02-05 09:46:43,602 [INFO] PinOutPanel:1589 - setPackage(No Configuration,No Configuration)
2026-02-05 09:46:43,605 [INFO] CADModel:198 - CPN selected (Project mode): STM32L476RGT3
2026-02-05 09:46:43,605 [INFO] CADModel:200 - Internet connection configuration mode: 1
2026-02-05 09:46:43,605 [INFO] CADModel:203 - rpn retrievedSTM32L476RG
2026-02-05 09:46:43,605 [INFO] WebAppUi:653 - RPN selected STM32L476RG
2026-02-05 09:46:43,605 [INFO] WebAppUi:654 - RefName selected STM32L476RGTx
2026-02-05 09:46:43,605 [INFO] WebAppUi:655 - CPN selected STM32L476RGT3
2026-02-05 09:46:43,633 [INFO] WebAppUi:818 - Which Bigleton in use 2 and which CPN is about STM32L476RGT3
2026-02-05 09:46:43,651 [INFO] WebAppUi:692 - Have injected Javascript into web application
2026-02-05 09:46:43,651 [INFO] WebAppUiContainer:153 - Web application run mode: Project CPN: STM32L476RGT3
2026-02-05 09:46:43,681 [INFO] UtilMem:75 - Begin LoadConfig() Used Memory: 926515696 Bytes (1073741824)
2026-02-05 09:46:43,682 [INFO] OpenFileManager:354 - Change cursor
2026-02-05 09:46:43,745 [INFO] RulesReader:64 - Compatibility file has been processed (301 Rules)
2026-02-05 09:46:43,749 [INFO] ProjectFactory:442 - No CPN specified for board NUCLEO-L476RG => set CPN to STM32L476RGT3
2026-02-05 09:46:43,749 [INFO] Mcu:2011 - Initializing MCU STM32L476R(C-E-G)Tx STM32L476RGTx STM32L476RGT3
2026-02-05 09:46:46,492 [INFO] Context:756 - Trying to add GPIOservice into a context  which must be forbidden
2026-02-05 09:46:47,383 [INFO] Rule:224 - rule 117617 - U5Cobra4M][GTZC] default value MPCBB3 and MPCBB5 - Not Secured memory - MPCBB1 is applicable
2026-02-05 09:46:47,384 [INFO] Rule:224 - rule 117617 - U5Cobra4M][GTZC] default value MPCBB3 and MPCBB5 - Not Secured memory - MPCBB1 is applicable
2026-02-05 09:46:47,384 [INFO] Rule:224 - rule 117617 - U5Cobra4M][GTZC] default value MPCBB3 and MPCBB5 - Not Secured memory - MPCBB2 is applicable
2026-02-05 09:46:47,384 [INFO] Rule:224 - rule 117617 - U5Cobra4M][GTZC] default value MPCBB3 and MPCBB5 - Not Secured memory - MPCBB2 is applicable
2026-02-05 09:46:47,384 [INFO] Rule:224 - rule 117617 - U5Cobra4M][GTZC] default value MPCBB3 and MPCBB5 - Not Secured memory - MPCBB3 is applicable
2026-02-05 09:46:47,384 [INFO] Rule:224 - rule 117617 - U5Cobra4M][GTZC] default value MPCBB3 and MPCBB5 - Not Secured memory - MPCBB3 is applicable
2026-02-05 09:46:47,384 [INFO] Rule:224 - rule 117617 - U5Cobra4M][GTZC] default value MPCBB3 and MPCBB5 - Not Secured memory - MPCBB4 is applicable
2026-02-05 09:46:47,384 [INFO] Rule:224 - rule 117617 - U5Cobra4M][GTZC] default value MPCBB3 and MPCBB5 - Not Secured memory - MPCBB4 is applicable
2026-02-05 09:46:47,384 [INFO] Rule:224 - rule 117617 - U5Cobra4M][GTZC] default value MPCBB3 and MPCBB5 - Secured memory - MPCBB1 is applicable
2026-02-05 09:46:47,384 [INFO] Rule:224 - rule 117617 - U5Cobra4M][GTZC] default value MPCBB3 and MPCBB5 - Secured memory - MPCBB2 is applicable
2026-02-05 09:46:47,384 [INFO] Rule:224 - rule 117617 - U5Cobra4M][GTZC] default value MPCBB3 and MPCBB5 - Secured memory - MPCBB3 is applicable
2026-02-05 09:46:47,384 [INFO] Rule:224 - rule 117617 - U5Cobra4M][GTZC] default value MPCBB3 and MPCBB5 - Secured memory - MPCBB4 is applicable
2026-02-05 09:46:47,384 [INFO] Rule:224 - rule 117617 - U5Cobra4M][GTZC] default value MPCBB3 and MPCBB5 - Privileged memory - MPCBB1 is applicable
2026-02-05 09:46:47,384 [INFO] Rule:224 - rule 117617 - U5Cobra4M][GTZC] default value MPCBB3 and MPCBB5 - Privileged memory - MPCBB2 is applicable
2026-02-05 09:46:47,384 [INFO] Rule:224 - rule 117617 - U5Cobra4M][GTZC] default value MPCBB3 and MPCBB5 - Privileged memory - MPCBB3 is applicable
2026-02-05 09:46:47,384 [INFO] Rule:224 - rule 117617 - U5Cobra4M][GTZC] default value MPCBB3 and MPCBB5 - Privileged memory - MPCBB4 is applicable
2026-02-05 09:46:47,384 [INFO] Rule:224 - rule 117617 - U5Cobra4M][GTZC] default value MPCBB3 and MPCBB5 - Not Privileged memory - MPCBB1 is applicable
2026-02-05 09:46:47,384 [INFO] Rule:224 - rule 117617 - U5Cobra4M][GTZC] default value MPCBB3 and MPCBB5 - Not Privileged memory - MPCBB2 is applicable
2026-02-05 09:46:47,384 [INFO] Rule:224 - rule 117617 - U5Cobra4M][GTZC] default value MPCBB3 and MPCBB5 - Not Privileged memory - MPCBB3 is applicable
2026-02-05 09:46:47,384 [INFO] Rule:224 - rule 117617 - U5Cobra4M][GTZC] default value MPCBB3 and MPCBB5 - Not Privileged memory - MPCBB4 is applicable
2026-02-05 09:46:47,384 [INFO] Rule:224 - rule 117617 - U5Cobra4M][GTZC] default value MPCBB3 and MPCBB5 - Privileged memory - MPCBB1 is applicable
2026-02-05 09:46:47,384 [INFO] Rule:224 - rule 117617 - U5Cobra4M][GTZC] default value MPCBB3 and MPCBB5 - Privileged memory - MPCBB2 is applicable
2026-02-05 09:46:47,384 [INFO] Rule:224 - rule 117617 - U5Cobra4M][GTZC] default value MPCBB3 and MPCBB5 - Privileged memory - MPCBB3 is applicable
2026-02-05 09:46:47,384 [INFO] Rule:224 - rule 117617 - U5Cobra4M][GTZC] default value MPCBB3 and MPCBB5 - Privileged memory - MPCBB4 is applicable
2026-02-05 09:46:47,385 [INFO] Rule:224 - rule 117617 - U5Cobra4M][GTZC] default value MPCBB3 and MPCBB5 - Privileged memory - MPCBB1 is applicable
2026-02-05 09:46:47,385 [INFO] Rule:224 - rule 117617 - U5Cobra4M][GTZC] default value MPCBB3 and MPCBB5 - Privileged memory - MPCBB2 is applicable
2026-02-05 09:46:47,385 [INFO] Rule:224 - rule 117617 - U5Cobra4M][GTZC] default value MPCBB3 and MPCBB5 - Privileged memory - MPCBB3 is applicable
2026-02-05 09:46:47,385 [INFO] Rule:224 - rule 117617 - U5Cobra4M][GTZC] default value MPCBB3 and MPCBB5 - Privileged memory - MPCBB4 is applicable
2026-02-05 09:46:47,385 [INFO] Rule:224 - rule 117617 - U5Cobra4M][GTZC] default value MPCBB3 and MPCBB5 - Not Privileged memory - MPCBB1 is applicable
2026-02-05 09:46:47,385 [INFO] Rule:224 - rule 117617 - U5Cobra4M][GTZC] default value MPCBB3 and MPCBB5 - Not Privileged memory - MPCBB2 is applicable
2026-02-05 09:46:47,385 [INFO] Rule:224 - rule 117617 - U5Cobra4M][GTZC] default value MPCBB3 and MPCBB5 - Not Privileged memory - MPCBB3 is applicable
2026-02-05 09:46:47,385 [INFO] Rule:224 - rule 117617 - U5Cobra4M][GTZC] default value MPCBB3 and MPCBB5 - Not Privileged memory - MPCBB4 is applicable
2026-02-05 09:46:47,385 [INFO] Rule:224 - rule 117617 - U5Cobra4M][GTZC] default value MPCBB3 and MPCBB5 - Privileged memory - MPCBB1 is applicable
2026-02-05 09:46:47,385 [INFO] Rule:224 - rule 117617 - U5Cobra4M][GTZC] default value MPCBB3 and MPCBB5 - Privileged memory - MPCBB2 is applicable
2026-02-05 09:46:47,385 [INFO] Rule:224 - rule 117617 - U5Cobra4M][GTZC] default value MPCBB3 and MPCBB5 - Privileged memory - MPCBB3 is applicable
2026-02-05 09:46:47,385 [INFO] Rule:224 - rule 117617 - U5Cobra4M][GTZC] default value MPCBB3 and MPCBB5 - Privileged memory - MPCBB4 is applicable
2026-02-05 09:46:47,385 [INFO] Rule:224 - rule Rename SubGHz_Phy SUBGHZ_APPLICATION SUBGHZ_PINGPONG to SUBGHZ_ADV_APPLICATION is applicable
2026-02-05 09:46:47,385 [INFO] Rule:224 - rule Rename Enabled to IBEACON is applicable
2026-02-05 09:46:47,385 [INFO] Rule:224 - rule GTZC_S instance for project manager is applicable
2026-02-05 09:46:47,385 [INFO] Rule:224 - rule GTZC_S instance for context M33S is applicable
2026-02-05 09:46:47,385 [INFO] Rule:224 - rule GTZC_S instance value for IP GTZC is applicable
2026-02-05 09:46:47,385 [INFO] Rule:224 - rule GTZC_S instance for mcu.IP is applicable
2026-02-05 09:46:47,385 [INFO] Rule:224 - rule GTZC_S instance for VP is applicable
2026-02-05 09:46:47,385 [INFO] Rule:224 - rule GTZC_S instance for signal is applicable
2026-02-05 09:46:47,385 [INFO] Rule:224 - rule GTZC_S instance for mcu.Pin is applicable
2026-02-05 09:46:47,385 [INFO] Rule:224 - rule GTZC_S instance for VP is applicable
2026-02-05 09:46:47,385 [INFO] Rule:224 - rule GTZC_S instance for signal is applicable
2026-02-05 09:46:47,385 [INFO] Rule:224 - rule GTZC_S instance for mcu is applicable
2026-02-05 09:46:47,386 [INFO] Rule:224 - rule GTZC_S instance for mcu.Pin is applicable
2026-02-05 09:46:47,386 [INFO] Rule:224 - rule GTZC_S instance value for IP GTZC is applicable
2026-02-05 09:46:47,386 [INFO] Rule:224 - rule GTZC_S instance for project manager is applicable
2026-02-05 09:46:47,386 [INFO] Rule:224 - rule GTZC_S instance for context M33S is applicable
2026-02-05 09:46:47,386 [INFO] Rule:224 - rule GTZC_S instance for VP is applicable
2026-02-05 09:46:47,386 [INFO] Rule:224 - rule GTZC_S instance for signal is applicable
2026-02-05 09:46:47,386 [INFO] Rule:224 - rule SPDIFRX instance for mcu is applicable
2026-02-05 09:46:47,386 [INFO] Rule:224 - rule Rename Tracer Mode is applicable
2026-02-05 09:46:47,386 [INFO] Rule:224 - rule SPDIFRX instance value for IP SPDIFRX is applicable
2026-02-05 09:46:47,386 [INFO] Rule:224 - rule SPDIFRX instance for signal is applicable
2026-02-05 09:46:47,386 [INFO] Rule:224 - rule SPDIFRX instance for project manager is applicable
2026-02-05 09:46:47,386 [INFO] Rule:224 - rule SPDIFRX instance for project manager is applicable
2026-02-05 09:46:47,386 [INFO] Rule:224 - rule ADC Scan  fix with FW F7 is applicable
2026-02-05 09:46:47,386 [INFO] Rule:224 - rule ADC Scan  fix with FW F7 is applicable
2026-02-05 09:46:47,386 [INFO] Rule:224 - rule WakeUp0 Mode is applicable
2026-02-05 09:46:47,386 [INFO] Rule:224 - rule WakeUp0 SIGNAL is applicable
2026-02-05 09:46:47,386 [INFO] Rule:224 - rule WakeUp1 Mode is applicable
2026-02-05 09:46:47,386 [INFO] Rule:224 - rule WakeUp1 SIGNAL is applicable
2026-02-05 09:46:47,386 [INFO] Rule:224 - rule WakeUp2 Mode is applicable
2026-02-05 09:46:47,386 [INFO] Rule:224 - rule WakeUp2 SIGNAL is applicable
2026-02-05 09:46:47,386 [INFO] Rule:224 - rule WakeUp4 Mode is applicable
2026-02-05 09:46:47,386 [INFO] Rule:224 - rule WakeUp4 SIGNAL is applicable
2026-02-05 09:46:47,387 [INFO] Rule:224 - rule WakeUp5 Mode is applicable
2026-02-05 09:46:47,387 [INFO] Rule:224 - rule WakeUp5 SIGNAL is applicable
2026-02-05 09:46:47,387 [INFO] Rule:224 - rule Add RTC Activate Clock Source is applicable
2026-02-05 09:46:47,387 [INFO] Rule:224 - rule Add RTC Activate Calendar 1 is applicable
2026-02-05 09:46:47,387 [INFO] Rule:224 - rule Add RTC Activate Calendar 2 is applicable
2026-02-05 09:46:47,387 [INFO] Rule:224 - rule Add RTC Activate Calendar 3 is applicable
2026-02-05 09:46:47,387 [INFO] Rule:224 - rule UART/USART TX Mode is applicable
2026-02-05 09:46:47,387 [INFO] Rule:224 - rule UART/USART RX Mode is applicable
2026-02-05 09:46:47,387 [INFO] Rule:224 - rule UART/USART RX TX Mode is applicable
2026-02-05 09:46:47,387 [INFO] Rule:224 - rule UART/USART PARITY NONE is applicable
2026-02-05 09:46:47,387 [INFO] Rule:224 - rule UART/USART PARITY EVEN is applicable
2026-02-05 09:46:47,387 [INFO] Rule:224 - rule UART/USART PARITY ODD is applicable
2026-02-05 09:46:47,387 [INFO] Rule:224 - rule USART StopBits 1 is applicable
2026-02-05 09:46:47,387 [INFO] Rule:224 - rule USART StopBits 2 is applicable
2026-02-05 09:46:47,387 [INFO] Rule:224 - rule USART StopBits 1.5 is applicable
2026-02-05 09:46:47,387 [INFO] Rule:224 - rule USART StopBits 0.5 is applicable
2026-02-05 09:46:47,387 [INFO] Rule:224 - rule UART/USART WORD LENGTH 7 is applicable
2026-02-05 09:46:47,387 [INFO] Rule:224 - rule UART/USART WORD LENGTH 8 is applicable
2026-02-05 09:46:47,387 [INFO] Rule:224 - rule UART/USART WORD LENGTH 9 is applicable
2026-02-05 09:46:47,387 [INFO] Rule:224 - rule Rename FMC NAND NCE signal is applicable
2026-02-05 09:46:47,387 [INFO] Rule:224 - rule Rename FMC NAND INT signal is applicable
2026-02-05 09:46:47,387 [INFO] Rule:224 - rule Change Default Value for LSE Drive Capability for WB family is applicable
2026-02-05 09:46:47,387 [INFO] Rule:224 - rule Change Default Value for ADC Clock Prescaler G0 family is applicable
2026-02-05 09:46:47,388 [INFO] Rule:224 - rule Change Default Value for ADC ExternalTrigConv L4 family is applicable
2026-02-05 09:46:47,388 [INFO] Rule:224 - rule Change Default Value for ADC ExternalTrigInjecConv L4 family is applicable
2026-02-05 09:46:47,388 [INFO] Rule:224 - rule Change Default Value for ADC ExternalTrigConv F3 family is applicable
2026-02-05 09:46:47,388 [INFO] Rule:224 - rule Change Default Value for ADC ExternalTrigInjecConv F3 family is applicable
2026-02-05 09:46:47,388 [INFO] Rule:224 - rule Change Default Value for ADC ExternalTrigConv Goldfish serie is applicable
2026-02-05 09:46:47,388 [INFO] Rule:224 - rule Change Default Value for ADC ExternalTrigInjecConv Goldfish serie is applicable
2026-02-05 09:46:47,388 [INFO] Rule:224 - rule Change Default Value for ADC ExternalTrigConv L0 family is applicable
2026-02-05 09:46:47,388 [INFO] Rule:224 - rule Change Default Value for ADC ExternalTrigConv F0 family is applicable
2026-02-05 09:46:47,388 [INFO] Rule:224 - rule Change Default Value for ADC ExternalTrigConvn L1 family is applicable
2026-02-05 09:46:47,388 [INFO] Rule:224 - rule Change Default Value for ADC ExternalTrigInjecConv L1 family is applicable
2026-02-05 09:46:47,388 [INFO] Rule:224 - rule Change Default Value for ADC ExternalTrigConv F1 family is applicable
2026-02-05 09:46:47,388 [INFO] Rule:224 - rule Change Default Value for ADC ExternalTrigInjecConv F1 family is applicable
2026-02-05 09:46:47,388 [INFO] Rule:224 - rule Change Default Value for ADC ExternalTrigConv F7 family is applicable
2026-02-05 09:46:47,388 [INFO] Rule:224 - rule Change Default Value for ADC ExternalTrigInjecConv F7 family is applicable
2026-02-05 09:46:47,388 [INFO] Rule:224 - rule Change Default Value for ADC ExternalTrigConv F4 and F2 family is applicable
2026-02-05 09:46:47,388 [INFO] Rule:224 - rule Change Default Value for ADC ExternalTrigInjecConv F4 and F2 family is applicable
2026-02-05 09:46:47,388 [INFO] Rule:224 - rule ADC SamplingTime fix with FW L0  is applicable
2026-02-05 09:46:47,388 [INFO] Rule:224 - rule ADC SamplingTime fix with FW L0  is applicable
2026-02-05 09:46:47,388 [INFO] Rule:224 - rule ADC SamplingTime fix with FW L0 is applicable
2026-02-05 09:46:47,388 [INFO] Rule:224 - rule ADC SamplingTime fix with FW L0 is applicable
2026-02-05 09:46:47,388 [INFO] Rule:224 - rule ADC SamplingTime fix with FW L0  is applicable
2026-02-05 09:46:47,389 [INFO] Rule:224 - rule ADC SamplingTime fix with FW L0 is applicable
2026-02-05 09:46:47,389 [INFO] Rule:224 - rule Rename USB_OE Signal is applicable
2026-02-05 09:46:47,389 [INFO] Rule:224 - rule Rename Activate_OE Mode is applicable
2026-02-05 09:46:47,389 [INFO] Rule:224 - rule Rename DIE462/DIE415 pin PC14/OSC32_IN -> PC14-OSC32_IN (PC14) is applicable
2026-02-05 09:46:47,389 [INFO] Rule:224 - rule Rename DIE462/DIE415 pin PC15/OSC32_OUT -> PC15-OSC32_OUT (PC15) is applicable
2026-02-05 09:46:47,389 [INFO] Rule:224 - rule Rename DIE462/DIE415 pin PH0/OSC_IN -> PH0-OSC_IN (PH0) is applicable
2026-02-05 09:46:47,390 [INFO] Rule:224 - rule Rename DIE462/DIE415 pin PH1/OSC_OUT -> PH1-OSC_OUT (PH1) is applicable
2026-02-05 09:46:47,390 [INFO] Rule:224 - rule Rename DIE462 pin PA13 -> PA13 (JTMS/SWDIO) is applicable
2026-02-05 09:46:47,390 [INFO] Rule:224 - rule Rename DIE415 pin PA13 -> PA13 (JTMS/SWDIO) is applicable
2026-02-05 09:46:47,390 [INFO] Rule:224 - rule Rename DIE462 pin PA14 -> PA14 (JTCK/SWCLK) is applicable
2026-02-05 09:46:47,390 [INFO] Rule:224 - rule Rename DIE415 pin PA14 -> PA14 (JTCK/SWCLK) is applicable
2026-02-05 09:46:47,390 [INFO] Rule:224 - rule Rename DIE462/DIE415 pin PA15 -> PA15 (JTDI) is applicable
2026-02-05 09:46:47,390 [INFO] Rule:224 - rule Rename DIE462 pin PB3 -> PB3 (JTD0/TRACESWO) is applicable
2026-02-05 09:46:47,390 [INFO] Rule:224 - rule Rename DIE415 pin PB3 -> PB3 (JTD0-TRACESWO) is applicable
2026-02-05 09:46:47,390 [INFO] Rule:224 - rule Rename DIE462/DIE415 pin PB4 -> PB4 (NJTRST) is applicable
2026-02-05 09:46:47,390 [INFO] Rule:224 - rule Rename DIE462 pin PH3/BOOT0 -> PH3-BOOT0 (BOOT0) is applicable
2026-02-05 09:46:47,390 [INFO] Rule:224 - rule Rename CRYP DataEncryptionTypesList to Algorithm is applicable
2026-02-05 09:46:47,390 [INFO] Rule:224 - rule Rename AES DataEncryptionTypesList to Algorithm is applicable
2026-02-05 09:46:47,390 [INFO] Rule:224 - rule Rename TDESECB to CRYP_TDES_ECB is applicable
2026-02-05 09:46:47,390 [INFO] Rule:224 - rule Rename TDESCBC to CRYP_TDES_CBC is applicable
2026-02-05 09:46:47,390 [INFO] Rule:224 - rule Rename DESECB to CRYP_DES_ECB is applicable
2026-02-05 09:46:47,390 [INFO] Rule:224 - rule Rename DESCBC to CRYP_DES_CBC is applicable
2026-02-05 09:46:47,390 [INFO] Rule:224 - rule Rename AESECB to CRYP_AES_ECB is applicable
2026-02-05 09:46:47,390 [INFO] Rule:224 - rule Rename AESCBC to CRYP_AES_CBC is applicable
2026-02-05 09:46:47,390 [INFO] Rule:224 - rule Rename AESCTR to CRYP_AES_CTR is applicable
2026-02-05 09:46:47,390 [INFO] Rule:224 - rule Rename AESGCM to CRYP_AES_GCM is applicable
2026-02-05 09:46:47,390 [INFO] Rule:224 - rule Rename AESCCM to CRYP_AES_CCM is applicable
2026-02-05 09:46:47,390 [INFO] Rule:224 - rule Rename CAN TimeSeg1 to BS1 is applicable
2026-02-05 09:46:47,390 [INFO] Rule:224 - rule Rename CAN TimeSeg2 to BS2 is applicable
2026-02-05 09:46:47,391 [INFO] Rule:224 - rule Rename CAN SyncJumpWidth to SJW is applicable
2026-02-05 09:46:47,391 [INFO] Rule:224 - rule TimeTriggeredMode to TTCM is applicable
2026-02-05 09:46:47,391 [INFO] Rule:224 - rule Rename CAN AutoBusOff to ABOM is applicable
2026-02-05 09:46:47,391 [INFO] Rule:224 - rule Rename CAN AutoWakeUp to AWUM is applicable
2026-02-05 09:46:47,391 [INFO] Rule:224 - rule Rename CAN AutoRetransmission to NART is applicable
2026-02-05 09:46:47,391 [INFO] Rule:224 - rule Rename CAN ReceiveFifoLocked to RFLM is applicable
2026-02-05 09:46:47,391 [INFO] Rule:224 - rule Rename CAN TransmitFifoPriority to TXFP is applicable
2026-02-05 09:46:47,391 [INFO] Rule:224 - rule Rename HRTIMER HRTIM_OUTPUTFAULTLEVEL_HIGH in HRTIMER HRTIM_OUTPUTFAULTLEVEL_HIGHZ is applicable
2026-02-05 09:46:47,391 [INFO] Rule:224 - rule Rename TIMER TIM_CLEARINPUTSOURCE_OCREFCLR in  TIMER TIM_CLEARINPUTSOURCE_NONE for F7 family is applicable
2026-02-05 09:46:47,391 [INFO] Rule:224 - rule FDCAN_R1 - Rename FDCAN mode Master into Classic is applicable
2026-02-05 09:46:47,391 [INFO] Rule:224 - rule FDCAN_R2 - Rename FDCAN mode Slave into Classic is applicable
2026-02-05 09:46:47,391 [INFO] Rule:224 - rule FDCAN1_R3 - if PA10.Mode=FullDuplex, add Pin PA12 is applicable
2026-02-05 09:46:47,391 [INFO] Rule:224 - rule FDCAN1_R3 - if PA9.Mode=FullDuplex, add Pin PA11 is applicable
2026-02-05 09:46:47,391 [INFO] Rule:224 - rule FDCAN1_R3 - Alternatepin_1 - if PE1.Mode=FullDuplex, add Pin PB9 is applicable
2026-02-05 09:46:47,391 [INFO] Rule:224 - rule FDCAN1_R3 - Alternatepin_1 - if PE0.Mode=FullDuplex, add Pin PB8 is applicable
2026-02-05 09:46:47,391 [INFO] Rule:224 - rule FDCAN1_R3 - Alternatepin_2 - if PD5.Mode=FullDuplex, add Pin PD1 is applicable
2026-02-05 09:46:47,391 [INFO] Rule:224 - rule FDCAN1_R3 - Alternatepin_2 - if PD4.Mode=FullDuplex, add Pin PD0 is applicable
2026-02-05 09:46:47,391 [INFO] Rule:224 - rule FDCAN1_R4 - Rename Mode FullDuplex into Enable FDCAN_TXFD for pin PA10 is applicable
2026-02-05 09:46:47,391 [INFO] Rule:224 - rule FDCAN1_R4 - Rename Mode FullDuplex into Enable FDCAN_TXFD for pin PA9 is applicable
2026-02-05 09:46:47,391 [INFO] Rule:224 - rule FDCAN1_R4 - Alternatepin_1 - Rename Mode FullDuplex into Enable FDCAN_TXFD for pin PE1 is applicable
2026-02-05 09:46:47,391 [INFO] Rule:224 - rule FDCAN1_R4 - Alternatepin_1 - Rename Mode FullDuplex into Enable FDCAN_TXFD for pin PE0 is applicable
2026-02-05 09:46:47,391 [INFO] Rule:224 - rule FDCAN1_R4 - Alternatepin_2 - Rename Mode FullDuplex into Enable FDCAN_TXFD for pin PD5 is applicable
2026-02-05 09:46:47,391 [INFO] Rule:224 - rule FDCAN1_R4 - Alternatepin_2 - Rename Mode FullDuplex into Enable FDCAN_TXFD for pin PD4 is applicable
2026-02-05 09:46:47,391 [INFO] Rule:224 - rule FDCAN2_R3 - if PD10.Mode=FullDuplex, add Pin PB13 is applicable
2026-02-05 09:46:47,391 [INFO] Rule:224 - rule FDCAN2_R3 - if PD9.Mode=FullDuplex, add Pin PB12 is applicable
2026-02-05 09:46:47,391 [INFO] Rule:224 - rule FDCAN2_R3 - Alternatepin_1 - if PB7.Mode=FullDuplex, add Pin PB6 is applicable
2026-02-05 09:46:47,392 [INFO] Rule:224 - rule FDCAN2_R3 - Alternatepin_1 - if PD9.Mode=FullDuplex, add Pin PB12 is applicable
2026-02-05 09:46:47,392 [INFO] Rule:224 - rule FDCAN2_R4 - Rename Mode FullDuplex into Enable FDCAN_TXFD for pin PD10 is applicable
2026-02-05 09:46:47,392 [INFO] Rule:224 - rule FDCAN2_R4 - Rename Mode FullDuplex into Enable FDCAN_TXFD for pin PD9 is applicable
2026-02-05 09:46:47,392 [INFO] Rule:224 - rule FDCAN2_R4 - Alternatepin_1 - Rename Mode FullDuplex into Enable FDCAN_TXFD for pin PB7 is applicable
2026-02-05 09:46:47,392 [INFO] Rule:224 - rule FDCAN2_R4 - Alternatepin_1 - Rename Mode FullDuplex into Enable FDCAN_TXFD for pin PD6 is applicable
2026-02-05 09:46:47,392 [INFO] Rule:224 - rule USART TxPinLevelInvertParam Mode is applicable
2026-02-05 09:46:47,392 [INFO] Rule:224 - rule USART RxPinLevelInvertParam Mode is applicable
2026-02-05 09:46:47,392 [INFO] Rule:224 - rule USART DataInvertParam Mode is applicable
2026-02-05 09:46:47,392 [INFO] Rule:224 - rule USART SwapParam Mode is applicable
2026-02-05 09:46:47,392 [INFO] Rule:224 - rule USART OverrunDisableParam Mode is applicable
2026-02-05 09:46:47,392 [INFO] Rule:224 - rule USART DMADisableonRxErrorParam Mode is applicable
2026-02-05 09:46:47,392 [INFO] Rule:224 - rule USART MSBFirstParam Mode is applicable
2026-02-05 09:46:47,392 [INFO] Rule:224 - rule Update MwName for USB_DEVICE is applicable
2026-02-05 09:46:47,392 [INFO] Rule:224 - rule Change PWR_Regulator_Voltage_Scale Default Value for RCC  H7 family is applicable
2026-02-05 09:46:47,392 [INFO] Rule:224 - rule UART/USART IPParameter rename Prescaler parameter to ClockPrescaler is applicable
2026-02-05 09:46:47,392 [INFO] Rule:224 - rule UART/USART Prescaler rename Prescaler parameter to ClockPrescaler is applicable
2026-02-05 09:46:47,392 [INFO] Rule:224 - rule TIM1CLockSelection is applicable
2026-02-05 09:46:47,392 [INFO] Rule:224 - rule TIM15CLockSelection is applicable
2026-02-05 09:46:47,392 [INFO] Rule:224 - rule align RCC SDMMC3CLockSelection default value on MP1 is applicable
2026-02-05 09:46:47,392 [INFO] Rule:224 - rule align RCC SDMMC12CLockSelection default value on MP1 is applicable
2026-02-05 09:46:47,392 [INFO] Rule:224 - rule align RCC QSPICLockSelection default value on MP1 is applicable
2026-02-05 09:46:47,392 [INFO] Rule:224 - rule align RCC QSPICLockSelection default value on MP1 is applicable
2026-02-05 09:46:47,392 [INFO] Rule:224 - rule align RCC SPI6CLockSelection default value on MP1 is applicable
2026-02-05 09:46:47,392 [INFO] Rule:224 - rule align RCC LPTIM23CLockSelection default value on MP1 is applicable
2026-02-05 09:46:47,392 [INFO] Rule:224 - rule align RCC LPTIM1CLockSelection default value on MP1 is applicable
2026-02-05 09:46:47,392 [INFO] Rule:224 - rule align RCC USART1CLockSelection default value on MP1 is applicable
2026-02-05 09:46:47,393 [INFO] Rule:224 - rule align RCC USART24CLockSelection default value on MP1 is applicable
2026-02-05 09:46:47,393 [INFO] Rule:224 - rule align RCC USART6CLockSelection default value on MP1 is applicable
2026-02-05 09:46:47,393 [INFO] Rule:224 - rule align RCC UART78CLockSelection default value on MP1 is applicable
2026-02-05 09:46:47,393 [INFO] Rule:224 - rule align RCC USART35CLockSelection default value on MP1 is applicable
2026-02-05 09:46:47,393 [INFO] Rule:224 - rule align RCC SPI45CLockSelection default value on MP1 is applicable
2026-02-05 09:46:47,393 [INFO] Rule:224 - rule align RCC I2C46CLockSelection BCLK value on MP1 is applicable
2026-02-05 09:46:47,393 [INFO] Rule:224 - rule align RCC SPI45CLockSelection default value on MP1 is applicable
2026-02-05 09:46:47,393 [INFO] Rule:224 - rule align RCC I2C12CLockSelection default value on MP1 is applicable
2026-02-05 09:46:47,393 [INFO] Rule:224 - rule align RCC I2C35CLockSelection default value on MP1 is applicable
2026-02-05 09:46:47,393 [INFO] Rule:224 - rule align RCC LPTIM45CLockSelection default value on MP1 is applicable
2026-02-05 09:46:47,393 [INFO] Rule:224 - rule Rename DCMI PIXCK signal is applicable
2026-02-05 09:46:47,393 [INFO] Rule:224 - rule Change Default Value for I2C46CLockSelection MP1 family is applicable
2026-02-05 09:46:47,393 [INFO] Rule:224 - rule Change Default Value for UART for G4, G0 and WB families is applicable
2026-02-05 09:46:47,393 [INFO] Rule:224 - rule Change Default Value for USART for G4, G0 and WB families is applicable
2026-02-05 09:46:47,393 [INFO] Rule:224 - rule Change Default Value for USART for G4 family is applicable
2026-02-05 09:46:47,393 [INFO] Rule:224 - rule Change USART1CLockSelection refparam name for MP1 is applicable
2026-02-05 09:46:47,393 [INFO] Rule:224 - rule Change USART2CLockSelection refparam name for MP1 is applicable
2026-02-05 09:46:47,393 [INFO] Rule:224 - rule Change USART3CLockSelection refparam name for MP1 is applicable
2026-02-05 09:46:47,393 [INFO] Rule:224 - rule Change UART4CLockSelection refparam name for MP1 is applicable
2026-02-05 09:46:47,393 [INFO] Rule:224 - rule Change UART5CLockSelection refparam name for MP1 is applicable
2026-02-05 09:46:47,393 [INFO] Rule:224 - rule Change LPUART1CLockSelection refparam name for MP1 is applicable
2026-02-05 09:46:47,393 [INFO] Rule:224 - rule Change LPTIM1CLockSelection refparam name for MP1 is applicable
2026-02-05 09:46:47,393 [INFO] Rule:224 - rule Change LPTIM2CLockSelection refparam name for MP1 is applicable
2026-02-05 09:46:47,393 [INFO] Rule:224 - rule Change RCC_MCO1Source refparam name for MP1 is applicable
2026-02-05 09:46:47,393 [INFO] Rule:224 - rule Change LSCOSource1 refparam name for MP1 is applicable
2026-02-05 09:46:47,393 [INFO] Rule:224 - rule Change SMPSCLockSelection refparam name for MP1 is applicable
2026-02-05 09:46:47,393 [INFO] Rule:224 - rule Change LPTIM3CLockSelection refparam name for MP1 is applicable
2026-02-05 09:46:47,393 [INFO] Rule:224 - rule Change MPCBB* Default Template Mode to Parameters is applicable
2026-02-05 09:46:47,393 [INFO] Rule:224 - rule Change MPCWM* or MPCBB* Secure Mode to Parameters is applicable
2026-02-05 09:46:47,394 [INFO] Rule:224 - rule Change MPCWM* or MPCBB* No Secure Mode to Parameters is applicable
2026-02-05 09:46:47,394 [INFO] Rule:224 - rule Change TZSC IP Secure Mode to Parameters is applicable
2026-02-05 09:46:47,394 [INFO] Rule:224 - rule Change TZSC IP No Secure Mode to Parameters is applicable
2026-02-05 09:46:47,394 [INFO] Rule:224 - rule Change TZSC IP Privilege Mode to Parameters is applicable
2026-02-05 09:46:47,394 [INFO] Rule:224 - rule Change TZSC IP No Privilege Mode to Parameters is applicable
2026-02-05 09:46:47,394 [INFO] Rule:224 - rule Change TZIC IT Secure Mode to Parameters is applicable
2026-02-05 09:46:47,394 [INFO] Rule:224 - rule Change TZIC IT No Secure Mode to Parameters is applicable
2026-02-05 09:46:47,394 [INFO] Rule:224 - rule Add MPCBB1_NonSecureArea_Start_Address value with referenced to MPCBB1_NonSecureArea_Start value is applicable
2026-02-05 09:46:47,394 [INFO] Rule:224 - rule Add MPCBB2_NonSecureArea_Start_Address value with referenced to MPCBB2_NonSecureArea_Start value is applicable
2026-02-05 09:46:47,394 [INFO] Rule:224 - rule Add MPCWM1_NonSecureArea*_Start_Address value with referenced to MPCWM1_NonSecureArea*_Start value is applicable
2026-02-05 09:46:47,394 [INFO] Rule:224 - rule Add MPCWM2_NonSecureArea*_Start_Address value with referenced to MPCWM2_NonSecureArea*_Start value is applicable
2026-02-05 09:46:47,394 [INFO] Rule:224 - rule Add MPCWM3_NonSecureArea_Start_Address value with referenced to MPCWM3_NonSecureArea_Start value is applicable
2026-02-05 09:46:47,394 [INFO] Rule:224 - rule Change Default Value for PLL1UserDefinedConfig is applicable
2026-02-05 09:46:47,394 [INFO] Rule:224 - rule Change GPIO_PuPd Default Value for USART in async mode is applicable
2026-02-05 09:46:47,394 [INFO] Rule:224 - rule Change SMPSDivider Default Value is applicable
2026-02-05 09:46:47,394 [INFO] Rule:224 - rule OPAMP is applicable
2026-02-05 09:46:47,394 [INFO] Rule:224 - rule LPUART IPParameter rename Prescaler parameter to ClockPrescaler for STM32H7 is applicable
2026-02-05 09:46:47,394 [INFO] Rule:224 - rule LPUART IPParameter rename Prescaler parameter to ClockPrescaler for STM32H7 is applicable
2026-02-05 09:46:47,394 [INFO] Rule:224 - rule LPUART IPParameter rename Prescaler parameter to ClockPrescaler for STM32WB is applicable
2026-02-05 09:46:47,394 [INFO] Rule:224 - rule LPUART IPParameter rename Prescaler parameter to ClockPrescaler for STM32WB is applicable
2026-02-05 09:46:47,394 [INFO] Rule:224 - rule LPUART IPParameter rename Prescaler parameter to ClockPrescaler for STM32G4 is applicable
2026-02-05 09:46:47,394 [INFO] Rule:224 - rule LPUART IPParameter rename Prescaler parameter to ClockPrescaler for STM32G4 is applicable
2026-02-05 09:46:47,394 [INFO] Rule:224 - rule LPUART IPParameter rename Prescaler parameter to ClockPrescaler for STM32L5 is applicable
2026-02-05 09:46:47,394 [INFO] Rule:224 - rule LPUART IPParameter rename Prescaler parameter to ClockPrescaler for STM32L5 is applicable
2026-02-05 09:46:47,394 [INFO] Rule:224 - rule LPUART IPParameter rename Prescaler parameter to ClockPrescaler for STM32G4 is applicable
2026-02-05 09:46:47,394 [INFO] Rule:224 - rule LPUART IPParameter rename Prescaler parameter to ClockPrescaler for STM32G4 is applicable
2026-02-05 09:46:47,395 [INFO] Rule:224 - rule USB device lib V2.5.3 for L0 rename USBD_SUPPORT_USER_STRING parameter to USBD_SUPPORT_USER_STRING_DESC4 is applicable
2026-02-05 09:46:47,395 [INFO] Rule:224 - rule I2SCLockSelection clock entry align is applicable
2026-02-05 09:46:47,395 [INFO] Rule:224 - rule Assign TIMx context if used as SYS timebase is applicable
2026-02-05 09:46:47,395 [INFO] Rule:224 - rule Change GPIO_Pu Default Value for I2C is applicable
2026-02-05 09:46:47,395 [INFO] Rule:224 - rule Change GPIO_Pu Default Value for SMBus is applicable
2026-02-05 09:46:47,395 [INFO] Rule:224 - rule change FDCAN default value is applicable
2026-02-05 09:46:47,395 [INFO] Rule:224 - rule Change mode sai is applicable
2026-02-05 09:46:47,395 [INFO] Rule:224 - rule **Change sai mode is applicable
2026-02-05 09:46:47,395 [INFO] Rule:224 - rule Rename STM32WPAN CFG_BLE_IRK to CFG_BLE_IR is applicable
2026-02-05 09:46:47,395 [INFO] Rule:224 - rule Rename STM32WPAN CFG_BLE_ERK to CFG_BLE_ER is applicable
2026-02-05 09:46:47,395 [INFO] Rule:224 - rule Rename STM32WPAN CFG_BLE_IRK_HEX to CFG_BLE_IR_HEX is applicable
2026-02-05 09:46:47,395 [INFO] Rule:224 - rule Rename STM32WPAN CFG_BLE_ERK_HEX to CFG_BLE_ER_HEX is applicable
2026-02-05 09:46:47,395 [INFO] Rule:224 - rule Adapt Old IOC before rework replace old CORTEX_M33/CORTEX_M55 attributes by the new one. is applicable
2026-02-05 09:46:47,395 [INFO] Rule:224 - rule Rename parametre of RCC RCC_APBDBG_DIV2 to RCC_TIMPRES_DIV2 is applicable
2026-02-05 09:46:47,395 [INFO] Rule:224 - rule Rename DIE493 pin PA10 [PA12] -> PA10 is applicable
2026-02-05 09:46:47,395 [INFO] Rule:224 - rule Rename DIE493 pin PA9 [PA11] -> PA9 is applicable
2026-02-05 09:46:47,409 [INFO] DbConfProperties:307 - Apply Compatibility (49/266 Rules)
2026-02-05 09:46:47,423 [INFO] ImportTextPane:218 - (OptionalMessage_ERROR) Unable to find key (Mcu.ThirdPartyNb) in loaded IOC file
2026-02-05 09:46:47,425 [INFO] ImportTextPane:218 - (OptionalMessage_ERROR) Pin12 (VP_RIF_VS_RIF1) cannot be retrieved for this MCU
2026-02-05 09:46:47,854 [INFO] RtosManager:558 - Registered RTOS mode: class=CMSIS, group=RTOS, mode=CMSIS_V1, owner=FREERTOS
2026-02-05 09:46:47,854 [INFO] RtosManager:558 - Registered RTOS mode: class=CMSIS, group=RTOS2, mode=CMSIS_V2, owner=FREERTOS
2026-02-05 09:46:47,854 [INFO] RtosManager:558 - Registered RTOS mode: class=RTOS, group=Core, mode=CMSIS_V1, owner=FREERTOS
2026-02-05 09:46:47,854 [INFO] RtosManager:558 - Registered RTOS mode: class=RTOS, group=Core, mode=CMSIS_V2, owner=FREERTOS
2026-02-05 09:46:47,854 [WARN] ModelIntegratedComponent:184 - Missing modes for component STMicroelectronics:FreeRTOS:0.0.1:STMicroelectronics:RTOS:FreeRTOS:Core:::10.2.0:
2026-02-05 09:46:47,867 [WARN] ModelIntegratedComponent:63 - No mode defined for component null
2026-02-05 09:46:47,867 [WARN] ModelIntegratedComponent:63 - No mode defined for component null
2026-02-05 09:46:47,867 [WARN] ModelIntegratedComponent:63 - No mode defined for component null
2026-02-05 09:46:47,868 [WARN] ModelIntegratedComponent:63 - No mode defined for component null
2026-02-05 09:46:47,868 [WARN] ModelIntegratedComponent:63 - No mode defined for component null
2026-02-05 09:46:47,868 [WARN] ModelIntegratedComponent:63 - No mode defined for component null
2026-02-05 09:46:47,868 [WARN] ModelIntegratedComponent:63 - No mode defined for component null
2026-02-05 09:46:47,868 [WARN] ModelIntegratedComponent:63 - No mode defined for component null
2026-02-05 09:46:47,868 [WARN] ModelIntegratedComponent:63 - No mode defined for component null
2026-02-05 09:46:47,868 [WARN] ModelIntegratedComponent:63 - No mode defined for component null
2026-02-05 09:46:47,868 [WARN] ModelIntegratedComponent:63 - No mode defined for component null
2026-02-05 09:46:47,868 [WARN] ModelIntegratedComponent:63 - No mode defined for component null
2026-02-05 09:46:47,868 [WARN] ModelIntegratedComponent:63 - No mode defined for component null
2026-02-05 09:46:47,868 [WARN] ModelIntegratedComponent:63 - No mode defined for component null
2026-02-05 09:46:47,868 [WARN] ModelIntegratedComponent:63 - No mode defined for component null
2026-02-05 09:46:47,868 [WARN] ModelIntegratedComponent:63 - No mode defined for component null
2026-02-05 09:46:47,868 [WARN] ModelIntegratedComponent:63 - No mode defined for component null
2026-02-05 09:46:47,868 [WARN] ModelIntegratedComponent:63 - No mode defined for component null
2026-02-05 09:46:47,868 [WARN] ModelIntegratedComponent:63 - No mode defined for component null
2026-02-05 09:46:47,868 [WARN] ModelIntegratedComponent:63 - No mode defined for component null
2026-02-05 09:46:47,868 [WARN] ModelIntegratedComponent:63 - No mode defined for component null
2026-02-05 09:46:47,868 [WARN] ModelIntegratedComponent:63 - No mode defined for component null
2026-02-05 09:46:47,868 [WARN] ModelIntegratedComponent:63 - No mode defined for component null
2026-02-05 09:46:47,868 [WARN] ModelIntegratedComponent:63 - No mode defined for component null
2026-02-05 09:46:47,868 [WARN] ModelIntegratedComponent:63 - No mode defined for component null
2026-02-05 09:46:47,868 [WARN] ModelIntegratedComponent:63 - No mode defined for component null
2026-02-05 09:46:47,868 [WARN] ModelIntegratedComponent:63 - No mode defined for component null
2026-02-05 09:46:47,868 [WARN] ModelIntegratedComponent:63 - No mode defined for component null
2026-02-05 09:46:47,868 [WARN] ModelIntegratedComponent:63 - No mode defined for component null
2026-02-05 09:46:47,869 [WARN] ModelIntegratedComponent:63 - No mode defined for component null
2026-02-05 09:46:47,869 [WARN] ModelIntegratedComponent:63 - No mode defined for component null
2026-02-05 09:46:47,869 [WARN] ModelIntegratedComponent:63 - No mode defined for component null
2026-02-05 09:46:47,869 [WARN] ModelIntegratedComponent:63 - No mode defined for component null
2026-02-05 09:46:47,869 [WARN] ModelIntegratedComponent:63 - No mode defined for component null
2026-02-05 09:46:47,869 [WARN] ModelIntegratedComponent:63 - No mode defined for component null
2026-02-05 09:46:47,869 [WARN] ModelPack:524 - Component already loaded: STMicroelectronics:HAL Drivers:0.0.0:STMicroelectronics:Device:STMicro_Driver:XSPI:HAL::0.0.1:HAL_XSPI
2026-02-05 09:46:48,722 [INFO] ThirdPartyModel:298 - Start build external matchings
2026-02-05 09:46:57,536 [INFO] ThirdPartyModel:316 - End build external matchings
2026-02-05 09:46:57,679 [INFO] ImportTextPane:218 - (OptionalMessage_ERROR) IP (RCC) : Invalid parameter (FamilyName)
2026-02-05 09:46:57,680 [INFO] ImportTextPane:218 - (OptionalMessage_ERROR) IP (RCC) : Parameter (RNGFreq_Value) has invalid value (64000000)
2026-02-05 09:46:57,680 [INFO] ImportTextPane:218 - (OptionalMessage_ERROR) IP (RCC) : Parameter (SDMMCFreq_Value) has invalid value (64000000)
2026-02-05 09:46:57,680 [INFO] ImportTextPane:218 - (OptionalMessage_ERROR) IP (RCC) : Parameter (USBFreq_Value) has invalid value (64000000)
2026-02-05 09:46:58,411 [INFO] UtilMem:75 - End LoadConfig() Used Memory: 847163200 Bytes (1073741824)
2026-02-05 09:46:58,427 [WARN] ThirdParty:833 - waiting for thirdparty lock release [change project]
2026-02-05 09:46:58,427 [INFO] ThirdParty:835 - entering critical section [change project]
2026-02-05 09:46:58,427 [INFO] ThirdParty:1030 - CMSIS Pack Vendor :STMicroelectronics X-CUBE-PM33A1 1.0.0
2026-02-05 09:46:58,427 [INFO] ThirdParty:1030 - CMSIS Pack Vendor :STMicroelectronics USBPD 4.1
2026-02-05 09:46:58,427 [INFO] ThirdParty:1030 - CMSIS Pack Vendor :STMicroelectronics X-CUBE-GNSS1 6.0.0
2026-02-05 09:46:58,427 [INFO] ThirdParty:1030 - CMSIS Pack Vendor :STMicroelectronics USB_HOST 2.0.0
2026-02-05 09:46:58,427 [INFO] ThirdParty:1030 - CMSIS Pack Vendor :STMicroelectronics FP-SNS-MOTENVWB1 1.4.0
2026-02-05 09:46:58,427 [INFO] ThirdParty:1030 - CMSIS Pack Vendor :STMicroelectronics X-CUBE-AZRTOS-F4 1.1.0
2026-02-05 09:46:58,428 [INFO] ThirdParty:1030 - CMSIS Pack Vendor :STMicroelectronics LIBJPEG 8.0.0
2026-02-05 09:46:58,428 [INFO] ThirdParty:1030 - CMSIS Pack Vendor :STMicroelectronics FP-ATR-ASTRA1 2.0.2
2026-02-05 09:46:58,428 [INFO] ThirdParty:1030 - CMSIS Pack Vendor :STMicroelectronics FP-ATR-ASTRA1 2.0.1
2026-02-05 09:46:58,428 [INFO] ThirdParty:1030 - CMSIS Pack Vendor :STMicroelectronics X-CUBE-SMBUS 2.1.0
2026-02-05 09:46:58,428 [INFO] ThirdParty:1030 - CMSIS Pack Vendor :STMicroelectronics X-CUBE-WB05N 1.1.0
2026-02-05 09:46:58,428 [INFO] ThirdParty:1030 - CMSIS Pack Vendor :STMicroelectronics X-CUBE-ISPU 2.1.0
2026-02-05 09:46:58,428 [INFO] ThirdParty:1030 - CMSIS Pack Vendor :STMicroelectronics X-CUBE-TOUCHGFX 4.23.1
2026-02-05 09:46:58,428 [INFO] ThirdParty:1030 - CMSIS Pack Vendor :STMicroelectronics X-CUBE-TOUCHGFX 4.23.0
2026-02-05 09:46:58,428 [INFO] ThirdParty:1030 - CMSIS Pack Vendor :STMicroelectronics X-CUBE-MEMS1 9.2.0
2026-02-05 09:46:58,428 [INFO] ThirdParty:1030 - CMSIS Pack Vendor :STMicroelectronics X-CUBE-NFC12 1.0.0
2026-02-05 09:46:58,428 [INFO] ThirdParty:1030 - CMSIS Pack Vendor :STMicroelectronics X-CUBE-AZRTOS-F7 1.1.0
2026-02-05 09:46:58,428 [INFO] ThirdParty:1030 - CMSIS Pack Vendor :STMicroelectronics X-CUBE-AZRTOS-L5 2.0.0
2026-02-05 09:46:58,428 [INFO] ThirdParty:1030 - CMSIS Pack Vendor :STMicroelectronics USB_DEVICE 2.0.0
2026-02-05 09:46:58,428 [INFO] ThirdParty:1030 - CMSIS Pack Vendor :STMicroelectronics X-CUBE-NFC6 3.1.0
2026-02-05 09:46:58,428 [INFO] ThirdParty:1030 - CMSIS Pack Vendor :ITTIA_DB I-CUBE-ITTIADB 8.8.0
2026-02-05 09:46:58,428 [INFO] ThirdParty:1030 - CMSIS Pack Vendor :STMicroelectronics X-CUBE-AI 7.1.0
2026-02-05 09:46:58,428 [INFO] ThirdParty:1030 - CMSIS Pack Vendor :STMicroelectronics X-CUBE-TOUCHGFX 4.19.1
2026-02-05 09:46:58,428 [INFO] ThirdParty:1030 - CMSIS Pack Vendor :STMicroelectronics FP-SNS-MOTENV1 4.3.2
2026-02-05 09:46:58,428 [INFO] ThirdParty:1030 - CMSIS Pack Vendor :STMicroelectronics X-CUBE-BLE1 6.2.3
2026-02-05 09:46:58,428 [INFO] ThirdParty:1030 - CMSIS Pack Vendor :STMicroelectronics X-CUBE-BLE1 6.2.4
2026-02-05 09:46:58,428 [INFO] ThirdParty:1030 - CMSIS Pack Vendor :STMicroelectronics FreeRTOS 0.0.1
2026-02-05 09:46:58,428 [INFO] ThirdParty:1030 - CMSIS Pack Vendor :STMicroelectronics X-CUBE-BLEMGR 2.0.0
2026-02-05 09:46:58,428 [INFO] ThirdParty:1030 - CMSIS Pack Vendor :STMicroelectronics X-CUBE-DPower 1.2.0
2026-02-05 09:46:58,428 [INFO] ThirdParty:1030 - CMSIS Pack Vendor :STMicroelectronics X-CUBE-BLE1 6.2.2
2026-02-05 09:46:58,428 [INFO] ThirdParty:1030 - CMSIS Pack Vendor :STMicroelectronics FP-SNS-FLIGHT1 5.0.2
2026-02-05 09:46:58,428 [INFO] ThirdParty:1030 - CMSIS Pack Vendor :STMicroelectronics X-CUBE-BLE2 3.2.2
2026-02-05 09:46:58,428 [INFO] ThirdParty:1030 - CMSIS Pack Vendor :STMicroelectronics X-CUBE-NFC4 2.0.4
2026-02-05 09:46:58,428 [INFO] ThirdParty:1030 - CMSIS Pack Vendor :STMicroelectronics X-CUBE-NFC4 2.0.3
2026-02-05 09:46:58,428 [INFO] ThirdParty:1030 - CMSIS Pack Vendor :STMicroelectronics X-CUBE-AZRTOS-H7 3.1.0
2026-02-05 09:46:58,428 [INFO] ThirdParty:1030 - CMSIS Pack Vendor :STMicroelectronics PDM2PCM 3.3.0
2026-02-05 09:46:58,428 [INFO] ThirdParty:1030 - CMSIS Pack Vendor :STMicroelectronics X-CUBE-SFXS2LP1 3.1.0
2026-02-05 09:46:58,428 [INFO] ThirdParty:1030 - CMSIS Pack Vendor :wolfSSL I-CUBE-wolfSSL 5.1.1
2026-02-05 09:46:58,428 [INFO] ThirdParty:1030 - CMSIS Pack Vendor :STMicroelectronics X-CUBE-AZRTOS-H7 3.4.0
2026-02-05 09:46:58,428 [INFO] ThirdParty:1030 - CMSIS Pack Vendor :STMicroelectronics X-CUBE-DISPLAY 3.0.0
2026-02-05 09:46:58,429 [INFO] ThirdParty:1030 - CMSIS Pack Vendor :STMicroelectronics X-CUBE-AZRTOS-F4 1.0.0
2026-02-05 09:46:58,429 [INFO] ThirdParty:1030 - CMSIS Pack Vendor :STMicroelectronics X-CUBE-BLE1 7.0.0
2026-02-05 09:46:58,429 [INFO] ThirdParty:1030 - CMSIS Pack Vendor :STMicroelectronics X-CUBE-NFC10 1.0.0
2026-02-05 09:46:58,429 [INFO] ThirdParty:1030 - CMSIS Pack Vendor :STMicroelectronics X-CUBE-TOF1 2.0.0
2026-02-05 09:46:58,429 [INFO] ThirdParty:1030 - CMSIS Pack Vendor :STMicroelectronics X-CUBE-BLEMGR 4.0.0
2026-02-05 09:46:58,429 [INFO] ThirdParty:1030 - CMSIS Pack Vendor :STMicroelectronics HAL Drivers 0.0.0
2026-02-05 09:46:58,429 [INFO] ThirdParty:1030 - CMSIS Pack Vendor :STMicroelectronics X-CUBE-ST60 1.1.0
2026-02-05 09:46:58,429 [INFO] ThirdParty:1030 - CMSIS Pack Vendor :STMicroelectronics X-CUBE-FREERTOS 1.3.0
2026-02-05 09:46:58,429 [INFO] ThirdParty:1030 - CMSIS Pack Vendor :STMicroelectronics X-CUBE-NFC7 1.0.1
2026-02-05 09:46:58,429 [INFO] ThirdParty:1030 - CMSIS Pack Vendor :STMicroelectronics MBEDTLS 2.14.1
2026-02-05 09:46:58,429 [INFO] ThirdParty:1030 - CMSIS Pack Vendor :STMicroelectronics X-CUBE-GNSS1 7.1.0
2026-02-05 09:46:58,429 [INFO] ThirdParty:1030 - CMSIS Pack Vendor :STMicroelectronics X-CUBE-NFC7 1.0.0
2026-02-05 09:46:58,429 [INFO] ThirdParty:1030 - CMSIS Pack Vendor :STMicroelectronics X-CUBE-TOUCHGFX 4.26.0
2026-02-05 09:46:58,429 [INFO] ThirdParty:1030 - CMSIS Pack Vendor :STMicroelectronics X-CUBE-SUBG2 4.2.0
2026-02-05 09:46:58,429 [INFO] ThirdParty:1030 - CMSIS Pack Vendor :STMicroelectronics X-CUBE-NFC6 3.0.0
2026-02-05 09:46:58,429 [INFO] ThirdParty:1030 - CMSIS Pack Vendor :STMicroelectronics X-CUBE-EEPRMA1 4.1.0
2026-02-05 09:46:58,429 [INFO] ThirdParty:1030 - CMSIS Pack Vendor :STMicroelectronics X-CUBE-BLEMGR 3.1.0
2026-02-05 09:46:58,429 [INFO] ThirdParty:1030 - CMSIS Pack Vendor :STMicroelectronics X-CUBE-AI 10.0.0
2026-02-05 09:46:58,429 [INFO] ThirdParty:1030 - CMSIS Pack Vendor :STMicroelectronics FP-SNS-STAIOTCFT 1.0.0
2026-02-05 09:46:58,429 [INFO] ThirdParty:1030 - CMSIS Pack Vendor :STMicroelectronics FP-SNS-SMARTAG2 1.2.0
2026-02-05 09:46:58,429 [INFO] ThirdParty:1030 - CMSIS Pack Vendor :STMicroelectronics FP-SNS-FLIGHT1 5.1.0
2026-02-05 09:46:58,429 [INFO] ThirdParty:1030 - CMSIS Pack Vendor :STMicroelectronics X-CUBE-MEMS1 11.1.0
2026-02-05 09:46:58,429 [INFO] ThirdParty:1030 - CMSIS Pack Vendor :STMicroelectronics X-CUBE-AZRTOS-WL 2.0.0
2026-02-05 09:46:58,429 [INFO] ThirdParty:1030 - CMSIS Pack Vendor :STMicroelectronics X-CUBE-ALGOBUILD 1.2.1
2026-02-05 09:46:58,429 [INFO] ThirdParty:1030 - CMSIS Pack Vendor :STMicroelectronics X-CUBE-DPower 1.3.0
2026-02-05 09:46:58,429 [INFO] ThirdParty:1030 - CMSIS Pack Vendor :STMicroelectronics FP-SNS-MOTENV1 5.0.0
2026-02-05 09:46:58,429 [INFO] ThirdParty:1030 - CMSIS Pack Vendor :STMicroelectronics USB_DEVICE 1.0.0
2026-02-05 09:46:58,429 [INFO] ThirdParty:1030 - CMSIS Pack Vendor :STMicroelectronics X-CUBE-AZRTOS-H7RS 1.2.0
2026-02-05 09:46:58,429 [INFO] ThirdParty:1030 - CMSIS Pack Vendor :STMicroelectronics X-CUBE-AI 8.1.0
2026-02-05 09:46:58,429 [INFO] ThirdParty:1030 - CMSIS Pack Vendor :STMicroelectronics X-CUBE-AZRTOS-G0 1.0.0
2026-02-05 09:46:58,429 [INFO] ThirdParty:1030 - CMSIS Pack Vendor :wolfSSL I-CUBE-wolfMQTT 1.19.0
2026-02-05 09:46:58,430 [INFO] ThirdParty:1030 - CMSIS Pack Vendor :STMicroelectronics X-CUBE-AZRTOS-L4 2.0.0
2026-02-05 09:46:58,430 [INFO] ThirdParty:1030 - CMSIS Pack Vendor :STMicroelectronics ThreadX 0.0.2
2026-02-05 09:46:58,430 [INFO] ThirdParty:1030 - CMSIS Pack Vendor :WES I-CUBE-Cesium 1.3.0
2026-02-05 09:46:58,430 [INFO] ThirdParty:1030 - CMSIS Pack Vendor :STMicroelectronics lwIP 2.1.2
2026-02-05 09:46:58,430 [INFO] ThirdParty:1030 - CMSIS Pack Vendor :STMicroelectronics X-CUBE-SFXS2LP1 4.0.0
2026-02-05 09:46:58,430 [INFO] ThirdParty:1030 - CMSIS Pack Vendor :STMicroelectronics X-CUBE-BLE2 3.3.0
2026-02-05 09:46:58,430 [INFO] ThirdParty:1030 - CMSIS Pack Vendor :Avnet-IOTCONNECT X-CUBE-iotc-st67-sdk 1.0.0
2026-02-05 09:46:58,430 [INFO] ThirdParty:1030 - CMSIS Pack Vendor :STMicroelectronics X-CUBE-DISPLAY 2.2.0
2026-02-05 09:46:58,430 [INFO] ThirdParty:1030 - CMSIS Pack Vendor :STMicroelectronics X-CUBE-TOF1 3.2.0
2026-02-05 09:46:58,430 [INFO] ThirdParty:1030 - CMSIS Pack Vendor :STMicroelectronics PDM2PCM 3.2.0
2026-02-05 09:46:58,430 [INFO] ThirdParty:1030 - CMSIS Pack Vendor :STMicroelectronics X-CUBE-TOUCHGFX 4.18.1
2026-02-05 09:46:58,430 [INFO] ThirdParty:1030 - CMSIS Pack Vendor :STMicroelectronics X-CUBE-AZRTOS-H7 3.0.0
2026-02-05 09:46:58,430 [INFO] ThirdParty:1030 - CMSIS Pack Vendor :STMicroelectronics X-CUBE-ISPU 1.1.0
2026-02-05 09:46:58,430 [INFO] ThirdParty:1030 - CMSIS Pack Vendor :STMicroelectronics X-CUBE-AZRTOS-H7 3.3.0
2026-02-05 09:46:58,430 [INFO] ThirdParty:1030 - CMSIS Pack Vendor :RoweBots I-CUBE-UNISONRTOS 5.5.0-4
2026-02-05 09:46:58,430 [INFO] ThirdParty:1030 - CMSIS Pack Vendor :STMicroelectronics X-CUBE-NFC9 1.0.0
2026-02-05 09:46:58,430 [INFO] ThirdParty:1030 - CMSIS Pack Vendor :STMicroelectronics X-CUBE-AZRTOS-H7 2.1.0
2026-02-05 09:46:58,430 [INFO] ThirdParty:1030 - CMSIS Pack Vendor :STMicroelectronics X-CUBE-BLE1 7.1.0
2026-02-05 09:46:58,430 [INFO] ThirdParty:1030 - CMSIS Pack Vendor :STMicroelectronics USB_DEVICE 3.0.0
2026-02-05 09:46:58,430 [INFO] ThirdParty:1030 - CMSIS Pack Vendor :STMicroelectronics X-CUBE-EEPRMA1 5.2.0
2026-02-05 09:46:58,430 [INFO] ThirdParty:1030 - CMSIS Pack Vendor :STMicroelectronics X-CUBE-BLEMGR 4.1.0
2026-02-05 09:46:58,430 [INFO] ThirdParty:1030 - CMSIS Pack Vendor :STMicroelectronics X-CUBE-AI 8.0.0
2026-02-05 09:46:58,430 [INFO] ThirdParty:1030 - CMSIS Pack Vendor :STMicroelectronics X-CUBE-AZRTOS-WB 2.0.0
2026-02-05 09:46:58,430 [INFO] ThirdParty:1030 - CMSIS Pack Vendor :STMicroelectronics X-CUBE-FREERTOS 1.0.1
2026-02-05 09:46:58,430 [INFO] ThirdParty:1030 - CMSIS Pack Vendor :STMicroelectronics X-CUBE-TOUCHGFX 4.21.1
2026-02-05 09:46:58,430 [INFO] ThirdParty:1030 - CMSIS Pack Vendor :STMicroelectronics X-CUBE-GNSS1 7.0.1
2026-02-05 09:46:58,430 [INFO] ThirdParty:1030 - CMSIS Pack Vendor :STMicroelectronics X-CUBE-TOUCHGFX 4.21.3
2026-02-05 09:46:58,430 [INFO] ThirdParty:1030 - CMSIS Pack Vendor :STMicroelectronics X-CUBE-MEMS1 9.4.0
2026-02-05 09:46:58,430 [INFO] ThirdParty:1030 - CMSIS Pack Vendor :STMicroelectronics X-CUBE-AI 7.3.0
2026-02-05 09:46:58,431 [INFO] ThirdParty:1030 - CMSIS Pack Vendor :STMicroelectronics FP-SNS-STBOX1 2.0.0
2026-02-05 09:46:58,431 [INFO] ThirdParty:1030 - CMSIS Pack Vendor :STMicroelectronics X-CUBE-MEMS1 12.0.0
2026-02-05 09:46:58,431 [INFO] ThirdParty:1030 - CMSIS Pack Vendor :STMicroelectronics X-CUBE-ALGOBUILD 1.3.0
2026-02-05 09:46:58,431 [INFO] ThirdParty:1030 - CMSIS Pack Vendor :STMicroelectronics X-CUBE-STSE01 2.0.0
2026-02-05 09:46:58,431 [INFO] ThirdParty:1030 - CMSIS Pack Vendor :STMicroelectronics X-CUBE-AZRTOS-L5 1.1.0
2026-02-05 09:46:58,431 [INFO] ThirdParty:1030 - CMSIS Pack Vendor :STMicroelectronics X-CUBE-AZRTOS-G0 1.1.0
2026-02-05 09:46:58,431 [INFO] ThirdParty:1030 - CMSIS Pack Vendor :STMicroelectronics X-CUBE-SAFEA1 1.2.2
2026-02-05 09:46:58,431 [INFO] ThirdParty:1030 - CMSIS Pack Vendor :STMicroelectronics X-CUBE-NFC4 3.0.0
2026-02-05 09:46:58,431 [INFO] ThirdParty:1030 - CMSIS Pack Vendor :SEGGER I-CUBE-embOS 1.2.0
2026-02-05 09:46:58,431 [INFO] ThirdParty:1030 - CMSIS Pack Vendor :STMicroelectronics X-CUBE-SUBG2 5.0.0
2026-02-05 09:46:58,431 [INFO] ThirdParty:1030 - CMSIS Pack Vendor :STMicroelectronics STM32_WPAN 1.0.0
2026-02-05 09:46:58,431 [INFO] ThirdParty:1030 - CMSIS Pack Vendor :EmbeddedOffice I-CUBE-FS-RTOS 1.0.1
2026-02-05 09:46:58,431 [INFO] ThirdParty:1030 - CMSIS Pack Vendor :STMicroelectronics lwIP 2.0.3
2026-02-05 09:46:58,431 [INFO] ThirdParty:1030 - CMSIS Pack Vendor :Cesanta I-CUBE-Mongoose 7.13.0
2026-02-05 09:46:58,431 [INFO] ThirdParty:1030 - CMSIS Pack Vendor :STMicroelectronics USB_HOST 1.0.0
2026-02-05 09:46:58,431 [INFO] ThirdParty:1030 - CMSIS Pack Vendor :STMicroelectronics X-CUBE-DISPLAY 2.1.0
2026-02-05 09:46:58,431 [INFO] ThirdParty:1030 - CMSIS Pack Vendor :STMicroelectronics X-CUBE-AZRTOS-G4 2.0.0
2026-02-05 09:46:58,431 [INFO] ThirdParty:1030 - CMSIS Pack Vendor :STMicroelectronics X-CUBE-WB05N 2.0.0
2026-02-05 09:46:58,431 [INFO] ThirdParty:1030 - CMSIS Pack Vendor :STMicroelectronics PDM2PCM 3.1.0
2026-02-05 09:46:58,431 [INFO] ThirdParty:1030 - CMSIS Pack Vendor :STMicroelectronics X-CUBE-TOF1 3.3.0
2026-02-05 09:46:58,431 [INFO] ThirdParty:1030 - CMSIS Pack Vendor :STMicroelectronics FP-ATR-ASTRA1 1.1.1
2026-02-05 09:46:58,431 [INFO] ThirdParty:1030 - CMSIS Pack Vendor :Infineon AIROC-Wi-Fi-Bluetooth-STM32 1.5.1
2026-02-05 09:46:58,431 [INFO] ThirdParty:1030 - CMSIS Pack Vendor :STMicroelectronics X-CUBE-BLEMGR 3.0.0
2026-02-05 09:46:58,431 [INFO] ThirdParty:1030 - CMSIS Pack Vendor :STMicroelectronics X-CUBE-BLEMGR 1.3.0
2026-02-05 09:46:58,431 [INFO] ThirdParty:1030 - CMSIS Pack Vendor :STMicroelectronics X-CUBE-NFC7 2.0.0
2026-02-05 09:46:58,431 [INFO] ThirdParty:1030 - CMSIS Pack Vendor :STMicroelectronics X-CUBE-TCPP 4.2.0
2026-02-05 09:46:58,431 [INFO] ThirdParty:1030 - CMSIS Pack Vendor :RealThread X-CUBE-RT-Thread_Nano 4.1.1
2026-02-05 09:46:58,431 [INFO] ThirdParty:1030 - CMSIS Pack Vendor :STMicroelectronics X-CUBE-AZRTOS-H7 2.0.0
2026-02-05 09:46:58,431 [INFO] ThirdParty:1030 - CMSIS Pack Vendor :STMicroelectronics FP-SNS-MOTENVWB1 1.3.1
2026-02-05 09:46:58,431 [INFO] ThirdParty:1030 - CMSIS Pack Vendor :STMicroelectronics FP-ATR-SIGFOX1 3.2.0
2026-02-05 09:46:58,431 [INFO] ThirdParty:1030 - CMSIS Pack Vendor :STMicroelectronics X-CUBE-AZRTOS-G4 1.0.0
2026-02-05 09:46:58,431 [INFO] ThirdParty:1030 - CMSIS Pack Vendor :STMicroelectronics X-CUBE-AZRTOS-L4 1.0.0
2026-02-05 09:46:58,431 [INFO] ThirdParty:1030 - CMSIS Pack Vendor :quantropi X-CUBE-qispace-sdk-base 1.9.3
2026-02-05 09:46:58,431 [INFO] ThirdParty:1030 - CMSIS Pack Vendor :STMicroelectronics X-CUBE-ISPU 2.0.0
2026-02-05 09:46:58,431 [INFO] ThirdParty:1030 - CMSIS Pack Vendor :STMicroelectronics X-CUBE-EEPRMA1 5.1.0
2026-02-05 09:46:58,432 [INFO] ThirdParty:1030 - CMSIS Pack Vendor :STMicroelectronics MBEDTLS 2.16.2
2026-02-05 09:46:58,432 [INFO] ThirdParty:1030 - CMSIS Pack Vendor :STMicroelectronics X-CUBE-IPS 3.1.0
2026-02-05 09:46:58,432 [INFO] ThirdParty:1030 - CMSIS Pack Vendor :STMicroelectronics X-CUBE-ALS 1.0.2
2026-02-05 09:46:58,432 [INFO] ThirdParty:1030 - CMSIS Pack Vendor :emotas I-CUBE-CANOPEN 1.1.2
2026-02-05 09:46:58,432 [INFO] ThirdParty:1030 - CMSIS Pack Vendor :STMicroelectronics X-CUBE-MEMS1 10.0.0
2026-02-05 09:46:58,432 [INFO] ThirdParty:1030 - CMSIS Pack Vendor :STMicroelectronics X-CUBE-FREERTOS 1.1.0
2026-02-05 09:46:58,432 [INFO] ThirdParty:1030 - CMSIS Pack Vendor :STMicroelectronics X-CUBE-AZRTOS-F7 1.0.0
2026-02-05 09:46:58,432 [INFO] ThirdParty:1030 - CMSIS Pack Vendor :STMicroelectronics X-CUBE-TOUCHGFX 4.24.2
2026-02-05 09:46:58,432 [INFO] ThirdParty:1030 - CMSIS Pack Vendor :STMicroelectronics X-CUBE-AZRTOS-WL 1.0.0
2026-02-05 09:46:58,432 [INFO] ThirdParty:1030 - CMSIS Pack Vendor :STMicroelectronics X-CUBE-MEMS1 9.1.0
2026-02-05 09:46:58,432 [INFO] ThirdParty:1030 - CMSIS Pack Vendor :wolfSSL I-CUBE-wolfTPM 3.4.0
2026-02-05 09:46:58,432 [INFO] ThirdParty:1030 - CMSIS Pack Vendor :portGmbH I-Cube-SoM-uGOAL 1.1.0
2026-02-05 09:46:58,432 [INFO] ThirdParty:1030 - CMSIS Pack Vendor :STMicroelectronics X-CUBE-ALS 1.0.1
2026-02-05 09:46:58,432 [INFO] ThirdParty:1030 - CMSIS Pack Vendor :STMicroelectronics X-CUBE-NFC6 3.2.0
2026-02-05 09:46:58,432 [INFO] ThirdParty:1030 - CMSIS Pack Vendor :STMicroelectronics X-CUBE-MEMS1 9.5.0
2026-02-05 09:46:58,432 [INFO] ThirdParty:1030 - CMSIS Pack Vendor :STMicroelectronics X-CUBE-AI 10.2.0
2026-02-05 09:46:58,432 [INFO] ThirdParty:1030 - CMSIS Pack Vendor :STMicroelectronics ThreadX 1.0.0
2026-02-05 09:46:58,432 [INFO] ThirdParty:1030 - CMSIS Pack Vendor :STMicroelectronics X-CUBE-AZRTOS-WB 1.1.0
2026-02-05 09:46:58,432 [INFO] ThirdParty:1030 - CMSIS Pack Vendor :SEGGER I-CUBE-embOS 1.3.1
2026-02-05 09:46:58,432 [INFO] ThirdParty:1030 - CMSIS Pack Vendor :STMicroelectronics X-CUBE-ALGOBUILD 1.4.0
2026-02-05 09:46:58,432 [INFO] ThirdParty:1030 - CMSIS Pack Vendor :STMicroelectronics X-CUBE-AZRTOS-L5 1.0.0
2026-02-05 09:46:58,432 [INFO] ThirdParty:1030 - CMSIS Pack Vendor :STMicroelectronics X-CUBE-EEPRMA1 3.1.0
2026-02-05 09:46:58,432 [INFO] ThirdParty:1030 - CMSIS Pack Vendor :STMicroelectronics X-CUBE-EEPRMA1 3.1.1
2026-02-05 09:46:58,432 [INFO] ThirdParty:1030 - CMSIS Pack Vendor :STMicroelectronics X-CUBE-AZRTOS-H7RS 1.0.0
2026-02-05 09:46:58,432 [INFO] ThirdParty:1030 - CMSIS Pack Vendor :STMicroelectronics X-CUBE-GNSS1 5.2.0
2026-02-05 09:46:58,432 [INFO] ThirdParty:1030 - CMSIS Pack Vendor :STMicroelectronics FP-ATR-ASTRA1 2.0.0
2026-02-05 09:46:58,432 [INFO] ThirdParty:1030 - CMSIS Pack Vendor :STMicroelectronics X-CUBE-TOF1 3.4.2
2026-02-05 09:46:58,432 [INFO] ThirdParty:1030 - CMSIS Pack Vendor :STMicroelectronics X-CUBE-TOF1 3.4.3
2026-02-05 09:46:58,432 [INFO] ThirdParty:1030 - CMSIS Pack Vendor :STMicroelectronics X-CUBE-DISPLAY 2.0.1
2026-02-05 09:46:58,432 [INFO] ThirdParty:1030 - CMSIS Pack Vendor :STMicroelectronics X-CUBE-TOF1 3.4.0
2026-02-05 09:46:58,432 [INFO] ThirdParty:1030 - CMSIS Pack Vendor :STMicroelectronics X-CUBE-TOF1 3.4.1
2026-02-05 09:46:58,432 [INFO] ThirdParty:1030 - CMSIS Pack Vendor :STMicroelectronics X-CUBE-AZRTOS-H7 3.2.0
2026-02-05 09:46:58,432 [INFO] ThirdParty:1030 - CMSIS Pack Vendor :STMicroelectronics X-CUBE-TOF1 3.0.0
2026-02-05 09:46:58,432 [INFO] ThirdParty:1030 - CMSIS Pack Vendor :wolfSSL I-CUBE-wolfSSH 1.4.17
2026-02-05 09:46:58,433 [INFO] ThirdParty:841 - exiting critical section [change project]
2026-02-05 09:46:59,190 [INFO] PinOutPanel:1589 - setPackage(No Configuration,No Configuration)
2026-02-05 09:46:59,190 [INFO] PinOutPanel:1589 - setPackage(STM32L476RGTx,LQFP64)
2026-02-05 09:47:00,457 [INFO] UtilMem:75 - Before build in PCC Used Memory: 821337696 Bytes (1073741824)
2026-02-05 09:47:01,447 [INFO] UtilMem:75 - After build in PCC Used Memory: 903126624 Bytes (1073741824)
2026-02-05 09:47:01,497 [INFO] IPUIPlugin:80 - create IPUIPlugin
2026-02-05 09:47:01,497 [INFO] IPUIPlugin:80 - create IPUIPlugin
2026-02-05 09:47:01,497 [INFO] IPUIPlugin:80 - create IPUIPlugin
2026-02-05 09:47:01,497 [INFO] IPUIPlugin:80 - create IPUIPlugin
2026-02-05 09:47:01,497 [INFO] IPUIPlugin:80 - create IPUIPlugin
2026-02-05 09:47:01,497 [INFO] IPUIPlugin:80 - create IPUIPlugin
2026-02-05 09:47:01,498 [INFO] IPUIPlugin:80 - create IPUIPlugin
2026-02-05 09:47:01,498 [INFO] IPUIPlugin:80 - create IPUIPlugin
2026-02-05 09:47:01,498 [INFO] IPUIPlugin:80 - create IPUIPlugin
2026-02-05 09:47:01,498 [INFO] IPUIPlugin:80 - create IPUIPlugin
2026-02-05 09:47:01,498 [INFO] IPUIPlugin:80 - create IPUIPlugin
2026-02-05 09:47:01,498 [INFO] IPUIPlugin:80 - create IPUIPlugin
2026-02-05 09:47:01,498 [INFO] IPUIPlugin:80 - create IPUIPlugin
2026-02-05 09:47:01,498 [INFO] IPUIPlugin:80 - create IPUIPlugin
2026-02-05 09:47:01,498 [INFO] IPUIPlugin:80 - create IPUIPlugin
2026-02-05 09:47:01,499 [INFO] IPUIPlugin:80 - create IPUIPlugin
2026-02-05 09:47:01,499 [INFO] IPUIPlugin:80 - create IPUIPlugin
2026-02-05 09:47:01,499 [INFO] IPUIPlugin:80 - create IPUIPlugin
2026-02-05 09:47:01,500 [INFO] IPUIPlugin:80 - create IPUIPlugin
2026-02-05 09:47:01,500 [INFO] IPUIPlugin:80 - create IPUIPlugin
2026-02-05 09:47:01,501 [INFO] IPUIPlugin:80 - create IPUIPlugin
2026-02-05 09:47:01,501 [INFO] IPUIPlugin:80 - create IPUIPlugin
2026-02-05 09:47:01,501 [INFO] IPUIPlugin:80 - create IPUIPlugin
2026-02-05 09:47:01,501 [INFO] IPUIPlugin:80 - create IPUIPlugin
2026-02-05 09:47:01,501 [INFO] IPUIPlugin:80 - create IPUIPlugin
2026-02-05 09:47:01,501 [INFO] IPUIPlugin:80 - create IPUIPlugin
2026-02-05 09:47:01,502 [INFO] IPUIPlugin:80 - create IPUIPlugin
2026-02-05 09:47:01,502 [INFO] IPUIPlugin:80 - create IPUIPlugin
2026-02-05 09:47:01,502 [INFO] IPUIPlugin:80 - create IPUIPlugin
2026-02-05 09:47:01,502 [INFO] IPUIPlugin:80 - create IPUIPlugin
2026-02-05 09:47:01,502 [INFO] IPUIPlugin:80 - create IPUIPlugin
2026-02-05 09:47:01,508 [INFO] IPUIPlugin:80 - create IPUIPlugin
2026-02-05 09:47:01,510 [INFO] IPUIPlugin:80 - create IPUIPlugin
2026-02-05 09:47:01,510 [INFO] IPUIPlugin:80 - create IPUIPlugin
2026-02-05 09:47:01,511 [INFO] IPUIPlugin:80 - create IPUIPlugin
2026-02-05 09:47:01,511 [INFO] IPUIPlugin:80 - create IPUIPlugin
2026-02-05 09:47:01,511 [INFO] IPUIPlugin:80 - create IPUIPlugin
2026-02-05 09:47:01,512 [INFO] IPUIPlugin:80 - create IPUIPlugin
2026-02-05 09:47:01,512 [INFO] IPUIPlugin:80 - create IPUIPlugin
2026-02-05 09:47:01,512 [INFO] IPUIPlugin:80 - create IPUIPlugin
2026-02-05 09:47:01,512 [INFO] IPUIPlugin:80 - create IPUIPlugin
2026-02-05 09:47:01,512 [INFO] IPUIPlugin:80 - create IPUIPlugin
2026-02-05 09:47:01,513 [INFO] IPUIPlugin:80 - create IPUIPlugin
2026-02-05 09:47:01,513 [INFO] IPUIPlugin:80 - create IPUIPlugin
2026-02-05 09:47:01,513 [INFO] IPUIPlugin:80 - create IPUIPlugin
2026-02-05 09:47:01,514 [INFO] IPUIPlugin:80 - create IPUIPlugin
2026-02-05 09:47:01,514 [INFO] IPUIPlugin:80 - create IPUIPlugin
2026-02-05 09:47:01,514 [INFO] IPUIPlugin:80 - create IPUIPlugin
2026-02-05 09:47:01,515 [INFO] IPUIPlugin:80 - create IPUIPlugin
2026-02-05 09:47:01,515 [INFO] IPUIPlugin:80 - create IPUIPlugin
2026-02-05 09:47:01,516 [INFO] IPUIPlugin:80 - create IPUIPlugin
2026-02-05 09:47:01,516 [INFO] IPUIPlugin:80 - create IPUIPlugin
2026-02-05 09:47:01,516 [INFO] IPUIPlugin:80 - create IPUIPlugin
2026-02-05 09:47:01,517 [INFO] IPUIPlugin:80 - create IPUIPlugin
2026-02-05 09:47:01,517 [INFO] IPUIPlugin:80 - create IPUIPlugin
2026-02-05 09:47:01,517 [INFO] IPUIPlugin:80 - create IPUIPlugin
2026-02-05 09:47:01,517 [INFO] IPUIPlugin:80 - create IPUIPlugin
2026-02-05 09:47:01,518 [INFO] IPUIPlugin:80 - create IPUIPlugin
2026-02-05 09:47:01,518 [INFO] IPUIPlugin:80 - create IPUIPlugin
2026-02-05 09:47:01,734 [INFO] CADModel:165 - CPN selected for project levelSTM32L476RGT3
2026-02-05 09:47:01,734 [INFO] CADModel:114 - Register for checkConnection events
2026-02-05 09:47:01,785 [INFO] OpenFileManager:385 - Restore cursor
2026-02-05 09:47:02,719 [INFO] UtilMem:75 - End SaveConfig() Used Memory: 873677776 Bytes (1073741824)
2026-02-05 09:47:02,951 [INFO] UtilMem:75 - End SaveConfig() Used Memory: 907232320 Bytes (1073741824)
2026-02-05 09:47:03,718 [INFO] BlockDiagram:2775 - set Specific Code input for plugin: SYS
2026-02-05 09:47:03,718 [INFO] BlockDiagram:2775 - set Specific Code input for plugin: RCC
2026-02-05 09:47:03,719 [INFO] BlockDiagram:2775 - set Specific Code input for plugin: NVIC
2026-02-05 09:47:03,719 [INFO] BlockDiagram:2775 - set Specific Code input for plugin: USART
2026-02-05 09:47:03,719 [INFO] BlockDiagram:2775 - set Specific Code input for plugin: GPIO
2026-02-05 09:47:03,726 [INFO] CodeGenerator:882 - code generatio: config db path: C:\ST\STM32CubeIDE_1.17.0\STM32CubeIDE\plugins\com.st.stm32cube.common.mx_6.14.0.202502271554\\db\
2026-02-05 09:47:03,887 [INFO] CodeEngine:263 - oldGeneratedFile, C:\Users\G45\Documents\DUBOSCLARD_LOZANO\BP-LED-Interruption\MXTmpFiles\license.tmp_save
2026-02-05 09:47:05,318 [INFO] CodeEngine:287 - Generated code: C:\Users\G45\Documents\DUBOSCLARD_LOZANO\BP-LED-Interruption\MXTmpFiles\license.tmp
2026-02-05 09:47:05,905 [INFO] CodeEngine:263 - oldGeneratedFile, C:\Users\G45\Documents\DUBOSCLARD_LOZANO\BP-LED-Interruption\MXTmpFiles\gpio.tmp_save
2026-02-05 09:47:06,133 [INFO] CodeEngine:287 - Generated code: C:\Users\G45\Documents\DUBOSCLARD_LOZANO\BP-LED-Interruption\MXTmpFiles\gpio.tmp
2026-02-05 09:47:06,277 [INFO] CodeEngine:263 - oldGeneratedFile, C:\Users\G45\Documents\DUBOSCLARD_LOZANO\BP-LED-Interruption\Core\Src\stm32l4xx_it.c_save
2026-02-05 09:47:06,657 [INFO] CodeEngine:287 - Generated code: C:\Users\G45\Documents\DUBOSCLARD_LOZANO\BP-LED-Interruption\Core\Src\stm32l4xx_it.c
2026-02-05 09:47:06,667 [INFO] CodeEngine:263 - oldGeneratedFile, C:\Users\G45\Documents\DUBOSCLARD_LOZANO\BP-LED-Interruption\Core\Inc\stm32l4xx_it.h_save
2026-02-05 09:47:06,766 [INFO] CodeEngine:287 - Generated code: C:\Users\G45\Documents\DUBOSCLARD_LOZANO\BP-LED-Interruption\Core\Inc\stm32l4xx_it.h
2026-02-05 09:47:06,788 [INFO] CodeEngine:263 - oldGeneratedFile, C:\Users\G45\Documents\DUBOSCLARD_LOZANO\BP-LED-Interruption\Core\Src\stm32l4xx_hal_msp.c_save
2026-02-05 09:47:07,122 [INFO] CodeEngine:287 - Generated code: C:\Users\G45\Documents\DUBOSCLARD_LOZANO\BP-LED-Interruption\Core\Src\stm32l4xx_hal_msp.c
2026-02-05 09:47:07,140 [INFO] CodeEngine:263 - oldGeneratedFile, C:\Users\G45\Documents\DUBOSCLARD_LOZANO\BP-LED-Interruption\MXTmpFiles\system.tmp_save
2026-02-05 09:47:07,321 [INFO] CodeEngine:287 - Generated code: C:\Users\G45\Documents\DUBOSCLARD_LOZANO\BP-LED-Interruption\MXTmpFiles\system.tmp
2026-02-05 09:47:07,341 [INFO] CodeEngine:319 - oldGeneratedFile, C:\Users\G45\Documents\DUBOSCLARD_LOZANO\BP-LED-Interruption\Core\Inc\stm32l4xx_hal_conf.h_save
2026-02-05 09:47:07,619 [INFO] CodeEngine:343 - Generated code: C:\Users\G45\Documents\DUBOSCLARD_LOZANO\BP-LED-Interruption\Core\Inc\stm32l4xx_hal_conf.h
2026-02-05 09:47:07,700 [INFO] ApiDbMcu:508 - Load IP Config File for USART2
2026-02-05 09:47:07,703 [INFO] ApiDbMcu:508 - Load IP Config File for RCC
2026-02-05 09:47:07,715 [INFO] CodeEngine:263 - oldGeneratedFile, C:\Users\G45\Documents\DUBOSCLARD_LOZANO\BP-LED-Interruption\Core\Inc\main.h_save
2026-02-05 09:47:07,903 [INFO] CodeEngine:287 - Generated code: C:\Users\G45\Documents\DUBOSCLARD_LOZANO\BP-LED-Interruption\Core\Inc\main.h
2026-02-05 09:47:07,916 [INFO] CodeEngine:263 - oldGeneratedFile, C:\Users\G45\Documents\DUBOSCLARD_LOZANO\BP-LED-Interruption\Core\Src\main.c_save
2026-02-05 09:47:08,050 [INFO] CodeEngine:287 - Generated code: C:\Users\G45\Documents\DUBOSCLARD_LOZANO\BP-LED-Interruption\Core\Src\main.c
2026-02-05 09:47:08,549 [INFO] ProjectBuilder:3324 - Time for Copy HAL[1] : 176mS.
2026-02-05 09:47:08,554 [INFO] ProjectBuilder:4912 - Project Generator version: 4.6.0-B36
2026-02-05 09:47:08,710 [INFO] ConfigFileManager:1590 - The Die is : DIE415
2026-02-05 09:47:08,720 [INFO] ApiDbMcu:508 - Load IP Config File for FATFS
2026-02-05 09:47:08,725 [INFO] ApiDbMcu:508 - Load IP Config File for FREERTOS
2026-02-05 09:47:08,752 [INFO] ApiDbMcu:508 - Load IP Config File for TOUCHSENSING
2026-02-05 09:47:08,760 [INFO] ApiDbMcu:508 - Load IP Config File for USB_DEVICE
2026-02-05 09:47:08,793 [INFO] ApiDbMcu:508 - Load IP Config File for USB_HOST
2026-02-05 09:47:12,593 [INFO] ProjectBuilder:5191 - Time for Generating toolchain IDE Files: 4038mS.
2026-02-05 09:47:12,593 [INFO] ProjectBuilder:3181 - Time for Copy CMSIS : 0mS.
2026-02-05 09:47:12,596 [INFO] ProjectBuilder:3181 - Time for Copy CMSIS : 0mS.
2026-02-05 09:47:13,309 [INFO] McuFinderGlobals:76 - Set McuFinderConnectedMode to true
2026-02-05 09:47:13,311 [INFO] ApiDb:448 - Save user favorites file C:\Users\G45/.stm32cubeide/favorites.mcus.txt: 0 item(s)
2026-02-05 09:47:13,311 [INFO] ApiDb:452 - User favorites MCUs=[]
2026-02-05 09:47:13,313 [INFO] ApiDb:448 - Save user favorites file C:\Users\G45/.stm32cubeide/favorites.boards.txt: 1 item(s)
2026-02-05 09:47:13,313 [INFO] ApiDb:452 - User favorites Boards=[NUCLEO-L476RG]
2026-02-05 09:48:29,569 [INFO] UtilMem:75 - End SaveConfig() Used Memory: 854296024 Bytes (1073741824)
2026-02-05 09:50:24,028 [INFO] Gpio:277 - dependency for GPIO [RCC, SYS, USART2]
2026-02-05 09:51:04,241 [INFO] NvicIntPanel:101 - NVIC parent = com.st.microxplorer.plugins.ip.nvic.MultiNvicIntPanel[,2,46,310x341,layout=javax.swing.BoxLayout,alignmentX=0.0,alignmentY=0.0,border=,flags=9,maximumSize=,minimumSize=,preferredSize=]
2026-02-05 09:51:07,462 [INFO] Gpio:277 - dependency for GPIO [RCC, SYS, USART2]
2026-02-05 09:51:08,229 [INFO] Gpio:277 - dependency for GPIO [RCC, SYS, USART2]
2026-02-05 09:51:26,436 [INFO] Gpio:277 - dependency for GPIO [RCC, SYS, USART2]
2026-02-05 09:51:43,878 [INFO] UtilMem:75 - End SaveConfig() Used Memory: 936319488 Bytes (1073741824)
2026-02-05 09:51:46,524 [INFO] UtilMem:75 - End SaveConfig() Used Memory: 973603568 Bytes (1073741824)
2026-02-05 09:51:49,000 [INFO] UtilMem:75 - End SaveConfig() Used Memory: 764790792 Bytes (1073741824)
2026-02-05 09:51:49,346 [INFO] BlockDiagram:2775 - set Specific Code input for plugin: SYS
2026-02-05 09:51:49,347 [INFO] BlockDiagram:2775 - set Specific Code input for plugin: RCC
2026-02-05 09:51:49,347 [INFO] BlockDiagram:2775 - set Specific Code input for plugin: NVIC
2026-02-05 09:51:49,347 [INFO] BlockDiagram:2775 - set Specific Code input for plugin: USART
2026-02-05 09:51:49,347 [INFO] BlockDiagram:2775 - set Specific Code input for plugin: GPIO
2026-02-05 09:51:49,348 [INFO] CodeGenerator:882 - code generatio: config db path: C:\ST\STM32CubeIDE_1.17.0\STM32CubeIDE\plugins\com.st.stm32cube.common.mx_6.14.0.202502271554\\db\
2026-02-05 09:51:49,536 [INFO] CodeEngine:263 - oldGeneratedFile, C:\Users\G45\Documents\DUBOSCLARD_LOZANO\BP-LED-Interruption\MXTmpFiles\license.tmp_save
2026-02-05 09:51:49,855 [INFO] CodeEngine:287 - Generated code: C:\Users\G45\Documents\DUBOSCLARD_LOZANO\BP-LED-Interruption\MXTmpFiles\license.tmp
2026-02-05 09:51:49,962 [INFO] CodeEngine:263 - oldGeneratedFile, C:\Users\G45\Documents\DUBOSCLARD_LOZANO\BP-LED-Interruption\Core\Src\gpio.c_save
2026-02-05 09:51:50,293 [INFO] CodeEngine:287 - Generated code: C:\Users\G45\Documents\DUBOSCLARD_LOZANO\BP-LED-Interruption\Core\Src\gpio.c
2026-02-05 09:51:50,299 [INFO] CodeEngine:263 - oldGeneratedFile, C:\Users\G45\Documents\DUBOSCLARD_LOZANO\BP-LED-Interruption\Core\Inc\gpio.h_save
2026-02-05 09:51:50,621 [INFO] CodeEngine:287 - Generated code: C:\Users\G45\Documents\DUBOSCLARD_LOZANO\BP-LED-Interruption\Core\Inc\gpio.h
2026-02-05 09:51:50,813 [INFO] CodeEngine:263 - oldGeneratedFile, C:\Users\G45\Documents\DUBOSCLARD_LOZANO\BP-LED-Interruption\Core\Src\usart.c_save
2026-02-05 09:51:51,119 [INFO] CodeEngine:287 - Generated code: C:\Users\G45\Documents\DUBOSCLARD_LOZANO\BP-LED-Interruption\Core\Src\usart.c
2026-02-05 09:51:51,125 [INFO] CodeEngine:263 - oldGeneratedFile, C:\Users\G45\Documents\DUBOSCLARD_LOZANO\BP-LED-Interruption\Core\Inc\usart.h_save
2026-02-05 09:51:51,221 [INFO] CodeEngine:287 - Generated code: C:\Users\G45\Documents\DUBOSCLARD_LOZANO\BP-LED-Interruption\Core\Inc\usart.h
2026-02-05 09:51:51,273 [INFO] CodeEngine:263 - oldGeneratedFile, C:\Users\G45\Documents\DUBOSCLARD_LOZANO\BP-LED-Interruption\Core\Src\stm32l4xx_it.c_save
2026-02-05 09:51:51,523 [INFO] CodeEngine:287 - Generated code: C:\Users\G45\Documents\DUBOSCLARD_LOZANO\BP-LED-Interruption\Core\Src\stm32l4xx_it.c
2026-02-05 09:51:51,534 [INFO] CodeEngine:263 - oldGeneratedFile, C:\Users\G45\Documents\DUBOSCLARD_LOZANO\BP-LED-Interruption\Core\Inc\stm32l4xx_it.h_save
2026-02-05 09:51:51,655 [INFO] CodeEngine:287 - Generated code: C:\Users\G45\Documents\DUBOSCLARD_LOZANO\BP-LED-Interruption\Core\Inc\stm32l4xx_it.h
2026-02-05 09:51:51,695 [INFO] CodeEngine:263 - oldGeneratedFile, C:\Users\G45\Documents\DUBOSCLARD_LOZANO\BP-LED-Interruption\Core\Src\stm32l4xx_hal_msp.c_save
2026-02-05 09:51:51,852 [INFO] CodeEngine:287 - Generated code: C:\Users\G45\Documents\DUBOSCLARD_LOZANO\BP-LED-Interruption\Core\Src\stm32l4xx_hal_msp.c
2026-02-05 09:51:51,858 [INFO] CodeEngine:263 - oldGeneratedFile, C:\Users\G45\Documents\DUBOSCLARD_LOZANO\BP-LED-Interruption\MXTmpFiles\system.tmp_save
2026-02-05 09:51:51,956 [INFO] CodeEngine:287 - Generated code: C:\Users\G45\Documents\DUBOSCLARD_LOZANO\BP-LED-Interruption\MXTmpFiles\system.tmp
2026-02-05 09:51:51,988 [INFO] CodeEngine:319 - oldGeneratedFile, C:\Users\G45\Documents\DUBOSCLARD_LOZANO\BP-LED-Interruption\Core\Inc\stm32l4xx_hal_conf.h_save
2026-02-05 09:51:52,166 [INFO] CodeEngine:343 - Generated code: C:\Users\G45\Documents\DUBOSCLARD_LOZANO\BP-LED-Interruption\Core\Inc\stm32l4xx_hal_conf.h
2026-02-05 09:51:52,235 [INFO] CodeEngine:263 - oldGeneratedFile, C:\Users\G45\Documents\DUBOSCLARD_LOZANO\BP-LED-Interruption\Core\Inc\main.h_save
2026-02-05 09:51:52,418 [INFO] CodeEngine:287 - Generated code: C:\Users\G45\Documents\DUBOSCLARD_LOZANO\BP-LED-Interruption\Core\Inc\main.h
2026-02-05 09:51:52,442 [INFO] CodeEngine:263 - oldGeneratedFile, C:\Users\G45\Documents\DUBOSCLARD_LOZANO\BP-LED-Interruption\Core\Src\main.c_save
2026-02-05 09:51:52,605 [INFO] CodeEngine:287 - Generated code: C:\Users\G45\Documents\DUBOSCLARD_LOZANO\BP-LED-Interruption\Core\Src\main.c
2026-02-05 09:51:52,996 [INFO] ProjectBuilder:3324 - Time for Copy HAL[1] : 178mS.
2026-02-05 09:51:53,001 [INFO] ProjectBuilder:4912 - Project Generator version: 4.6.0-B36
2026-02-05 09:51:53,179 [INFO] ConfigFileManager:1590 - The Die is : DIE415
2026-02-05 09:51:55,656 [INFO] ProjectBuilder:5191 - Time for Generating toolchain IDE Files: 2655mS.
2026-02-05 09:51:55,657 [INFO] ProjectBuilder:3181 - Time for Copy CMSIS : 1mS.
2026-02-05 09:51:55,660 [INFO] ProjectBuilder:3181 - Time for Copy CMSIS : 1mS.
2026-02-05 10:00:15,189 [INFO] MainUpdater:2872 - connection check result : 10
2026-02-05 10:00:15,261 [INFO] McuFinderGlobals:76 - Set McuFinderConnectedMode to true
2026-02-05 10:00:15,262 [INFO] MultiScanPanel:200 - Auto-refresh data requested => check proxy status ongoing
2026-02-05 10:00:15,263 [INFO] FinderPluginLoader:95 - Searching for filters in installed packs
2026-02-05 10:00:17,540 [INFO] LoadUrlFilesThread:185 - End of LoadServerUrlFiles without Thread
2026-02-05 10:00:17,541 [INFO] DetailPanel:341 - Set advertising image to C:/Users/G45/STM32Cube/Repository/\en.prom-stm32mp21-0126.png
2026-02-05 10:00:31,916 [INFO] MultiScanPanel:200 - Auto-refresh data requested => check proxy status ongoing
2026-02-05 10:00:31,994 [INFO] LoadUrlFilesThread:185 - End of LoadServerUrlFiles without Thread
2026-02-05 10:00:31,994 [INFO] DetailPanel:341 - Set advertising image to C:/Users/G45/STM32Cube/Repository/\en.prom-stm32mp21-0126.png
2026-02-05 10:00:55,271 [INFO] MainUpdater:2872 - connection check result : 10
2026-02-05 10:00:55,271 [INFO] MainUpdater:2872 - connection check result : 10
2026-02-05 10:00:55,285 [INFO] MicroXplorer:468 - Change Database Path : 
2026-02-05 10:00:55,285 [INFO] MicroXplorer:498 - Change Database Version : DB.6.0.140
2026-02-05 10:00:55,300 [ERROR] ProjectManagerView:394 - 
java.lang.NullPointerException: Cannot invoke "javax.swing.JTextField.getText()" because the return value of "java.util.List.get(int)" is null
	at com.st.microxplorer.plugins.projectmanager.gui.ProjectChoiceTab$9.caretUpdate(ProjectChoiceTab.java:2678) ~[filemanager.jar:?]
	at javax.swing.text.JTextComponent.fireCaretUpdate(JTextComponent.java:408) ~[?:?]
	at javax.swing.text.JTextComponent$MutableCaretEvent.fire(JTextComponent.java:4484) ~[?:?]
	at javax.swing.text.JTextComponent$MutableCaretEvent.stateChanged(JTextComponent.java:4506) ~[?:?]
	at javax.swing.text.DefaultCaret.fireStateChanged(DefaultCaret.java:857) ~[?:?]
	at javax.swing.text.DefaultCaret.changeCaretPosition(DefaultCaret.java:1343) ~[?:?]
	at javax.swing.text.DefaultCaret.handleSetDot(DefaultCaret.java:1242) ~[?:?]
	at javax.swing.text.DefaultCaret.setDot(DefaultCaret.java:1223) ~[?:?]
	at javax.swing.text.DefaultCaret$Handler.insertUpdate(DefaultCaret.java:1819) ~[?:?]
	at javax.swing.text.AbstractDocument.fireInsertUpdate(AbstractDocument.java:227) ~[?:?]
	at javax.swing.text.AbstractDocument.handleInsertString(AbstractDocument.java:781) ~[?:?]
	at javax.swing.text.AbstractDocument.insertString(AbstractDocument.java:740) ~[?:?]
	at javax.swing.text.PlainDocument.insertString(PlainDocument.java:131) ~[?:?]
	at javax.swing.text.AbstractDocument.replace(AbstractDocument.java:699) ~[?:?]
	at javax.swing.text.JTextComponent.setText(JTextComponent.java:1725) ~[?:?]
	at com.st.microxplorer.plugins.projectmanager.gui.ProjectChoiceTab.createHeapStackFields(ProjectChoiceTab.java:979) ~[filemanager.jar:?]
	at com.st.microxplorer.plugins.projectmanager.gui.ProjectChoiceTab.buildLinkSettingsPanel(ProjectChoiceTab.java:3766) ~[filemanager.jar:?]
	at com.st.microxplorer.plugins.projectmanager.gui.ProjectChoiceTab.defineWindowsFields(ProjectChoiceTab.java:1962) ~[filemanager.jar:?]
	at com.st.microxplorer.plugins.projectmanager.gui.ProjectChoiceTab.updateSettings(ProjectChoiceTab.java:555) ~[filemanager.jar:?]
	at com.st.microxplorer.plugins.projectmanager.gui.ProjectSettingsPanel.UpdateDialog(ProjectSettingsPanel.java:245) ~[filemanager.jar:?]
	at com.st.microxplorer.plugins.projectmanager.ProjectManagerView.propertyChange(ProjectManagerView.java:391) ~[filemanager.jar:?]
	at java.beans.PropertyChangeSupport.fire(PropertyChangeSupport.java:343) ~[?:?]
	at java.beans.PropertyChangeSupport.firePropertyChange(PropertyChangeSupport.java:335) ~[?:?]
	at java.beans.PropertyChangeSupport.firePropertyChange(PropertyChangeSupport.java:268) ~[?:?]
	at com.st.microxplorer.util.MXPropertyChangeSupport.firePropertyChange(MXPropertyChangeSupport.java:54) ~[STM32CubeMX.jar:?]
	at com.st.microxplorer.mxsystem.MxSystem.closeConfig(MxSystem.java:899) ~[STM32CubeMX.jar:?]
	at com.st.microxplorer.maingui.MainPanel.closeConfig(MainPanel.java:789) ~[STM32CubeMX.jar:?]
	at com.st.microxplorer.plugins.filemanager.engine.OpenFileManager.loadConfigurationFile(OpenFileManager.java:287) ~[filemanager.jar:?]
	at com.st.microxplorer.plugins.filemanager.engine.MainFileManager.userLoadConfig(MainFileManager.java:341) ~[filemanager.jar:?]
	at com.st.microxplorer.plugins.filemanager.FileManagerView.getSpecificTask(FileManagerView.java:250) ~[filemanager.jar:?]
	at com.st.stm32cube.common.mx.editor.CubeMxEditor.getMxTabbedPaneInstance(CubeMxEditor.java:1191) ~[com.st.stm32cube.common.mx_6.14.0.202502271554/:?]
	at com.st.stm32cube.common.mx.editor.CubeMxEditor$12$1.createSwingComponent(CubeMxEditor.java:1068) ~[com.st.stm32cube.common.mx_6.14.0.202502271554/:?]
	at com.st.stm32cube.common.mx.oss.core.awtswtbridge.EmbeddedSwingComposite.doComponentCreation(EmbeddedSwingComposite.java:492) ~[com.st.stm32cube.common.mx.oss_6.14.0.202502271554/:?]
	at com.st.stm32cube.common.mx.oss.core.awtswtbridge.EmbeddedSwingComposite$4.run(EmbeddedSwingComposite.java:291) ~[com.st.stm32cube.common.mx.oss_6.14.0.202502271554/:?]
	at com.st.stm32cube.common.mx.oss.core.awtswtbridge.AwtEnvironment$2.run(AwtEnvironment.java:166) ~[com.st.stm32cube.common.mx.oss_6.14.0.202502271554/:?]
	at java.awt.event.InvocationEvent.dispatch(InvocationEvent.java:318) ~[?:?]
	at java.awt.EventQueue.dispatchEventImpl(EventQueue.java:773) ~[?:?]
	at java.awt.EventQueue$4.run(EventQueue.java:720) ~[?:?]
	at java.awt.EventQueue$4.run(EventQueue.java:714) ~[?:?]
	at java.security.AccessController.doPrivileged(AccessController.java:400) ~[?:?]
	at java.security.ProtectionDomain$JavaSecurityAccessImpl.doIntersectionPrivilege(ProtectionDomain.java:87) ~[?:?]
	at java.awt.EventQueue.dispatchEvent(EventQueue.java:742) ~[?:?]
	at java.awt.EventDispatchThread.pumpOneEventForFilters(EventDispatchThread.java:203) ~[?:?]
	at java.awt.EventDispatchThread.pumpEventsForFilter(EventDispatchThread.java:124) ~[?:?]
	at java.awt.EventDispatchThread.pumpEventsForHierarchy(EventDispatchThread.java:113) ~[?:?]
	at java.awt.EventDispatchThread.pumpEvents(EventDispatchThread.java:109) ~[?:?]
	at java.awt.EventDispatchThread.pumpEvents(EventDispatchThread.java:101) ~[?:?]
	at java.awt.EventDispatchThread.run(EventDispatchThread.java:90) ~[?:?]
2026-02-05 10:00:55,303 [WARN] ThirdParty:871 - waiting for thirdparty lock release [close project]
2026-02-05 10:00:55,303 [INFO] ThirdParty:873 - entering critical section [close project]
2026-02-05 10:00:55,303 [INFO] ThirdParty:883 - exiting critical section [close project]
2026-02-05 10:00:55,305 [INFO] PinOutPanel:1589 - setPackage(No Configuration,No Configuration)
2026-02-05 10:00:55,308 [INFO] UtilMem:75 - Begin LoadConfig() Used Memory: 946144200 Bytes (1073741824)
2026-02-05 10:00:55,309 [INFO] OpenFileManager:354 - Change cursor
2026-02-05 10:00:55,390 [INFO] RulesReader:64 - Compatibility file has been processed (301 Rules)
2026-02-05 10:00:55,395 [INFO] ProjectFactory:442 - No CPN specified for board NUCLEO-L476RG => set CPN to STM32L476RGT3
2026-02-05 10:00:55,396 [INFO] Mcu:2011 - Initializing MCU STM32L476R(C-E-G)Tx STM32L476RGTx STM32L476RGT3
2026-02-05 10:00:58,316 [INFO] Context:756 - Trying to add GPIOservice into a context  which must be forbidden
2026-02-05 10:00:59,317 [INFO] Rule:224 - rule 117617 - U5Cobra4M][GTZC] default value MPCBB3 and MPCBB5 - Not Secured memory - MPCBB1 is applicable
2026-02-05 10:00:59,317 [INFO] Rule:224 - rule 117617 - U5Cobra4M][GTZC] default value MPCBB3 and MPCBB5 - Not Secured memory - MPCBB1 is applicable
2026-02-05 10:00:59,318 [INFO] Rule:224 - rule 117617 - U5Cobra4M][GTZC] default value MPCBB3 and MPCBB5 - Not Secured memory - MPCBB2 is applicable
2026-02-05 10:00:59,318 [INFO] Rule:224 - rule 117617 - U5Cobra4M][GTZC] default value MPCBB3 and MPCBB5 - Not Secured memory - MPCBB2 is applicable
2026-02-05 10:00:59,318 [INFO] Rule:224 - rule 117617 - U5Cobra4M][GTZC] default value MPCBB3 and MPCBB5 - Not Secured memory - MPCBB3 is applicable
2026-02-05 10:00:59,319 [INFO] Rule:224 - rule 117617 - U5Cobra4M][GTZC] default value MPCBB3 and MPCBB5 - Not Secured memory - MPCBB3 is applicable
2026-02-05 10:00:59,319 [INFO] Rule:224 - rule 117617 - U5Cobra4M][GTZC] default value MPCBB3 and MPCBB5 - Not Secured memory - MPCBB4 is applicable
2026-02-05 10:00:59,319 [INFO] Rule:224 - rule 117617 - U5Cobra4M][GTZC] default value MPCBB3 and MPCBB5 - Not Secured memory - MPCBB4 is applicable
2026-02-05 10:00:59,319 [INFO] Rule:224 - rule 117617 - U5Cobra4M][GTZC] default value MPCBB3 and MPCBB5 - Secured memory - MPCBB1 is applicable
2026-02-05 10:00:59,319 [INFO] Rule:224 - rule 117617 - U5Cobra4M][GTZC] default value MPCBB3 and MPCBB5 - Secured memory - MPCBB2 is applicable
2026-02-05 10:00:59,320 [INFO] Rule:224 - rule 117617 - U5Cobra4M][GTZC] default value MPCBB3 and MPCBB5 - Secured memory - MPCBB3 is applicable
2026-02-05 10:00:59,320 [INFO] Rule:224 - rule 117617 - U5Cobra4M][GTZC] default value MPCBB3 and MPCBB5 - Secured memory - MPCBB4 is applicable
2026-02-05 10:00:59,320 [INFO] Rule:224 - rule 117617 - U5Cobra4M][GTZC] default value MPCBB3 and MPCBB5 - Privileged memory - MPCBB1 is applicable
2026-02-05 10:00:59,321 [INFO] Rule:224 - rule 117617 - U5Cobra4M][GTZC] default value MPCBB3 and MPCBB5 - Privileged memory - MPCBB2 is applicable
2026-02-05 10:00:59,321 [INFO] Rule:224 - rule 117617 - U5Cobra4M][GTZC] default value MPCBB3 and MPCBB5 - Privileged memory - MPCBB3 is applicable
2026-02-05 10:00:59,321 [INFO] Rule:224 - rule 117617 - U5Cobra4M][GTZC] default value MPCBB3 and MPCBB5 - Privileged memory - MPCBB4 is applicable
2026-02-05 10:00:59,322 [INFO] Rule:224 - rule 117617 - U5Cobra4M][GTZC] default value MPCBB3 and MPCBB5 - Not Privileged memory - MPCBB1 is applicable
2026-02-05 10:00:59,322 [INFO] Rule:224 - rule 117617 - U5Cobra4M][GTZC] default value MPCBB3 and MPCBB5 - Not Privileged memory - MPCBB2 is applicable
2026-02-05 10:00:59,323 [INFO] Rule:224 - rule 117617 - U5Cobra4M][GTZC] default value MPCBB3 and MPCBB5 - Not Privileged memory - MPCBB3 is applicable
2026-02-05 10:00:59,323 [INFO] Rule:224 - rule 117617 - U5Cobra4M][GTZC] default value MPCBB3 and MPCBB5 - Not Privileged memory - MPCBB4 is applicable
2026-02-05 10:00:59,323 [INFO] Rule:224 - rule 117617 - U5Cobra4M][GTZC] default value MPCBB3 and MPCBB5 - Privileged memory - MPCBB1 is applicable
2026-02-05 10:00:59,323 [INFO] Rule:224 - rule 117617 - U5Cobra4M][GTZC] default value MPCBB3 and MPCBB5 - Privileged memory - MPCBB2 is applicable
2026-02-05 10:00:59,323 [INFO] Rule:224 - rule 117617 - U5Cobra4M][GTZC] default value MPCBB3 and MPCBB5 - Privileged memory - MPCBB3 is applicable
2026-02-05 10:00:59,324 [INFO] Rule:224 - rule 117617 - U5Cobra4M][GTZC] default value MPCBB3 and MPCBB5 - Privileged memory - MPCBB4 is applicable
2026-02-05 10:00:59,324 [INFO] Rule:224 - rule 117617 - U5Cobra4M][GTZC] default value MPCBB3 and MPCBB5 - Privileged memory - MPCBB1 is applicable
2026-02-05 10:00:59,324 [INFO] Rule:224 - rule 117617 - U5Cobra4M][GTZC] default value MPCBB3 and MPCBB5 - Privileged memory - MPCBB2 is applicable
2026-02-05 10:00:59,324 [INFO] Rule:224 - rule 117617 - U5Cobra4M][GTZC] default value MPCBB3 and MPCBB5 - Privileged memory - MPCBB3 is applicable
2026-02-05 10:00:59,324 [INFO] Rule:224 - rule 117617 - U5Cobra4M][GTZC] default value MPCBB3 and MPCBB5 - Privileged memory - MPCBB4 is applicable
2026-02-05 10:00:59,324 [INFO] Rule:224 - rule 117617 - U5Cobra4M][GTZC] default value MPCBB3 and MPCBB5 - Not Privileged memory - MPCBB1 is applicable
2026-02-05 10:00:59,324 [INFO] Rule:224 - rule 117617 - U5Cobra4M][GTZC] default value MPCBB3 and MPCBB5 - Not Privileged memory - MPCBB2 is applicable
2026-02-05 10:00:59,324 [INFO] Rule:224 - rule 117617 - U5Cobra4M][GTZC] default value MPCBB3 and MPCBB5 - Not Privileged memory - MPCBB3 is applicable
2026-02-05 10:00:59,325 [INFO] Rule:224 - rule 117617 - U5Cobra4M][GTZC] default value MPCBB3 and MPCBB5 - Not Privileged memory - MPCBB4 is applicable
2026-02-05 10:00:59,325 [INFO] Rule:224 - rule 117617 - U5Cobra4M][GTZC] default value MPCBB3 and MPCBB5 - Privileged memory - MPCBB1 is applicable
2026-02-05 10:00:59,325 [INFO] Rule:224 - rule 117617 - U5Cobra4M][GTZC] default value MPCBB3 and MPCBB5 - Privileged memory - MPCBB2 is applicable
2026-02-05 10:00:59,325 [INFO] Rule:224 - rule 117617 - U5Cobra4M][GTZC] default value MPCBB3 and MPCBB5 - Privileged memory - MPCBB3 is applicable
2026-02-05 10:00:59,325 [INFO] Rule:224 - rule 117617 - U5Cobra4M][GTZC] default value MPCBB3 and MPCBB5 - Privileged memory - MPCBB4 is applicable
2026-02-05 10:00:59,325 [INFO] Rule:224 - rule Rename SubGHz_Phy SUBGHZ_APPLICATION SUBGHZ_PINGPONG to SUBGHZ_ADV_APPLICATION is applicable
2026-02-05 10:00:59,325 [INFO] Rule:224 - rule Rename Enabled to IBEACON is applicable
2026-02-05 10:00:59,325 [INFO] Rule:224 - rule GTZC_S instance for project manager is applicable
2026-02-05 10:00:59,326 [INFO] Rule:224 - rule GTZC_S instance for context M33S is applicable
2026-02-05 10:00:59,326 [INFO] Rule:224 - rule GTZC_S instance value for IP GTZC is applicable
2026-02-05 10:00:59,326 [INFO] Rule:224 - rule GTZC_S instance for mcu.IP is applicable
2026-02-05 10:00:59,327 [INFO] Rule:224 - rule GTZC_S instance for VP is applicable
2026-02-05 10:00:59,328 [INFO] Rule:224 - rule GTZC_S instance for signal is applicable
2026-02-05 10:00:59,328 [INFO] Rule:224 - rule GTZC_S instance for mcu.Pin is applicable
2026-02-05 10:00:59,328 [INFO] Rule:224 - rule GTZC_S instance for VP is applicable
2026-02-05 10:00:59,329 [INFO] Rule:224 - rule GTZC_S instance for signal is applicable
2026-02-05 10:00:59,329 [INFO] Rule:224 - rule GTZC_S instance for mcu is applicable
2026-02-05 10:00:59,329 [INFO] Rule:224 - rule GTZC_S instance for mcu.Pin is applicable
2026-02-05 10:00:59,329 [INFO] Rule:224 - rule GTZC_S instance value for IP GTZC is applicable
2026-02-05 10:00:59,329 [INFO] Rule:224 - rule GTZC_S instance for project manager is applicable
2026-02-05 10:00:59,329 [INFO] Rule:224 - rule GTZC_S instance for context M33S is applicable
2026-02-05 10:00:59,329 [INFO] Rule:224 - rule GTZC_S instance for VP is applicable
2026-02-05 10:00:59,329 [INFO] Rule:224 - rule GTZC_S instance for signal is applicable
2026-02-05 10:00:59,329 [INFO] Rule:224 - rule SPDIFRX instance for mcu is applicable
2026-02-05 10:00:59,329 [INFO] Rule:224 - rule Rename Tracer Mode is applicable
2026-02-05 10:00:59,330 [INFO] Rule:224 - rule SPDIFRX instance value for IP SPDIFRX is applicable
2026-02-05 10:00:59,330 [INFO] Rule:224 - rule SPDIFRX instance for signal is applicable
2026-02-05 10:00:59,330 [INFO] Rule:224 - rule SPDIFRX instance for project manager is applicable
2026-02-05 10:00:59,335 [INFO] Rule:224 - rule SPDIFRX instance for project manager is applicable
2026-02-05 10:00:59,339 [INFO] Rule:224 - rule ADC Scan  fix with FW F7 is applicable
2026-02-05 10:00:59,339 [INFO] Rule:224 - rule ADC Scan  fix with FW F7 is applicable
2026-02-05 10:00:59,340 [INFO] Rule:224 - rule WakeUp0 Mode is applicable
2026-02-05 10:00:59,340 [INFO] Rule:224 - rule WakeUp0 SIGNAL is applicable
2026-02-05 10:00:59,340 [INFO] Rule:224 - rule WakeUp1 Mode is applicable
2026-02-05 10:00:59,340 [INFO] Rule:224 - rule WakeUp1 SIGNAL is applicable
2026-02-05 10:00:59,340 [INFO] Rule:224 - rule WakeUp2 Mode is applicable
2026-02-05 10:00:59,340 [INFO] Rule:224 - rule WakeUp2 SIGNAL is applicable
2026-02-05 10:00:59,340 [INFO] Rule:224 - rule WakeUp4 Mode is applicable
2026-02-05 10:00:59,340 [INFO] Rule:224 - rule WakeUp4 SIGNAL is applicable
2026-02-05 10:00:59,340 [INFO] Rule:224 - rule WakeUp5 Mode is applicable
2026-02-05 10:00:59,340 [INFO] Rule:224 - rule WakeUp5 SIGNAL is applicable
2026-02-05 10:00:59,340 [INFO] Rule:224 - rule Add RTC Activate Clock Source is applicable
2026-02-05 10:00:59,341 [INFO] Rule:224 - rule Add RTC Activate Calendar 1 is applicable
2026-02-05 10:00:59,341 [INFO] Rule:224 - rule Add RTC Activate Calendar 2 is applicable
2026-02-05 10:00:59,341 [INFO] Rule:224 - rule Add RTC Activate Calendar 3 is applicable
2026-02-05 10:00:59,341 [INFO] Rule:224 - rule UART/USART TX Mode is applicable
2026-02-05 10:00:59,341 [INFO] Rule:224 - rule UART/USART RX Mode is applicable
2026-02-05 10:00:59,341 [INFO] Rule:224 - rule UART/USART RX TX Mode is applicable
2026-02-05 10:00:59,341 [INFO] Rule:224 - rule UART/USART PARITY NONE is applicable
2026-02-05 10:00:59,341 [INFO] Rule:224 - rule UART/USART PARITY EVEN is applicable
2026-02-05 10:00:59,341 [INFO] Rule:224 - rule UART/USART PARITY ODD is applicable
2026-02-05 10:00:59,341 [INFO] Rule:224 - rule USART StopBits 1 is applicable
2026-02-05 10:00:59,341 [INFO] Rule:224 - rule USART StopBits 2 is applicable
2026-02-05 10:00:59,341 [INFO] Rule:224 - rule USART StopBits 1.5 is applicable
2026-02-05 10:00:59,341 [INFO] Rule:224 - rule USART StopBits 0.5 is applicable
2026-02-05 10:00:59,341 [INFO] Rule:224 - rule UART/USART WORD LENGTH 7 is applicable
2026-02-05 10:00:59,341 [INFO] Rule:224 - rule UART/USART WORD LENGTH 8 is applicable
2026-02-05 10:00:59,341 [INFO] Rule:224 - rule UART/USART WORD LENGTH 9 is applicable
2026-02-05 10:00:59,341 [INFO] Rule:224 - rule Rename FMC NAND NCE signal is applicable
2026-02-05 10:00:59,341 [INFO] Rule:224 - rule Rename FMC NAND INT signal is applicable
2026-02-05 10:00:59,341 [INFO] Rule:224 - rule Change Default Value for LSE Drive Capability for WB family is applicable
2026-02-05 10:00:59,341 [INFO] Rule:224 - rule Change Default Value for ADC Clock Prescaler G0 family is applicable
2026-02-05 10:00:59,341 [INFO] Rule:224 - rule Change Default Value for ADC ExternalTrigConv L4 family is applicable
2026-02-05 10:00:59,341 [INFO] Rule:224 - rule Change Default Value for ADC ExternalTrigInjecConv L4 family is applicable
2026-02-05 10:00:59,341 [INFO] Rule:224 - rule Change Default Value for ADC ExternalTrigConv F3 family is applicable
2026-02-05 10:00:59,341 [INFO] Rule:224 - rule Change Default Value for ADC ExternalTrigInjecConv F3 family is applicable
2026-02-05 10:00:59,341 [INFO] Rule:224 - rule Change Default Value for ADC ExternalTrigConv Goldfish serie is applicable
2026-02-05 10:00:59,341 [INFO] Rule:224 - rule Change Default Value for ADC ExternalTrigInjecConv Goldfish serie is applicable
2026-02-05 10:00:59,342 [INFO] Rule:224 - rule Change Default Value for ADC ExternalTrigConv L0 family is applicable
2026-02-05 10:00:59,342 [INFO] Rule:224 - rule Change Default Value for ADC ExternalTrigConv F0 family is applicable
2026-02-05 10:00:59,342 [INFO] Rule:224 - rule Change Default Value for ADC ExternalTrigConvn L1 family is applicable
2026-02-05 10:00:59,342 [INFO] Rule:224 - rule Change Default Value for ADC ExternalTrigInjecConv L1 family is applicable
2026-02-05 10:00:59,342 [INFO] Rule:224 - rule Change Default Value for ADC ExternalTrigConv F1 family is applicable
2026-02-05 10:00:59,342 [INFO] Rule:224 - rule Change Default Value for ADC ExternalTrigInjecConv F1 family is applicable
2026-02-05 10:00:59,342 [INFO] Rule:224 - rule Change Default Value for ADC ExternalTrigConv F7 family is applicable
2026-02-05 10:00:59,342 [INFO] Rule:224 - rule Change Default Value for ADC ExternalTrigInjecConv F7 family is applicable
2026-02-05 10:00:59,342 [INFO] Rule:224 - rule Change Default Value for ADC ExternalTrigConv F4 and F2 family is applicable
2026-02-05 10:00:59,342 [INFO] Rule:224 - rule Change Default Value for ADC ExternalTrigInjecConv F4 and F2 family is applicable
2026-02-05 10:00:59,342 [INFO] Rule:224 - rule ADC SamplingTime fix with FW L0  is applicable
2026-02-05 10:00:59,342 [INFO] Rule:224 - rule ADC SamplingTime fix with FW L0  is applicable
2026-02-05 10:00:59,342 [INFO] Rule:224 - rule ADC SamplingTime fix with FW L0 is applicable
2026-02-05 10:00:59,342 [INFO] Rule:224 - rule ADC SamplingTime fix with FW L0 is applicable
2026-02-05 10:00:59,342 [INFO] Rule:224 - rule ADC SamplingTime fix with FW L0  is applicable
2026-02-05 10:00:59,342 [INFO] Rule:224 - rule ADC SamplingTime fix with FW L0 is applicable
2026-02-05 10:00:59,342 [INFO] Rule:224 - rule Rename USB_OE Signal is applicable
2026-02-05 10:00:59,342 [INFO] Rule:224 - rule Rename Activate_OE Mode is applicable
2026-02-05 10:00:59,342 [INFO] Rule:224 - rule Rename DIE462/DIE415 pin PC14/OSC32_IN -> PC14-OSC32_IN (PC14) is applicable
2026-02-05 10:00:59,342 [INFO] Rule:224 - rule Rename DIE462/DIE415 pin PC15/OSC32_OUT -> PC15-OSC32_OUT (PC15) is applicable
2026-02-05 10:00:59,342 [INFO] Rule:224 - rule Rename DIE462/DIE415 pin PH0/OSC_IN -> PH0-OSC_IN (PH0) is applicable
2026-02-05 10:00:59,342 [INFO] Rule:224 - rule Rename DIE462/DIE415 pin PH1/OSC_OUT -> PH1-OSC_OUT (PH1) is applicable
2026-02-05 10:00:59,342 [INFO] Rule:224 - rule Rename DIE462 pin PA13 -> PA13 (JTMS/SWDIO) is applicable
2026-02-05 10:00:59,343 [INFO] Rule:224 - rule Rename DIE415 pin PA13 -> PA13 (JTMS/SWDIO) is applicable
2026-02-05 10:00:59,343 [INFO] Rule:224 - rule Rename DIE462 pin PA14 -> PA14 (JTCK/SWCLK) is applicable
2026-02-05 10:00:59,343 [INFO] Rule:224 - rule Rename DIE415 pin PA14 -> PA14 (JTCK/SWCLK) is applicable
2026-02-05 10:00:59,343 [INFO] Rule:224 - rule Rename DIE462/DIE415 pin PA15 -> PA15 (JTDI) is applicable
2026-02-05 10:00:59,343 [INFO] Rule:224 - rule Rename DIE462 pin PB3 -> PB3 (JTD0/TRACESWO) is applicable
2026-02-05 10:00:59,343 [INFO] Rule:224 - rule Rename DIE415 pin PB3 -> PB3 (JTD0-TRACESWO) is applicable
2026-02-05 10:00:59,343 [INFO] Rule:224 - rule Rename DIE462/DIE415 pin PB4 -> PB4 (NJTRST) is applicable
2026-02-05 10:00:59,343 [INFO] Rule:224 - rule Rename DIE462 pin PH3/BOOT0 -> PH3-BOOT0 (BOOT0) is applicable
2026-02-05 10:00:59,343 [INFO] Rule:224 - rule Rename CRYP DataEncryptionTypesList to Algorithm is applicable
2026-02-05 10:00:59,343 [INFO] Rule:224 - rule Rename AES DataEncryptionTypesList to Algorithm is applicable
2026-02-05 10:00:59,343 [INFO] Rule:224 - rule Rename TDESECB to CRYP_TDES_ECB is applicable
2026-02-05 10:00:59,343 [INFO] Rule:224 - rule Rename TDESCBC to CRYP_TDES_CBC is applicable
2026-02-05 10:00:59,343 [INFO] Rule:224 - rule Rename DESECB to CRYP_DES_ECB is applicable
2026-02-05 10:00:59,343 [INFO] Rule:224 - rule Rename DESCBC to CRYP_DES_CBC is applicable
2026-02-05 10:00:59,343 [INFO] Rule:224 - rule Rename AESECB to CRYP_AES_ECB is applicable
2026-02-05 10:00:59,343 [INFO] Rule:224 - rule Rename AESCBC to CRYP_AES_CBC is applicable
2026-02-05 10:00:59,343 [INFO] Rule:224 - rule Rename AESCTR to CRYP_AES_CTR is applicable
2026-02-05 10:00:59,343 [INFO] Rule:224 - rule Rename AESGCM to CRYP_AES_GCM is applicable
2026-02-05 10:00:59,344 [INFO] Rule:224 - rule Rename AESCCM to CRYP_AES_CCM is applicable
2026-02-05 10:00:59,344 [INFO] Rule:224 - rule Rename CAN TimeSeg1 to BS1 is applicable
2026-02-05 10:00:59,344 [INFO] Rule:224 - rule Rename CAN TimeSeg2 to BS2 is applicable
2026-02-05 10:00:59,344 [INFO] Rule:224 - rule Rename CAN SyncJumpWidth to SJW is applicable
2026-02-05 10:00:59,344 [INFO] Rule:224 - rule TimeTriggeredMode to TTCM is applicable
2026-02-05 10:00:59,344 [INFO] Rule:224 - rule Rename CAN AutoBusOff to ABOM is applicable
2026-02-05 10:00:59,344 [INFO] Rule:224 - rule Rename CAN AutoWakeUp to AWUM is applicable
2026-02-05 10:00:59,344 [INFO] Rule:224 - rule Rename CAN AutoRetransmission to NART is applicable
2026-02-05 10:00:59,344 [INFO] Rule:224 - rule Rename CAN ReceiveFifoLocked to RFLM is applicable
2026-02-05 10:00:59,344 [INFO] Rule:224 - rule Rename CAN TransmitFifoPriority to TXFP is applicable
2026-02-05 10:00:59,344 [INFO] Rule:224 - rule Rename HRTIMER HRTIM_OUTPUTFAULTLEVEL_HIGH in HRTIMER HRTIM_OUTPUTFAULTLEVEL_HIGHZ is applicable
2026-02-05 10:00:59,344 [INFO] Rule:224 - rule Rename TIMER TIM_CLEARINPUTSOURCE_OCREFCLR in  TIMER TIM_CLEARINPUTSOURCE_NONE for F7 family is applicable
2026-02-05 10:00:59,344 [INFO] Rule:224 - rule FDCAN_R1 - Rename FDCAN mode Master into Classic is applicable
2026-02-05 10:00:59,344 [INFO] Rule:224 - rule FDCAN_R2 - Rename FDCAN mode Slave into Classic is applicable
2026-02-05 10:00:59,344 [INFO] Rule:224 - rule FDCAN1_R3 - if PA10.Mode=FullDuplex, add Pin PA12 is applicable
2026-02-05 10:00:59,344 [INFO] Rule:224 - rule FDCAN1_R3 - if PA9.Mode=FullDuplex, add Pin PA11 is applicable
2026-02-05 10:00:59,344 [INFO] Rule:224 - rule FDCAN1_R3 - Alternatepin_1 - if PE1.Mode=FullDuplex, add Pin PB9 is applicable
2026-02-05 10:00:59,344 [INFO] Rule:224 - rule FDCAN1_R3 - Alternatepin_1 - if PE0.Mode=FullDuplex, add Pin PB8 is applicable
2026-02-05 10:00:59,344 [INFO] Rule:224 - rule FDCAN1_R3 - Alternatepin_2 - if PD5.Mode=FullDuplex, add Pin PD1 is applicable
2026-02-05 10:00:59,344 [INFO] Rule:224 - rule FDCAN1_R3 - Alternatepin_2 - if PD4.Mode=FullDuplex, add Pin PD0 is applicable
2026-02-05 10:00:59,344 [INFO] Rule:224 - rule FDCAN1_R4 - Rename Mode FullDuplex into Enable FDCAN_TXFD for pin PA10 is applicable
2026-02-05 10:00:59,344 [INFO] Rule:224 - rule FDCAN1_R4 - Rename Mode FullDuplex into Enable FDCAN_TXFD for pin PA9 is applicable
2026-02-05 10:00:59,344 [INFO] Rule:224 - rule FDCAN1_R4 - Alternatepin_1 - Rename Mode FullDuplex into Enable FDCAN_TXFD for pin PE1 is applicable
2026-02-05 10:00:59,345 [INFO] Rule:224 - rule FDCAN1_R4 - Alternatepin_1 - Rename Mode FullDuplex into Enable FDCAN_TXFD for pin PE0 is applicable
2026-02-05 10:00:59,345 [INFO] Rule:224 - rule FDCAN1_R4 - Alternatepin_2 - Rename Mode FullDuplex into Enable FDCAN_TXFD for pin PD5 is applicable
2026-02-05 10:00:59,345 [INFO] Rule:224 - rule FDCAN1_R4 - Alternatepin_2 - Rename Mode FullDuplex into Enable FDCAN_TXFD for pin PD4 is applicable
2026-02-05 10:00:59,345 [INFO] Rule:224 - rule FDCAN2_R3 - if PD10.Mode=FullDuplex, add Pin PB13 is applicable
2026-02-05 10:00:59,345 [INFO] Rule:224 - rule FDCAN2_R3 - if PD9.Mode=FullDuplex, add Pin PB12 is applicable
2026-02-05 10:00:59,345 [INFO] Rule:224 - rule FDCAN2_R3 - Alternatepin_1 - if PB7.Mode=FullDuplex, add Pin PB6 is applicable
2026-02-05 10:00:59,345 [INFO] Rule:224 - rule FDCAN2_R3 - Alternatepin_1 - if PD9.Mode=FullDuplex, add Pin PB12 is applicable
2026-02-05 10:00:59,345 [INFO] Rule:224 - rule FDCAN2_R4 - Rename Mode FullDuplex into Enable FDCAN_TXFD for pin PD10 is applicable
2026-02-05 10:00:59,345 [INFO] Rule:224 - rule FDCAN2_R4 - Rename Mode FullDuplex into Enable FDCAN_TXFD for pin PD9 is applicable
2026-02-05 10:00:59,345 [INFO] Rule:224 - rule FDCAN2_R4 - Alternatepin_1 - Rename Mode FullDuplex into Enable FDCAN_TXFD for pin PB7 is applicable
2026-02-05 10:00:59,345 [INFO] Rule:224 - rule FDCAN2_R4 - Alternatepin_1 - Rename Mode FullDuplex into Enable FDCAN_TXFD for pin PD6 is applicable
2026-02-05 10:00:59,345 [INFO] Rule:224 - rule USART TxPinLevelInvertParam Mode is applicable
2026-02-05 10:00:59,345 [INFO] Rule:224 - rule USART RxPinLevelInvertParam Mode is applicable
2026-02-05 10:00:59,345 [INFO] Rule:224 - rule USART DataInvertParam Mode is applicable
2026-02-05 10:00:59,345 [INFO] Rule:224 - rule USART SwapParam Mode is applicable
2026-02-05 10:00:59,345 [INFO] Rule:224 - rule USART OverrunDisableParam Mode is applicable
2026-02-05 10:00:59,345 [INFO] Rule:224 - rule USART DMADisableonRxErrorParam Mode is applicable
2026-02-05 10:00:59,345 [INFO] Rule:224 - rule USART MSBFirstParam Mode is applicable
2026-02-05 10:00:59,345 [INFO] Rule:224 - rule Update MwName for USB_DEVICE is applicable
2026-02-05 10:00:59,345 [INFO] Rule:224 - rule Change PWR_Regulator_Voltage_Scale Default Value for RCC  H7 family is applicable
2026-02-05 10:00:59,345 [INFO] Rule:224 - rule UART/USART IPParameter rename Prescaler parameter to ClockPrescaler is applicable
2026-02-05 10:00:59,345 [INFO] Rule:224 - rule UART/USART Prescaler rename Prescaler parameter to ClockPrescaler is applicable
2026-02-05 10:00:59,345 [INFO] Rule:224 - rule TIM1CLockSelection is applicable
2026-02-05 10:00:59,346 [INFO] Rule:224 - rule TIM15CLockSelection is applicable
2026-02-05 10:00:59,346 [INFO] Rule:224 - rule align RCC SDMMC3CLockSelection default value on MP1 is applicable
2026-02-05 10:00:59,346 [INFO] Rule:224 - rule align RCC SDMMC12CLockSelection default value on MP1 is applicable
2026-02-05 10:00:59,346 [INFO] Rule:224 - rule align RCC QSPICLockSelection default value on MP1 is applicable
2026-02-05 10:00:59,346 [INFO] Rule:224 - rule align RCC QSPICLockSelection default value on MP1 is applicable
2026-02-05 10:00:59,346 [INFO] Rule:224 - rule align RCC SPI6CLockSelection default value on MP1 is applicable
2026-02-05 10:00:59,346 [INFO] Rule:224 - rule align RCC LPTIM23CLockSelection default value on MP1 is applicable
2026-02-05 10:00:59,346 [INFO] Rule:224 - rule align RCC LPTIM1CLockSelection default value on MP1 is applicable
2026-02-05 10:00:59,346 [INFO] Rule:224 - rule align RCC USART1CLockSelection default value on MP1 is applicable
2026-02-05 10:00:59,346 [INFO] Rule:224 - rule align RCC USART24CLockSelection default value on MP1 is applicable
2026-02-05 10:00:59,346 [INFO] Rule:224 - rule align RCC USART6CLockSelection default value on MP1 is applicable
2026-02-05 10:00:59,346 [INFO] Rule:224 - rule align RCC UART78CLockSelection default value on MP1 is applicable
2026-02-05 10:00:59,346 [INFO] Rule:224 - rule align RCC USART35CLockSelection default value on MP1 is applicable
2026-02-05 10:00:59,346 [INFO] Rule:224 - rule align RCC SPI45CLockSelection default value on MP1 is applicable
2026-02-05 10:00:59,346 [INFO] Rule:224 - rule align RCC I2C46CLockSelection BCLK value on MP1 is applicable
2026-02-05 10:00:59,346 [INFO] Rule:224 - rule align RCC SPI45CLockSelection default value on MP1 is applicable
2026-02-05 10:00:59,346 [INFO] Rule:224 - rule align RCC I2C12CLockSelection default value on MP1 is applicable
2026-02-05 10:00:59,346 [INFO] Rule:224 - rule align RCC I2C35CLockSelection default value on MP1 is applicable
2026-02-05 10:00:59,346 [INFO] Rule:224 - rule align RCC LPTIM45CLockSelection default value on MP1 is applicable
2026-02-05 10:00:59,346 [INFO] Rule:224 - rule Rename DCMI PIXCK signal is applicable
2026-02-05 10:00:59,346 [INFO] Rule:224 - rule Change Default Value for I2C46CLockSelection MP1 family is applicable
2026-02-05 10:00:59,346 [INFO] Rule:224 - rule Change Default Value for UART for G4, G0 and WB families is applicable
2026-02-05 10:00:59,346 [INFO] Rule:224 - rule Change Default Value for USART for G4, G0 and WB families is applicable
2026-02-05 10:00:59,346 [INFO] Rule:224 - rule Change Default Value for USART for G4 family is applicable
2026-02-05 10:00:59,347 [INFO] Rule:224 - rule Change USART1CLockSelection refparam name for MP1 is applicable
2026-02-05 10:00:59,347 [INFO] Rule:224 - rule Change USART2CLockSelection refparam name for MP1 is applicable
2026-02-05 10:00:59,347 [INFO] Rule:224 - rule Change USART3CLockSelection refparam name for MP1 is applicable
2026-02-05 10:00:59,347 [INFO] Rule:224 - rule Change UART4CLockSelection refparam name for MP1 is applicable
2026-02-05 10:00:59,347 [INFO] Rule:224 - rule Change UART5CLockSelection refparam name for MP1 is applicable
2026-02-05 10:00:59,347 [INFO] Rule:224 - rule Change LPUART1CLockSelection refparam name for MP1 is applicable
2026-02-05 10:00:59,347 [INFO] Rule:224 - rule Change LPTIM1CLockSelection refparam name for MP1 is applicable
2026-02-05 10:00:59,347 [INFO] Rule:224 - rule Change LPTIM2CLockSelection refparam name for MP1 is applicable
2026-02-05 10:00:59,347 [INFO] Rule:224 - rule Change RCC_MCO1Source refparam name for MP1 is applicable
2026-02-05 10:00:59,347 [INFO] Rule:224 - rule Change LSCOSource1 refparam name for MP1 is applicable
2026-02-05 10:00:59,347 [INFO] Rule:224 - rule Change SMPSCLockSelection refparam name for MP1 is applicable
2026-02-05 10:00:59,347 [INFO] Rule:224 - rule Change LPTIM3CLockSelection refparam name for MP1 is applicable
2026-02-05 10:00:59,347 [INFO] Rule:224 - rule Change MPCBB* Default Template Mode to Parameters is applicable
2026-02-05 10:00:59,347 [INFO] Rule:224 - rule Change MPCWM* or MPCBB* Secure Mode to Parameters is applicable
2026-02-05 10:00:59,347 [INFO] Rule:224 - rule Change MPCWM* or MPCBB* No Secure Mode to Parameters is applicable
2026-02-05 10:00:59,347 [INFO] Rule:224 - rule Change TZSC IP Secure Mode to Parameters is applicable
2026-02-05 10:00:59,347 [INFO] Rule:224 - rule Change TZSC IP No Secure Mode to Parameters is applicable
2026-02-05 10:00:59,347 [INFO] Rule:224 - rule Change TZSC IP Privilege Mode to Parameters is applicable
2026-02-05 10:00:59,347 [INFO] Rule:224 - rule Change TZSC IP No Privilege Mode to Parameters is applicable
2026-02-05 10:00:59,347 [INFO] Rule:224 - rule Change TZIC IT Secure Mode to Parameters is applicable
2026-02-05 10:00:59,347 [INFO] Rule:224 - rule Change TZIC IT No Secure Mode to Parameters is applicable
2026-02-05 10:00:59,347 [INFO] Rule:224 - rule Add MPCBB1_NonSecureArea_Start_Address value with referenced to MPCBB1_NonSecureArea_Start value is applicable
2026-02-05 10:00:59,347 [INFO] Rule:224 - rule Add MPCBB2_NonSecureArea_Start_Address value with referenced to MPCBB2_NonSecureArea_Start value is applicable
2026-02-05 10:00:59,347 [INFO] Rule:224 - rule Add MPCWM1_NonSecureArea*_Start_Address value with referenced to MPCWM1_NonSecureArea*_Start value is applicable
2026-02-05 10:00:59,347 [INFO] Rule:224 - rule Add MPCWM2_NonSecureArea*_Start_Address value with referenced to MPCWM2_NonSecureArea*_Start value is applicable
2026-02-05 10:00:59,347 [INFO] Rule:224 - rule Add MPCWM3_NonSecureArea_Start_Address value with referenced to MPCWM3_NonSecureArea_Start value is applicable
2026-02-05 10:00:59,348 [INFO] Rule:224 - rule Change Default Value for PLL1UserDefinedConfig is applicable
2026-02-05 10:00:59,348 [INFO] Rule:224 - rule Change GPIO_PuPd Default Value for USART in async mode is applicable
2026-02-05 10:00:59,348 [INFO] Rule:224 - rule Change SMPSDivider Default Value is applicable
2026-02-05 10:00:59,348 [INFO] Rule:224 - rule OPAMP is applicable
2026-02-05 10:00:59,348 [INFO] Rule:224 - rule LPUART IPParameter rename Prescaler parameter to ClockPrescaler for STM32H7 is applicable
2026-02-05 10:00:59,348 [INFO] Rule:224 - rule LPUART IPParameter rename Prescaler parameter to ClockPrescaler for STM32H7 is applicable
2026-02-05 10:00:59,348 [INFO] Rule:224 - rule LPUART IPParameter rename Prescaler parameter to ClockPrescaler for STM32WB is applicable
2026-02-05 10:00:59,348 [INFO] Rule:224 - rule LPUART IPParameter rename Prescaler parameter to ClockPrescaler for STM32WB is applicable
2026-02-05 10:00:59,348 [INFO] Rule:224 - rule LPUART IPParameter rename Prescaler parameter to ClockPrescaler for STM32G4 is applicable
2026-02-05 10:00:59,348 [INFO] Rule:224 - rule LPUART IPParameter rename Prescaler parameter to ClockPrescaler for STM32G4 is applicable
2026-02-05 10:00:59,348 [INFO] Rule:224 - rule LPUART IPParameter rename Prescaler parameter to ClockPrescaler for STM32L5 is applicable
2026-02-05 10:00:59,348 [INFO] Rule:224 - rule LPUART IPParameter rename Prescaler parameter to ClockPrescaler for STM32L5 is applicable
2026-02-05 10:00:59,348 [INFO] Rule:224 - rule LPUART IPParameter rename Prescaler parameter to ClockPrescaler for STM32G4 is applicable
2026-02-05 10:00:59,348 [INFO] Rule:224 - rule LPUART IPParameter rename Prescaler parameter to ClockPrescaler for STM32G4 is applicable
2026-02-05 10:00:59,348 [INFO] Rule:224 - rule USB device lib V2.5.3 for L0 rename USBD_SUPPORT_USER_STRING parameter to USBD_SUPPORT_USER_STRING_DESC4 is applicable
2026-02-05 10:00:59,348 [INFO] Rule:224 - rule I2SCLockSelection clock entry align is applicable
2026-02-05 10:00:59,348 [INFO] Rule:224 - rule Assign TIMx context if used as SYS timebase is applicable
2026-02-05 10:00:59,348 [INFO] Rule:224 - rule Change GPIO_Pu Default Value for I2C is applicable
2026-02-05 10:00:59,348 [INFO] Rule:224 - rule Change GPIO_Pu Default Value for SMBus is applicable
2026-02-05 10:00:59,348 [INFO] Rule:224 - rule change FDCAN default value is applicable
2026-02-05 10:00:59,348 [INFO] Rule:224 - rule Change mode sai is applicable
2026-02-05 10:00:59,348 [INFO] Rule:224 - rule **Change sai mode is applicable
2026-02-05 10:00:59,348 [INFO] Rule:224 - rule Rename STM32WPAN CFG_BLE_IRK to CFG_BLE_IR is applicable
2026-02-05 10:00:59,348 [INFO] Rule:224 - rule Rename STM32WPAN CFG_BLE_ERK to CFG_BLE_ER is applicable
2026-02-05 10:00:59,348 [INFO] Rule:224 - rule Rename STM32WPAN CFG_BLE_IRK_HEX to CFG_BLE_IR_HEX is applicable
2026-02-05 10:00:59,348 [INFO] Rule:224 - rule Rename STM32WPAN CFG_BLE_ERK_HEX to CFG_BLE_ER_HEX is applicable
2026-02-05 10:00:59,348 [INFO] Rule:224 - rule Adapt Old IOC before rework replace old CORTEX_M33/CORTEX_M55 attributes by the new one. is applicable
2026-02-05 10:00:59,349 [INFO] Rule:224 - rule Rename parametre of RCC RCC_APBDBG_DIV2 to RCC_TIMPRES_DIV2 is applicable
2026-02-05 10:00:59,349 [INFO] Rule:224 - rule Rename DIE493 pin PA10 [PA12] -> PA10 is applicable
2026-02-05 10:00:59,349 [INFO] Rule:224 - rule Rename DIE493 pin PA9 [PA11] -> PA9 is applicable
2026-02-05 10:00:59,373 [INFO] DbConfProperties:307 - Apply Compatibility (49/266 Rules)
2026-02-05 10:00:59,388 [INFO] ImportTextPane:218 - (OptionalMessage_ERROR) Unable to find key (Mcu.ThirdPartyNb) in loaded IOC file
2026-02-05 10:00:59,390 [INFO] ImportTextPane:218 - (OptionalMessage_ERROR) Pin12 (VP_RIF_VS_RIF1) cannot be retrieved for this MCU
2026-02-05 10:00:59,642 [INFO] RtosManager:558 - Registered RTOS mode: class=CMSIS, group=RTOS, mode=CMSIS_V1, owner=FREERTOS
2026-02-05 10:00:59,642 [INFO] RtosManager:558 - Registered RTOS mode: class=CMSIS, group=RTOS2, mode=CMSIS_V2, owner=FREERTOS
2026-02-05 10:00:59,642 [INFO] RtosManager:558 - Registered RTOS mode: class=RTOS, group=Core, mode=CMSIS_V1, owner=FREERTOS
2026-02-05 10:00:59,642 [INFO] RtosManager:558 - Registered RTOS mode: class=RTOS, group=Core, mode=CMSIS_V2, owner=FREERTOS
2026-02-05 10:00:59,642 [WARN] ModelIntegratedComponent:184 - Missing modes for component STMicroelectronics:FreeRTOS:0.0.1:STMicroelectronics:RTOS:FreeRTOS:Core:::10.2.0:
2026-02-05 10:00:59,660 [WARN] ModelIntegratedComponent:63 - No mode defined for component null
2026-02-05 10:00:59,661 [WARN] ModelIntegratedComponent:63 - No mode defined for component null
2026-02-05 10:00:59,661 [WARN] ModelIntegratedComponent:63 - No mode defined for component null
2026-02-05 10:00:59,661 [WARN] ModelIntegratedComponent:63 - No mode defined for component null
2026-02-05 10:00:59,661 [WARN] ModelIntegratedComponent:63 - No mode defined for component null
2026-02-05 10:00:59,661 [WARN] ModelIntegratedComponent:63 - No mode defined for component null
2026-02-05 10:00:59,661 [WARN] ModelIntegratedComponent:63 - No mode defined for component null
2026-02-05 10:00:59,661 [WARN] ModelIntegratedComponent:63 - No mode defined for component null
2026-02-05 10:00:59,661 [WARN] ModelIntegratedComponent:63 - No mode defined for component null
2026-02-05 10:00:59,661 [WARN] ModelIntegratedComponent:63 - No mode defined for component null
2026-02-05 10:00:59,661 [WARN] ModelIntegratedComponent:63 - No mode defined for component null
2026-02-05 10:00:59,661 [WARN] ModelIntegratedComponent:63 - No mode defined for component null
2026-02-05 10:00:59,661 [WARN] ModelIntegratedComponent:63 - No mode defined for component null
2026-02-05 10:00:59,661 [WARN] ModelIntegratedComponent:63 - No mode defined for component null
2026-02-05 10:00:59,662 [WARN] ModelIntegratedComponent:63 - No mode defined for component null
2026-02-05 10:00:59,662 [WARN] ModelIntegratedComponent:63 - No mode defined for component null
2026-02-05 10:00:59,662 [WARN] ModelIntegratedComponent:63 - No mode defined for component null
2026-02-05 10:00:59,662 [WARN] ModelIntegratedComponent:63 - No mode defined for component null
2026-02-05 10:00:59,662 [WARN] ModelIntegratedComponent:63 - No mode defined for component null
2026-02-05 10:00:59,662 [WARN] ModelIntegratedComponent:63 - No mode defined for component null
2026-02-05 10:00:59,662 [WARN] ModelIntegratedComponent:63 - No mode defined for component null
2026-02-05 10:00:59,662 [WARN] ModelIntegratedComponent:63 - No mode defined for component null
2026-02-05 10:00:59,662 [WARN] ModelIntegratedComponent:63 - No mode defined for component null
2026-02-05 10:00:59,662 [WARN] ModelIntegratedComponent:63 - No mode defined for component null
2026-02-05 10:00:59,662 [WARN] ModelIntegratedComponent:63 - No mode defined for component null
2026-02-05 10:00:59,662 [WARN] ModelIntegratedComponent:63 - No mode defined for component null
2026-02-05 10:00:59,662 [WARN] ModelIntegratedComponent:63 - No mode defined for component null
2026-02-05 10:00:59,662 [WARN] ModelIntegratedComponent:63 - No mode defined for component null
2026-02-05 10:00:59,662 [WARN] ModelIntegratedComponent:63 - No mode defined for component null
2026-02-05 10:00:59,662 [WARN] ModelIntegratedComponent:63 - No mode defined for component null
2026-02-05 10:00:59,663 [WARN] ModelIntegratedComponent:63 - No mode defined for component null
2026-02-05 10:00:59,663 [WARN] ModelIntegratedComponent:63 - No mode defined for component null
2026-02-05 10:00:59,663 [WARN] ModelIntegratedComponent:63 - No mode defined for component null
2026-02-05 10:00:59,663 [WARN] ModelIntegratedComponent:63 - No mode defined for component null
2026-02-05 10:00:59,663 [WARN] ModelIntegratedComponent:63 - No mode defined for component null
2026-02-05 10:00:59,663 [WARN] ModelPack:524 - Component already loaded: STMicroelectronics:HAL Drivers:0.0.0:STMicroelectronics:Device:STMicro_Driver:XSPI:HAL::0.0.1:HAL_XSPI
2026-02-05 10:01:00,514 [INFO] ThirdPartyModel:298 - Start build external matchings
2026-02-05 10:01:09,761 [INFO] ThirdPartyModel:316 - End build external matchings
2026-02-05 10:01:09,956 [INFO] ImportTextPane:218 - (OptionalMessage_ERROR) IP (RCC) : Invalid parameter (FamilyName)
2026-02-05 10:01:09,958 [INFO] ImportTextPane:218 - (OptionalMessage_ERROR) IP (RCC) : Parameter (RNGFreq_Value) has invalid value (64000000)
2026-02-05 10:01:09,958 [INFO] ImportTextPane:218 - (OptionalMessage_ERROR) IP (RCC) : Parameter (SDMMCFreq_Value) has invalid value (64000000)
2026-02-05 10:01:09,958 [INFO] ImportTextPane:218 - (OptionalMessage_ERROR) IP (RCC) : Parameter (USBFreq_Value) has invalid value (64000000)
2026-02-05 10:01:10,880 [INFO] UtilMem:75 - End LoadConfig() Used Memory: 812933744 Bytes (1073741824)
2026-02-05 10:01:10,895 [WARN] ThirdParty:833 - waiting for thirdparty lock release [change project]
2026-02-05 10:01:10,895 [INFO] ThirdParty:835 - entering critical section [change project]
2026-02-05 10:01:10,895 [INFO] ThirdParty:1030 - CMSIS Pack Vendor :STMicroelectronics X-CUBE-PM33A1 1.0.0
2026-02-05 10:01:10,895 [INFO] ThirdParty:1030 - CMSIS Pack Vendor :STMicroelectronics USBPD 4.1
2026-02-05 10:01:10,895 [INFO] ThirdParty:1030 - CMSIS Pack Vendor :STMicroelectronics X-CUBE-GNSS1 6.0.0
2026-02-05 10:01:10,896 [INFO] ThirdParty:1030 - CMSIS Pack Vendor :STMicroelectronics USB_HOST 2.0.0
2026-02-05 10:01:10,896 [INFO] ThirdParty:1030 - CMSIS Pack Vendor :STMicroelectronics FP-SNS-MOTENVWB1 1.4.0
2026-02-05 10:01:10,896 [INFO] ThirdParty:1030 - CMSIS Pack Vendor :STMicroelectronics X-CUBE-AZRTOS-F4 1.1.0
2026-02-05 10:01:10,896 [INFO] ThirdParty:1030 - CMSIS Pack Vendor :STMicroelectronics LIBJPEG 8.0.0
2026-02-05 10:01:10,896 [INFO] ThirdParty:1030 - CMSIS Pack Vendor :STMicroelectronics FP-ATR-ASTRA1 2.0.2
2026-02-05 10:01:10,896 [INFO] ThirdParty:1030 - CMSIS Pack Vendor :STMicroelectronics FP-ATR-ASTRA1 2.0.1
2026-02-05 10:01:10,896 [INFO] ThirdParty:1030 - CMSIS Pack Vendor :STMicroelectronics X-CUBE-SMBUS 2.1.0
2026-02-05 10:01:10,896 [INFO] ThirdParty:1030 - CMSIS Pack Vendor :STMicroelectronics X-CUBE-WB05N 1.1.0
2026-02-05 10:01:10,896 [INFO] ThirdParty:1030 - CMSIS Pack Vendor :STMicroelectronics X-CUBE-ISPU 2.1.0
2026-02-05 10:01:10,896 [INFO] ThirdParty:1030 - CMSIS Pack Vendor :STMicroelectronics X-CUBE-TOUCHGFX 4.23.1
2026-02-05 10:01:10,896 [INFO] ThirdParty:1030 - CMSIS Pack Vendor :STMicroelectronics X-CUBE-TOUCHGFX 4.23.0
2026-02-05 10:01:10,896 [INFO] ThirdParty:1030 - CMSIS Pack Vendor :STMicroelectronics X-CUBE-MEMS1 9.2.0
2026-02-05 10:01:10,896 [INFO] ThirdParty:1030 - CMSIS Pack Vendor :STMicroelectronics X-CUBE-NFC12 1.0.0
2026-02-05 10:01:10,896 [INFO] ThirdParty:1030 - CMSIS Pack Vendor :STMicroelectronics X-CUBE-AZRTOS-F7 1.1.0
2026-02-05 10:01:10,896 [INFO] ThirdParty:1030 - CMSIS Pack Vendor :STMicroelectronics X-CUBE-AZRTOS-L5 2.0.0
2026-02-05 10:01:10,896 [INFO] ThirdParty:1030 - CMSIS Pack Vendor :STMicroelectronics USB_DEVICE 2.0.0
2026-02-05 10:01:10,896 [INFO] ThirdParty:1030 - CMSIS Pack Vendor :STMicroelectronics X-CUBE-NFC6 3.1.0
2026-02-05 10:01:10,896 [INFO] ThirdParty:1030 - CMSIS Pack Vendor :ITTIA_DB I-CUBE-ITTIADB 8.8.0
2026-02-05 10:01:10,896 [INFO] ThirdParty:1030 - CMSIS Pack Vendor :STMicroelectronics X-CUBE-AI 7.1.0
2026-02-05 10:01:10,896 [INFO] ThirdParty:1030 - CMSIS Pack Vendor :STMicroelectronics X-CUBE-TOUCHGFX 4.19.1
2026-02-05 10:01:10,896 [INFO] ThirdParty:1030 - CMSIS Pack Vendor :STMicroelectronics FP-SNS-MOTENV1 4.3.2
2026-02-05 10:01:10,896 [INFO] ThirdParty:1030 - CMSIS Pack Vendor :STMicroelectronics X-CUBE-BLE1 6.2.3
2026-02-05 10:01:10,896 [INFO] ThirdParty:1030 - CMSIS Pack Vendor :STMicroelectronics X-CUBE-BLE1 6.2.4
2026-02-05 10:01:10,896 [INFO] ThirdParty:1030 - CMSIS Pack Vendor :STMicroelectronics FreeRTOS 0.0.1
2026-02-05 10:01:10,897 [INFO] ThirdParty:1030 - CMSIS Pack Vendor :STMicroelectronics X-CUBE-BLEMGR 2.0.0
2026-02-05 10:01:10,897 [INFO] ThirdParty:1030 - CMSIS Pack Vendor :STMicroelectronics X-CUBE-DPower 1.2.0
2026-02-05 10:01:10,897 [INFO] ThirdParty:1030 - CMSIS Pack Vendor :STMicroelectronics X-CUBE-BLE1 6.2.2
2026-02-05 10:01:10,897 [INFO] ThirdParty:1030 - CMSIS Pack Vendor :STMicroelectronics FP-SNS-FLIGHT1 5.0.2
2026-02-05 10:01:10,897 [INFO] ThirdParty:1030 - CMSIS Pack Vendor :STMicroelectronics X-CUBE-BLE2 3.2.2
2026-02-05 10:01:10,897 [INFO] ThirdParty:1030 - CMSIS Pack Vendor :STMicroelectronics X-CUBE-NFC4 2.0.4
2026-02-05 10:01:10,897 [INFO] ThirdParty:1030 - CMSIS Pack Vendor :STMicroelectronics X-CUBE-NFC4 2.0.3
2026-02-05 10:01:10,897 [INFO] ThirdParty:1030 - CMSIS Pack Vendor :STMicroelectronics X-CUBE-AZRTOS-H7 3.1.0
2026-02-05 10:01:10,897 [INFO] ThirdParty:1030 - CMSIS Pack Vendor :STMicroelectronics PDM2PCM 3.3.0
2026-02-05 10:01:10,897 [INFO] ThirdParty:1030 - CMSIS Pack Vendor :STMicroelectronics X-CUBE-SFXS2LP1 3.1.0
2026-02-05 10:01:10,897 [INFO] ThirdParty:1030 - CMSIS Pack Vendor :wolfSSL I-CUBE-wolfSSL 5.1.1
2026-02-05 10:01:10,897 [INFO] ThirdParty:1030 - CMSIS Pack Vendor :STMicroelectronics X-CUBE-AZRTOS-H7 3.4.0
2026-02-05 10:01:10,897 [INFO] ThirdParty:1030 - CMSIS Pack Vendor :STMicroelectronics X-CUBE-DISPLAY 3.0.0
2026-02-05 10:01:10,897 [INFO] ThirdParty:1030 - CMSIS Pack Vendor :STMicroelectronics X-CUBE-AZRTOS-F4 1.0.0
2026-02-05 10:01:10,897 [INFO] ThirdParty:1030 - CMSIS Pack Vendor :STMicroelectronics X-CUBE-BLE1 7.0.0
2026-02-05 10:01:10,897 [INFO] ThirdParty:1030 - CMSIS Pack Vendor :STMicroelectronics X-CUBE-NFC10 1.0.0
2026-02-05 10:01:10,897 [INFO] ThirdParty:1030 - CMSIS Pack Vendor :STMicroelectronics X-CUBE-TOF1 2.0.0
2026-02-05 10:01:10,897 [INFO] ThirdParty:1030 - CMSIS Pack Vendor :STMicroelectronics X-CUBE-BLEMGR 4.0.0
2026-02-05 10:01:10,897 [INFO] ThirdParty:1030 - CMSIS Pack Vendor :STMicroelectronics HAL Drivers 0.0.0
2026-02-05 10:01:10,897 [INFO] ThirdParty:1030 - CMSIS Pack Vendor :STMicroelectronics X-CUBE-ST60 1.1.0
2026-02-05 10:01:10,897 [INFO] ThirdParty:1030 - CMSIS Pack Vendor :STMicroelectronics X-CUBE-FREERTOS 1.3.0
2026-02-05 10:01:10,897 [INFO] ThirdParty:1030 - CMSIS Pack Vendor :STMicroelectronics X-CUBE-NFC7 1.0.1
2026-02-05 10:01:10,897 [INFO] ThirdParty:1030 - CMSIS Pack Vendor :STMicroelectronics MBEDTLS 2.14.1
2026-02-05 10:01:10,897 [INFO] ThirdParty:1030 - CMSIS Pack Vendor :STMicroelectronics X-CUBE-GNSS1 7.1.0
2026-02-05 10:01:10,898 [INFO] ThirdParty:1030 - CMSIS Pack Vendor :STMicroelectronics X-CUBE-NFC7 1.0.0
2026-02-05 10:01:10,898 [INFO] ThirdParty:1030 - CMSIS Pack Vendor :STMicroelectronics X-CUBE-TOUCHGFX 4.26.0
2026-02-05 10:01:10,898 [INFO] ThirdParty:1030 - CMSIS Pack Vendor :STMicroelectronics X-CUBE-SUBG2 4.2.0
2026-02-05 10:01:10,898 [INFO] ThirdParty:1030 - CMSIS Pack Vendor :STMicroelectronics X-CUBE-NFC6 3.0.0
2026-02-05 10:01:10,898 [INFO] ThirdParty:1030 - CMSIS Pack Vendor :STMicroelectronics X-CUBE-EEPRMA1 4.1.0
2026-02-05 10:01:10,898 [INFO] ThirdParty:1030 - CMSIS Pack Vendor :STMicroelectronics X-CUBE-BLEMGR 3.1.0
2026-02-05 10:01:10,898 [INFO] ThirdParty:1030 - CMSIS Pack Vendor :STMicroelectronics X-CUBE-AI 10.0.0
2026-02-05 10:01:10,898 [INFO] ThirdParty:1030 - CMSIS Pack Vendor :STMicroelectronics FP-SNS-STAIOTCFT 1.0.0
2026-02-05 10:01:10,898 [INFO] ThirdParty:1030 - CMSIS Pack Vendor :STMicroelectronics FP-SNS-SMARTAG2 1.2.0
2026-02-05 10:01:10,898 [INFO] ThirdParty:1030 - CMSIS Pack Vendor :STMicroelectronics FP-SNS-FLIGHT1 5.1.0
2026-02-05 10:01:10,898 [INFO] ThirdParty:1030 - CMSIS Pack Vendor :STMicroelectronics X-CUBE-MEMS1 11.1.0
2026-02-05 10:01:10,898 [INFO] ThirdParty:1030 - CMSIS Pack Vendor :STMicroelectronics X-CUBE-AZRTOS-WL 2.0.0
2026-02-05 10:01:10,898 [INFO] ThirdParty:1030 - CMSIS Pack Vendor :STMicroelectronics X-CUBE-ALGOBUILD 1.2.1
2026-02-05 10:01:10,898 [INFO] ThirdParty:1030 - CMSIS Pack Vendor :STMicroelectronics X-CUBE-DPower 1.3.0
2026-02-05 10:01:10,898 [INFO] ThirdParty:1030 - CMSIS Pack Vendor :STMicroelectronics FP-SNS-MOTENV1 5.0.0
2026-02-05 10:01:10,898 [INFO] ThirdParty:1030 - CMSIS Pack Vendor :STMicroelectronics USB_DEVICE 1.0.0
2026-02-05 10:01:10,898 [INFO] ThirdParty:1030 - CMSIS Pack Vendor :STMicroelectronics X-CUBE-AZRTOS-H7RS 1.2.0
2026-02-05 10:01:10,898 [INFO] ThirdParty:1030 - CMSIS Pack Vendor :STMicroelectronics X-CUBE-AI 8.1.0
2026-02-05 10:01:10,898 [INFO] ThirdParty:1030 - CMSIS Pack Vendor :STMicroelectronics X-CUBE-AZRTOS-G0 1.0.0
2026-02-05 10:01:10,898 [INFO] ThirdParty:1030 - CMSIS Pack Vendor :wolfSSL I-CUBE-wolfMQTT 1.19.0
2026-02-05 10:01:10,898 [INFO] ThirdParty:1030 - CMSIS Pack Vendor :STMicroelectronics X-CUBE-AZRTOS-L4 2.0.0
2026-02-05 10:01:10,898 [INFO] ThirdParty:1030 - CMSIS Pack Vendor :STMicroelectronics ThreadX 0.0.2
2026-02-05 10:01:10,898 [INFO] ThirdParty:1030 - CMSIS Pack Vendor :WES I-CUBE-Cesium 1.3.0
2026-02-05 10:01:10,898 [INFO] ThirdParty:1030 - CMSIS Pack Vendor :STMicroelectronics lwIP 2.1.2
2026-02-05 10:01:10,898 [INFO] ThirdParty:1030 - CMSIS Pack Vendor :STMicroelectronics X-CUBE-SFXS2LP1 4.0.0
2026-02-05 10:01:10,898 [INFO] ThirdParty:1030 - CMSIS Pack Vendor :STMicroelectronics X-CUBE-BLE2 3.3.0
2026-02-05 10:01:10,899 [INFO] ThirdParty:1030 - CMSIS Pack Vendor :Avnet-IOTCONNECT X-CUBE-iotc-st67-sdk 1.0.0
2026-02-05 10:01:10,899 [INFO] ThirdParty:1030 - CMSIS Pack Vendor :STMicroelectronics X-CUBE-DISPLAY 2.2.0
2026-02-05 10:01:10,899 [INFO] ThirdParty:1030 - CMSIS Pack Vendor :STMicroelectronics X-CUBE-TOF1 3.2.0
2026-02-05 10:01:10,899 [INFO] ThirdParty:1030 - CMSIS Pack Vendor :STMicroelectronics PDM2PCM 3.2.0
2026-02-05 10:01:10,899 [INFO] ThirdParty:1030 - CMSIS Pack Vendor :STMicroelectronics X-CUBE-TOUCHGFX 4.18.1
2026-02-05 10:01:10,899 [INFO] ThirdParty:1030 - CMSIS Pack Vendor :STMicroelectronics X-CUBE-AZRTOS-H7 3.0.0
2026-02-05 10:01:10,899 [INFO] ThirdParty:1030 - CMSIS Pack Vendor :STMicroelectronics X-CUBE-ISPU 1.1.0
2026-02-05 10:01:10,899 [INFO] ThirdParty:1030 - CMSIS Pack Vendor :STMicroelectronics X-CUBE-AZRTOS-H7 3.3.0
2026-02-05 10:01:10,899 [INFO] ThirdParty:1030 - CMSIS Pack Vendor :RoweBots I-CUBE-UNISONRTOS 5.5.0-4
2026-02-05 10:01:10,899 [INFO] ThirdParty:1030 - CMSIS Pack Vendor :STMicroelectronics X-CUBE-NFC9 1.0.0
2026-02-05 10:01:10,899 [INFO] ThirdParty:1030 - CMSIS Pack Vendor :STMicroelectronics X-CUBE-AZRTOS-H7 2.1.0
2026-02-05 10:01:10,899 [INFO] ThirdParty:1030 - CMSIS Pack Vendor :STMicroelectronics X-CUBE-BLE1 7.1.0
2026-02-05 10:01:10,899 [INFO] ThirdParty:1030 - CMSIS Pack Vendor :STMicroelectronics USB_DEVICE 3.0.0
2026-02-05 10:01:10,899 [INFO] ThirdParty:1030 - CMSIS Pack Vendor :STMicroelectronics X-CUBE-EEPRMA1 5.2.0
2026-02-05 10:01:10,899 [INFO] ThirdParty:1030 - CMSIS Pack Vendor :STMicroelectronics X-CUBE-BLEMGR 4.1.0
2026-02-05 10:01:10,906 [INFO] ThirdParty:1030 - CMSIS Pack Vendor :STMicroelectronics X-CUBE-AI 8.0.0
2026-02-05 10:01:10,906 [INFO] ThirdParty:1030 - CMSIS Pack Vendor :STMicroelectronics X-CUBE-AZRTOS-WB 2.0.0
2026-02-05 10:01:10,906 [INFO] ThirdParty:1030 - CMSIS Pack Vendor :STMicroelectronics X-CUBE-FREERTOS 1.0.1
2026-02-05 10:01:10,906 [INFO] ThirdParty:1030 - CMSIS Pack Vendor :STMicroelectronics X-CUBE-TOUCHGFX 4.21.1
2026-02-05 10:01:10,906 [INFO] ThirdParty:1030 - CMSIS Pack Vendor :STMicroelectronics X-CUBE-GNSS1 7.0.1
2026-02-05 10:01:10,906 [INFO] ThirdParty:1030 - CMSIS Pack Vendor :STMicroelectronics X-CUBE-TOUCHGFX 4.21.3
2026-02-05 10:01:10,906 [INFO] ThirdParty:1030 - CMSIS Pack Vendor :STMicroelectronics X-CUBE-MEMS1 9.4.0
2026-02-05 10:01:10,906 [INFO] ThirdParty:1030 - CMSIS Pack Vendor :STMicroelectronics X-CUBE-AI 7.3.0
2026-02-05 10:01:10,906 [INFO] ThirdParty:1030 - CMSIS Pack Vendor :STMicroelectronics FP-SNS-STBOX1 2.0.0
2026-02-05 10:01:10,906 [INFO] ThirdParty:1030 - CMSIS Pack Vendor :STMicroelectronics X-CUBE-MEMS1 12.0.0
2026-02-05 10:01:10,906 [INFO] ThirdParty:1030 - CMSIS Pack Vendor :STMicroelectronics X-CUBE-ALGOBUILD 1.3.0
2026-02-05 10:01:10,906 [INFO] ThirdParty:1030 - CMSIS Pack Vendor :STMicroelectronics X-CUBE-STSE01 2.0.0
2026-02-05 10:01:10,907 [INFO] ThirdParty:1030 - CMSIS Pack Vendor :STMicroelectronics X-CUBE-AZRTOS-L5 1.1.0
2026-02-05 10:01:10,907 [INFO] ThirdParty:1030 - CMSIS Pack Vendor :STMicroelectronics X-CUBE-AZRTOS-G0 1.1.0
2026-02-05 10:01:10,907 [INFO] ThirdParty:1030 - CMSIS Pack Vendor :STMicroelectronics X-CUBE-SAFEA1 1.2.2
2026-02-05 10:01:10,907 [INFO] ThirdParty:1030 - CMSIS Pack Vendor :STMicroelectronics X-CUBE-NFC4 3.0.0
2026-02-05 10:01:10,907 [INFO] ThirdParty:1030 - CMSIS Pack Vendor :SEGGER I-CUBE-embOS 1.2.0
2026-02-05 10:01:10,907 [INFO] ThirdParty:1030 - CMSIS Pack Vendor :STMicroelectronics X-CUBE-SUBG2 5.0.0
2026-02-05 10:01:10,907 [INFO] ThirdParty:1030 - CMSIS Pack Vendor :STMicroelectronics STM32_WPAN 1.0.0
2026-02-05 10:01:10,907 [INFO] ThirdParty:1030 - CMSIS Pack Vendor :EmbeddedOffice I-CUBE-FS-RTOS 1.0.1
2026-02-05 10:01:10,907 [INFO] ThirdParty:1030 - CMSIS Pack Vendor :STMicroelectronics lwIP 2.0.3
2026-02-05 10:01:10,907 [INFO] ThirdParty:1030 - CMSIS Pack Vendor :Cesanta I-CUBE-Mongoose 7.13.0
2026-02-05 10:01:10,907 [INFO] ThirdParty:1030 - CMSIS Pack Vendor :STMicroelectronics USB_HOST 1.0.0
2026-02-05 10:01:10,907 [INFO] ThirdParty:1030 - CMSIS Pack Vendor :STMicroelectronics X-CUBE-DISPLAY 2.1.0
2026-02-05 10:01:10,907 [INFO] ThirdParty:1030 - CMSIS Pack Vendor :STMicroelectronics X-CUBE-AZRTOS-G4 2.0.0
2026-02-05 10:01:10,907 [INFO] ThirdParty:1030 - CMSIS Pack Vendor :STMicroelectronics X-CUBE-WB05N 2.0.0
2026-02-05 10:01:10,907 [INFO] ThirdParty:1030 - CMSIS Pack Vendor :STMicroelectronics PDM2PCM 3.1.0
2026-02-05 10:01:10,907 [INFO] ThirdParty:1030 - CMSIS Pack Vendor :STMicroelectronics X-CUBE-TOF1 3.3.0
2026-02-05 10:01:10,907 [INFO] ThirdParty:1030 - CMSIS Pack Vendor :STMicroelectronics FP-ATR-ASTRA1 1.1.1
2026-02-05 10:01:10,907 [INFO] ThirdParty:1030 - CMSIS Pack Vendor :Infineon AIROC-Wi-Fi-Bluetooth-STM32 1.5.1
2026-02-05 10:01:10,907 [INFO] ThirdParty:1030 - CMSIS Pack Vendor :STMicroelectronics X-CUBE-BLEMGR 3.0.0
2026-02-05 10:01:10,907 [INFO] ThirdParty:1030 - CMSIS Pack Vendor :STMicroelectronics X-CUBE-BLEMGR 1.3.0
2026-02-05 10:01:10,907 [INFO] ThirdParty:1030 - CMSIS Pack Vendor :STMicroelectronics X-CUBE-NFC7 2.0.0
2026-02-05 10:01:10,907 [INFO] ThirdParty:1030 - CMSIS Pack Vendor :STMicroelectronics X-CUBE-TCPP 4.2.0
2026-02-05 10:01:10,907 [INFO] ThirdParty:1030 - CMSIS Pack Vendor :RealThread X-CUBE-RT-Thread_Nano 4.1.1
2026-02-05 10:01:10,907 [INFO] ThirdParty:1030 - CMSIS Pack Vendor :STMicroelectronics X-CUBE-AZRTOS-H7 2.0.0
2026-02-05 10:01:10,907 [INFO] ThirdParty:1030 - CMSIS Pack Vendor :STMicroelectronics FP-SNS-MOTENVWB1 1.3.1
2026-02-05 10:01:10,907 [INFO] ThirdParty:1030 - CMSIS Pack Vendor :STMicroelectronics FP-ATR-SIGFOX1 3.2.0
2026-02-05 10:01:10,907 [INFO] ThirdParty:1030 - CMSIS Pack Vendor :STMicroelectronics X-CUBE-AZRTOS-G4 1.0.0
2026-02-05 10:01:10,907 [INFO] ThirdParty:1030 - CMSIS Pack Vendor :STMicroelectronics X-CUBE-AZRTOS-L4 1.0.0
2026-02-05 10:01:10,907 [INFO] ThirdParty:1030 - CMSIS Pack Vendor :quantropi X-CUBE-qispace-sdk-base 1.9.3
2026-02-05 10:01:10,907 [INFO] ThirdParty:1030 - CMSIS Pack Vendor :STMicroelectronics X-CUBE-ISPU 2.0.0
2026-02-05 10:01:10,907 [INFO] ThirdParty:1030 - CMSIS Pack Vendor :STMicroelectronics X-CUBE-EEPRMA1 5.1.0
2026-02-05 10:01:10,907 [INFO] ThirdParty:1030 - CMSIS Pack Vendor :STMicroelectronics MBEDTLS 2.16.2
2026-02-05 10:01:10,908 [INFO] ThirdParty:1030 - CMSIS Pack Vendor :STMicroelectronics X-CUBE-IPS 3.1.0
2026-02-05 10:01:10,908 [INFO] ThirdParty:1030 - CMSIS Pack Vendor :STMicroelectronics X-CUBE-ALS 1.0.2
2026-02-05 10:01:10,908 [INFO] ThirdParty:1030 - CMSIS Pack Vendor :emotas I-CUBE-CANOPEN 1.1.2
2026-02-05 10:01:10,908 [INFO] ThirdParty:1030 - CMSIS Pack Vendor :STMicroelectronics X-CUBE-MEMS1 10.0.0
2026-02-05 10:01:10,908 [INFO] ThirdParty:1030 - CMSIS Pack Vendor :STMicroelectronics X-CUBE-FREERTOS 1.1.0
2026-02-05 10:01:10,909 [INFO] ThirdParty:1030 - CMSIS Pack Vendor :STMicroelectronics X-CUBE-AZRTOS-F7 1.0.0
2026-02-05 10:01:10,909 [INFO] ThirdParty:1030 - CMSIS Pack Vendor :STMicroelectronics X-CUBE-TOUCHGFX 4.24.2
2026-02-05 10:01:10,909 [INFO] ThirdParty:1030 - CMSIS Pack Vendor :STMicroelectronics X-CUBE-AZRTOS-WL 1.0.0
2026-02-05 10:01:10,909 [INFO] ThirdParty:1030 - CMSIS Pack Vendor :STMicroelectronics X-CUBE-MEMS1 9.1.0
2026-02-05 10:01:10,909 [INFO] ThirdParty:1030 - CMSIS Pack Vendor :wolfSSL I-CUBE-wolfTPM 3.4.0
2026-02-05 10:01:10,909 [INFO] ThirdParty:1030 - CMSIS Pack Vendor :portGmbH I-Cube-SoM-uGOAL 1.1.0
2026-02-05 10:01:10,909 [INFO] ThirdParty:1030 - CMSIS Pack Vendor :STMicroelectronics X-CUBE-ALS 1.0.1
2026-02-05 10:01:10,909 [INFO] ThirdParty:1030 - CMSIS Pack Vendor :STMicroelectronics X-CUBE-NFC6 3.2.0
2026-02-05 10:01:10,909 [INFO] ThirdParty:1030 - CMSIS Pack Vendor :STMicroelectronics X-CUBE-MEMS1 9.5.0
2026-02-05 10:01:10,909 [INFO] ThirdParty:1030 - CMSIS Pack Vendor :STMicroelectronics X-CUBE-AI 10.2.0
2026-02-05 10:01:10,909 [INFO] ThirdParty:1030 - CMSIS Pack Vendor :STMicroelectronics ThreadX 1.0.0
2026-02-05 10:01:10,909 [INFO] ThirdParty:1030 - CMSIS Pack Vendor :STMicroelectronics X-CUBE-AZRTOS-WB 1.1.0
2026-02-05 10:01:10,909 [INFO] ThirdParty:1030 - CMSIS Pack Vendor :SEGGER I-CUBE-embOS 1.3.1
2026-02-05 10:01:10,909 [INFO] ThirdParty:1030 - CMSIS Pack Vendor :STMicroelectronics X-CUBE-ALGOBUILD 1.4.0
2026-02-05 10:01:10,909 [INFO] ThirdParty:1030 - CMSIS Pack Vendor :STMicroelectronics X-CUBE-AZRTOS-L5 1.0.0
2026-02-05 10:01:10,909 [INFO] ThirdParty:1030 - CMSIS Pack Vendor :STMicroelectronics X-CUBE-EEPRMA1 3.1.0
2026-02-05 10:01:10,909 [INFO] ThirdParty:1030 - CMSIS Pack Vendor :STMicroelectronics X-CUBE-EEPRMA1 3.1.1
2026-02-05 10:01:10,909 [INFO] ThirdParty:1030 - CMSIS Pack Vendor :STMicroelectronics X-CUBE-AZRTOS-H7RS 1.0.0
2026-02-05 10:01:10,909 [INFO] ThirdParty:1030 - CMSIS Pack Vendor :STMicroelectronics X-CUBE-GNSS1 5.2.0
2026-02-05 10:01:10,909 [INFO] ThirdParty:1030 - CMSIS Pack Vendor :STMicroelectronics FP-ATR-ASTRA1 2.0.0
2026-02-05 10:01:10,909 [INFO] ThirdParty:1030 - CMSIS Pack Vendor :STMicroelectronics X-CUBE-TOF1 3.4.2
2026-02-05 10:01:10,909 [INFO] ThirdParty:1030 - CMSIS Pack Vendor :STMicroelectronics X-CUBE-TOF1 3.4.3
2026-02-05 10:01:10,909 [INFO] ThirdParty:1030 - CMSIS Pack Vendor :STMicroelectronics X-CUBE-DISPLAY 2.0.1
2026-02-05 10:01:10,909 [INFO] ThirdParty:1030 - CMSIS Pack Vendor :STMicroelectronics X-CUBE-TOF1 3.4.0
2026-02-05 10:01:10,909 [INFO] ThirdParty:1030 - CMSIS Pack Vendor :STMicroelectronics X-CUBE-TOF1 3.4.1
2026-02-05 10:01:10,909 [INFO] ThirdParty:1030 - CMSIS Pack Vendor :STMicroelectronics X-CUBE-AZRTOS-H7 3.2.0
2026-02-05 10:01:10,909 [INFO] ThirdParty:1030 - CMSIS Pack Vendor :STMicroelectronics X-CUBE-TOF1 3.0.0
2026-02-05 10:01:10,909 [INFO] ThirdParty:1030 - CMSIS Pack Vendor :wolfSSL I-CUBE-wolfSSH 1.4.17
2026-02-05 10:01:10,910 [INFO] ThirdParty:841 - exiting critical section [change project]
2026-02-05 10:01:11,465 [INFO] PinOutPanel:1589 - setPackage(No Configuration,No Configuration)
2026-02-05 10:01:11,466 [INFO] PinOutPanel:1589 - setPackage(STM32L476RGTx,LQFP64)
2026-02-05 10:01:12,233 [INFO] UtilMem:75 - Before build in PCC Used Memory: 1011596792 Bytes (1073741824)
2026-02-05 10:01:12,922 [INFO] UtilMem:75 - After build in PCC Used Memory: 890668528 Bytes (1073741824)
2026-02-05 10:01:12,953 [INFO] IPUIPlugin:80 - create IPUIPlugin
2026-02-05 10:01:12,953 [INFO] IPUIPlugin:80 - create IPUIPlugin
2026-02-05 10:01:12,953 [INFO] IPUIPlugin:80 - create IPUIPlugin
2026-02-05 10:01:12,954 [INFO] IPUIPlugin:80 - create IPUIPlugin
2026-02-05 10:01:12,954 [INFO] IPUIPlugin:80 - create IPUIPlugin
2026-02-05 10:01:12,954 [INFO] IPUIPlugin:80 - create IPUIPlugin
2026-02-05 10:01:12,954 [INFO] IPUIPlugin:80 - create IPUIPlugin
2026-02-05 10:01:12,954 [INFO] IPUIPlugin:80 - create IPUIPlugin
2026-02-05 10:01:12,954 [INFO] IPUIPlugin:80 - create IPUIPlugin
2026-02-05 10:01:12,954 [INFO] IPUIPlugin:80 - create IPUIPlugin
2026-02-05 10:01:12,954 [INFO] IPUIPlugin:80 - create IPUIPlugin
2026-02-05 10:01:12,954 [INFO] IPUIPlugin:80 - create IPUIPlugin
2026-02-05 10:01:12,955 [INFO] IPUIPlugin:80 - create IPUIPlugin
2026-02-05 10:01:12,955 [INFO] IPUIPlugin:80 - create IPUIPlugin
2026-02-05 10:01:12,955 [INFO] IPUIPlugin:80 - create IPUIPlugin
2026-02-05 10:01:12,955 [INFO] IPUIPlugin:80 - create IPUIPlugin
2026-02-05 10:01:12,955 [INFO] IPUIPlugin:80 - create IPUIPlugin
2026-02-05 10:01:12,955 [INFO] IPUIPlugin:80 - create IPUIPlugin
2026-02-05 10:01:12,955 [INFO] IPUIPlugin:80 - create IPUIPlugin
2026-02-05 10:01:12,956 [INFO] IPUIPlugin:80 - create IPUIPlugin
2026-02-05 10:01:12,956 [INFO] IPUIPlugin:80 - create IPUIPlugin
2026-02-05 10:01:12,956 [INFO] IPUIPlugin:80 - create IPUIPlugin
2026-02-05 10:01:12,956 [INFO] IPUIPlugin:80 - create IPUIPlugin
2026-02-05 10:01:12,956 [INFO] IPUIPlugin:80 - create IPUIPlugin
2026-02-05 10:01:12,956 [INFO] IPUIPlugin:80 - create IPUIPlugin
2026-02-05 10:01:12,957 [INFO] IPUIPlugin:80 - create IPUIPlugin
2026-02-05 10:01:12,957 [INFO] IPUIPlugin:80 - create IPUIPlugin
2026-02-05 10:01:12,957 [INFO] IPUIPlugin:80 - create IPUIPlugin
2026-02-05 10:01:12,957 [INFO] IPUIPlugin:80 - create IPUIPlugin
2026-02-05 10:01:12,957 [INFO] IPUIPlugin:80 - create IPUIPlugin
2026-02-05 10:01:12,957 [INFO] IPUIPlugin:80 - create IPUIPlugin
2026-02-05 10:01:12,958 [INFO] IPUIPlugin:80 - create IPUIPlugin
2026-02-05 10:01:12,958 [INFO] IPUIPlugin:80 - create IPUIPlugin
2026-02-05 10:01:12,958 [INFO] IPUIPlugin:80 - create IPUIPlugin
2026-02-05 10:01:12,958 [INFO] IPUIPlugin:80 - create IPUIPlugin
2026-02-05 10:01:12,959 [INFO] IPUIPlugin:80 - create IPUIPlugin
2026-02-05 10:01:12,959 [INFO] IPUIPlugin:80 - create IPUIPlugin
2026-02-05 10:01:12,960 [INFO] IPUIPlugin:80 - create IPUIPlugin
2026-02-05 10:01:12,960 [INFO] IPUIPlugin:80 - create IPUIPlugin
2026-02-05 10:01:12,960 [INFO] IPUIPlugin:80 - create IPUIPlugin
2026-02-05 10:01:12,960 [INFO] IPUIPlugin:80 - create IPUIPlugin
2026-02-05 10:01:12,961 [INFO] IPUIPlugin:80 - create IPUIPlugin
2026-02-05 10:01:12,961 [INFO] IPUIPlugin:80 - create IPUIPlugin
2026-02-05 10:01:12,961 [INFO] IPUIPlugin:80 - create IPUIPlugin
2026-02-05 10:01:12,961 [INFO] IPUIPlugin:80 - create IPUIPlugin
2026-02-05 10:01:12,961 [INFO] IPUIPlugin:80 - create IPUIPlugin
2026-02-05 10:01:12,962 [INFO] IPUIPlugin:80 - create IPUIPlugin
2026-02-05 10:01:12,962 [INFO] IPUIPlugin:80 - create IPUIPlugin
2026-02-05 10:01:12,962 [INFO] IPUIPlugin:80 - create IPUIPlugin
2026-02-05 10:01:12,962 [INFO] IPUIPlugin:80 - create IPUIPlugin
2026-02-05 10:01:12,963 [INFO] IPUIPlugin:80 - create IPUIPlugin
2026-02-05 10:01:12,963 [INFO] IPUIPlugin:80 - create IPUIPlugin
2026-02-05 10:01:12,963 [INFO] IPUIPlugin:80 - create IPUIPlugin
2026-02-05 10:01:12,964 [INFO] IPUIPlugin:80 - create IPUIPlugin
2026-02-05 10:01:12,964 [INFO] IPUIPlugin:80 - create IPUIPlugin
2026-02-05 10:01:12,964 [INFO] IPUIPlugin:80 - create IPUIPlugin
2026-02-05 10:01:12,964 [INFO] IPUIPlugin:80 - create IPUIPlugin
2026-02-05 10:01:12,965 [INFO] IPUIPlugin:80 - create IPUIPlugin
2026-02-05 10:01:12,965 [INFO] IPUIPlugin:80 - create IPUIPlugin
2026-02-05 10:01:13,092 [INFO] CADModel:165 - CPN selected for project levelSTM32L476RGT3
2026-02-05 10:01:13,092 [INFO] CADModel:114 - Register for checkConnection events
2026-02-05 10:01:13,132 [INFO] OpenFileManager:385 - Restore cursor
2026-02-05 10:01:13,729 [INFO] UtilMem:75 - End SaveConfig() Used Memory: 872205168 Bytes (1073741824)
2026-02-05 10:01:13,924 [INFO] UtilMem:75 - End SaveConfig() Used Memory: 906319824 Bytes (1073741824)
2026-02-05 10:01:14,414 [INFO] BlockDiagram:2775 - set Specific Code input for plugin: SYS
2026-02-05 10:01:14,414 [INFO] BlockDiagram:2775 - set Specific Code input for plugin: RCC
2026-02-05 10:01:14,415 [INFO] BlockDiagram:2775 - set Specific Code input for plugin: NVIC
2026-02-05 10:01:14,415 [INFO] BlockDiagram:2775 - set Specific Code input for plugin: USART
2026-02-05 10:01:14,415 [INFO] BlockDiagram:2775 - set Specific Code input for plugin: GPIO
2026-02-05 10:01:14,416 [INFO] CodeGenerator:882 - code generatio: config db path: C:\ST\STM32CubeIDE_1.17.0\STM32CubeIDE\plugins\com.st.stm32cube.common.mx_6.14.0.202502271554\\db\
2026-02-05 10:01:14,582 [INFO] CodeEngine:263 - oldGeneratedFile, C:\Users\G45\Documents\DUBOSCLARD_LOZANO\LED\MXTmpFiles\license.tmp_save
2026-02-05 10:01:15,483 [INFO] CodeEngine:287 - Generated code: C:\Users\G45\Documents\DUBOSCLARD_LOZANO\LED\MXTmpFiles\license.tmp
2026-02-05 10:01:15,558 [INFO] CodeEngine:263 - oldGeneratedFile, C:\Users\G45\Documents\DUBOSCLARD_LOZANO\LED\MXTmpFiles\gpio.tmp_save
2026-02-05 10:01:15,746 [INFO] CodeEngine:287 - Generated code: C:\Users\G45\Documents\DUBOSCLARD_LOZANO\LED\MXTmpFiles\gpio.tmp
2026-02-05 10:01:15,861 [INFO] CodeEngine:263 - oldGeneratedFile, C:\Users\G45\Documents\DUBOSCLARD_LOZANO\LED\Core\Src\stm32l4xx_it.c_save
2026-02-05 10:01:16,183 [INFO] CodeEngine:287 - Generated code: C:\Users\G45\Documents\DUBOSCLARD_LOZANO\LED\Core\Src\stm32l4xx_it.c
2026-02-05 10:01:16,190 [INFO] CodeEngine:263 - oldGeneratedFile, C:\Users\G45\Documents\DUBOSCLARD_LOZANO\LED\Core\Inc\stm32l4xx_it.h_save
2026-02-05 10:01:16,309 [INFO] CodeEngine:287 - Generated code: C:\Users\G45\Documents\DUBOSCLARD_LOZANO\LED\Core\Inc\stm32l4xx_it.h
2026-02-05 10:01:16,325 [INFO] CodeEngine:263 - oldGeneratedFile, C:\Users\G45\Documents\DUBOSCLARD_LOZANO\LED\Core\Src\stm32l4xx_hal_msp.c_save
2026-02-05 10:01:16,558 [INFO] CodeEngine:287 - Generated code: C:\Users\G45\Documents\DUBOSCLARD_LOZANO\LED\Core\Src\stm32l4xx_hal_msp.c
2026-02-05 10:01:16,563 [INFO] CodeEngine:263 - oldGeneratedFile, C:\Users\G45\Documents\DUBOSCLARD_LOZANO\LED\MXTmpFiles\system.tmp_save
2026-02-05 10:01:16,659 [INFO] CodeEngine:287 - Generated code: C:\Users\G45\Documents\DUBOSCLARD_LOZANO\LED\MXTmpFiles\system.tmp
2026-02-05 10:01:16,700 [INFO] CodeEngine:319 - oldGeneratedFile, C:\Users\G45\Documents\DUBOSCLARD_LOZANO\LED\Core\Inc\stm32l4xx_hal_conf.h_save
2026-02-05 10:01:16,866 [INFO] CodeEngine:343 - Generated code: C:\Users\G45\Documents\DUBOSCLARD_LOZANO\LED\Core\Inc\stm32l4xx_hal_conf.h
2026-02-05 10:01:16,945 [INFO] ApiDbMcu:508 - Load IP Config File for USART2
2026-02-05 10:01:16,949 [INFO] ApiDbMcu:508 - Load IP Config File for RCC
2026-02-05 10:01:16,962 [INFO] CodeEngine:263 - oldGeneratedFile, C:\Users\G45\Documents\DUBOSCLARD_LOZANO\LED\Core\Inc\main.h_save
2026-02-05 10:01:17,119 [INFO] CodeEngine:287 - Generated code: C:\Users\G45\Documents\DUBOSCLARD_LOZANO\LED\Core\Inc\main.h
2026-02-05 10:01:17,127 [INFO] CodeEngine:263 - oldGeneratedFile, C:\Users\G45\Documents\DUBOSCLARD_LOZANO\LED\Core\Src\main.c_save
2026-02-05 10:01:17,268 [INFO] CodeEngine:287 - Generated code: C:\Users\G45\Documents\DUBOSCLARD_LOZANO\LED\Core\Src\main.c
2026-02-05 10:01:17,716 [INFO] ProjectBuilder:3324 - Time for Copy HAL[1] : 231mS.
2026-02-05 10:01:17,721 [INFO] ProjectBuilder:4912 - Project Generator version: 4.6.0-B36
2026-02-05 10:01:17,893 [INFO] ConfigFileManager:1590 - The Die is : DIE415
2026-02-05 10:01:17,897 [INFO] ApiDbMcu:508 - Load IP Config File for FATFS
2026-02-05 10:01:17,901 [INFO] ApiDbMcu:508 - Load IP Config File for FREERTOS
2026-02-05 10:01:17,914 [INFO] ApiDbMcu:508 - Load IP Config File for TOUCHSENSING
2026-02-05 10:01:17,918 [INFO] ApiDbMcu:508 - Load IP Config File for USB_DEVICE
2026-02-05 10:01:17,923 [INFO] ApiDbMcu:508 - Load IP Config File for USB_HOST
2026-02-05 10:01:22,213 [INFO] ProjectBuilder:5191 - Time for Generating toolchain IDE Files: 4492mS.
2026-02-05 10:01:22,214 [INFO] ProjectBuilder:3181 - Time for Copy CMSIS : 0mS.
2026-02-05 10:01:22,216 [INFO] ProjectBuilder:3181 - Time for Copy CMSIS : 0mS.
2026-02-05 10:01:22,790 [INFO] McuFinderGlobals:76 - Set McuFinderConnectedMode to true
2026-02-05 10:01:22,798 [INFO] ApiDb:448 - Save user favorites file C:\Users\G45/.stm32cubeide/favorites.mcus.txt: 0 item(s)
2026-02-05 10:01:22,798 [INFO] ApiDb:452 - User favorites MCUs=[]
2026-02-05 10:01:22,800 [INFO] ApiDb:448 - Save user favorites file C:\Users\G45/.stm32cubeide/favorites.boards.txt: 1 item(s)
2026-02-05 10:01:22,801 [INFO] ApiDb:452 - User favorites Boards=[NUCLEO-L476RG]
2026-02-05 10:01:52,246 [INFO] UtilMem:75 - End SaveConfig() Used Memory: 791306240 Bytes (1073741824)
2026-02-05 10:01:53,564 [INFO] UtilMem:75 - End SaveConfig() Used Memory: 828062760 Bytes (1073741824)
2026-02-05 10:01:55,998 [INFO] UtilMem:75 - End SaveConfig() Used Memory: 888301568 Bytes (1073741824)
2026-02-05 10:01:56,290 [INFO] BlockDiagram:2775 - set Specific Code input for plugin: SYS
2026-02-05 10:01:56,290 [INFO] BlockDiagram:2775 - set Specific Code input for plugin: RCC
2026-02-05 10:01:56,291 [INFO] BlockDiagram:2775 - set Specific Code input for plugin: NVIC
2026-02-05 10:01:56,291 [INFO] BlockDiagram:2775 - set Specific Code input for plugin: USART
2026-02-05 10:01:56,291 [INFO] BlockDiagram:2775 - set Specific Code input for plugin: GPIO
2026-02-05 10:01:56,292 [INFO] CodeGenerator:882 - code generatio: config db path: C:\ST\STM32CubeIDE_1.17.0\STM32CubeIDE\plugins\com.st.stm32cube.common.mx_6.14.0.202502271554\\db\
2026-02-05 10:01:56,405 [INFO] CodeEngine:263 - oldGeneratedFile, C:\Users\G45\Documents\DUBOSCLARD_LOZANO\LED\MXTmpFiles\license.tmp_save
2026-02-05 10:01:56,597 [INFO] CodeEngine:287 - Generated code: C:\Users\G45\Documents\DUBOSCLARD_LOZANO\LED\MXTmpFiles\license.tmp
2026-02-05 10:01:56,635 [INFO] CodeEngine:263 - oldGeneratedFile, C:\Users\G45\Documents\DUBOSCLARD_LOZANO\LED\Core\Src\gpio.c_save
2026-02-05 10:01:56,889 [INFO] CodeEngine:287 - Generated code: C:\Users\G45\Documents\DUBOSCLARD_LOZANO\LED\Core\Src\gpio.c
2026-02-05 10:01:56,894 [INFO] CodeEngine:263 - oldGeneratedFile, C:\Users\G45\Documents\DUBOSCLARD_LOZANO\LED\Core\Inc\gpio.h_save
2026-02-05 10:01:57,031 [INFO] CodeEngine:287 - Generated code: C:\Users\G45\Documents\DUBOSCLARD_LOZANO\LED\Core\Inc\gpio.h
2026-02-05 10:01:57,168 [INFO] CodeEngine:263 - oldGeneratedFile, C:\Users\G45\Documents\DUBOSCLARD_LOZANO\LED\Core\Src\usart.c_save
2026-02-05 10:01:57,370 [INFO] CodeEngine:287 - Generated code: C:\Users\G45\Documents\DUBOSCLARD_LOZANO\LED\Core\Src\usart.c
2026-02-05 10:01:57,374 [INFO] CodeEngine:263 - oldGeneratedFile, C:\Users\G45\Documents\DUBOSCLARD_LOZANO\LED\Core\Inc\usart.h_save
2026-02-05 10:01:57,485 [INFO] CodeEngine:287 - Generated code: C:\Users\G45\Documents\DUBOSCLARD_LOZANO\LED\Core\Inc\usart.h
2026-02-05 10:01:57,513 [INFO] CodeEngine:263 - oldGeneratedFile, C:\Users\G45\Documents\DUBOSCLARD_LOZANO\LED\Core\Src\stm32l4xx_it.c_save
2026-02-05 10:01:57,607 [INFO] CodeEngine:287 - Generated code: C:\Users\G45\Documents\DUBOSCLARD_LOZANO\LED\Core\Src\stm32l4xx_it.c
2026-02-05 10:01:57,614 [INFO] CodeEngine:263 - oldGeneratedFile, C:\Users\G45\Documents\DUBOSCLARD_LOZANO\LED\Core\Inc\stm32l4xx_it.h_save
2026-02-05 10:01:57,692 [INFO] CodeEngine:287 - Generated code: C:\Users\G45\Documents\DUBOSCLARD_LOZANO\LED\Core\Inc\stm32l4xx_it.h
2026-02-05 10:01:57,719 [INFO] CodeEngine:263 - oldGeneratedFile, C:\Users\G45\Documents\DUBOSCLARD_LOZANO\LED\Core\Src\stm32l4xx_hal_msp.c_save
2026-02-05 10:01:57,832 [INFO] CodeEngine:287 - Generated code: C:\Users\G45\Documents\DUBOSCLARD_LOZANO\LED\Core\Src\stm32l4xx_hal_msp.c
2026-02-05 10:01:57,838 [INFO] CodeEngine:263 - oldGeneratedFile, C:\Users\G45\Documents\DUBOSCLARD_LOZANO\LED\MXTmpFiles\system.tmp_save
2026-02-05 10:01:57,913 [INFO] CodeEngine:287 - Generated code: C:\Users\G45\Documents\DUBOSCLARD_LOZANO\LED\MXTmpFiles\system.tmp
2026-02-05 10:01:57,937 [INFO] CodeEngine:319 - oldGeneratedFile, C:\Users\G45\Documents\DUBOSCLARD_LOZANO\LED\Core\Inc\stm32l4xx_hal_conf.h_save
2026-02-05 10:01:58,057 [INFO] CodeEngine:343 - Generated code: C:\Users\G45\Documents\DUBOSCLARD_LOZANO\LED\Core\Inc\stm32l4xx_hal_conf.h
2026-02-05 10:01:58,111 [INFO] CodeEngine:263 - oldGeneratedFile, C:\Users\G45\Documents\DUBOSCLARD_LOZANO\LED\Core\Inc\main.h_save
2026-02-05 10:01:58,241 [INFO] CodeEngine:287 - Generated code: C:\Users\G45\Documents\DUBOSCLARD_LOZANO\LED\Core\Inc\main.h
2026-02-05 10:01:58,260 [INFO] CodeEngine:263 - oldGeneratedFile, C:\Users\G45\Documents\DUBOSCLARD_LOZANO\LED\Core\Src\main.c_save
2026-02-05 10:01:58,351 [INFO] CodeEngine:287 - Generated code: C:\Users\G45\Documents\DUBOSCLARD_LOZANO\LED\Core\Src\main.c
2026-02-05 10:01:58,679 [INFO] ProjectBuilder:3324 - Time for Copy HAL[1] : 145mS.
2026-02-05 10:01:58,683 [INFO] ProjectBuilder:4912 - Project Generator version: 4.6.0-B36
2026-02-05 10:01:58,792 [INFO] ConfigFileManager:1590 - The Die is : DIE415
2026-02-05 10:02:00,679 [INFO] ProjectBuilder:5191 - Time for Generating toolchain IDE Files: 1995mS.
2026-02-05 10:02:00,679 [INFO] ProjectBuilder:3181 - Time for Copy CMSIS : 0mS.
2026-02-05 10:02:00,682 [INFO] ProjectBuilder:3181 - Time for Copy CMSIS : 0mS.
2026-02-05 10:06:12,147 [INFO] MainUpdater:2872 - connection check result : 10
2026-02-05 10:06:12,208 [INFO] McuFinderGlobals:76 - Set McuFinderConnectedMode to true
2026-02-05 10:06:12,209 [INFO] MultiScanPanel:200 - Auto-refresh data requested => check proxy status ongoing
2026-02-05 10:06:12,209 [INFO] FinderPluginLoader:95 - Searching for filters in installed packs
2026-02-05 10:06:14,413 [INFO] LoadUrlFilesThread:185 - End of LoadServerUrlFiles without Thread
2026-02-05 10:06:14,413 [INFO] DetailPanel:341 - Set advertising image to C:/Users/G45/STM32Cube/Repository/\en.prom-stm32mp21-0126.png
2026-02-05 10:06:20,084 [INFO] MultiScanPanel:200 - Auto-refresh data requested => check proxy status ongoing
2026-02-05 10:06:20,170 [INFO] LoadUrlFilesThread:185 - End of LoadServerUrlFiles without Thread
2026-02-05 10:06:20,171 [INFO] DetailPanel:341 - Set advertising image to C:/Users/G45/STM32Cube/Repository/\en.prom-stm32mp21-0126.png
2026-02-05 10:06:58,620 [INFO] MainUpdater:2872 - connection check result : 10
2026-02-05 10:06:58,620 [INFO] MainUpdater:2872 - connection check result : 10
2026-02-05 10:06:58,636 [INFO] MicroXplorer:468 - Change Database Path : 
2026-02-05 10:06:58,636 [INFO] MicroXplorer:498 - Change Database Version : DB.6.0.140
2026-02-05 10:06:58,657 [ERROR] ProjectManagerView:394 - 
java.lang.NullPointerException: Cannot invoke "javax.swing.JTextField.getText()" because the return value of "java.util.List.get(int)" is null
	at com.st.microxplorer.plugins.projectmanager.gui.ProjectChoiceTab$9.caretUpdate(ProjectChoiceTab.java:2678) ~[filemanager.jar:?]
	at javax.swing.text.JTextComponent.fireCaretUpdate(JTextComponent.java:408) ~[?:?]
	at javax.swing.text.JTextComponent$MutableCaretEvent.fire(JTextComponent.java:4484) ~[?:?]
	at javax.swing.text.JTextComponent$MutableCaretEvent.stateChanged(JTextComponent.java:4506) ~[?:?]
	at javax.swing.text.DefaultCaret.fireStateChanged(DefaultCaret.java:857) ~[?:?]
	at javax.swing.text.DefaultCaret.changeCaretPosition(DefaultCaret.java:1343) ~[?:?]
	at javax.swing.text.DefaultCaret.handleSetDot(DefaultCaret.java:1242) ~[?:?]
	at javax.swing.text.DefaultCaret.setDot(DefaultCaret.java:1223) ~[?:?]
	at javax.swing.text.DefaultCaret$Handler.insertUpdate(DefaultCaret.java:1819) ~[?:?]
	at javax.swing.text.AbstractDocument.fireInsertUpdate(AbstractDocument.java:227) ~[?:?]
	at javax.swing.text.AbstractDocument.handleInsertString(AbstractDocument.java:781) ~[?:?]
	at javax.swing.text.AbstractDocument.insertString(AbstractDocument.java:740) ~[?:?]
	at javax.swing.text.PlainDocument.insertString(PlainDocument.java:131) ~[?:?]
	at javax.swing.text.AbstractDocument.replace(AbstractDocument.java:699) ~[?:?]
	at javax.swing.text.JTextComponent.setText(JTextComponent.java:1725) ~[?:?]
	at com.st.microxplorer.plugins.projectmanager.gui.ProjectChoiceTab.createHeapStackFields(ProjectChoiceTab.java:979) ~[filemanager.jar:?]
	at com.st.microxplorer.plugins.projectmanager.gui.ProjectChoiceTab.buildLinkSettingsPanel(ProjectChoiceTab.java:3766) ~[filemanager.jar:?]
	at com.st.microxplorer.plugins.projectmanager.gui.ProjectChoiceTab.defineWindowsFields(ProjectChoiceTab.java:1962) ~[filemanager.jar:?]
	at com.st.microxplorer.plugins.projectmanager.gui.ProjectChoiceTab.updateSettings(ProjectChoiceTab.java:555) ~[filemanager.jar:?]
	at com.st.microxplorer.plugins.projectmanager.gui.ProjectSettingsPanel.UpdateDialog(ProjectSettingsPanel.java:245) ~[filemanager.jar:?]
	at com.st.microxplorer.plugins.projectmanager.ProjectManagerView.propertyChange(ProjectManagerView.java:391) ~[filemanager.jar:?]
	at java.beans.PropertyChangeSupport.fire(PropertyChangeSupport.java:343) ~[?:?]
	at java.beans.PropertyChangeSupport.firePropertyChange(PropertyChangeSupport.java:335) ~[?:?]
	at java.beans.PropertyChangeSupport.firePropertyChange(PropertyChangeSupport.java:268) ~[?:?]
	at com.st.microxplorer.util.MXPropertyChangeSupport.firePropertyChange(MXPropertyChangeSupport.java:54) ~[STM32CubeMX.jar:?]
	at com.st.microxplorer.mxsystem.MxSystem.closeConfig(MxSystem.java:899) ~[STM32CubeMX.jar:?]
	at com.st.microxplorer.maingui.MainPanel.closeConfig(MainPanel.java:789) ~[STM32CubeMX.jar:?]
	at com.st.microxplorer.plugins.filemanager.engine.OpenFileManager.loadConfigurationFile(OpenFileManager.java:287) ~[filemanager.jar:?]
	at com.st.microxplorer.plugins.filemanager.engine.MainFileManager.userLoadConfig(MainFileManager.java:341) ~[filemanager.jar:?]
	at com.st.microxplorer.plugins.filemanager.FileManagerView.getSpecificTask(FileManagerView.java:250) ~[filemanager.jar:?]
	at com.st.stm32cube.common.mx.editor.CubeMxEditor.getMxTabbedPaneInstance(CubeMxEditor.java:1191) ~[com.st.stm32cube.common.mx_6.14.0.202502271554/:?]
	at com.st.stm32cube.common.mx.editor.CubeMxEditor$12$1.createSwingComponent(CubeMxEditor.java:1068) ~[com.st.stm32cube.common.mx_6.14.0.202502271554/:?]
	at com.st.stm32cube.common.mx.oss.core.awtswtbridge.EmbeddedSwingComposite.doComponentCreation(EmbeddedSwingComposite.java:492) ~[com.st.stm32cube.common.mx.oss_6.14.0.202502271554/:?]
	at com.st.stm32cube.common.mx.oss.core.awtswtbridge.EmbeddedSwingComposite$4.run(EmbeddedSwingComposite.java:291) ~[com.st.stm32cube.common.mx.oss_6.14.0.202502271554/:?]
	at com.st.stm32cube.common.mx.oss.core.awtswtbridge.AwtEnvironment$2.run(AwtEnvironment.java:166) ~[com.st.stm32cube.common.mx.oss_6.14.0.202502271554/:?]
	at java.awt.event.InvocationEvent.dispatch(InvocationEvent.java:318) ~[?:?]
	at java.awt.EventQueue.dispatchEventImpl(EventQueue.java:773) ~[?:?]
	at java.awt.EventQueue$4.run(EventQueue.java:720) ~[?:?]
	at java.awt.EventQueue$4.run(EventQueue.java:714) ~[?:?]
	at java.security.AccessController.doPrivileged(AccessController.java:400) ~[?:?]
	at java.security.ProtectionDomain$JavaSecurityAccessImpl.doIntersectionPrivilege(ProtectionDomain.java:87) ~[?:?]
	at java.awt.EventQueue.dispatchEvent(EventQueue.java:742) ~[?:?]
	at java.awt.EventDispatchThread.pumpOneEventForFilters(EventDispatchThread.java:203) ~[?:?]
	at java.awt.EventDispatchThread.pumpEventsForFilter(EventDispatchThread.java:124) ~[?:?]
	at java.awt.EventDispatchThread.pumpEventsForHierarchy(EventDispatchThread.java:113) ~[?:?]
	at java.awt.EventDispatchThread.pumpEvents(EventDispatchThread.java:109) ~[?:?]
	at java.awt.EventDispatchThread.pumpEvents(EventDispatchThread.java:101) ~[?:?]
	at java.awt.EventDispatchThread.run(EventDispatchThread.java:90) ~[?:?]
2026-02-05 10:06:58,658 [WARN] ThirdParty:871 - waiting for thirdparty lock release [close project]
2026-02-05 10:06:58,658 [INFO] ThirdParty:873 - entering critical section [close project]
2026-02-05 10:06:58,658 [INFO] ThirdParty:883 - exiting critical section [close project]
2026-02-05 10:06:58,660 [INFO] PinOutPanel:1589 - setPackage(No Configuration,No Configuration)
2026-02-05 10:06:58,700 [INFO] UtilMem:75 - Begin LoadConfig() Used Memory: 885228312 Bytes (1073741824)
2026-02-05 10:06:58,700 [INFO] OpenFileManager:354 - Change cursor
2026-02-05 10:06:58,742 [INFO] RulesReader:64 - Compatibility file has been processed (301 Rules)
2026-02-05 10:06:58,749 [INFO] ProjectFactory:442 - No CPN specified for board NUCLEO-L476RG => set CPN to STM32L476RGT3
2026-02-05 10:06:58,749 [INFO] Mcu:2011 - Initializing MCU STM32L476R(C-E-G)Tx STM32L476RGTx STM32L476RGT3
2026-02-05 10:07:02,020 [INFO] Context:756 - Trying to add GPIOservice into a context  which must be forbidden
2026-02-05 10:07:03,114 [INFO] Rule:224 - rule 117617 - U5Cobra4M][GTZC] default value MPCBB3 and MPCBB5 - Not Secured memory - MPCBB1 is applicable
2026-02-05 10:07:03,114 [INFO] Rule:224 - rule 117617 - U5Cobra4M][GTZC] default value MPCBB3 and MPCBB5 - Not Secured memory - MPCBB1 is applicable
2026-02-05 10:07:03,114 [INFO] Rule:224 - rule 117617 - U5Cobra4M][GTZC] default value MPCBB3 and MPCBB5 - Not Secured memory - MPCBB2 is applicable
2026-02-05 10:07:03,115 [INFO] Rule:224 - rule 117617 - U5Cobra4M][GTZC] default value MPCBB3 and MPCBB5 - Not Secured memory - MPCBB2 is applicable
2026-02-05 10:07:03,115 [INFO] Rule:224 - rule 117617 - U5Cobra4M][GTZC] default value MPCBB3 and MPCBB5 - Not Secured memory - MPCBB3 is applicable
2026-02-05 10:07:03,115 [INFO] Rule:224 - rule 117617 - U5Cobra4M][GTZC] default value MPCBB3 and MPCBB5 - Not Secured memory - MPCBB3 is applicable
2026-02-05 10:07:03,115 [INFO] Rule:224 - rule 117617 - U5Cobra4M][GTZC] default value MPCBB3 and MPCBB5 - Not Secured memory - MPCBB4 is applicable
2026-02-05 10:07:03,115 [INFO] Rule:224 - rule 117617 - U5Cobra4M][GTZC] default value MPCBB3 and MPCBB5 - Not Secured memory - MPCBB4 is applicable
2026-02-05 10:07:03,115 [INFO] Rule:224 - rule 117617 - U5Cobra4M][GTZC] default value MPCBB3 and MPCBB5 - Secured memory - MPCBB1 is applicable
2026-02-05 10:07:03,115 [INFO] Rule:224 - rule 117617 - U5Cobra4M][GTZC] default value MPCBB3 and MPCBB5 - Secured memory - MPCBB2 is applicable
2026-02-05 10:07:03,115 [INFO] Rule:224 - rule 117617 - U5Cobra4M][GTZC] default value MPCBB3 and MPCBB5 - Secured memory - MPCBB3 is applicable
2026-02-05 10:07:03,115 [INFO] Rule:224 - rule 117617 - U5Cobra4M][GTZC] default value MPCBB3 and MPCBB5 - Secured memory - MPCBB4 is applicable
2026-02-05 10:07:03,115 [INFO] Rule:224 - rule 117617 - U5Cobra4M][GTZC] default value MPCBB3 and MPCBB5 - Privileged memory - MPCBB1 is applicable
2026-02-05 10:07:03,115 [INFO] Rule:224 - rule 117617 - U5Cobra4M][GTZC] default value MPCBB3 and MPCBB5 - Privileged memory - MPCBB2 is applicable
2026-02-05 10:07:03,115 [INFO] Rule:224 - rule 117617 - U5Cobra4M][GTZC] default value MPCBB3 and MPCBB5 - Privileged memory - MPCBB3 is applicable
2026-02-05 10:07:03,115 [INFO] Rule:224 - rule 117617 - U5Cobra4M][GTZC] default value MPCBB3 and MPCBB5 - Privileged memory - MPCBB4 is applicable
2026-02-05 10:07:03,115 [INFO] Rule:224 - rule 117617 - U5Cobra4M][GTZC] default value MPCBB3 and MPCBB5 - Not Privileged memory - MPCBB1 is applicable
2026-02-05 10:07:03,115 [INFO] Rule:224 - rule 117617 - U5Cobra4M][GTZC] default value MPCBB3 and MPCBB5 - Not Privileged memory - MPCBB2 is applicable
2026-02-05 10:07:03,115 [INFO] Rule:224 - rule 117617 - U5Cobra4M][GTZC] default value MPCBB3 and MPCBB5 - Not Privileged memory - MPCBB3 is applicable
2026-02-05 10:07:03,115 [INFO] Rule:224 - rule 117617 - U5Cobra4M][GTZC] default value MPCBB3 and MPCBB5 - Not Privileged memory - MPCBB4 is applicable
2026-02-05 10:07:03,115 [INFO] Rule:224 - rule 117617 - U5Cobra4M][GTZC] default value MPCBB3 and MPCBB5 - Privileged memory - MPCBB1 is applicable
2026-02-05 10:07:03,115 [INFO] Rule:224 - rule 117617 - U5Cobra4M][GTZC] default value MPCBB3 and MPCBB5 - Privileged memory - MPCBB2 is applicable
2026-02-05 10:07:03,115 [INFO] Rule:224 - rule 117617 - U5Cobra4M][GTZC] default value MPCBB3 and MPCBB5 - Privileged memory - MPCBB3 is applicable
2026-02-05 10:07:03,115 [INFO] Rule:224 - rule 117617 - U5Cobra4M][GTZC] default value MPCBB3 and MPCBB5 - Privileged memory - MPCBB4 is applicable
2026-02-05 10:07:03,115 [INFO] Rule:224 - rule 117617 - U5Cobra4M][GTZC] default value MPCBB3 and MPCBB5 - Privileged memory - MPCBB1 is applicable
2026-02-05 10:07:03,115 [INFO] Rule:224 - rule 117617 - U5Cobra4M][GTZC] default value MPCBB3 and MPCBB5 - Privileged memory - MPCBB2 is applicable
2026-02-05 10:07:03,116 [INFO] Rule:224 - rule 117617 - U5Cobra4M][GTZC] default value MPCBB3 and MPCBB5 - Privileged memory - MPCBB3 is applicable
2026-02-05 10:07:03,116 [INFO] Rule:224 - rule 117617 - U5Cobra4M][GTZC] default value MPCBB3 and MPCBB5 - Privileged memory - MPCBB4 is applicable
2026-02-05 10:07:03,116 [INFO] Rule:224 - rule 117617 - U5Cobra4M][GTZC] default value MPCBB3 and MPCBB5 - Not Privileged memory - MPCBB1 is applicable
2026-02-05 10:07:03,116 [INFO] Rule:224 - rule 117617 - U5Cobra4M][GTZC] default value MPCBB3 and MPCBB5 - Not Privileged memory - MPCBB2 is applicable
2026-02-05 10:07:03,116 [INFO] Rule:224 - rule 117617 - U5Cobra4M][GTZC] default value MPCBB3 and MPCBB5 - Not Privileged memory - MPCBB3 is applicable
2026-02-05 10:07:03,116 [INFO] Rule:224 - rule 117617 - U5Cobra4M][GTZC] default value MPCBB3 and MPCBB5 - Not Privileged memory - MPCBB4 is applicable
2026-02-05 10:07:03,116 [INFO] Rule:224 - rule 117617 - U5Cobra4M][GTZC] default value MPCBB3 and MPCBB5 - Privileged memory - MPCBB1 is applicable
2026-02-05 10:07:03,116 [INFO] Rule:224 - rule 117617 - U5Cobra4M][GTZC] default value MPCBB3 and MPCBB5 - Privileged memory - MPCBB2 is applicable
2026-02-05 10:07:03,116 [INFO] Rule:224 - rule 117617 - U5Cobra4M][GTZC] default value MPCBB3 and MPCBB5 - Privileged memory - MPCBB3 is applicable
2026-02-05 10:07:03,116 [INFO] Rule:224 - rule 117617 - U5Cobra4M][GTZC] default value MPCBB3 and MPCBB5 - Privileged memory - MPCBB4 is applicable
2026-02-05 10:07:03,116 [INFO] Rule:224 - rule Rename SubGHz_Phy SUBGHZ_APPLICATION SUBGHZ_PINGPONG to SUBGHZ_ADV_APPLICATION is applicable
2026-02-05 10:07:03,116 [INFO] Rule:224 - rule Rename Enabled to IBEACON is applicable
2026-02-05 10:07:03,116 [INFO] Rule:224 - rule GTZC_S instance for project manager is applicable
2026-02-05 10:07:03,116 [INFO] Rule:224 - rule GTZC_S instance for context M33S is applicable
2026-02-05 10:07:03,116 [INFO] Rule:224 - rule GTZC_S instance value for IP GTZC is applicable
2026-02-05 10:07:03,116 [INFO] Rule:224 - rule GTZC_S instance for mcu.IP is applicable
2026-02-05 10:07:03,116 [INFO] Rule:224 - rule GTZC_S instance for VP is applicable
2026-02-05 10:07:03,116 [INFO] Rule:224 - rule GTZC_S instance for signal is applicable
2026-02-05 10:07:03,116 [INFO] Rule:224 - rule GTZC_S instance for mcu.Pin is applicable
2026-02-05 10:07:03,116 [INFO] Rule:224 - rule GTZC_S instance for VP is applicable
2026-02-05 10:07:03,116 [INFO] Rule:224 - rule GTZC_S instance for signal is applicable
2026-02-05 10:07:03,116 [INFO] Rule:224 - rule GTZC_S instance for mcu is applicable
2026-02-05 10:07:03,116 [INFO] Rule:224 - rule GTZC_S instance for mcu.Pin is applicable
2026-02-05 10:07:03,116 [INFO] Rule:224 - rule GTZC_S instance value for IP GTZC is applicable
2026-02-05 10:07:03,116 [INFO] Rule:224 - rule GTZC_S instance for project manager is applicable
2026-02-05 10:07:03,116 [INFO] Rule:224 - rule GTZC_S instance for context M33S is applicable
2026-02-05 10:07:03,116 [INFO] Rule:224 - rule GTZC_S instance for VP is applicable
2026-02-05 10:07:03,116 [INFO] Rule:224 - rule GTZC_S instance for signal is applicable
2026-02-05 10:07:03,117 [INFO] Rule:224 - rule SPDIFRX instance for mcu is applicable
2026-02-05 10:07:03,117 [INFO] Rule:224 - rule Rename Tracer Mode is applicable
2026-02-05 10:07:03,117 [INFO] Rule:224 - rule SPDIFRX instance value for IP SPDIFRX is applicable
2026-02-05 10:07:03,117 [INFO] Rule:224 - rule SPDIFRX instance for signal is applicable
2026-02-05 10:07:03,117 [INFO] Rule:224 - rule SPDIFRX instance for project manager is applicable
2026-02-05 10:07:03,117 [INFO] Rule:224 - rule SPDIFRX instance for project manager is applicable
2026-02-05 10:07:03,117 [INFO] Rule:224 - rule ADC Scan  fix with FW F7 is applicable
2026-02-05 10:07:03,117 [INFO] Rule:224 - rule ADC Scan  fix with FW F7 is applicable
2026-02-05 10:07:03,117 [INFO] Rule:224 - rule WakeUp0 Mode is applicable
2026-02-05 10:07:03,117 [INFO] Rule:224 - rule WakeUp0 SIGNAL is applicable
2026-02-05 10:07:03,117 [INFO] Rule:224 - rule WakeUp1 Mode is applicable
2026-02-05 10:07:03,117 [INFO] Rule:224 - rule WakeUp1 SIGNAL is applicable
2026-02-05 10:07:03,118 [INFO] Rule:224 - rule WakeUp2 Mode is applicable
2026-02-05 10:07:03,118 [INFO] Rule:224 - rule WakeUp2 SIGNAL is applicable
2026-02-05 10:07:03,118 [INFO] Rule:224 - rule WakeUp4 Mode is applicable
2026-02-05 10:07:03,118 [INFO] Rule:224 - rule WakeUp4 SIGNAL is applicable
2026-02-05 10:07:03,118 [INFO] Rule:224 - rule WakeUp5 Mode is applicable
2026-02-05 10:07:03,118 [INFO] Rule:224 - rule WakeUp5 SIGNAL is applicable
2026-02-05 10:07:03,118 [INFO] Rule:224 - rule Add RTC Activate Clock Source is applicable
2026-02-05 10:07:03,118 [INFO] Rule:224 - rule Add RTC Activate Calendar 1 is applicable
2026-02-05 10:07:03,118 [INFO] Rule:224 - rule Add RTC Activate Calendar 2 is applicable
2026-02-05 10:07:03,118 [INFO] Rule:224 - rule Add RTC Activate Calendar 3 is applicable
2026-02-05 10:07:03,118 [INFO] Rule:224 - rule UART/USART TX Mode is applicable
2026-02-05 10:07:03,118 [INFO] Rule:224 - rule UART/USART RX Mode is applicable
2026-02-05 10:07:03,118 [INFO] Rule:224 - rule UART/USART RX TX Mode is applicable
2026-02-05 10:07:03,118 [INFO] Rule:224 - rule UART/USART PARITY NONE is applicable
2026-02-05 10:07:03,118 [INFO] Rule:224 - rule UART/USART PARITY EVEN is applicable
2026-02-05 10:07:03,118 [INFO] Rule:224 - rule UART/USART PARITY ODD is applicable
2026-02-05 10:07:03,118 [INFO] Rule:224 - rule USART StopBits 1 is applicable
2026-02-05 10:07:03,118 [INFO] Rule:224 - rule USART StopBits 2 is applicable
2026-02-05 10:07:03,118 [INFO] Rule:224 - rule USART StopBits 1.5 is applicable
2026-02-05 10:07:03,118 [INFO] Rule:224 - rule USART StopBits 0.5 is applicable
2026-02-05 10:07:03,118 [INFO] Rule:224 - rule UART/USART WORD LENGTH 7 is applicable
2026-02-05 10:07:03,118 [INFO] Rule:224 - rule UART/USART WORD LENGTH 8 is applicable
2026-02-05 10:07:03,118 [INFO] Rule:224 - rule UART/USART WORD LENGTH 9 is applicable
2026-02-05 10:07:03,118 [INFO] Rule:224 - rule Rename FMC NAND NCE signal is applicable
2026-02-05 10:07:03,118 [INFO] Rule:224 - rule Rename FMC NAND INT signal is applicable
2026-02-05 10:07:03,118 [INFO] Rule:224 - rule Change Default Value for LSE Drive Capability for WB family is applicable
2026-02-05 10:07:03,118 [INFO] Rule:224 - rule Change Default Value for ADC Clock Prescaler G0 family is applicable
2026-02-05 10:07:03,119 [INFO] Rule:224 - rule Change Default Value for ADC ExternalTrigConv L4 family is applicable
2026-02-05 10:07:03,119 [INFO] Rule:224 - rule Change Default Value for ADC ExternalTrigInjecConv L4 family is applicable
2026-02-05 10:07:03,119 [INFO] Rule:224 - rule Change Default Value for ADC ExternalTrigConv F3 family is applicable
2026-02-05 10:07:03,119 [INFO] Rule:224 - rule Change Default Value for ADC ExternalTrigInjecConv F3 family is applicable
2026-02-05 10:07:03,119 [INFO] Rule:224 - rule Change Default Value for ADC ExternalTrigConv Goldfish serie is applicable
2026-02-05 10:07:03,119 [INFO] Rule:224 - rule Change Default Value for ADC ExternalTrigInjecConv Goldfish serie is applicable
2026-02-05 10:07:03,119 [INFO] Rule:224 - rule Change Default Value for ADC ExternalTrigConv L0 family is applicable
2026-02-05 10:07:03,119 [INFO] Rule:224 - rule Change Default Value for ADC ExternalTrigConv F0 family is applicable
2026-02-05 10:07:03,119 [INFO] Rule:224 - rule Change Default Value for ADC ExternalTrigConvn L1 family is applicable
2026-02-05 10:07:03,119 [INFO] Rule:224 - rule Change Default Value for ADC ExternalTrigInjecConv L1 family is applicable
2026-02-05 10:07:03,119 [INFO] Rule:224 - rule Change Default Value for ADC ExternalTrigConv F1 family is applicable
2026-02-05 10:07:03,119 [INFO] Rule:224 - rule Change Default Value for ADC ExternalTrigInjecConv F1 family is applicable
2026-02-05 10:07:03,119 [INFO] Rule:224 - rule Change Default Value for ADC ExternalTrigConv F7 family is applicable
2026-02-05 10:07:03,119 [INFO] Rule:224 - rule Change Default Value for ADC ExternalTrigInjecConv F7 family is applicable
2026-02-05 10:07:03,119 [INFO] Rule:224 - rule Change Default Value for ADC ExternalTrigConv F4 and F2 family is applicable
2026-02-05 10:07:03,119 [INFO] Rule:224 - rule Change Default Value for ADC ExternalTrigInjecConv F4 and F2 family is applicable
2026-02-05 10:07:03,119 [INFO] Rule:224 - rule ADC SamplingTime fix with FW L0  is applicable
2026-02-05 10:07:03,119 [INFO] Rule:224 - rule ADC SamplingTime fix with FW L0  is applicable
2026-02-05 10:07:03,119 [INFO] Rule:224 - rule ADC SamplingTime fix with FW L0 is applicable
2026-02-05 10:07:03,119 [INFO] Rule:224 - rule ADC SamplingTime fix with FW L0 is applicable
2026-02-05 10:07:03,119 [INFO] Rule:224 - rule ADC SamplingTime fix with FW L0  is applicable
2026-02-05 10:07:03,119 [INFO] Rule:224 - rule ADC SamplingTime fix with FW L0 is applicable
2026-02-05 10:07:03,119 [INFO] Rule:224 - rule Rename USB_OE Signal is applicable
2026-02-05 10:07:03,119 [INFO] Rule:224 - rule Rename Activate_OE Mode is applicable
2026-02-05 10:07:03,119 [INFO] Rule:224 - rule Rename DIE462/DIE415 pin PC14/OSC32_IN -> PC14-OSC32_IN (PC14) is applicable
2026-02-05 10:07:03,119 [INFO] Rule:224 - rule Rename DIE462/DIE415 pin PC15/OSC32_OUT -> PC15-OSC32_OUT (PC15) is applicable
2026-02-05 10:07:03,119 [INFO] Rule:224 - rule Rename DIE462/DIE415 pin PH0/OSC_IN -> PH0-OSC_IN (PH0) is applicable
2026-02-05 10:07:03,120 [INFO] Rule:224 - rule Rename DIE462/DIE415 pin PH1/OSC_OUT -> PH1-OSC_OUT (PH1) is applicable
2026-02-05 10:07:03,120 [INFO] Rule:224 - rule Rename DIE462 pin PA13 -> PA13 (JTMS/SWDIO) is applicable
2026-02-05 10:07:03,120 [INFO] Rule:224 - rule Rename DIE415 pin PA13 -> PA13 (JTMS/SWDIO) is applicable
2026-02-05 10:07:03,120 [INFO] Rule:224 - rule Rename DIE462 pin PA14 -> PA14 (JTCK/SWCLK) is applicable
2026-02-05 10:07:03,120 [INFO] Rule:224 - rule Rename DIE415 pin PA14 -> PA14 (JTCK/SWCLK) is applicable
2026-02-05 10:07:03,120 [INFO] Rule:224 - rule Rename DIE462/DIE415 pin PA15 -> PA15 (JTDI) is applicable
2026-02-05 10:07:03,120 [INFO] Rule:224 - rule Rename DIE462 pin PB3 -> PB3 (JTD0/TRACESWO) is applicable
2026-02-05 10:07:03,120 [INFO] Rule:224 - rule Rename DIE415 pin PB3 -> PB3 (JTD0-TRACESWO) is applicable
2026-02-05 10:07:03,120 [INFO] Rule:224 - rule Rename DIE462/DIE415 pin PB4 -> PB4 (NJTRST) is applicable
2026-02-05 10:07:03,120 [INFO] Rule:224 - rule Rename DIE462 pin PH3/BOOT0 -> PH3-BOOT0 (BOOT0) is applicable
2026-02-05 10:07:03,120 [INFO] Rule:224 - rule Rename CRYP DataEncryptionTypesList to Algorithm is applicable
2026-02-05 10:07:03,120 [INFO] Rule:224 - rule Rename AES DataEncryptionTypesList to Algorithm is applicable
2026-02-05 10:07:03,120 [INFO] Rule:224 - rule Rename TDESECB to CRYP_TDES_ECB is applicable
2026-02-05 10:07:03,120 [INFO] Rule:224 - rule Rename TDESCBC to CRYP_TDES_CBC is applicable
2026-02-05 10:07:03,120 [INFO] Rule:224 - rule Rename DESECB to CRYP_DES_ECB is applicable
2026-02-05 10:07:03,120 [INFO] Rule:224 - rule Rename DESCBC to CRYP_DES_CBC is applicable
2026-02-05 10:07:03,120 [INFO] Rule:224 - rule Rename AESECB to CRYP_AES_ECB is applicable
2026-02-05 10:07:03,120 [INFO] Rule:224 - rule Rename AESCBC to CRYP_AES_CBC is applicable
2026-02-05 10:07:03,120 [INFO] Rule:224 - rule Rename AESCTR to CRYP_AES_CTR is applicable
2026-02-05 10:07:03,120 [INFO] Rule:224 - rule Rename AESGCM to CRYP_AES_GCM is applicable
2026-02-05 10:07:03,120 [INFO] Rule:224 - rule Rename AESCCM to CRYP_AES_CCM is applicable
2026-02-05 10:07:03,120 [INFO] Rule:224 - rule Rename CAN TimeSeg1 to BS1 is applicable
2026-02-05 10:07:03,120 [INFO] Rule:224 - rule Rename CAN TimeSeg2 to BS2 is applicable
2026-02-05 10:07:03,120 [INFO] Rule:224 - rule Rename CAN SyncJumpWidth to SJW is applicable
2026-02-05 10:07:03,121 [INFO] Rule:224 - rule TimeTriggeredMode to TTCM is applicable
2026-02-05 10:07:03,121 [INFO] Rule:224 - rule Rename CAN AutoBusOff to ABOM is applicable
2026-02-05 10:07:03,121 [INFO] Rule:224 - rule Rename CAN AutoWakeUp to AWUM is applicable
2026-02-05 10:07:03,121 [INFO] Rule:224 - rule Rename CAN AutoRetransmission to NART is applicable
2026-02-05 10:07:03,121 [INFO] Rule:224 - rule Rename CAN ReceiveFifoLocked to RFLM is applicable
2026-02-05 10:07:03,121 [INFO] Rule:224 - rule Rename CAN TransmitFifoPriority to TXFP is applicable
2026-02-05 10:07:03,121 [INFO] Rule:224 - rule Rename HRTIMER HRTIM_OUTPUTFAULTLEVEL_HIGH in HRTIMER HRTIM_OUTPUTFAULTLEVEL_HIGHZ is applicable
2026-02-05 10:07:03,121 [INFO] Rule:224 - rule Rename TIMER TIM_CLEARINPUTSOURCE_OCREFCLR in  TIMER TIM_CLEARINPUTSOURCE_NONE for F7 family is applicable
2026-02-05 10:07:03,121 [INFO] Rule:224 - rule FDCAN_R1 - Rename FDCAN mode Master into Classic is applicable
2026-02-05 10:07:03,121 [INFO] Rule:224 - rule FDCAN_R2 - Rename FDCAN mode Slave into Classic is applicable
2026-02-05 10:07:03,121 [INFO] Rule:224 - rule FDCAN1_R3 - if PA10.Mode=FullDuplex, add Pin PA12 is applicable
2026-02-05 10:07:03,121 [INFO] Rule:224 - rule FDCAN1_R3 - if PA9.Mode=FullDuplex, add Pin PA11 is applicable
2026-02-05 10:07:03,121 [INFO] Rule:224 - rule FDCAN1_R3 - Alternatepin_1 - if PE1.Mode=FullDuplex, add Pin PB9 is applicable
2026-02-05 10:07:03,121 [INFO] Rule:224 - rule FDCAN1_R3 - Alternatepin_1 - if PE0.Mode=FullDuplex, add Pin PB8 is applicable
2026-02-05 10:07:03,121 [INFO] Rule:224 - rule FDCAN1_R3 - Alternatepin_2 - if PD5.Mode=FullDuplex, add Pin PD1 is applicable
2026-02-05 10:07:03,121 [INFO] Rule:224 - rule FDCAN1_R3 - Alternatepin_2 - if PD4.Mode=FullDuplex, add Pin PD0 is applicable
2026-02-05 10:07:03,121 [INFO] Rule:224 - rule FDCAN1_R4 - Rename Mode FullDuplex into Enable FDCAN_TXFD for pin PA10 is applicable
2026-02-05 10:07:03,121 [INFO] Rule:224 - rule FDCAN1_R4 - Rename Mode FullDuplex into Enable FDCAN_TXFD for pin PA9 is applicable
2026-02-05 10:07:03,121 [INFO] Rule:224 - rule FDCAN1_R4 - Alternatepin_1 - Rename Mode FullDuplex into Enable FDCAN_TXFD for pin PE1 is applicable
2026-02-05 10:07:03,121 [INFO] Rule:224 - rule FDCAN1_R4 - Alternatepin_1 - Rename Mode FullDuplex into Enable FDCAN_TXFD for pin PE0 is applicable
2026-02-05 10:07:03,121 [INFO] Rule:224 - rule FDCAN1_R4 - Alternatepin_2 - Rename Mode FullDuplex into Enable FDCAN_TXFD for pin PD5 is applicable
2026-02-05 10:07:03,121 [INFO] Rule:224 - rule FDCAN1_R4 - Alternatepin_2 - Rename Mode FullDuplex into Enable FDCAN_TXFD for pin PD4 is applicable
2026-02-05 10:07:03,121 [INFO] Rule:224 - rule FDCAN2_R3 - if PD10.Mode=FullDuplex, add Pin PB13 is applicable
2026-02-05 10:07:03,121 [INFO] Rule:224 - rule FDCAN2_R3 - if PD9.Mode=FullDuplex, add Pin PB12 is applicable
2026-02-05 10:07:03,121 [INFO] Rule:224 - rule FDCAN2_R3 - Alternatepin_1 - if PB7.Mode=FullDuplex, add Pin PB6 is applicable
2026-02-05 10:07:03,121 [INFO] Rule:224 - rule FDCAN2_R3 - Alternatepin_1 - if PD9.Mode=FullDuplex, add Pin PB12 is applicable
2026-02-05 10:07:03,121 [INFO] Rule:224 - rule FDCAN2_R4 - Rename Mode FullDuplex into Enable FDCAN_TXFD for pin PD10 is applicable
2026-02-05 10:07:03,122 [INFO] Rule:224 - rule FDCAN2_R4 - Rename Mode FullDuplex into Enable FDCAN_TXFD for pin PD9 is applicable
2026-02-05 10:07:03,122 [INFO] Rule:224 - rule FDCAN2_R4 - Alternatepin_1 - Rename Mode FullDuplex into Enable FDCAN_TXFD for pin PB7 is applicable
2026-02-05 10:07:03,122 [INFO] Rule:224 - rule FDCAN2_R4 - Alternatepin_1 - Rename Mode FullDuplex into Enable FDCAN_TXFD for pin PD6 is applicable
2026-02-05 10:07:03,122 [INFO] Rule:224 - rule USART TxPinLevelInvertParam Mode is applicable
2026-02-05 10:07:03,122 [INFO] Rule:224 - rule USART RxPinLevelInvertParam Mode is applicable
2026-02-05 10:07:03,122 [INFO] Rule:224 - rule USART DataInvertParam Mode is applicable
2026-02-05 10:07:03,122 [INFO] Rule:224 - rule USART SwapParam Mode is applicable
2026-02-05 10:07:03,122 [INFO] Rule:224 - rule USART OverrunDisableParam Mode is applicable
2026-02-05 10:07:03,122 [INFO] Rule:224 - rule USART DMADisableonRxErrorParam Mode is applicable
2026-02-05 10:07:03,122 [INFO] Rule:224 - rule USART MSBFirstParam Mode is applicable
2026-02-05 10:07:03,122 [INFO] Rule:224 - rule Update MwName for USB_DEVICE is applicable
2026-02-05 10:07:03,122 [INFO] Rule:224 - rule Change PWR_Regulator_Voltage_Scale Default Value for RCC  H7 family is applicable
2026-02-05 10:07:03,122 [INFO] Rule:224 - rule UART/USART IPParameter rename Prescaler parameter to ClockPrescaler is applicable
2026-02-05 10:07:03,122 [INFO] Rule:224 - rule UART/USART Prescaler rename Prescaler parameter to ClockPrescaler is applicable
2026-02-05 10:07:03,122 [INFO] Rule:224 - rule TIM1CLockSelection is applicable
2026-02-05 10:07:03,122 [INFO] Rule:224 - rule TIM15CLockSelection is applicable
2026-02-05 10:07:03,122 [INFO] Rule:224 - rule align RCC SDMMC3CLockSelection default value on MP1 is applicable
2026-02-05 10:07:03,122 [INFO] Rule:224 - rule align RCC SDMMC12CLockSelection default value on MP1 is applicable
2026-02-05 10:07:03,122 [INFO] Rule:224 - rule align RCC QSPICLockSelection default value on MP1 is applicable
2026-02-05 10:07:03,122 [INFO] Rule:224 - rule align RCC QSPICLockSelection default value on MP1 is applicable
2026-02-05 10:07:03,122 [INFO] Rule:224 - rule align RCC SPI6CLockSelection default value on MP1 is applicable
2026-02-05 10:07:03,122 [INFO] Rule:224 - rule align RCC LPTIM23CLockSelection default value on MP1 is applicable
2026-02-05 10:07:03,122 [INFO] Rule:224 - rule align RCC LPTIM1CLockSelection default value on MP1 is applicable
2026-02-05 10:07:03,122 [INFO] Rule:224 - rule align RCC USART1CLockSelection default value on MP1 is applicable
2026-02-05 10:07:03,122 [INFO] Rule:224 - rule align RCC USART24CLockSelection default value on MP1 is applicable
2026-02-05 10:07:03,122 [INFO] Rule:224 - rule align RCC USART6CLockSelection default value on MP1 is applicable
2026-02-05 10:07:03,122 [INFO] Rule:224 - rule align RCC UART78CLockSelection default value on MP1 is applicable
2026-02-05 10:07:03,122 [INFO] Rule:224 - rule align RCC USART35CLockSelection default value on MP1 is applicable
2026-02-05 10:07:03,122 [INFO] Rule:224 - rule align RCC SPI45CLockSelection default value on MP1 is applicable
2026-02-05 10:07:03,122 [INFO] Rule:224 - rule align RCC I2C46CLockSelection BCLK value on MP1 is applicable
2026-02-05 10:07:03,123 [INFO] Rule:224 - rule align RCC SPI45CLockSelection default value on MP1 is applicable
2026-02-05 10:07:03,123 [INFO] Rule:224 - rule align RCC I2C12CLockSelection default value on MP1 is applicable
2026-02-05 10:07:03,123 [INFO] Rule:224 - rule align RCC I2C35CLockSelection default value on MP1 is applicable
2026-02-05 10:07:03,123 [INFO] Rule:224 - rule align RCC LPTIM45CLockSelection default value on MP1 is applicable
2026-02-05 10:07:03,123 [INFO] Rule:224 - rule Rename DCMI PIXCK signal is applicable
2026-02-05 10:07:03,123 [INFO] Rule:224 - rule Change Default Value for I2C46CLockSelection MP1 family is applicable
2026-02-05 10:07:03,123 [INFO] Rule:224 - rule Change Default Value for UART for G4, G0 and WB families is applicable
2026-02-05 10:07:03,123 [INFO] Rule:224 - rule Change Default Value for USART for G4, G0 and WB families is applicable
2026-02-05 10:07:03,123 [INFO] Rule:224 - rule Change Default Value for USART for G4 family is applicable
2026-02-05 10:07:03,123 [INFO] Rule:224 - rule Change USART1CLockSelection refparam name for MP1 is applicable
2026-02-05 10:07:03,123 [INFO] Rule:224 - rule Change USART2CLockSelection refparam name for MP1 is applicable
2026-02-05 10:07:03,123 [INFO] Rule:224 - rule Change USART3CLockSelection refparam name for MP1 is applicable
2026-02-05 10:07:03,123 [INFO] Rule:224 - rule Change UART4CLockSelection refparam name for MP1 is applicable
2026-02-05 10:07:03,123 [INFO] Rule:224 - rule Change UART5CLockSelection refparam name for MP1 is applicable
2026-02-05 10:07:03,123 [INFO] Rule:224 - rule Change LPUART1CLockSelection refparam name for MP1 is applicable
2026-02-05 10:07:03,123 [INFO] Rule:224 - rule Change LPTIM1CLockSelection refparam name for MP1 is applicable
2026-02-05 10:07:03,123 [INFO] Rule:224 - rule Change LPTIM2CLockSelection refparam name for MP1 is applicable
2026-02-05 10:07:03,123 [INFO] Rule:224 - rule Change RCC_MCO1Source refparam name for MP1 is applicable
2026-02-05 10:07:03,123 [INFO] Rule:224 - rule Change LSCOSource1 refparam name for MP1 is applicable
2026-02-05 10:07:03,123 [INFO] Rule:224 - rule Change SMPSCLockSelection refparam name for MP1 is applicable
2026-02-05 10:07:03,123 [INFO] Rule:224 - rule Change LPTIM3CLockSelection refparam name for MP1 is applicable
2026-02-05 10:07:03,123 [INFO] Rule:224 - rule Change MPCBB* Default Template Mode to Parameters is applicable
2026-02-05 10:07:03,123 [INFO] Rule:224 - rule Change MPCWM* or MPCBB* Secure Mode to Parameters is applicable
2026-02-05 10:07:03,123 [INFO] Rule:224 - rule Change MPCWM* or MPCBB* No Secure Mode to Parameters is applicable
2026-02-05 10:07:03,123 [INFO] Rule:224 - rule Change TZSC IP Secure Mode to Parameters is applicable
2026-02-05 10:07:03,123 [INFO] Rule:224 - rule Change TZSC IP No Secure Mode to Parameters is applicable
2026-02-05 10:07:03,123 [INFO] Rule:224 - rule Change TZSC IP Privilege Mode to Parameters is applicable
2026-02-05 10:07:03,123 [INFO] Rule:224 - rule Change TZSC IP No Privilege Mode to Parameters is applicable
2026-02-05 10:07:03,123 [INFO] Rule:224 - rule Change TZIC IT Secure Mode to Parameters is applicable
2026-02-05 10:07:03,123 [INFO] Rule:224 - rule Change TZIC IT No Secure Mode to Parameters is applicable
2026-02-05 10:07:03,124 [INFO] Rule:224 - rule Add MPCBB1_NonSecureArea_Start_Address value with referenced to MPCBB1_NonSecureArea_Start value is applicable
2026-02-05 10:07:03,124 [INFO] Rule:224 - rule Add MPCBB2_NonSecureArea_Start_Address value with referenced to MPCBB2_NonSecureArea_Start value is applicable
2026-02-05 10:07:03,124 [INFO] Rule:224 - rule Add MPCWM1_NonSecureArea*_Start_Address value with referenced to MPCWM1_NonSecureArea*_Start value is applicable
2026-02-05 10:07:03,124 [INFO] Rule:224 - rule Add MPCWM2_NonSecureArea*_Start_Address value with referenced to MPCWM2_NonSecureArea*_Start value is applicable
2026-02-05 10:07:03,124 [INFO] Rule:224 - rule Add MPCWM3_NonSecureArea_Start_Address value with referenced to MPCWM3_NonSecureArea_Start value is applicable
2026-02-05 10:07:03,124 [INFO] Rule:224 - rule Change Default Value for PLL1UserDefinedConfig is applicable
2026-02-05 10:07:03,124 [INFO] Rule:224 - rule Change GPIO_PuPd Default Value for USART in async mode is applicable
2026-02-05 10:07:03,124 [INFO] Rule:224 - rule Change SMPSDivider Default Value is applicable
2026-02-05 10:07:03,124 [INFO] Rule:224 - rule OPAMP is applicable
2026-02-05 10:07:03,124 [INFO] Rule:224 - rule LPUART IPParameter rename Prescaler parameter to ClockPrescaler for STM32H7 is applicable
2026-02-05 10:07:03,124 [INFO] Rule:224 - rule LPUART IPParameter rename Prescaler parameter to ClockPrescaler for STM32H7 is applicable
2026-02-05 10:07:03,124 [INFO] Rule:224 - rule LPUART IPParameter rename Prescaler parameter to ClockPrescaler for STM32WB is applicable
2026-02-05 10:07:03,124 [INFO] Rule:224 - rule LPUART IPParameter rename Prescaler parameter to ClockPrescaler for STM32WB is applicable
2026-02-05 10:07:03,124 [INFO] Rule:224 - rule LPUART IPParameter rename Prescaler parameter to ClockPrescaler for STM32G4 is applicable
2026-02-05 10:07:03,124 [INFO] Rule:224 - rule LPUART IPParameter rename Prescaler parameter to ClockPrescaler for STM32G4 is applicable
2026-02-05 10:07:03,124 [INFO] Rule:224 - rule LPUART IPParameter rename Prescaler parameter to ClockPrescaler for STM32L5 is applicable
2026-02-05 10:07:03,124 [INFO] Rule:224 - rule LPUART IPParameter rename Prescaler parameter to ClockPrescaler for STM32L5 is applicable
2026-02-05 10:07:03,124 [INFO] Rule:224 - rule LPUART IPParameter rename Prescaler parameter to ClockPrescaler for STM32G4 is applicable
2026-02-05 10:07:03,124 [INFO] Rule:224 - rule LPUART IPParameter rename Prescaler parameter to ClockPrescaler for STM32G4 is applicable
2026-02-05 10:07:03,124 [INFO] Rule:224 - rule USB device lib V2.5.3 for L0 rename USBD_SUPPORT_USER_STRING parameter to USBD_SUPPORT_USER_STRING_DESC4 is applicable
2026-02-05 10:07:03,124 [INFO] Rule:224 - rule I2SCLockSelection clock entry align is applicable
2026-02-05 10:07:03,124 [INFO] Rule:224 - rule Assign TIMx context if used as SYS timebase is applicable
2026-02-05 10:07:03,124 [INFO] Rule:224 - rule Change GPIO_Pu Default Value for I2C is applicable
2026-02-05 10:07:03,124 [INFO] Rule:224 - rule Change GPIO_Pu Default Value for SMBus is applicable
2026-02-05 10:07:03,124 [INFO] Rule:224 - rule change FDCAN default value is applicable
2026-02-05 10:07:03,124 [INFO] Rule:224 - rule Change mode sai is applicable
2026-02-05 10:07:03,124 [INFO] Rule:224 - rule **Change sai mode is applicable
2026-02-05 10:07:03,124 [INFO] Rule:224 - rule Rename STM32WPAN CFG_BLE_IRK to CFG_BLE_IR is applicable
2026-02-05 10:07:03,124 [INFO] Rule:224 - rule Rename STM32WPAN CFG_BLE_ERK to CFG_BLE_ER is applicable
2026-02-05 10:07:03,125 [INFO] Rule:224 - rule Rename STM32WPAN CFG_BLE_IRK_HEX to CFG_BLE_IR_HEX is applicable
2026-02-05 10:07:03,125 [INFO] Rule:224 - rule Rename STM32WPAN CFG_BLE_ERK_HEX to CFG_BLE_ER_HEX is applicable
2026-02-05 10:07:03,125 [INFO] Rule:224 - rule Adapt Old IOC before rework replace old CORTEX_M33/CORTEX_M55 attributes by the new one. is applicable
2026-02-05 10:07:03,125 [INFO] Rule:224 - rule Rename parametre of RCC RCC_APBDBG_DIV2 to RCC_TIMPRES_DIV2 is applicable
2026-02-05 10:07:03,125 [INFO] Rule:224 - rule Rename DIE493 pin PA10 [PA12] -> PA10 is applicable
2026-02-05 10:07:03,125 [INFO] Rule:224 - rule Rename DIE493 pin PA9 [PA11] -> PA9 is applicable
2026-02-05 10:07:03,203 [INFO] DbConfProperties:307 - Apply Compatibility (49/266 Rules)
2026-02-05 10:07:03,237 [INFO] ImportTextPane:218 - (OptionalMessage_ERROR) Unable to find key (Mcu.ThirdPartyNb) in loaded IOC file
2026-02-05 10:07:03,242 [INFO] ImportTextPane:218 - (OptionalMessage_ERROR) Pin12 (VP_RIF_VS_RIF1) cannot be retrieved for this MCU
2026-02-05 10:07:03,555 [INFO] RtosManager:558 - Registered RTOS mode: class=CMSIS, group=RTOS, mode=CMSIS_V1, owner=FREERTOS
2026-02-05 10:07:03,555 [INFO] RtosManager:558 - Registered RTOS mode: class=CMSIS, group=RTOS2, mode=CMSIS_V2, owner=FREERTOS
2026-02-05 10:07:03,555 [INFO] RtosManager:558 - Registered RTOS mode: class=RTOS, group=Core, mode=CMSIS_V1, owner=FREERTOS
2026-02-05 10:07:03,556 [INFO] RtosManager:558 - Registered RTOS mode: class=RTOS, group=Core, mode=CMSIS_V2, owner=FREERTOS
2026-02-05 10:07:03,556 [WARN] ModelIntegratedComponent:184 - Missing modes for component STMicroelectronics:FreeRTOS:0.0.1:STMicroelectronics:RTOS:FreeRTOS:Core:::10.2.0:
2026-02-05 10:07:03,572 [WARN] ModelIntegratedComponent:63 - No mode defined for component null
2026-02-05 10:07:03,572 [WARN] ModelIntegratedComponent:63 - No mode defined for component null
2026-02-05 10:07:03,572 [WARN] ModelIntegratedComponent:63 - No mode defined for component null
2026-02-05 10:07:03,572 [WARN] ModelIntegratedComponent:63 - No mode defined for component null
2026-02-05 10:07:03,572 [WARN] ModelIntegratedComponent:63 - No mode defined for component null
2026-02-05 10:07:03,572 [WARN] ModelIntegratedComponent:63 - No mode defined for component null
2026-02-05 10:07:03,572 [WARN] ModelIntegratedComponent:63 - No mode defined for component null
2026-02-05 10:07:03,572 [WARN] ModelIntegratedComponent:63 - No mode defined for component null
2026-02-05 10:07:03,572 [WARN] ModelIntegratedComponent:63 - No mode defined for component null
2026-02-05 10:07:03,572 [WARN] ModelIntegratedComponent:63 - No mode defined for component null
2026-02-05 10:07:03,572 [WARN] ModelIntegratedComponent:63 - No mode defined for component null
2026-02-05 10:07:03,572 [WARN] ModelIntegratedComponent:63 - No mode defined for component null
2026-02-05 10:07:03,572 [WARN] ModelIntegratedComponent:63 - No mode defined for component null
2026-02-05 10:07:03,573 [WARN] ModelIntegratedComponent:63 - No mode defined for component null
2026-02-05 10:07:03,573 [WARN] ModelIntegratedComponent:63 - No mode defined for component null
2026-02-05 10:07:03,573 [WARN] ModelIntegratedComponent:63 - No mode defined for component null
2026-02-05 10:07:03,573 [WARN] ModelIntegratedComponent:63 - No mode defined for component null
2026-02-05 10:07:03,573 [WARN] ModelIntegratedComponent:63 - No mode defined for component null
2026-02-05 10:07:03,573 [WARN] ModelIntegratedComponent:63 - No mode defined for component null
2026-02-05 10:07:03,573 [WARN] ModelIntegratedComponent:63 - No mode defined for component null
2026-02-05 10:07:03,573 [WARN] ModelIntegratedComponent:63 - No mode defined for component null
2026-02-05 10:07:03,573 [WARN] ModelIntegratedComponent:63 - No mode defined for component null
2026-02-05 10:07:03,573 [WARN] ModelIntegratedComponent:63 - No mode defined for component null
2026-02-05 10:07:03,573 [WARN] ModelIntegratedComponent:63 - No mode defined for component null
2026-02-05 10:07:03,573 [WARN] ModelIntegratedComponent:63 - No mode defined for component null
2026-02-05 10:07:03,573 [WARN] ModelIntegratedComponent:63 - No mode defined for component null
2026-02-05 10:07:03,573 [WARN] ModelIntegratedComponent:63 - No mode defined for component null
2026-02-05 10:07:03,573 [WARN] ModelIntegratedComponent:63 - No mode defined for component null
2026-02-05 10:07:03,573 [WARN] ModelIntegratedComponent:63 - No mode defined for component null
2026-02-05 10:07:03,573 [WARN] ModelIntegratedComponent:63 - No mode defined for component null
2026-02-05 10:07:03,573 [WARN] ModelIntegratedComponent:63 - No mode defined for component null
2026-02-05 10:07:03,573 [WARN] ModelIntegratedComponent:63 - No mode defined for component null
2026-02-05 10:07:03,573 [WARN] ModelIntegratedComponent:63 - No mode defined for component null
2026-02-05 10:07:03,573 [WARN] ModelIntegratedComponent:63 - No mode defined for component null
2026-02-05 10:07:03,573 [WARN] ModelIntegratedComponent:63 - No mode defined for component null
2026-02-05 10:07:03,573 [WARN] ModelPack:524 - Component already loaded: STMicroelectronics:HAL Drivers:0.0.0:STMicroelectronics:Device:STMicro_Driver:XSPI:HAL::0.0.1:HAL_XSPI
2026-02-05 10:07:04,127 [INFO] ThirdPartyModel:298 - Start build external matchings
2026-02-05 10:07:13,226 [INFO] ThirdPartyModel:316 - End build external matchings
2026-02-05 10:07:13,382 [INFO] ImportTextPane:218 - (OptionalMessage_ERROR) IP (RCC) : Invalid parameter (FamilyName)
2026-02-05 10:07:13,384 [INFO] ImportTextPane:218 - (OptionalMessage_ERROR) IP (RCC) : Parameter (RNGFreq_Value) has invalid value (64000000)
2026-02-05 10:07:13,384 [INFO] ImportTextPane:218 - (OptionalMessage_ERROR) IP (RCC) : Parameter (SDMMCFreq_Value) has invalid value (64000000)
2026-02-05 10:07:13,384 [INFO] ImportTextPane:218 - (OptionalMessage_ERROR) IP (RCC) : Parameter (USBFreq_Value) has invalid value (64000000)
2026-02-05 10:07:13,924 [INFO] UtilMem:75 - End LoadConfig() Used Memory: 967968504 Bytes (1073741824)
2026-02-05 10:07:13,976 [WARN] ThirdParty:833 - waiting for thirdparty lock release [change project]
2026-02-05 10:07:13,983 [INFO] ThirdParty:835 - entering critical section [change project]
2026-02-05 10:07:13,983 [INFO] ThirdParty:1030 - CMSIS Pack Vendor :STMicroelectronics X-CUBE-PM33A1 1.0.0
2026-02-05 10:07:13,983 [INFO] ThirdParty:1030 - CMSIS Pack Vendor :STMicroelectronics USBPD 4.1
2026-02-05 10:07:13,983 [INFO] ThirdParty:1030 - CMSIS Pack Vendor :STMicroelectronics X-CUBE-GNSS1 6.0.0
2026-02-05 10:07:13,983 [INFO] ThirdParty:1030 - CMSIS Pack Vendor :STMicroelectronics USB_HOST 2.0.0
2026-02-05 10:07:13,983 [INFO] ThirdParty:1030 - CMSIS Pack Vendor :STMicroelectronics FP-SNS-MOTENVWB1 1.4.0
2026-02-05 10:07:13,983 [INFO] ThirdParty:1030 - CMSIS Pack Vendor :STMicroelectronics X-CUBE-AZRTOS-F4 1.1.0
2026-02-05 10:07:13,983 [INFO] ThirdParty:1030 - CMSIS Pack Vendor :STMicroelectronics LIBJPEG 8.0.0
2026-02-05 10:07:13,983 [INFO] ThirdParty:1030 - CMSIS Pack Vendor :STMicroelectronics FP-ATR-ASTRA1 2.0.2
2026-02-05 10:07:13,983 [INFO] ThirdParty:1030 - CMSIS Pack Vendor :STMicroelectronics FP-ATR-ASTRA1 2.0.1
2026-02-05 10:07:13,983 [INFO] ThirdParty:1030 - CMSIS Pack Vendor :STMicroelectronics X-CUBE-SMBUS 2.1.0
2026-02-05 10:07:13,983 [INFO] ThirdParty:1030 - CMSIS Pack Vendor :STMicroelectronics X-CUBE-WB05N 1.1.0
2026-02-05 10:07:13,984 [INFO] ThirdParty:1030 - CMSIS Pack Vendor :STMicroelectronics X-CUBE-ISPU 2.1.0
2026-02-05 10:07:13,984 [INFO] ThirdParty:1030 - CMSIS Pack Vendor :STMicroelectronics X-CUBE-TOUCHGFX 4.23.1
2026-02-05 10:07:13,984 [INFO] ThirdParty:1030 - CMSIS Pack Vendor :STMicroelectronics X-CUBE-TOUCHGFX 4.23.0
2026-02-05 10:07:13,984 [INFO] ThirdParty:1030 - CMSIS Pack Vendor :STMicroelectronics X-CUBE-MEMS1 9.2.0
2026-02-05 10:07:13,984 [INFO] ThirdParty:1030 - CMSIS Pack Vendor :STMicroelectronics X-CUBE-NFC12 1.0.0
2026-02-05 10:07:13,984 [INFO] ThirdParty:1030 - CMSIS Pack Vendor :STMicroelectronics X-CUBE-AZRTOS-F7 1.1.0
2026-02-05 10:07:13,984 [INFO] ThirdParty:1030 - CMSIS Pack Vendor :STMicroelectronics X-CUBE-AZRTOS-L5 2.0.0
2026-02-05 10:07:13,984 [INFO] ThirdParty:1030 - CMSIS Pack Vendor :STMicroelectronics USB_DEVICE 2.0.0
2026-02-05 10:07:13,984 [INFO] ThirdParty:1030 - CMSIS Pack Vendor :STMicroelectronics X-CUBE-NFC6 3.1.0
2026-02-05 10:07:13,984 [INFO] ThirdParty:1030 - CMSIS Pack Vendor :ITTIA_DB I-CUBE-ITTIADB 8.8.0
2026-02-05 10:07:13,984 [INFO] ThirdParty:1030 - CMSIS Pack Vendor :STMicroelectronics X-CUBE-AI 7.1.0
2026-02-05 10:07:13,984 [INFO] ThirdParty:1030 - CMSIS Pack Vendor :STMicroelectronics X-CUBE-TOUCHGFX 4.19.1
2026-02-05 10:07:13,984 [INFO] ThirdParty:1030 - CMSIS Pack Vendor :STMicroelectronics FP-SNS-MOTENV1 4.3.2
2026-02-05 10:07:13,984 [INFO] ThirdParty:1030 - CMSIS Pack Vendor :STMicroelectronics X-CUBE-BLE1 6.2.3
2026-02-05 10:07:13,984 [INFO] ThirdParty:1030 - CMSIS Pack Vendor :STMicroelectronics X-CUBE-BLE1 6.2.4
2026-02-05 10:07:13,984 [INFO] ThirdParty:1030 - CMSIS Pack Vendor :STMicroelectronics FreeRTOS 0.0.1
2026-02-05 10:07:13,984 [INFO] ThirdParty:1030 - CMSIS Pack Vendor :STMicroelectronics X-CUBE-BLEMGR 2.0.0
2026-02-05 10:07:13,984 [INFO] ThirdParty:1030 - CMSIS Pack Vendor :STMicroelectronics X-CUBE-DPower 1.2.0
2026-02-05 10:07:13,984 [INFO] ThirdParty:1030 - CMSIS Pack Vendor :STMicroelectronics X-CUBE-BLE1 6.2.2
2026-02-05 10:07:13,984 [INFO] ThirdParty:1030 - CMSIS Pack Vendor :STMicroelectronics FP-SNS-FLIGHT1 5.0.2
2026-02-05 10:07:13,984 [INFO] ThirdParty:1030 - CMSIS Pack Vendor :STMicroelectronics X-CUBE-BLE2 3.2.2
2026-02-05 10:07:13,984 [INFO] ThirdParty:1030 - CMSIS Pack Vendor :STMicroelectronics X-CUBE-NFC4 2.0.4
2026-02-05 10:07:13,984 [INFO] ThirdParty:1030 - CMSIS Pack Vendor :STMicroelectronics X-CUBE-NFC4 2.0.3
2026-02-05 10:07:13,984 [INFO] ThirdParty:1030 - CMSIS Pack Vendor :STMicroelectronics X-CUBE-AZRTOS-H7 3.1.0
2026-02-05 10:07:13,984 [INFO] ThirdParty:1030 - CMSIS Pack Vendor :STMicroelectronics PDM2PCM 3.3.0
2026-02-05 10:07:13,984 [INFO] ThirdParty:1030 - CMSIS Pack Vendor :STMicroelectronics X-CUBE-SFXS2LP1 3.1.0
2026-02-05 10:07:13,984 [INFO] ThirdParty:1030 - CMSIS Pack Vendor :wolfSSL I-CUBE-wolfSSL 5.1.1
2026-02-05 10:07:13,984 [INFO] ThirdParty:1030 - CMSIS Pack Vendor :STMicroelectronics X-CUBE-AZRTOS-H7 3.4.0
2026-02-05 10:07:13,984 [INFO] ThirdParty:1030 - CMSIS Pack Vendor :STMicroelectronics X-CUBE-DISPLAY 3.0.0
2026-02-05 10:07:13,984 [INFO] ThirdParty:1030 - CMSIS Pack Vendor :STMicroelectronics X-CUBE-AZRTOS-F4 1.0.0
2026-02-05 10:07:13,984 [INFO] ThirdParty:1030 - CMSIS Pack Vendor :STMicroelectronics X-CUBE-BLE1 7.0.0
2026-02-05 10:07:13,985 [INFO] ThirdParty:1030 - CMSIS Pack Vendor :STMicroelectronics X-CUBE-NFC10 1.0.0
2026-02-05 10:07:13,985 [INFO] ThirdParty:1030 - CMSIS Pack Vendor :STMicroelectronics X-CUBE-TOF1 2.0.0
2026-02-05 10:07:13,985 [INFO] ThirdParty:1030 - CMSIS Pack Vendor :STMicroelectronics X-CUBE-BLEMGR 4.0.0
2026-02-05 10:07:13,985 [INFO] ThirdParty:1030 - CMSIS Pack Vendor :STMicroelectronics HAL Drivers 0.0.0
2026-02-05 10:07:13,985 [INFO] ThirdParty:1030 - CMSIS Pack Vendor :STMicroelectronics X-CUBE-ST60 1.1.0
2026-02-05 10:07:13,985 [INFO] ThirdParty:1030 - CMSIS Pack Vendor :STMicroelectronics X-CUBE-FREERTOS 1.3.0
2026-02-05 10:07:13,985 [INFO] ThirdParty:1030 - CMSIS Pack Vendor :STMicroelectronics X-CUBE-NFC7 1.0.1
2026-02-05 10:07:13,985 [INFO] ThirdParty:1030 - CMSIS Pack Vendor :STMicroelectronics MBEDTLS 2.14.1
2026-02-05 10:07:13,985 [INFO] ThirdParty:1030 - CMSIS Pack Vendor :STMicroelectronics X-CUBE-GNSS1 7.1.0
2026-02-05 10:07:13,985 [INFO] ThirdParty:1030 - CMSIS Pack Vendor :STMicroelectronics X-CUBE-NFC7 1.0.0
2026-02-05 10:07:13,985 [INFO] ThirdParty:1030 - CMSIS Pack Vendor :STMicroelectronics X-CUBE-TOUCHGFX 4.26.0
2026-02-05 10:07:13,985 [INFO] ThirdParty:1030 - CMSIS Pack Vendor :STMicroelectronics X-CUBE-SUBG2 4.2.0
2026-02-05 10:07:13,985 [INFO] ThirdParty:1030 - CMSIS Pack Vendor :STMicroelectronics X-CUBE-NFC6 3.0.0
2026-02-05 10:07:13,985 [INFO] ThirdParty:1030 - CMSIS Pack Vendor :STMicroelectronics X-CUBE-EEPRMA1 4.1.0
2026-02-05 10:07:13,985 [INFO] ThirdParty:1030 - CMSIS Pack Vendor :STMicroelectronics X-CUBE-BLEMGR 3.1.0
2026-02-05 10:07:13,985 [INFO] ThirdParty:1030 - CMSIS Pack Vendor :STMicroelectronics X-CUBE-AI 10.0.0
2026-02-05 10:07:13,985 [INFO] ThirdParty:1030 - CMSIS Pack Vendor :STMicroelectronics FP-SNS-STAIOTCFT 1.0.0
2026-02-05 10:07:13,985 [INFO] ThirdParty:1030 - CMSIS Pack Vendor :STMicroelectronics FP-SNS-SMARTAG2 1.2.0
2026-02-05 10:07:13,985 [INFO] ThirdParty:1030 - CMSIS Pack Vendor :STMicroelectronics FP-SNS-FLIGHT1 5.1.0
2026-02-05 10:07:13,985 [INFO] ThirdParty:1030 - CMSIS Pack Vendor :STMicroelectronics X-CUBE-MEMS1 11.1.0
2026-02-05 10:07:13,985 [INFO] ThirdParty:1030 - CMSIS Pack Vendor :STMicroelectronics X-CUBE-AZRTOS-WL 2.0.0
2026-02-05 10:07:13,985 [INFO] ThirdParty:1030 - CMSIS Pack Vendor :STMicroelectronics X-CUBE-ALGOBUILD 1.2.1
2026-02-05 10:07:13,985 [INFO] ThirdParty:1030 - CMSIS Pack Vendor :STMicroelectronics X-CUBE-DPower 1.3.0
2026-02-05 10:07:13,985 [INFO] ThirdParty:1030 - CMSIS Pack Vendor :STMicroelectronics FP-SNS-MOTENV1 5.0.0
2026-02-05 10:07:13,985 [INFO] ThirdParty:1030 - CMSIS Pack Vendor :STMicroelectronics USB_DEVICE 1.0.0
2026-02-05 10:07:13,985 [INFO] ThirdParty:1030 - CMSIS Pack Vendor :STMicroelectronics X-CUBE-AZRTOS-H7RS 1.2.0
2026-02-05 10:07:13,985 [INFO] ThirdParty:1030 - CMSIS Pack Vendor :STMicroelectronics X-CUBE-AI 8.1.0
2026-02-05 10:07:13,985 [INFO] ThirdParty:1030 - CMSIS Pack Vendor :STMicroelectronics X-CUBE-AZRTOS-G0 1.0.0
2026-02-05 10:07:13,985 [INFO] ThirdParty:1030 - CMSIS Pack Vendor :wolfSSL I-CUBE-wolfMQTT 1.19.0
2026-02-05 10:07:13,986 [INFO] ThirdParty:1030 - CMSIS Pack Vendor :STMicroelectronics X-CUBE-AZRTOS-L4 2.0.0
2026-02-05 10:07:13,986 [INFO] ThirdParty:1030 - CMSIS Pack Vendor :STMicroelectronics ThreadX 0.0.2
2026-02-05 10:07:13,986 [INFO] ThirdParty:1030 - CMSIS Pack Vendor :WES I-CUBE-Cesium 1.3.0
2026-02-05 10:07:13,986 [INFO] ThirdParty:1030 - CMSIS Pack Vendor :STMicroelectronics lwIP 2.1.2
2026-02-05 10:07:13,986 [INFO] ThirdParty:1030 - CMSIS Pack Vendor :STMicroelectronics X-CUBE-SFXS2LP1 4.0.0
2026-02-05 10:07:13,986 [INFO] ThirdParty:1030 - CMSIS Pack Vendor :STMicroelectronics X-CUBE-BLE2 3.3.0
2026-02-05 10:07:13,986 [INFO] ThirdParty:1030 - CMSIS Pack Vendor :Avnet-IOTCONNECT X-CUBE-iotc-st67-sdk 1.0.0
2026-02-05 10:07:13,986 [INFO] ThirdParty:1030 - CMSIS Pack Vendor :STMicroelectronics X-CUBE-DISPLAY 2.2.0
2026-02-05 10:07:13,986 [INFO] ThirdParty:1030 - CMSIS Pack Vendor :STMicroelectronics X-CUBE-TOF1 3.2.0
2026-02-05 10:07:13,986 [INFO] ThirdParty:1030 - CMSIS Pack Vendor :STMicroelectronics PDM2PCM 3.2.0
2026-02-05 10:07:13,986 [INFO] ThirdParty:1030 - CMSIS Pack Vendor :STMicroelectronics X-CUBE-TOUCHGFX 4.18.1
2026-02-05 10:07:13,986 [INFO] ThirdParty:1030 - CMSIS Pack Vendor :STMicroelectronics X-CUBE-AZRTOS-H7 3.0.0
2026-02-05 10:07:13,986 [INFO] ThirdParty:1030 - CMSIS Pack Vendor :STMicroelectronics X-CUBE-ISPU 1.1.0
2026-02-05 10:07:13,986 [INFO] ThirdParty:1030 - CMSIS Pack Vendor :STMicroelectronics X-CUBE-AZRTOS-H7 3.3.0
2026-02-05 10:07:13,986 [INFO] ThirdParty:1030 - CMSIS Pack Vendor :RoweBots I-CUBE-UNISONRTOS 5.5.0-4
2026-02-05 10:07:13,986 [INFO] ThirdParty:1030 - CMSIS Pack Vendor :STMicroelectronics X-CUBE-NFC9 1.0.0
2026-02-05 10:07:13,986 [INFO] ThirdParty:1030 - CMSIS Pack Vendor :STMicroelectronics X-CUBE-AZRTOS-H7 2.1.0
2026-02-05 10:07:13,986 [INFO] ThirdParty:1030 - CMSIS Pack Vendor :STMicroelectronics X-CUBE-BLE1 7.1.0
2026-02-05 10:07:13,986 [INFO] ThirdParty:1030 - CMSIS Pack Vendor :STMicroelectronics USB_DEVICE 3.0.0
2026-02-05 10:07:13,986 [INFO] ThirdParty:1030 - CMSIS Pack Vendor :STMicroelectronics X-CUBE-EEPRMA1 5.2.0
2026-02-05 10:07:13,986 [INFO] ThirdParty:1030 - CMSIS Pack Vendor :STMicroelectronics X-CUBE-BLEMGR 4.1.0
2026-02-05 10:07:13,986 [INFO] ThirdParty:1030 - CMSIS Pack Vendor :STMicroelectronics X-CUBE-AI 8.0.0
2026-02-05 10:07:13,986 [INFO] ThirdParty:1030 - CMSIS Pack Vendor :STMicroelectronics X-CUBE-AZRTOS-WB 2.0.0
2026-02-05 10:07:13,986 [INFO] ThirdParty:1030 - CMSIS Pack Vendor :STMicroelectronics X-CUBE-FREERTOS 1.0.1
2026-02-05 10:07:13,986 [INFO] ThirdParty:1030 - CMSIS Pack Vendor :STMicroelectronics X-CUBE-TOUCHGFX 4.21.1
2026-02-05 10:07:13,986 [INFO] ThirdParty:1030 - CMSIS Pack Vendor :STMicroelectronics X-CUBE-GNSS1 7.0.1
2026-02-05 10:07:13,986 [INFO] ThirdParty:1030 - CMSIS Pack Vendor :STMicroelectronics X-CUBE-TOUCHGFX 4.21.3
2026-02-05 10:07:13,986 [INFO] ThirdParty:1030 - CMSIS Pack Vendor :STMicroelectronics X-CUBE-MEMS1 9.4.0
2026-02-05 10:07:13,986 [INFO] ThirdParty:1030 - CMSIS Pack Vendor :STMicroelectronics X-CUBE-AI 7.3.0
2026-02-05 10:07:13,986 [INFO] ThirdParty:1030 - CMSIS Pack Vendor :STMicroelectronics FP-SNS-STBOX1 2.0.0
2026-02-05 10:07:13,986 [INFO] ThirdParty:1030 - CMSIS Pack Vendor :STMicroelectronics X-CUBE-MEMS1 12.0.0
2026-02-05 10:07:13,986 [INFO] ThirdParty:1030 - CMSIS Pack Vendor :STMicroelectronics X-CUBE-ALGOBUILD 1.3.0
2026-02-05 10:07:13,987 [INFO] ThirdParty:1030 - CMSIS Pack Vendor :STMicroelectronics X-CUBE-STSE01 2.0.0
2026-02-05 10:07:13,987 [INFO] ThirdParty:1030 - CMSIS Pack Vendor :STMicroelectronics X-CUBE-AZRTOS-L5 1.1.0
2026-02-05 10:07:13,987 [INFO] ThirdParty:1030 - CMSIS Pack Vendor :STMicroelectronics X-CUBE-AZRTOS-G0 1.1.0
2026-02-05 10:07:13,987 [INFO] ThirdParty:1030 - CMSIS Pack Vendor :STMicroelectronics X-CUBE-SAFEA1 1.2.2
2026-02-05 10:07:13,987 [INFO] ThirdParty:1030 - CMSIS Pack Vendor :STMicroelectronics X-CUBE-NFC4 3.0.0
2026-02-05 10:07:13,987 [INFO] ThirdParty:1030 - CMSIS Pack Vendor :SEGGER I-CUBE-embOS 1.2.0
2026-02-05 10:07:13,987 [INFO] ThirdParty:1030 - CMSIS Pack Vendor :STMicroelectronics X-CUBE-SUBG2 5.0.0
2026-02-05 10:07:13,987 [INFO] ThirdParty:1030 - CMSIS Pack Vendor :STMicroelectronics STM32_WPAN 1.0.0
2026-02-05 10:07:13,987 [INFO] ThirdParty:1030 - CMSIS Pack Vendor :EmbeddedOffice I-CUBE-FS-RTOS 1.0.1
2026-02-05 10:07:13,987 [INFO] ThirdParty:1030 - CMSIS Pack Vendor :STMicroelectronics lwIP 2.0.3
2026-02-05 10:07:13,987 [INFO] ThirdParty:1030 - CMSIS Pack Vendor :Cesanta I-CUBE-Mongoose 7.13.0
2026-02-05 10:07:13,987 [INFO] ThirdParty:1030 - CMSIS Pack Vendor :STMicroelectronics USB_HOST 1.0.0
2026-02-05 10:07:13,987 [INFO] ThirdParty:1030 - CMSIS Pack Vendor :STMicroelectronics X-CUBE-DISPLAY 2.1.0
2026-02-05 10:07:13,987 [INFO] ThirdParty:1030 - CMSIS Pack Vendor :STMicroelectronics X-CUBE-AZRTOS-G4 2.0.0
2026-02-05 10:07:13,987 [INFO] ThirdParty:1030 - CMSIS Pack Vendor :STMicroelectronics X-CUBE-WB05N 2.0.0
2026-02-05 10:07:13,987 [INFO] ThirdParty:1030 - CMSIS Pack Vendor :STMicroelectronics PDM2PCM 3.1.0
2026-02-05 10:07:13,987 [INFO] ThirdParty:1030 - CMSIS Pack Vendor :STMicroelectronics X-CUBE-TOF1 3.3.0
2026-02-05 10:07:13,987 [INFO] ThirdParty:1030 - CMSIS Pack Vendor :STMicroelectronics FP-ATR-ASTRA1 1.1.1
2026-02-05 10:07:13,987 [INFO] ThirdParty:1030 - CMSIS Pack Vendor :Infineon AIROC-Wi-Fi-Bluetooth-STM32 1.5.1
2026-02-05 10:07:13,987 [INFO] ThirdParty:1030 - CMSIS Pack Vendor :STMicroelectronics X-CUBE-BLEMGR 3.0.0
2026-02-05 10:07:13,987 [INFO] ThirdParty:1030 - CMSIS Pack Vendor :STMicroelectronics X-CUBE-BLEMGR 1.3.0
2026-02-05 10:07:13,987 [INFO] ThirdParty:1030 - CMSIS Pack Vendor :STMicroelectronics X-CUBE-NFC7 2.0.0
2026-02-05 10:07:13,987 [INFO] ThirdParty:1030 - CMSIS Pack Vendor :STMicroelectronics X-CUBE-TCPP 4.2.0
2026-02-05 10:07:13,987 [INFO] ThirdParty:1030 - CMSIS Pack Vendor :RealThread X-CUBE-RT-Thread_Nano 4.1.1
2026-02-05 10:07:13,987 [INFO] ThirdParty:1030 - CMSIS Pack Vendor :STMicroelectronics X-CUBE-AZRTOS-H7 2.0.0
2026-02-05 10:07:13,987 [INFO] ThirdParty:1030 - CMSIS Pack Vendor :STMicroelectronics FP-SNS-MOTENVWB1 1.3.1
2026-02-05 10:07:13,987 [INFO] ThirdParty:1030 - CMSIS Pack Vendor :STMicroelectronics FP-ATR-SIGFOX1 3.2.0
2026-02-05 10:07:13,987 [INFO] ThirdParty:1030 - CMSIS Pack Vendor :STMicroelectronics X-CUBE-AZRTOS-G4 1.0.0
2026-02-05 10:07:13,987 [INFO] ThirdParty:1030 - CMSIS Pack Vendor :STMicroelectronics X-CUBE-AZRTOS-L4 1.0.0
2026-02-05 10:07:13,987 [INFO] ThirdParty:1030 - CMSIS Pack Vendor :quantropi X-CUBE-qispace-sdk-base 1.9.3
2026-02-05 10:07:13,987 [INFO] ThirdParty:1030 - CMSIS Pack Vendor :STMicroelectronics X-CUBE-ISPU 2.0.0
2026-02-05 10:07:13,987 [INFO] ThirdParty:1030 - CMSIS Pack Vendor :STMicroelectronics X-CUBE-EEPRMA1 5.1.0
2026-02-05 10:07:13,987 [INFO] ThirdParty:1030 - CMSIS Pack Vendor :STMicroelectronics MBEDTLS 2.16.2
2026-02-05 10:07:13,988 [INFO] ThirdParty:1030 - CMSIS Pack Vendor :STMicroelectronics X-CUBE-IPS 3.1.0
2026-02-05 10:07:13,988 [INFO] ThirdParty:1030 - CMSIS Pack Vendor :STMicroelectronics X-CUBE-ALS 1.0.2
2026-02-05 10:07:13,988 [INFO] ThirdParty:1030 - CMSIS Pack Vendor :emotas I-CUBE-CANOPEN 1.1.2
2026-02-05 10:07:13,988 [INFO] ThirdParty:1030 - CMSIS Pack Vendor :STMicroelectronics X-CUBE-MEMS1 10.0.0
2026-02-05 10:07:13,988 [INFO] ThirdParty:1030 - CMSIS Pack Vendor :STMicroelectronics X-CUBE-FREERTOS 1.1.0
2026-02-05 10:07:13,988 [INFO] ThirdParty:1030 - CMSIS Pack Vendor :STMicroelectronics X-CUBE-AZRTOS-F7 1.0.0
2026-02-05 10:07:13,988 [INFO] ThirdParty:1030 - CMSIS Pack Vendor :STMicroelectronics X-CUBE-TOUCHGFX 4.24.2
2026-02-05 10:07:13,988 [INFO] ThirdParty:1030 - CMSIS Pack Vendor :STMicroelectronics X-CUBE-AZRTOS-WL 1.0.0
2026-02-05 10:07:13,988 [INFO] ThirdParty:1030 - CMSIS Pack Vendor :STMicroelectronics X-CUBE-MEMS1 9.1.0
2026-02-05 10:07:13,988 [INFO] ThirdParty:1030 - CMSIS Pack Vendor :wolfSSL I-CUBE-wolfTPM 3.4.0
2026-02-05 10:07:13,988 [INFO] ThirdParty:1030 - CMSIS Pack Vendor :portGmbH I-Cube-SoM-uGOAL 1.1.0
2026-02-05 10:07:13,988 [INFO] ThirdParty:1030 - CMSIS Pack Vendor :STMicroelectronics X-CUBE-ALS 1.0.1
2026-02-05 10:07:13,988 [INFO] ThirdParty:1030 - CMSIS Pack Vendor :STMicroelectronics X-CUBE-NFC6 3.2.0
2026-02-05 10:07:13,988 [INFO] ThirdParty:1030 - CMSIS Pack Vendor :STMicroelectronics X-CUBE-MEMS1 9.5.0
2026-02-05 10:07:13,988 [INFO] ThirdParty:1030 - CMSIS Pack Vendor :STMicroelectronics X-CUBE-AI 10.2.0
2026-02-05 10:07:13,988 [INFO] ThirdParty:1030 - CMSIS Pack Vendor :STMicroelectronics ThreadX 1.0.0
2026-02-05 10:07:13,988 [INFO] ThirdParty:1030 - CMSIS Pack Vendor :STMicroelectronics X-CUBE-AZRTOS-WB 1.1.0
2026-02-05 10:07:13,988 [INFO] ThirdParty:1030 - CMSIS Pack Vendor :SEGGER I-CUBE-embOS 1.3.1
2026-02-05 10:07:13,988 [INFO] ThirdParty:1030 - CMSIS Pack Vendor :STMicroelectronics X-CUBE-ALGOBUILD 1.4.0
2026-02-05 10:07:13,988 [INFO] ThirdParty:1030 - CMSIS Pack Vendor :STMicroelectronics X-CUBE-AZRTOS-L5 1.0.0
2026-02-05 10:07:13,988 [INFO] ThirdParty:1030 - CMSIS Pack Vendor :STMicroelectronics X-CUBE-EEPRMA1 3.1.0
2026-02-05 10:07:13,988 [INFO] ThirdParty:1030 - CMSIS Pack Vendor :STMicroelectronics X-CUBE-EEPRMA1 3.1.1
2026-02-05 10:07:13,988 [INFO] ThirdParty:1030 - CMSIS Pack Vendor :STMicroelectronics X-CUBE-AZRTOS-H7RS 1.0.0
2026-02-05 10:07:13,988 [INFO] ThirdParty:1030 - CMSIS Pack Vendor :STMicroelectronics X-CUBE-GNSS1 5.2.0
2026-02-05 10:07:13,988 [INFO] ThirdParty:1030 - CMSIS Pack Vendor :STMicroelectronics FP-ATR-ASTRA1 2.0.0
2026-02-05 10:07:13,988 [INFO] ThirdParty:1030 - CMSIS Pack Vendor :STMicroelectronics X-CUBE-TOF1 3.4.2
2026-02-05 10:07:13,988 [INFO] ThirdParty:1030 - CMSIS Pack Vendor :STMicroelectronics X-CUBE-TOF1 3.4.3
2026-02-05 10:07:13,988 [INFO] ThirdParty:1030 - CMSIS Pack Vendor :STMicroelectronics X-CUBE-DISPLAY 2.0.1
2026-02-05 10:07:13,988 [INFO] ThirdParty:1030 - CMSIS Pack Vendor :STMicroelectronics X-CUBE-TOF1 3.4.0
2026-02-05 10:07:13,988 [INFO] ThirdParty:1030 - CMSIS Pack Vendor :STMicroelectronics X-CUBE-TOF1 3.4.1
2026-02-05 10:07:13,988 [INFO] ThirdParty:1030 - CMSIS Pack Vendor :STMicroelectronics X-CUBE-AZRTOS-H7 3.2.0
2026-02-05 10:07:13,988 [INFO] ThirdParty:1030 - CMSIS Pack Vendor :STMicroelectronics X-CUBE-TOF1 3.0.0
2026-02-05 10:07:13,988 [INFO] ThirdParty:1030 - CMSIS Pack Vendor :wolfSSL I-CUBE-wolfSSH 1.4.17
2026-02-05 10:07:13,989 [INFO] ThirdParty:841 - exiting critical section [change project]
2026-02-05 10:07:15,169 [INFO] PinOutPanel:1589 - setPackage(No Configuration,No Configuration)
2026-02-05 10:07:15,170 [INFO] PinOutPanel:1589 - setPackage(STM32L476RGTx,LQFP64)
2026-02-05 10:07:16,109 [INFO] UtilMem:75 - Before build in PCC Used Memory: 846898672 Bytes (1073741824)
2026-02-05 10:07:16,707 [INFO] UtilMem:75 - After build in PCC Used Memory: 930784752 Bytes (1073741824)
2026-02-05 10:07:16,736 [INFO] IPUIPlugin:80 - create IPUIPlugin
2026-02-05 10:07:16,736 [INFO] IPUIPlugin:80 - create IPUIPlugin
2026-02-05 10:07:16,736 [INFO] IPUIPlugin:80 - create IPUIPlugin
2026-02-05 10:07:16,736 [INFO] IPUIPlugin:80 - create IPUIPlugin
2026-02-05 10:07:16,736 [INFO] IPUIPlugin:80 - create IPUIPlugin
2026-02-05 10:07:16,737 [INFO] IPUIPlugin:80 - create IPUIPlugin
2026-02-05 10:07:16,737 [INFO] IPUIPlugin:80 - create IPUIPlugin
2026-02-05 10:07:16,737 [INFO] IPUIPlugin:80 - create IPUIPlugin
2026-02-05 10:07:16,737 [INFO] IPUIPlugin:80 - create IPUIPlugin
2026-02-05 10:07:16,737 [INFO] IPUIPlugin:80 - create IPUIPlugin
2026-02-05 10:07:16,737 [INFO] IPUIPlugin:80 - create IPUIPlugin
2026-02-05 10:07:16,738 [INFO] IPUIPlugin:80 - create IPUIPlugin
2026-02-05 10:07:16,738 [INFO] IPUIPlugin:80 - create IPUIPlugin
2026-02-05 10:07:16,738 [INFO] IPUIPlugin:80 - create IPUIPlugin
2026-02-05 10:07:16,738 [INFO] IPUIPlugin:80 - create IPUIPlugin
2026-02-05 10:07:16,738 [INFO] IPUIPlugin:80 - create IPUIPlugin
2026-02-05 10:07:16,738 [INFO] IPUIPlugin:80 - create IPUIPlugin
2026-02-05 10:07:16,738 [INFO] IPUIPlugin:80 - create IPUIPlugin
2026-02-05 10:07:16,739 [INFO] IPUIPlugin:80 - create IPUIPlugin
2026-02-05 10:07:16,739 [INFO] IPUIPlugin:80 - create IPUIPlugin
2026-02-05 10:07:16,739 [INFO] IPUIPlugin:80 - create IPUIPlugin
2026-02-05 10:07:16,739 [INFO] IPUIPlugin:80 - create IPUIPlugin
2026-02-05 10:07:16,739 [INFO] IPUIPlugin:80 - create IPUIPlugin
2026-02-05 10:07:16,740 [INFO] IPUIPlugin:80 - create IPUIPlugin
2026-02-05 10:07:16,740 [INFO] IPUIPlugin:80 - create IPUIPlugin
2026-02-05 10:07:16,740 [INFO] IPUIPlugin:80 - create IPUIPlugin
2026-02-05 10:07:16,740 [INFO] IPUIPlugin:80 - create IPUIPlugin
2026-02-05 10:07:16,740 [INFO] IPUIPlugin:80 - create IPUIPlugin
2026-02-05 10:07:16,740 [INFO] IPUIPlugin:80 - create IPUIPlugin
2026-02-05 10:07:16,741 [INFO] IPUIPlugin:80 - create IPUIPlugin
2026-02-05 10:07:16,741 [INFO] IPUIPlugin:80 - create IPUIPlugin
2026-02-05 10:07:16,741 [INFO] IPUIPlugin:80 - create IPUIPlugin
2026-02-05 10:07:16,741 [INFO] IPUIPlugin:80 - create IPUIPlugin
2026-02-05 10:07:16,742 [INFO] IPUIPlugin:80 - create IPUIPlugin
2026-02-05 10:07:16,742 [INFO] IPUIPlugin:80 - create IPUIPlugin
2026-02-05 10:07:16,742 [INFO] IPUIPlugin:80 - create IPUIPlugin
2026-02-05 10:07:16,742 [INFO] IPUIPlugin:80 - create IPUIPlugin
2026-02-05 10:07:16,742 [INFO] IPUIPlugin:80 - create IPUIPlugin
2026-02-05 10:07:16,743 [INFO] IPUIPlugin:80 - create IPUIPlugin
2026-02-05 10:07:16,743 [INFO] IPUIPlugin:80 - create IPUIPlugin
2026-02-05 10:07:16,743 [INFO] IPUIPlugin:80 - create IPUIPlugin
2026-02-05 10:07:16,743 [INFO] IPUIPlugin:80 - create IPUIPlugin
2026-02-05 10:07:16,743 [INFO] IPUIPlugin:80 - create IPUIPlugin
2026-02-05 10:07:16,744 [INFO] IPUIPlugin:80 - create IPUIPlugin
2026-02-05 10:07:16,744 [INFO] IPUIPlugin:80 - create IPUIPlugin
2026-02-05 10:07:16,744 [INFO] IPUIPlugin:80 - create IPUIPlugin
2026-02-05 10:07:16,744 [INFO] IPUIPlugin:80 - create IPUIPlugin
2026-02-05 10:07:16,744 [INFO] IPUIPlugin:80 - create IPUIPlugin
2026-02-05 10:07:16,745 [INFO] IPUIPlugin:80 - create IPUIPlugin
2026-02-05 10:07:16,745 [INFO] IPUIPlugin:80 - create IPUIPlugin
2026-02-05 10:07:16,745 [INFO] IPUIPlugin:80 - create IPUIPlugin
2026-02-05 10:07:16,746 [INFO] IPUIPlugin:80 - create IPUIPlugin
2026-02-05 10:07:16,746 [INFO] IPUIPlugin:80 - create IPUIPlugin
2026-02-05 10:07:16,746 [INFO] IPUIPlugin:80 - create IPUIPlugin
2026-02-05 10:07:16,747 [INFO] IPUIPlugin:80 - create IPUIPlugin
2026-02-05 10:07:16,747 [INFO] IPUIPlugin:80 - create IPUIPlugin
2026-02-05 10:07:16,748 [INFO] IPUIPlugin:80 - create IPUIPlugin
2026-02-05 10:07:16,748 [INFO] IPUIPlugin:80 - create IPUIPlugin
2026-02-05 10:07:16,749 [INFO] IPUIPlugin:80 - create IPUIPlugin
2026-02-05 10:07:16,892 [INFO] CADModel:165 - CPN selected for project levelSTM32L476RGT3
2026-02-05 10:07:16,893 [INFO] CADModel:114 - Register for checkConnection events
2026-02-05 10:07:16,943 [INFO] OpenFileManager:385 - Restore cursor
2026-02-05 10:07:17,550 [INFO] UtilMem:75 - End SaveConfig() Used Memory: 932203112 Bytes (1073741824)
2026-02-05 10:07:17,722 [INFO] UtilMem:75 - End SaveConfig() Used Memory: 966718640 Bytes (1073741824)
2026-02-05 10:07:18,229 [INFO] BlockDiagram:2775 - set Specific Code input for plugin: SYS
2026-02-05 10:07:18,229 [INFO] BlockDiagram:2775 - set Specific Code input for plugin: RCC
2026-02-05 10:07:18,229 [INFO] BlockDiagram:2775 - set Specific Code input for plugin: NVIC
2026-02-05 10:07:18,229 [INFO] BlockDiagram:2775 - set Specific Code input for plugin: USART
2026-02-05 10:07:18,230 [INFO] BlockDiagram:2775 - set Specific Code input for plugin: GPIO
2026-02-05 10:07:18,231 [INFO] CodeGenerator:882 - code generatio: config db path: C:\ST\STM32CubeIDE_1.17.0\STM32CubeIDE\plugins\com.st.stm32cube.common.mx_6.14.0.202502271554\\db\
2026-02-05 10:07:18,389 [INFO] CodeEngine:263 - oldGeneratedFile, C:\Users\G45\Documents\DUBOSCLARD_LOZANO\BE-AffichageLCD\MXTmpFiles\license.tmp_save
2026-02-05 10:07:18,854 [INFO] CodeEngine:287 - Generated code: C:\Users\G45\Documents\DUBOSCLARD_LOZANO\BE-AffichageLCD\MXTmpFiles\license.tmp
2026-02-05 10:07:18,906 [INFO] CodeEngine:263 - oldGeneratedFile, C:\Users\G45\Documents\DUBOSCLARD_LOZANO\BE-AffichageLCD\MXTmpFiles\gpio.tmp_save
2026-02-05 10:07:19,230 [INFO] CodeEngine:287 - Generated code: C:\Users\G45\Documents\DUBOSCLARD_LOZANO\BE-AffichageLCD\MXTmpFiles\gpio.tmp
2026-02-05 10:07:19,425 [INFO] CodeEngine:263 - oldGeneratedFile, C:\Users\G45\Documents\DUBOSCLARD_LOZANO\BE-AffichageLCD\Core\Src\stm32l4xx_it.c_save
2026-02-05 10:07:19,925 [INFO] CodeEngine:287 - Generated code: C:\Users\G45\Documents\DUBOSCLARD_LOZANO\BE-AffichageLCD\Core\Src\stm32l4xx_it.c
2026-02-05 10:07:19,932 [INFO] CodeEngine:263 - oldGeneratedFile, C:\Users\G45\Documents\DUBOSCLARD_LOZANO\BE-AffichageLCD\Core\Inc\stm32l4xx_it.h_save
2026-02-05 10:07:20,050 [INFO] CodeEngine:287 - Generated code: C:\Users\G45\Documents\DUBOSCLARD_LOZANO\BE-AffichageLCD\Core\Inc\stm32l4xx_it.h
2026-02-05 10:07:20,065 [INFO] CodeEngine:263 - oldGeneratedFile, C:\Users\G45\Documents\DUBOSCLARD_LOZANO\BE-AffichageLCD\Core\Src\stm32l4xx_hal_msp.c_save
2026-02-05 10:07:20,306 [INFO] CodeEngine:287 - Generated code: C:\Users\G45\Documents\DUBOSCLARD_LOZANO\BE-AffichageLCD\Core\Src\stm32l4xx_hal_msp.c
2026-02-05 10:07:20,313 [INFO] CodeEngine:263 - oldGeneratedFile, C:\Users\G45\Documents\DUBOSCLARD_LOZANO\BE-AffichageLCD\MXTmpFiles\system.tmp_save
2026-02-05 10:07:20,415 [INFO] CodeEngine:287 - Generated code: C:\Users\G45\Documents\DUBOSCLARD_LOZANO\BE-AffichageLCD\MXTmpFiles\system.tmp
2026-02-05 10:07:20,430 [INFO] CodeEngine:319 - oldGeneratedFile, C:\Users\G45\Documents\DUBOSCLARD_LOZANO\BE-AffichageLCD\Core\Inc\stm32l4xx_hal_conf.h_save
2026-02-05 10:07:20,621 [INFO] CodeEngine:343 - Generated code: C:\Users\G45\Documents\DUBOSCLARD_LOZANO\BE-AffichageLCD\Core\Inc\stm32l4xx_hal_conf.h
2026-02-05 10:07:20,696 [INFO] ApiDbMcu:508 - Load IP Config File for USART2
2026-02-05 10:07:20,702 [INFO] ApiDbMcu:508 - Load IP Config File for RCC
2026-02-05 10:07:20,712 [INFO] CodeEngine:263 - oldGeneratedFile, C:\Users\G45\Documents\DUBOSCLARD_LOZANO\BE-AffichageLCD\Core\Inc\main.h_save
2026-02-05 10:07:20,937 [INFO] CodeEngine:287 - Generated code: C:\Users\G45\Documents\DUBOSCLARD_LOZANO\BE-AffichageLCD\Core\Inc\main.h
2026-02-05 10:07:20,943 [INFO] CodeEngine:263 - oldGeneratedFile, C:\Users\G45\Documents\DUBOSCLARD_LOZANO\BE-AffichageLCD\Core\Src\main.c_save
2026-02-05 10:07:21,093 [INFO] CodeEngine:287 - Generated code: C:\Users\G45\Documents\DUBOSCLARD_LOZANO\BE-AffichageLCD\Core\Src\main.c
2026-02-05 10:07:21,549 [INFO] ProjectBuilder:3324 - Time for Copy HAL[1] : 244mS.
2026-02-05 10:07:21,555 [INFO] ProjectBuilder:4912 - Project Generator version: 4.6.0-B36
2026-02-05 10:07:21,687 [INFO] ConfigFileManager:1590 - The Die is : DIE415
2026-02-05 10:07:21,690 [INFO] ApiDbMcu:508 - Load IP Config File for FATFS
2026-02-05 10:07:21,695 [INFO] ApiDbMcu:508 - Load IP Config File for FREERTOS
2026-02-05 10:07:21,708 [INFO] ApiDbMcu:508 - Load IP Config File for TOUCHSENSING
2026-02-05 10:07:21,713 [INFO] ApiDbMcu:508 - Load IP Config File for USB_DEVICE
2026-02-05 10:07:21,716 [INFO] ApiDbMcu:508 - Load IP Config File for USB_HOST
2026-02-05 10:07:25,639 [INFO] ProjectBuilder:5191 - Time for Generating toolchain IDE Files: 4084mS.
2026-02-05 10:07:25,640 [INFO] ProjectBuilder:3181 - Time for Copy CMSIS : 1mS.
2026-02-05 10:07:25,642 [INFO] ProjectBuilder:3181 - Time for Copy CMSIS : 0mS.
2026-02-05 10:07:26,193 [INFO] McuFinderGlobals:76 - Set McuFinderConnectedMode to true
2026-02-05 10:07:26,195 [INFO] ApiDb:448 - Save user favorites file C:\Users\G45/.stm32cubeide/favorites.mcus.txt: 0 item(s)
2026-02-05 10:07:26,196 [INFO] ApiDb:452 - User favorites MCUs=[]
2026-02-05 10:07:26,197 [INFO] ApiDb:448 - Save user favorites file C:\Users\G45/.stm32cubeide/favorites.boards.txt: 1 item(s)
2026-02-05 10:07:26,197 [INFO] ApiDb:452 - User favorites Boards=[NUCLEO-L476RG]
2026-02-05 10:21:05,894 [INFO] MainUpdater:2872 - connection check result : 10
2026-02-05 10:21:05,895 [INFO] MainUpdater:2872 - connection check result : 10
2026-02-05 10:21:05,920 [INFO] MicroXplorer:468 - Change Database Path : 
2026-02-05 10:21:05,920 [INFO] MicroXplorer:498 - Change Database Version : DB.6.0.140
2026-02-05 10:21:05,940 [ERROR] ProjectManagerView:394 - 
java.lang.NullPointerException: Cannot invoke "javax.swing.JTextField.getText()" because the return value of "java.util.List.get(int)" is null
	at com.st.microxplorer.plugins.projectmanager.gui.ProjectChoiceTab$9.caretUpdate(ProjectChoiceTab.java:2678) ~[filemanager.jar:?]
	at javax.swing.text.JTextComponent.fireCaretUpdate(JTextComponent.java:408) ~[?:?]
	at javax.swing.text.JTextComponent$MutableCaretEvent.fire(JTextComponent.java:4484) ~[?:?]
	at javax.swing.text.JTextComponent$MutableCaretEvent.stateChanged(JTextComponent.java:4506) ~[?:?]
	at javax.swing.text.DefaultCaret.fireStateChanged(DefaultCaret.java:857) ~[?:?]
	at javax.swing.text.DefaultCaret.changeCaretPosition(DefaultCaret.java:1343) ~[?:?]
	at javax.swing.text.DefaultCaret.handleSetDot(DefaultCaret.java:1242) ~[?:?]
	at javax.swing.text.DefaultCaret.setDot(DefaultCaret.java:1223) ~[?:?]
	at javax.swing.text.DefaultCaret$Handler.insertUpdate(DefaultCaret.java:1819) ~[?:?]
	at javax.swing.text.AbstractDocument.fireInsertUpdate(AbstractDocument.java:227) ~[?:?]
	at javax.swing.text.AbstractDocument.handleInsertString(AbstractDocument.java:781) ~[?:?]
	at javax.swing.text.AbstractDocument.insertString(AbstractDocument.java:740) ~[?:?]
	at javax.swing.text.PlainDocument.insertString(PlainDocument.java:131) ~[?:?]
	at javax.swing.text.AbstractDocument.replace(AbstractDocument.java:699) ~[?:?]
	at javax.swing.text.JTextComponent.setText(JTextComponent.java:1725) ~[?:?]
	at com.st.microxplorer.plugins.projectmanager.gui.ProjectChoiceTab.createHeapStackFields(ProjectChoiceTab.java:979) ~[filemanager.jar:?]
	at com.st.microxplorer.plugins.projectmanager.gui.ProjectChoiceTab.buildLinkSettingsPanel(ProjectChoiceTab.java:3766) ~[filemanager.jar:?]
	at com.st.microxplorer.plugins.projectmanager.gui.ProjectChoiceTab.defineWindowsFields(ProjectChoiceTab.java:1962) ~[filemanager.jar:?]
	at com.st.microxplorer.plugins.projectmanager.gui.ProjectChoiceTab.updateSettings(ProjectChoiceTab.java:555) ~[filemanager.jar:?]
	at com.st.microxplorer.plugins.projectmanager.gui.ProjectSettingsPanel.UpdateDialog(ProjectSettingsPanel.java:245) ~[filemanager.jar:?]
	at com.st.microxplorer.plugins.projectmanager.ProjectManagerView.propertyChange(ProjectManagerView.java:391) ~[filemanager.jar:?]
	at java.beans.PropertyChangeSupport.fire(PropertyChangeSupport.java:343) ~[?:?]
	at java.beans.PropertyChangeSupport.firePropertyChange(PropertyChangeSupport.java:335) ~[?:?]
	at java.beans.PropertyChangeSupport.firePropertyChange(PropertyChangeSupport.java:268) ~[?:?]
	at com.st.microxplorer.util.MXPropertyChangeSupport.firePropertyChange(MXPropertyChangeSupport.java:54) ~[STM32CubeMX.jar:?]
	at com.st.microxplorer.mxsystem.MxSystem.closeConfig(MxSystem.java:899) ~[STM32CubeMX.jar:?]
	at com.st.microxplorer.maingui.MainPanel.closeConfig(MainPanel.java:789) ~[STM32CubeMX.jar:?]
	at com.st.microxplorer.plugins.filemanager.engine.OpenFileManager.loadConfigurationFile(OpenFileManager.java:287) ~[filemanager.jar:?]
	at com.st.microxplorer.plugins.filemanager.engine.MainFileManager.userLoadConfig(MainFileManager.java:341) ~[filemanager.jar:?]
	at com.st.microxplorer.plugins.filemanager.engine.MainFileManager.userLoadConfig(MainFileManager.java:319) ~[filemanager.jar:?]
	at com.st.microxplorer.plugins.filemanager.FileManagerView.getSpecificTask(FileManagerView.java:246) ~[filemanager.jar:?]
	at com.st.stm32cube.common.mx.editor.CubeMxEditor.getMxTabbedPaneInstance(CubeMxEditor.java:1198) ~[com.st.stm32cube.common.mx_6.14.0.202502271554/:?]
	at com.st.stm32cube.common.mx.editor.CubeMxEditor$12$1.createSwingComponent(CubeMxEditor.java:1068) ~[com.st.stm32cube.common.mx_6.14.0.202502271554/:?]
	at com.st.stm32cube.common.mx.oss.core.awtswtbridge.EmbeddedSwingComposite.doComponentCreation(EmbeddedSwingComposite.java:492) ~[com.st.stm32cube.common.mx.oss_6.14.0.202502271554/:?]
	at com.st.stm32cube.common.mx.oss.core.awtswtbridge.EmbeddedSwingComposite$4.run(EmbeddedSwingComposite.java:291) ~[com.st.stm32cube.common.mx.oss_6.14.0.202502271554/:?]
	at com.st.stm32cube.common.mx.oss.core.awtswtbridge.AwtEnvironment$2.run(AwtEnvironment.java:166) ~[com.st.stm32cube.common.mx.oss_6.14.0.202502271554/:?]
	at java.awt.event.InvocationEvent.dispatch(InvocationEvent.java:318) ~[?:?]
	at java.awt.EventQueue.dispatchEventImpl(EventQueue.java:773) ~[?:?]
	at java.awt.EventQueue$4.run(EventQueue.java:720) ~[?:?]
	at java.awt.EventQueue$4.run(EventQueue.java:714) ~[?:?]
	at java.security.AccessController.doPrivileged(AccessController.java:400) ~[?:?]
	at java.security.ProtectionDomain$JavaSecurityAccessImpl.doIntersectionPrivilege(ProtectionDomain.java:87) ~[?:?]
	at java.awt.EventQueue.dispatchEvent(EventQueue.java:742) ~[?:?]
	at java.awt.EventDispatchThread.pumpOneEventForFilters(EventDispatchThread.java:203) ~[?:?]
	at java.awt.EventDispatchThread.pumpEventsForFilter(EventDispatchThread.java:124) ~[?:?]
	at java.awt.EventDispatchThread.pumpEventsForHierarchy(EventDispatchThread.java:113) ~[?:?]
	at java.awt.EventDispatchThread.pumpEvents(EventDispatchThread.java:109) ~[?:?]
	at java.awt.EventDispatchThread.pumpEvents(EventDispatchThread.java:101) ~[?:?]
	at java.awt.EventDispatchThread.run(EventDispatchThread.java:90) ~[?:?]
2026-02-05 10:21:05,941 [WARN] ThirdParty:871 - waiting for thirdparty lock release [close project]
2026-02-05 10:21:05,941 [INFO] ThirdParty:873 - entering critical section [close project]
2026-02-05 10:21:05,941 [INFO] ThirdParty:883 - exiting critical section [close project]
2026-02-05 10:21:05,943 [INFO] PinOutPanel:1589 - setPackage(No Configuration,No Configuration)
2026-02-05 10:21:05,946 [INFO] UtilMem:75 - Begin LoadConfig() Used Memory: 793224264 Bytes (1073741824)
2026-02-05 10:21:05,947 [INFO] MicroXplorer:468 - Change Database Path : 
2026-02-05 10:21:05,947 [INFO] MicroXplorer:498 - Change Database Version : DB.6.0.140
2026-02-05 10:21:05,947 [INFO] OpenFileManager:354 - Change cursor
2026-02-05 10:21:06,030 [INFO] RulesReader:64 - Compatibility file has been processed (301 Rules)
2026-02-05 10:21:06,035 [INFO] Mcu:2011 - Initializing MCU STM32L476R(C-E-G)Tx STM32L476RGTx STM32L476RGT3
2026-02-05 10:21:09,422 [INFO] Context:756 - Trying to add GPIOservice into a context  which must be forbidden
2026-02-05 10:21:10,625 [INFO] ImportTextPane:218 - (OptionalMessage_ERROR) Pin14 (VP_RIF_VS_RIF1) cannot be retrieved for this MCU
2026-02-05 10:21:11,141 [INFO] RtosManager:558 - Registered RTOS mode: class=CMSIS, group=RTOS, mode=CMSIS_V1, owner=FREERTOS
2026-02-05 10:21:11,142 [INFO] RtosManager:558 - Registered RTOS mode: class=CMSIS, group=RTOS2, mode=CMSIS_V2, owner=FREERTOS
2026-02-05 10:21:11,142 [INFO] RtosManager:558 - Registered RTOS mode: class=RTOS, group=Core, mode=CMSIS_V1, owner=FREERTOS
2026-02-05 10:21:11,143 [INFO] RtosManager:558 - Registered RTOS mode: class=RTOS, group=Core, mode=CMSIS_V2, owner=FREERTOS
2026-02-05 10:21:11,143 [WARN] ModelIntegratedComponent:184 - Missing modes for component STMicroelectronics:FreeRTOS:0.0.1:STMicroelectronics:RTOS:FreeRTOS:Core:::10.2.0:
2026-02-05 10:21:11,163 [WARN] ModelIntegratedComponent:63 - No mode defined for component null
2026-02-05 10:21:11,164 [WARN] ModelIntegratedComponent:63 - No mode defined for component null
2026-02-05 10:21:11,164 [WARN] ModelIntegratedComponent:63 - No mode defined for component null
2026-02-05 10:21:11,165 [WARN] ModelIntegratedComponent:63 - No mode defined for component null
2026-02-05 10:21:11,165 [WARN] ModelIntegratedComponent:63 - No mode defined for component null
2026-02-05 10:21:11,165 [WARN] ModelIntegratedComponent:63 - No mode defined for component null
2026-02-05 10:21:11,165 [WARN] ModelIntegratedComponent:63 - No mode defined for component null
2026-02-05 10:21:11,166 [WARN] ModelIntegratedComponent:63 - No mode defined for component null
2026-02-05 10:21:11,167 [WARN] ModelIntegratedComponent:63 - No mode defined for component null
2026-02-05 10:21:11,167 [WARN] ModelIntegratedComponent:63 - No mode defined for component null
2026-02-05 10:21:11,168 [WARN] ModelIntegratedComponent:63 - No mode defined for component null
2026-02-05 10:21:11,168 [WARN] ModelIntegratedComponent:63 - No mode defined for component null
2026-02-05 10:21:11,169 [WARN] ModelIntegratedComponent:63 - No mode defined for component null
2026-02-05 10:21:11,169 [WARN] ModelIntegratedComponent:63 - No mode defined for component null
2026-02-05 10:21:11,169 [WARN] ModelIntegratedComponent:63 - No mode defined for component null
2026-02-05 10:21:11,170 [WARN] ModelIntegratedComponent:63 - No mode defined for component null
2026-02-05 10:21:11,171 [WARN] ModelIntegratedComponent:63 - No mode defined for component null
2026-02-05 10:21:11,171 [WARN] ModelIntegratedComponent:63 - No mode defined for component null
2026-02-05 10:21:11,171 [WARN] ModelIntegratedComponent:63 - No mode defined for component null
2026-02-05 10:21:11,172 [WARN] ModelIntegratedComponent:63 - No mode defined for component null
2026-02-05 10:21:11,172 [WARN] ModelIntegratedComponent:63 - No mode defined for component null
2026-02-05 10:21:11,172 [WARN] ModelIntegratedComponent:63 - No mode defined for component null
2026-02-05 10:21:11,172 [WARN] ModelIntegratedComponent:63 - No mode defined for component null
2026-02-05 10:21:11,172 [WARN] ModelIntegratedComponent:63 - No mode defined for component null
2026-02-05 10:21:11,172 [WARN] ModelIntegratedComponent:63 - No mode defined for component null
2026-02-05 10:21:11,172 [WARN] ModelIntegratedComponent:63 - No mode defined for component null
2026-02-05 10:21:11,172 [WARN] ModelIntegratedComponent:63 - No mode defined for component null
2026-02-05 10:21:11,173 [WARN] ModelIntegratedComponent:63 - No mode defined for component null
2026-02-05 10:21:11,173 [WARN] ModelIntegratedComponent:63 - No mode defined for component null
2026-02-05 10:21:11,173 [WARN] ModelIntegratedComponent:63 - No mode defined for component null
2026-02-05 10:21:11,173 [WARN] ModelIntegratedComponent:63 - No mode defined for component null
2026-02-05 10:21:11,173 [WARN] ModelIntegratedComponent:63 - No mode defined for component null
2026-02-05 10:21:11,173 [WARN] ModelIntegratedComponent:63 - No mode defined for component null
2026-02-05 10:21:11,173 [WARN] ModelIntegratedComponent:63 - No mode defined for component null
2026-02-05 10:21:11,173 [WARN] ModelIntegratedComponent:63 - No mode defined for component null
2026-02-05 10:21:11,173 [WARN] ModelPack:524 - Component already loaded: STMicroelectronics:HAL Drivers:0.0.0:STMicroelectronics:Device:STMicro_Driver:XSPI:HAL::0.0.1:HAL_XSPI
2026-02-05 10:21:12,137 [INFO] ThirdPartyModel:298 - Start build external matchings
2026-02-05 10:21:21,017 [INFO] ThirdPartyModel:316 - End build external matchings
2026-02-05 10:21:21,390 [INFO] ImportTextPane:218 - (OptionalMessage_ERROR) IP (RCC) : Invalid parameter (FamilyName)
2026-02-05 10:21:21,415 [INFO] ImportTextPane:218 - (OptionalMessage_ERROR) IP (RCC) : Parameter (RNGFreq_Value) has invalid value (64000000)
2026-02-05 10:21:21,416 [INFO] ImportTextPane:218 - (OptionalMessage_ERROR) IP (RCC) : Parameter (SDMMCFreq_Value) has invalid value (64000000)
2026-02-05 10:21:21,417 [INFO] ImportTextPane:218 - (OptionalMessage_ERROR) IP (RCC) : Parameter (USBFreq_Value) has invalid value (64000000)
2026-02-05 10:21:22,477 [INFO] UtilMem:75 - End LoadConfig() Used Memory: 876657488 Bytes (1073741824)
2026-02-05 10:21:22,519 [WARN] ThirdParty:833 - waiting for thirdparty lock release [change project]
2026-02-05 10:21:22,519 [INFO] ThirdParty:835 - entering critical section [change project]
2026-02-05 10:21:22,519 [INFO] ThirdParty:1030 - CMSIS Pack Vendor :STMicroelectronics X-CUBE-PM33A1 1.0.0
2026-02-05 10:21:22,520 [INFO] ThirdParty:1030 - CMSIS Pack Vendor :STMicroelectronics USBPD 4.1
2026-02-05 10:21:22,520 [INFO] ThirdParty:1030 - CMSIS Pack Vendor :STMicroelectronics X-CUBE-GNSS1 6.0.0
2026-02-05 10:21:22,521 [INFO] ThirdParty:1030 - CMSIS Pack Vendor :STMicroelectronics USB_HOST 2.0.0
2026-02-05 10:21:22,522 [INFO] ThirdParty:1030 - CMSIS Pack Vendor :STMicroelectronics FP-SNS-MOTENVWB1 1.4.0
2026-02-05 10:21:22,522 [INFO] ThirdParty:1030 - CMSIS Pack Vendor :STMicroelectronics X-CUBE-AZRTOS-F4 1.1.0
2026-02-05 10:21:22,522 [INFO] ThirdParty:1030 - CMSIS Pack Vendor :STMicroelectronics LIBJPEG 8.0.0
2026-02-05 10:21:22,522 [INFO] ThirdParty:1030 - CMSIS Pack Vendor :STMicroelectronics FP-ATR-ASTRA1 2.0.2
2026-02-05 10:21:22,524 [INFO] ThirdParty:1030 - CMSIS Pack Vendor :STMicroelectronics FP-ATR-ASTRA1 2.0.1
2026-02-05 10:21:22,524 [INFO] ThirdParty:1030 - CMSIS Pack Vendor :STMicroelectronics X-CUBE-SMBUS 2.1.0
2026-02-05 10:21:22,525 [INFO] ThirdParty:1030 - CMSIS Pack Vendor :STMicroelectronics X-CUBE-WB05N 1.1.0
2026-02-05 10:21:22,525 [INFO] ThirdParty:1030 - CMSIS Pack Vendor :STMicroelectronics X-CUBE-ISPU 2.1.0
2026-02-05 10:21:22,525 [INFO] ThirdParty:1030 - CMSIS Pack Vendor :STMicroelectronics X-CUBE-TOUCHGFX 4.23.1
2026-02-05 10:21:22,525 [INFO] ThirdParty:1030 - CMSIS Pack Vendor :STMicroelectronics X-CUBE-TOUCHGFX 4.23.0
2026-02-05 10:21:22,525 [INFO] ThirdParty:1030 - CMSIS Pack Vendor :STMicroelectronics X-CUBE-MEMS1 9.2.0
2026-02-05 10:21:22,526 [INFO] ThirdParty:1030 - CMSIS Pack Vendor :STMicroelectronics X-CUBE-NFC12 1.0.0
2026-02-05 10:21:22,526 [INFO] ThirdParty:1030 - CMSIS Pack Vendor :STMicroelectronics X-CUBE-AZRTOS-F7 1.1.0
2026-02-05 10:21:22,526 [INFO] ThirdParty:1030 - CMSIS Pack Vendor :STMicroelectronics X-CUBE-AZRTOS-L5 2.0.0
2026-02-05 10:21:22,526 [INFO] ThirdParty:1030 - CMSIS Pack Vendor :STMicroelectronics USB_DEVICE 2.0.0
2026-02-05 10:21:22,526 [INFO] ThirdParty:1030 - CMSIS Pack Vendor :STMicroelectronics X-CUBE-NFC6 3.1.0
2026-02-05 10:21:22,527 [INFO] ThirdParty:1030 - CMSIS Pack Vendor :ITTIA_DB I-CUBE-ITTIADB 8.8.0
2026-02-05 10:21:22,527 [INFO] ThirdParty:1030 - CMSIS Pack Vendor :STMicroelectronics X-CUBE-AI 7.1.0
2026-02-05 10:21:22,527 [INFO] ThirdParty:1030 - CMSIS Pack Vendor :STMicroelectronics X-CUBE-TOUCHGFX 4.19.1
2026-02-05 10:21:22,527 [INFO] ThirdParty:1030 - CMSIS Pack Vendor :STMicroelectronics FP-SNS-MOTENV1 4.3.2
2026-02-05 10:21:22,527 [INFO] ThirdParty:1030 - CMSIS Pack Vendor :STMicroelectronics X-CUBE-BLE1 6.2.3
2026-02-05 10:21:22,527 [INFO] ThirdParty:1030 - CMSIS Pack Vendor :STMicroelectronics X-CUBE-BLE1 6.2.4
2026-02-05 10:21:22,527 [INFO] ThirdParty:1030 - CMSIS Pack Vendor :STMicroelectronics FreeRTOS 0.0.1
2026-02-05 10:21:22,528 [INFO] ThirdParty:1030 - CMSIS Pack Vendor :STMicroelectronics X-CUBE-BLEMGR 2.0.0
2026-02-05 10:21:22,528 [INFO] ThirdParty:1030 - CMSIS Pack Vendor :STMicroelectronics X-CUBE-DPower 1.2.0
2026-02-05 10:21:22,528 [INFO] ThirdParty:1030 - CMSIS Pack Vendor :STMicroelectronics X-CUBE-BLE1 6.2.2
2026-02-05 10:21:22,528 [INFO] ThirdParty:1030 - CMSIS Pack Vendor :STMicroelectronics FP-SNS-FLIGHT1 5.0.2
2026-02-05 10:21:22,528 [INFO] ThirdParty:1030 - CMSIS Pack Vendor :STMicroelectronics X-CUBE-BLE2 3.2.2
2026-02-05 10:21:22,528 [INFO] ThirdParty:1030 - CMSIS Pack Vendor :STMicroelectronics X-CUBE-NFC4 2.0.4
2026-02-05 10:21:22,528 [INFO] ThirdParty:1030 - CMSIS Pack Vendor :STMicroelectronics X-CUBE-NFC4 2.0.3
2026-02-05 10:21:22,528 [INFO] ThirdParty:1030 - CMSIS Pack Vendor :STMicroelectronics X-CUBE-AZRTOS-H7 3.1.0
2026-02-05 10:21:22,529 [INFO] ThirdParty:1030 - CMSIS Pack Vendor :STMicroelectronics PDM2PCM 3.3.0
2026-02-05 10:21:22,529 [INFO] ThirdParty:1030 - CMSIS Pack Vendor :STMicroelectronics X-CUBE-SFXS2LP1 3.1.0
2026-02-05 10:21:22,529 [INFO] ThirdParty:1030 - CMSIS Pack Vendor :wolfSSL I-CUBE-wolfSSL 5.1.1
2026-02-05 10:21:22,529 [INFO] ThirdParty:1030 - CMSIS Pack Vendor :STMicroelectronics X-CUBE-AZRTOS-H7 3.4.0
2026-02-05 10:21:22,529 [INFO] ThirdParty:1030 - CMSIS Pack Vendor :STMicroelectronics X-CUBE-DISPLAY 3.0.0
2026-02-05 10:21:22,529 [INFO] ThirdParty:1030 - CMSIS Pack Vendor :STMicroelectronics X-CUBE-AZRTOS-F4 1.0.0
2026-02-05 10:21:22,529 [INFO] ThirdParty:1030 - CMSIS Pack Vendor :STMicroelectronics X-CUBE-BLE1 7.0.0
2026-02-05 10:21:22,530 [INFO] ThirdParty:1030 - CMSIS Pack Vendor :STMicroelectronics X-CUBE-NFC10 1.0.0
2026-02-05 10:21:22,530 [INFO] ThirdParty:1030 - CMSIS Pack Vendor :STMicroelectronics X-CUBE-TOF1 2.0.0
2026-02-05 10:21:22,530 [INFO] ThirdParty:1030 - CMSIS Pack Vendor :STMicroelectronics X-CUBE-BLEMGR 4.0.0
2026-02-05 10:21:22,530 [INFO] ThirdParty:1030 - CMSIS Pack Vendor :STMicroelectronics HAL Drivers 0.0.0
2026-02-05 10:21:22,530 [INFO] ThirdParty:1030 - CMSIS Pack Vendor :STMicroelectronics X-CUBE-ST60 1.1.0
2026-02-05 10:21:22,530 [INFO] ThirdParty:1030 - CMSIS Pack Vendor :STMicroelectronics X-CUBE-FREERTOS 1.3.0
2026-02-05 10:21:22,530 [INFO] ThirdParty:1030 - CMSIS Pack Vendor :STMicroelectronics X-CUBE-NFC7 1.0.1
2026-02-05 10:21:22,531 [INFO] ThirdParty:1030 - CMSIS Pack Vendor :STMicroelectronics MBEDTLS 2.14.1
2026-02-05 10:21:22,531 [INFO] ThirdParty:1030 - CMSIS Pack Vendor :STMicroelectronics X-CUBE-GNSS1 7.1.0
2026-02-05 10:21:22,531 [INFO] ThirdParty:1030 - CMSIS Pack Vendor :STMicroelectronics X-CUBE-NFC7 1.0.0
2026-02-05 10:21:22,531 [INFO] ThirdParty:1030 - CMSIS Pack Vendor :STMicroelectronics X-CUBE-TOUCHGFX 4.26.0
2026-02-05 10:21:22,531 [INFO] ThirdParty:1030 - CMSIS Pack Vendor :STMicroelectronics X-CUBE-SUBG2 4.2.0
2026-02-05 10:21:22,531 [INFO] ThirdParty:1030 - CMSIS Pack Vendor :STMicroelectronics X-CUBE-NFC6 3.0.0
2026-02-05 10:21:22,531 [INFO] ThirdParty:1030 - CMSIS Pack Vendor :STMicroelectronics X-CUBE-EEPRMA1 4.1.0
2026-02-05 10:21:22,531 [INFO] ThirdParty:1030 - CMSIS Pack Vendor :STMicroelectronics X-CUBE-BLEMGR 3.1.0
2026-02-05 10:21:22,531 [INFO] ThirdParty:1030 - CMSIS Pack Vendor :STMicroelectronics X-CUBE-AI 10.0.0
2026-02-05 10:21:22,532 [INFO] ThirdParty:1030 - CMSIS Pack Vendor :STMicroelectronics FP-SNS-STAIOTCFT 1.0.0
2026-02-05 10:21:22,532 [INFO] ThirdParty:1030 - CMSIS Pack Vendor :STMicroelectronics FP-SNS-SMARTAG2 1.2.0
2026-02-05 10:21:22,532 [INFO] ThirdParty:1030 - CMSIS Pack Vendor :STMicroelectronics FP-SNS-FLIGHT1 5.1.0
2026-02-05 10:21:22,532 [INFO] ThirdParty:1030 - CMSIS Pack Vendor :STMicroelectronics X-CUBE-MEMS1 11.1.0
2026-02-05 10:21:22,532 [INFO] ThirdParty:1030 - CMSIS Pack Vendor :STMicroelectronics X-CUBE-AZRTOS-WL 2.0.0
2026-02-05 10:21:22,532 [INFO] ThirdParty:1030 - CMSIS Pack Vendor :STMicroelectronics X-CUBE-ALGOBUILD 1.2.1
2026-02-05 10:21:22,532 [INFO] ThirdParty:1030 - CMSIS Pack Vendor :STMicroelectronics X-CUBE-DPower 1.3.0
2026-02-05 10:21:22,532 [INFO] ThirdParty:1030 - CMSIS Pack Vendor :STMicroelectronics FP-SNS-MOTENV1 5.0.0
2026-02-05 10:21:22,532 [INFO] ThirdParty:1030 - CMSIS Pack Vendor :STMicroelectronics USB_DEVICE 1.0.0
2026-02-05 10:21:22,533 [INFO] ThirdParty:1030 - CMSIS Pack Vendor :STMicroelectronics X-CUBE-AZRTOS-H7RS 1.2.0
2026-02-05 10:21:22,533 [INFO] ThirdParty:1030 - CMSIS Pack Vendor :STMicroelectronics X-CUBE-AI 8.1.0
2026-02-05 10:21:22,533 [INFO] ThirdParty:1030 - CMSIS Pack Vendor :STMicroelectronics X-CUBE-AZRTOS-G0 1.0.0
2026-02-05 10:21:22,533 [INFO] ThirdParty:1030 - CMSIS Pack Vendor :wolfSSL I-CUBE-wolfMQTT 1.19.0
2026-02-05 10:21:22,533 [INFO] ThirdParty:1030 - CMSIS Pack Vendor :STMicroelectronics X-CUBE-AZRTOS-L4 2.0.0
2026-02-05 10:21:22,533 [INFO] ThirdParty:1030 - CMSIS Pack Vendor :STMicroelectronics ThreadX 0.0.2
2026-02-05 10:21:22,533 [INFO] ThirdParty:1030 - CMSIS Pack Vendor :WES I-CUBE-Cesium 1.3.0
2026-02-05 10:21:22,533 [INFO] ThirdParty:1030 - CMSIS Pack Vendor :STMicroelectronics lwIP 2.1.2
2026-02-05 10:21:22,533 [INFO] ThirdParty:1030 - CMSIS Pack Vendor :STMicroelectronics X-CUBE-SFXS2LP1 4.0.0
2026-02-05 10:21:22,534 [INFO] ThirdParty:1030 - CMSIS Pack Vendor :STMicroelectronics X-CUBE-BLE2 3.3.0
2026-02-05 10:21:22,534 [INFO] ThirdParty:1030 - CMSIS Pack Vendor :Avnet-IOTCONNECT X-CUBE-iotc-st67-sdk 1.0.0
2026-02-05 10:21:22,534 [INFO] ThirdParty:1030 - CMSIS Pack Vendor :STMicroelectronics X-CUBE-DISPLAY 2.2.0
2026-02-05 10:21:22,534 [INFO] ThirdParty:1030 - CMSIS Pack Vendor :STMicroelectronics X-CUBE-TOF1 3.2.0
2026-02-05 10:21:22,534 [INFO] ThirdParty:1030 - CMSIS Pack Vendor :STMicroelectronics PDM2PCM 3.2.0
2026-02-05 10:21:22,534 [INFO] ThirdParty:1030 - CMSIS Pack Vendor :STMicroelectronics X-CUBE-TOUCHGFX 4.18.1
2026-02-05 10:21:22,534 [INFO] ThirdParty:1030 - CMSIS Pack Vendor :STMicroelectronics X-CUBE-AZRTOS-H7 3.0.0
2026-02-05 10:21:22,534 [INFO] ThirdParty:1030 - CMSIS Pack Vendor :STMicroelectronics X-CUBE-ISPU 1.1.0
2026-02-05 10:21:22,535 [INFO] ThirdParty:1030 - CMSIS Pack Vendor :STMicroelectronics X-CUBE-AZRTOS-H7 3.3.0
2026-02-05 10:21:22,535 [INFO] ThirdParty:1030 - CMSIS Pack Vendor :RoweBots I-CUBE-UNISONRTOS 5.5.0-4
2026-02-05 10:21:22,535 [INFO] ThirdParty:1030 - CMSIS Pack Vendor :STMicroelectronics X-CUBE-NFC9 1.0.0
2026-02-05 10:21:22,535 [INFO] ThirdParty:1030 - CMSIS Pack Vendor :STMicroelectronics X-CUBE-AZRTOS-H7 2.1.0
2026-02-05 10:21:22,535 [INFO] ThirdParty:1030 - CMSIS Pack Vendor :STMicroelectronics X-CUBE-BLE1 7.1.0
2026-02-05 10:21:22,535 [INFO] ThirdParty:1030 - CMSIS Pack Vendor :STMicroelectronics USB_DEVICE 3.0.0
2026-02-05 10:21:22,535 [INFO] ThirdParty:1030 - CMSIS Pack Vendor :STMicroelectronics X-CUBE-EEPRMA1 5.2.0
2026-02-05 10:21:22,535 [INFO] ThirdParty:1030 - CMSIS Pack Vendor :STMicroelectronics X-CUBE-BLEMGR 4.1.0
2026-02-05 10:21:22,535 [INFO] ThirdParty:1030 - CMSIS Pack Vendor :STMicroelectronics X-CUBE-AI 8.0.0
2026-02-05 10:21:22,536 [INFO] ThirdParty:1030 - CMSIS Pack Vendor :STMicroelectronics X-CUBE-AZRTOS-WB 2.0.0
2026-02-05 10:21:22,536 [INFO] ThirdParty:1030 - CMSIS Pack Vendor :STMicroelectronics X-CUBE-FREERTOS 1.0.1
2026-02-05 10:21:22,536 [INFO] ThirdParty:1030 - CMSIS Pack Vendor :STMicroelectronics X-CUBE-TOUCHGFX 4.21.1
2026-02-05 10:21:22,536 [INFO] ThirdParty:1030 - CMSIS Pack Vendor :STMicroelectronics X-CUBE-GNSS1 7.0.1
2026-02-05 10:21:22,536 [INFO] ThirdParty:1030 - CMSIS Pack Vendor :STMicroelectronics X-CUBE-TOUCHGFX 4.21.3
2026-02-05 10:21:22,536 [INFO] ThirdParty:1030 - CMSIS Pack Vendor :STMicroelectronics X-CUBE-MEMS1 9.4.0
2026-02-05 10:21:22,536 [INFO] ThirdParty:1030 - CMSIS Pack Vendor :STMicroelectronics X-CUBE-AI 7.3.0
2026-02-05 10:21:22,536 [INFO] ThirdParty:1030 - CMSIS Pack Vendor :STMicroelectronics FP-SNS-STBOX1 2.0.0
2026-02-05 10:21:22,536 [INFO] ThirdParty:1030 - CMSIS Pack Vendor :STMicroelectronics X-CUBE-MEMS1 12.0.0
2026-02-05 10:21:22,537 [INFO] ThirdParty:1030 - CMSIS Pack Vendor :STMicroelectronics X-CUBE-ALGOBUILD 1.3.0
2026-02-05 10:21:22,537 [INFO] ThirdParty:1030 - CMSIS Pack Vendor :STMicroelectronics X-CUBE-STSE01 2.0.0
2026-02-05 10:21:22,537 [INFO] ThirdParty:1030 - CMSIS Pack Vendor :STMicroelectronics X-CUBE-AZRTOS-L5 1.1.0
2026-02-05 10:21:22,537 [INFO] ThirdParty:1030 - CMSIS Pack Vendor :STMicroelectronics X-CUBE-AZRTOS-G0 1.1.0
2026-02-05 10:21:22,537 [INFO] ThirdParty:1030 - CMSIS Pack Vendor :STMicroelectronics X-CUBE-SAFEA1 1.2.2
2026-02-05 10:21:22,537 [INFO] ThirdParty:1030 - CMSIS Pack Vendor :STMicroelectronics X-CUBE-NFC4 3.0.0
2026-02-05 10:21:22,537 [INFO] ThirdParty:1030 - CMSIS Pack Vendor :SEGGER I-CUBE-embOS 1.2.0
2026-02-05 10:21:22,537 [INFO] ThirdParty:1030 - CMSIS Pack Vendor :STMicroelectronics X-CUBE-SUBG2 5.0.0
2026-02-05 10:21:22,537 [INFO] ThirdParty:1030 - CMSIS Pack Vendor :STMicroelectronics STM32_WPAN 1.0.0
2026-02-05 10:21:22,537 [INFO] ThirdParty:1030 - CMSIS Pack Vendor :EmbeddedOffice I-CUBE-FS-RTOS 1.0.1
2026-02-05 10:21:22,538 [INFO] ThirdParty:1030 - CMSIS Pack Vendor :STMicroelectronics lwIP 2.0.3
2026-02-05 10:21:22,538 [INFO] ThirdParty:1030 - CMSIS Pack Vendor :Cesanta I-CUBE-Mongoose 7.13.0
2026-02-05 10:21:22,538 [INFO] ThirdParty:1030 - CMSIS Pack Vendor :STMicroelectronics USB_HOST 1.0.0
2026-02-05 10:21:22,538 [INFO] ThirdParty:1030 - CMSIS Pack Vendor :STMicroelectronics X-CUBE-DISPLAY 2.1.0
2026-02-05 10:21:22,538 [INFO] ThirdParty:1030 - CMSIS Pack Vendor :STMicroelectronics X-CUBE-AZRTOS-G4 2.0.0
2026-02-05 10:21:22,538 [INFO] ThirdParty:1030 - CMSIS Pack Vendor :STMicroelectronics X-CUBE-WB05N 2.0.0
2026-02-05 10:21:22,538 [INFO] ThirdParty:1030 - CMSIS Pack Vendor :STMicroelectronics PDM2PCM 3.1.0
2026-02-05 10:21:22,538 [INFO] ThirdParty:1030 - CMSIS Pack Vendor :STMicroelectronics X-CUBE-TOF1 3.3.0
2026-02-05 10:21:22,538 [INFO] ThirdParty:1030 - CMSIS Pack Vendor :STMicroelectronics FP-ATR-ASTRA1 1.1.1
2026-02-05 10:21:22,539 [INFO] ThirdParty:1030 - CMSIS Pack Vendor :Infineon AIROC-Wi-Fi-Bluetooth-STM32 1.5.1
2026-02-05 10:21:22,539 [INFO] ThirdParty:1030 - CMSIS Pack Vendor :STMicroelectronics X-CUBE-BLEMGR 3.0.0
2026-02-05 10:21:22,539 [INFO] ThirdParty:1030 - CMSIS Pack Vendor :STMicroelectronics X-CUBE-BLEMGR 1.3.0
2026-02-05 10:21:22,539 [INFO] ThirdParty:1030 - CMSIS Pack Vendor :STMicroelectronics X-CUBE-NFC7 2.0.0
2026-02-05 10:21:22,539 [INFO] ThirdParty:1030 - CMSIS Pack Vendor :STMicroelectronics X-CUBE-TCPP 4.2.0
2026-02-05 10:21:22,539 [INFO] ThirdParty:1030 - CMSIS Pack Vendor :RealThread X-CUBE-RT-Thread_Nano 4.1.1
2026-02-05 10:21:22,540 [INFO] ThirdParty:1030 - CMSIS Pack Vendor :STMicroelectronics X-CUBE-AZRTOS-H7 2.0.0
2026-02-05 10:21:22,540 [INFO] ThirdParty:1030 - CMSIS Pack Vendor :STMicroelectronics FP-SNS-MOTENVWB1 1.3.1
2026-02-05 10:21:22,541 [INFO] ThirdParty:1030 - CMSIS Pack Vendor :STMicroelectronics FP-ATR-SIGFOX1 3.2.0
2026-02-05 10:21:22,541 [INFO] ThirdParty:1030 - CMSIS Pack Vendor :STMicroelectronics X-CUBE-AZRTOS-G4 1.0.0
2026-02-05 10:21:22,541 [INFO] ThirdParty:1030 - CMSIS Pack Vendor :STMicroelectronics X-CUBE-AZRTOS-L4 1.0.0
2026-02-05 10:21:22,541 [INFO] ThirdParty:1030 - CMSIS Pack Vendor :quantropi X-CUBE-qispace-sdk-base 1.9.3
2026-02-05 10:21:22,541 [INFO] ThirdParty:1030 - CMSIS Pack Vendor :STMicroelectronics X-CUBE-ISPU 2.0.0
2026-02-05 10:21:22,542 [INFO] ThirdParty:1030 - CMSIS Pack Vendor :STMicroelectronics X-CUBE-EEPRMA1 5.1.0
2026-02-05 10:21:22,542 [INFO] ThirdParty:1030 - CMSIS Pack Vendor :STMicroelectronics MBEDTLS 2.16.2
2026-02-05 10:21:22,542 [INFO] ThirdParty:1030 - CMSIS Pack Vendor :STMicroelectronics X-CUBE-IPS 3.1.0
2026-02-05 10:21:22,542 [INFO] ThirdParty:1030 - CMSIS Pack Vendor :STMicroelectronics X-CUBE-ALS 1.0.2
2026-02-05 10:21:22,542 [INFO] ThirdParty:1030 - CMSIS Pack Vendor :emotas I-CUBE-CANOPEN 1.1.2
2026-02-05 10:21:22,542 [INFO] ThirdParty:1030 - CMSIS Pack Vendor :STMicroelectronics X-CUBE-MEMS1 10.0.0
2026-02-05 10:21:22,542 [INFO] ThirdParty:1030 - CMSIS Pack Vendor :STMicroelectronics X-CUBE-FREERTOS 1.1.0
2026-02-05 10:21:22,542 [INFO] ThirdParty:1030 - CMSIS Pack Vendor :STMicroelectronics X-CUBE-AZRTOS-F7 1.0.0
2026-02-05 10:21:22,542 [INFO] ThirdParty:1030 - CMSIS Pack Vendor :STMicroelectronics X-CUBE-TOUCHGFX 4.24.2
2026-02-05 10:21:22,542 [INFO] ThirdParty:1030 - CMSIS Pack Vendor :STMicroelectronics X-CUBE-AZRTOS-WL 1.0.0
2026-02-05 10:21:22,543 [INFO] ThirdParty:1030 - CMSIS Pack Vendor :STMicroelectronics X-CUBE-MEMS1 9.1.0
2026-02-05 10:21:22,543 [INFO] ThirdParty:1030 - CMSIS Pack Vendor :wolfSSL I-CUBE-wolfTPM 3.4.0
2026-02-05 10:21:22,543 [INFO] ThirdParty:1030 - CMSIS Pack Vendor :portGmbH I-Cube-SoM-uGOAL 1.1.0
2026-02-05 10:21:22,543 [INFO] ThirdParty:1030 - CMSIS Pack Vendor :STMicroelectronics X-CUBE-ALS 1.0.1
2026-02-05 10:21:22,543 [INFO] ThirdParty:1030 - CMSIS Pack Vendor :STMicroelectronics X-CUBE-NFC6 3.2.0
2026-02-05 10:21:22,543 [INFO] ThirdParty:1030 - CMSIS Pack Vendor :STMicroelectronics X-CUBE-MEMS1 9.5.0
2026-02-05 10:21:22,543 [INFO] ThirdParty:1030 - CMSIS Pack Vendor :STMicroelectronics X-CUBE-AI 10.2.0
2026-02-05 10:21:22,543 [INFO] ThirdParty:1030 - CMSIS Pack Vendor :STMicroelectronics ThreadX 1.0.0
2026-02-05 10:21:22,543 [INFO] ThirdParty:1030 - CMSIS Pack Vendor :STMicroelectronics X-CUBE-AZRTOS-WB 1.1.0
2026-02-05 10:21:22,544 [INFO] ThirdParty:1030 - CMSIS Pack Vendor :SEGGER I-CUBE-embOS 1.3.1
2026-02-05 10:21:22,544 [INFO] ThirdParty:1030 - CMSIS Pack Vendor :STMicroelectronics X-CUBE-ALGOBUILD 1.4.0
2026-02-05 10:21:22,544 [INFO] ThirdParty:1030 - CMSIS Pack Vendor :STMicroelectronics X-CUBE-AZRTOS-L5 1.0.0
2026-02-05 10:21:22,544 [INFO] ThirdParty:1030 - CMSIS Pack Vendor :STMicroelectronics X-CUBE-EEPRMA1 3.1.0
2026-02-05 10:21:22,544 [INFO] ThirdParty:1030 - CMSIS Pack Vendor :STMicroelectronics X-CUBE-EEPRMA1 3.1.1
2026-02-05 10:21:22,544 [INFO] ThirdParty:1030 - CMSIS Pack Vendor :STMicroelectronics X-CUBE-AZRTOS-H7RS 1.0.0
2026-02-05 10:21:22,544 [INFO] ThirdParty:1030 - CMSIS Pack Vendor :STMicroelectronics X-CUBE-GNSS1 5.2.0
2026-02-05 10:21:22,544 [INFO] ThirdParty:1030 - CMSIS Pack Vendor :STMicroelectronics FP-ATR-ASTRA1 2.0.0
2026-02-05 10:21:22,544 [INFO] ThirdParty:1030 - CMSIS Pack Vendor :STMicroelectronics X-CUBE-TOF1 3.4.2
2026-02-05 10:21:22,544 [INFO] ThirdParty:1030 - CMSIS Pack Vendor :STMicroelectronics X-CUBE-TOF1 3.4.3
2026-02-05 10:21:22,544 [INFO] ThirdParty:1030 - CMSIS Pack Vendor :STMicroelectronics X-CUBE-DISPLAY 2.0.1
2026-02-05 10:21:22,545 [INFO] ThirdParty:1030 - CMSIS Pack Vendor :STMicroelectronics X-CUBE-TOF1 3.4.0
2026-02-05 10:21:22,545 [INFO] ThirdParty:1030 - CMSIS Pack Vendor :STMicroelectronics X-CUBE-TOF1 3.4.1
2026-02-05 10:21:22,545 [INFO] ThirdParty:1030 - CMSIS Pack Vendor :STMicroelectronics X-CUBE-AZRTOS-H7 3.2.0
2026-02-05 10:21:22,545 [INFO] ThirdParty:1030 - CMSIS Pack Vendor :STMicroelectronics X-CUBE-TOF1 3.0.0
2026-02-05 10:21:22,545 [INFO] ThirdParty:1030 - CMSIS Pack Vendor :wolfSSL I-CUBE-wolfSSH 1.4.17
2026-02-05 10:21:22,545 [INFO] ThirdParty:841 - exiting critical section [change project]
2026-02-05 10:21:23,471 [INFO] PinOutPanel:1589 - setPackage(No Configuration,No Configuration)
2026-02-05 10:21:23,472 [INFO] PinOutPanel:1589 - setPackage(STM32L476RGTx,LQFP64)
2026-02-05 10:21:26,268 [INFO] UtilMem:75 - Before build in PCC Used Memory: 967894664 Bytes (1073741824)
2026-02-05 10:21:26,969 [INFO] UtilMem:75 - After build in PCC Used Memory: 835774088 Bytes (1073741824)
2026-02-05 10:21:27,015 [INFO] IPUIPlugin:80 - create IPUIPlugin
2026-02-05 10:21:27,015 [INFO] IPUIPlugin:80 - create IPUIPlugin
2026-02-05 10:21:27,016 [INFO] IPUIPlugin:80 - create IPUIPlugin
2026-02-05 10:21:27,016 [INFO] IPUIPlugin:80 - create IPUIPlugin
2026-02-05 10:21:27,016 [INFO] IPUIPlugin:80 - create IPUIPlugin
2026-02-05 10:21:27,017 [INFO] IPUIPlugin:80 - create IPUIPlugin
2026-02-05 10:21:27,017 [INFO] IPUIPlugin:80 - create IPUIPlugin
2026-02-05 10:21:27,017 [INFO] IPUIPlugin:80 - create IPUIPlugin
2026-02-05 10:21:27,018 [INFO] IPUIPlugin:80 - create IPUIPlugin
2026-02-05 10:21:27,018 [INFO] IPUIPlugin:80 - create IPUIPlugin
2026-02-05 10:21:27,018 [INFO] IPUIPlugin:80 - create IPUIPlugin
2026-02-05 10:21:27,018 [INFO] IPUIPlugin:80 - create IPUIPlugin
2026-02-05 10:21:27,018 [INFO] IPUIPlugin:80 - create IPUIPlugin
2026-02-05 10:21:27,019 [INFO] IPUIPlugin:80 - create IPUIPlugin
2026-02-05 10:21:27,019 [INFO] IPUIPlugin:80 - create IPUIPlugin
2026-02-05 10:21:27,019 [INFO] IPUIPlugin:80 - create IPUIPlugin
2026-02-05 10:21:27,019 [INFO] IPUIPlugin:80 - create IPUIPlugin
2026-02-05 10:21:27,020 [INFO] IPUIPlugin:80 - create IPUIPlugin
2026-02-05 10:21:27,020 [INFO] IPUIPlugin:80 - create IPUIPlugin
2026-02-05 10:21:27,020 [INFO] IPUIPlugin:80 - create IPUIPlugin
2026-02-05 10:21:27,020 [INFO] IPUIPlugin:80 - create IPUIPlugin
2026-02-05 10:21:27,021 [INFO] IPUIPlugin:80 - create IPUIPlugin
2026-02-05 10:21:27,021 [INFO] IPUIPlugin:80 - create IPUIPlugin
2026-02-05 10:21:27,021 [INFO] IPUIPlugin:80 - create IPUIPlugin
2026-02-05 10:21:27,021 [INFO] IPUIPlugin:80 - create IPUIPlugin
2026-02-05 10:21:27,022 [INFO] IPUIPlugin:80 - create IPUIPlugin
2026-02-05 10:21:27,022 [INFO] IPUIPlugin:80 - create IPUIPlugin
2026-02-05 10:21:27,022 [INFO] IPUIPlugin:80 - create IPUIPlugin
2026-02-05 10:21:27,022 [INFO] IPUIPlugin:80 - create IPUIPlugin
2026-02-05 10:21:27,023 [INFO] IPUIPlugin:80 - create IPUIPlugin
2026-02-05 10:21:27,023 [INFO] IPUIPlugin:80 - create IPUIPlugin
2026-02-05 10:21:27,023 [INFO] IPUIPlugin:80 - create IPUIPlugin
2026-02-05 10:21:27,023 [INFO] IPUIPlugin:80 - create IPUIPlugin
2026-02-05 10:21:27,024 [INFO] IPUIPlugin:80 - create IPUIPlugin
2026-02-05 10:21:27,024 [INFO] IPUIPlugin:80 - create IPUIPlugin
2026-02-05 10:21:27,024 [INFO] IPUIPlugin:80 - create IPUIPlugin
2026-02-05 10:21:27,024 [INFO] IPUIPlugin:80 - create IPUIPlugin
2026-02-05 10:21:27,025 [INFO] IPUIPlugin:80 - create IPUIPlugin
2026-02-05 10:21:27,025 [INFO] IPUIPlugin:80 - create IPUIPlugin
2026-02-05 10:21:27,025 [INFO] IPUIPlugin:80 - create IPUIPlugin
2026-02-05 10:21:27,026 [INFO] IPUIPlugin:80 - create IPUIPlugin
2026-02-05 10:21:27,026 [INFO] IPUIPlugin:80 - create IPUIPlugin
2026-02-05 10:21:27,026 [INFO] IPUIPlugin:80 - create IPUIPlugin
2026-02-05 10:21:27,026 [INFO] IPUIPlugin:80 - create IPUIPlugin
2026-02-05 10:21:27,029 [INFO] IPUIPlugin:80 - create IPUIPlugin
2026-02-05 10:21:27,030 [INFO] IPUIPlugin:80 - create IPUIPlugin
2026-02-05 10:21:27,030 [INFO] IPUIPlugin:80 - create IPUIPlugin
2026-02-05 10:21:27,031 [INFO] IPUIPlugin:80 - create IPUIPlugin
2026-02-05 10:21:27,031 [INFO] IPUIPlugin:80 - create IPUIPlugin
2026-02-05 10:21:27,032 [INFO] IPUIPlugin:80 - create IPUIPlugin
2026-02-05 10:21:27,032 [INFO] IPUIPlugin:80 - create IPUIPlugin
2026-02-05 10:21:27,032 [INFO] IPUIPlugin:80 - create IPUIPlugin
2026-02-05 10:21:27,033 [INFO] IPUIPlugin:80 - create IPUIPlugin
2026-02-05 10:21:27,033 [INFO] IPUIPlugin:80 - create IPUIPlugin
2026-02-05 10:21:27,033 [INFO] IPUIPlugin:80 - create IPUIPlugin
2026-02-05 10:21:27,034 [INFO] IPUIPlugin:80 - create IPUIPlugin
2026-02-05 10:21:27,034 [INFO] IPUIPlugin:80 - create IPUIPlugin
2026-02-05 10:21:27,035 [INFO] IPUIPlugin:80 - create IPUIPlugin
2026-02-05 10:21:27,035 [INFO] IPUIPlugin:80 - create IPUIPlugin
2026-02-05 10:21:27,220 [INFO] CADModel:165 - CPN selected for project levelSTM32L476RGT3
2026-02-05 10:21:27,220 [INFO] CADModel:114 - Register for checkConnection events
2026-02-05 10:21:27,287 [INFO] OpenFileManager:385 - Restore cursor
2026-02-05 10:21:44,990 [INFO] Gpio:277 - dependency for GPIO [RCC, SYS, USART2]
2026-02-05 10:21:46,461 [INFO] NvicIntPanel:101 - NVIC parent = com.st.microxplorer.plugins.ip.nvic.MultiNvicIntPanel[,2,46,310x280,layout=javax.swing.BoxLayout,alignmentX=0.0,alignmentY=0.0,border=,flags=9,maximumSize=,minimumSize=,preferredSize=]
2026-02-05 10:26:53,176 [INFO] UtilMem:75 - End SaveConfig() Used Memory: 812091408 Bytes (1073741824)
2026-02-05 10:26:55,874 [INFO] UtilMem:75 - End SaveConfig() Used Memory: 877442472 Bytes (1073741824)
2026-02-05 10:26:57,995 [INFO] UtilMem:75 - End SaveConfig() Used Memory: 825078128 Bytes (1073741824)
2026-02-05 10:26:58,380 [INFO] BlockDiagram:2775 - set Specific Code input for plugin: SYS
2026-02-05 10:26:58,380 [INFO] BlockDiagram:2775 - set Specific Code input for plugin: RCC
2026-02-05 10:26:58,380 [INFO] BlockDiagram:2775 - set Specific Code input for plugin: NVIC
2026-02-05 10:26:58,380 [INFO] BlockDiagram:2775 - set Specific Code input for plugin: USART
2026-02-05 10:26:58,381 [INFO] BlockDiagram:2775 - set Specific Code input for plugin: GPIO
2026-02-05 10:26:58,382 [INFO] CodeGenerator:882 - code generatio: config db path: C:\ST\STM32CubeIDE_1.17.0\STM32CubeIDE\plugins\com.st.stm32cube.common.mx_6.14.0.202502271554\\db\
2026-02-05 10:26:58,581 [INFO] CodeEngine:263 - oldGeneratedFile, C:\Users\G45\Documents\DUBOSCLARD_LOZANO\BP-LED-Interruption\MXTmpFiles\license.tmp_save
2026-02-05 10:26:59,118 [INFO] CodeEngine:287 - Generated code: C:\Users\G45\Documents\DUBOSCLARD_LOZANO\BP-LED-Interruption\MXTmpFiles\license.tmp
2026-02-05 10:26:59,220 [INFO] CodeEngine:263 - oldGeneratedFile, C:\Users\G45\Documents\DUBOSCLARD_LOZANO\BP-LED-Interruption\Core\Src\gpio.c_save
2026-02-05 10:26:59,674 [INFO] CodeEngine:287 - Generated code: C:\Users\G45\Documents\DUBOSCLARD_LOZANO\BP-LED-Interruption\Core\Src\gpio.c
2026-02-05 10:26:59,707 [INFO] CodeEngine:263 - oldGeneratedFile, C:\Users\G45\Documents\DUBOSCLARD_LOZANO\BP-LED-Interruption\Core\Inc\gpio.h_save
2026-02-05 10:26:59,913 [INFO] CodeEngine:287 - Generated code: C:\Users\G45\Documents\DUBOSCLARD_LOZANO\BP-LED-Interruption\Core\Inc\gpio.h
2026-02-05 10:27:00,120 [INFO] CodeEngine:263 - oldGeneratedFile, C:\Users\G45\Documents\DUBOSCLARD_LOZANO\BP-LED-Interruption\Core\Src\usart.c_save
2026-02-05 10:27:00,429 [INFO] CodeEngine:287 - Generated code: C:\Users\G45\Documents\DUBOSCLARD_LOZANO\BP-LED-Interruption\Core\Src\usart.c
2026-02-05 10:27:00,438 [INFO] CodeEngine:263 - oldGeneratedFile, C:\Users\G45\Documents\DUBOSCLARD_LOZANO\BP-LED-Interruption\Core\Inc\usart.h_save
2026-02-05 10:27:00,556 [INFO] CodeEngine:287 - Generated code: C:\Users\G45\Documents\DUBOSCLARD_LOZANO\BP-LED-Interruption\Core\Inc\usart.h
2026-02-05 10:27:00,586 [INFO] CodeEngine:263 - oldGeneratedFile, C:\Users\G45\Documents\DUBOSCLARD_LOZANO\BP-LED-Interruption\Core\Src\stm32l4xx_it.c_save
2026-02-05 10:27:00,971 [INFO] CodeEngine:287 - Generated code: C:\Users\G45\Documents\DUBOSCLARD_LOZANO\BP-LED-Interruption\Core\Src\stm32l4xx_it.c
2026-02-05 10:27:00,980 [INFO] CodeEngine:263 - oldGeneratedFile, C:\Users\G45\Documents\DUBOSCLARD_LOZANO\BP-LED-Interruption\Core\Inc\stm32l4xx_it.h_save
2026-02-05 10:27:01,090 [INFO] CodeEngine:287 - Generated code: C:\Users\G45\Documents\DUBOSCLARD_LOZANO\BP-LED-Interruption\Core\Inc\stm32l4xx_it.h
2026-02-05 10:27:01,122 [INFO] CodeEngine:263 - oldGeneratedFile, C:\Users\G45\Documents\DUBOSCLARD_LOZANO\BP-LED-Interruption\Core\Src\stm32l4xx_hal_msp.c_save
2026-02-05 10:27:01,323 [INFO] CodeEngine:287 - Generated code: C:\Users\G45\Documents\DUBOSCLARD_LOZANO\BP-LED-Interruption\Core\Src\stm32l4xx_hal_msp.c
2026-02-05 10:27:01,329 [INFO] CodeEngine:263 - oldGeneratedFile, C:\Users\G45\Documents\DUBOSCLARD_LOZANO\BP-LED-Interruption\MXTmpFiles\system.tmp_save
2026-02-05 10:27:01,430 [INFO] CodeEngine:287 - Generated code: C:\Users\G45\Documents\DUBOSCLARD_LOZANO\BP-LED-Interruption\MXTmpFiles\system.tmp
2026-02-05 10:27:01,458 [INFO] CodeEngine:319 - oldGeneratedFile, C:\Users\G45\Documents\DUBOSCLARD_LOZANO\BP-LED-Interruption\Core\Inc\stm32l4xx_hal_conf.h_save
2026-02-05 10:27:01,650 [INFO] CodeEngine:343 - Generated code: C:\Users\G45\Documents\DUBOSCLARD_LOZANO\BP-LED-Interruption\Core\Inc\stm32l4xx_hal_conf.h
2026-02-05 10:27:01,709 [INFO] ApiDbMcu:508 - Load IP Config File for USART2
2026-02-05 10:27:01,714 [INFO] ApiDbMcu:508 - Load IP Config File for RCC
2026-02-05 10:27:01,752 [INFO] CodeEngine:263 - oldGeneratedFile, C:\Users\G45\Documents\DUBOSCLARD_LOZANO\BP-LED-Interruption\Core\Inc\main.h_save
2026-02-05 10:27:01,933 [INFO] CodeEngine:287 - Generated code: C:\Users\G45\Documents\DUBOSCLARD_LOZANO\BP-LED-Interruption\Core\Inc\main.h
2026-02-05 10:27:01,956 [INFO] CodeEngine:263 - oldGeneratedFile, C:\Users\G45\Documents\DUBOSCLARD_LOZANO\BP-LED-Interruption\Core\Src\main.c_save
2026-02-05 10:27:02,115 [INFO] CodeEngine:287 - Generated code: C:\Users\G45\Documents\DUBOSCLARD_LOZANO\BP-LED-Interruption\Core\Src\main.c
2026-02-05 10:27:02,634 [INFO] ProjectBuilder:3324 - Time for Copy HAL[1] : 194mS.
2026-02-05 10:27:02,648 [INFO] ProjectBuilder:4912 - Project Generator version: 4.6.0-B36
2026-02-05 10:27:02,845 [INFO] ConfigFileManager:1590 - The Die is : DIE415
2026-02-05 10:27:02,857 [INFO] ApiDbMcu:508 - Load IP Config File for FATFS
2026-02-05 10:27:02,872 [INFO] ApiDbMcu:508 - Load IP Config File for FREERTOS
2026-02-05 10:27:02,887 [INFO] ApiDbMcu:508 - Load IP Config File for TOUCHSENSING
2026-02-05 10:27:02,894 [INFO] ApiDbMcu:508 - Load IP Config File for USB_DEVICE
2026-02-05 10:27:02,898 [INFO] ApiDbMcu:508 - Load IP Config File for USB_HOST
2026-02-05 10:27:05,790 [INFO] ProjectBuilder:5191 - Time for Generating toolchain IDE Files: 3142mS.
2026-02-05 10:27:05,791 [INFO] ProjectBuilder:3181 - Time for Copy CMSIS : 0mS.
2026-02-05 10:27:05,862 [INFO] ProjectBuilder:3181 - Time for Copy CMSIS : 0mS.
2026-02-05 10:28:12,550 [INFO] MainUpdater:2872 - connection check result : 10
2026-02-05 10:28:12,551 [INFO] MainUpdater:2872 - connection check result : 10
2026-02-05 10:28:12,570 [INFO] MicroXplorer:468 - Change Database Path : 
2026-02-05 10:28:12,571 [INFO] MicroXplorer:498 - Change Database Version : DB.6.0.140
2026-02-05 10:28:12,626 [ERROR] ProjectManagerView:394 - 
java.lang.NullPointerException: Cannot invoke "javax.swing.JTextField.getText()" because the return value of "java.util.List.get(int)" is null
	at com.st.microxplorer.plugins.projectmanager.gui.ProjectChoiceTab$9.caretUpdate(ProjectChoiceTab.java:2678) ~[filemanager.jar:?]
	at javax.swing.text.JTextComponent.fireCaretUpdate(JTextComponent.java:408) ~[?:?]
	at javax.swing.text.JTextComponent$MutableCaretEvent.fire(JTextComponent.java:4484) ~[?:?]
	at javax.swing.text.JTextComponent$MutableCaretEvent.stateChanged(JTextComponent.java:4506) ~[?:?]
	at javax.swing.text.DefaultCaret.fireStateChanged(DefaultCaret.java:857) ~[?:?]
	at javax.swing.text.DefaultCaret.changeCaretPosition(DefaultCaret.java:1343) ~[?:?]
	at javax.swing.text.DefaultCaret.handleSetDot(DefaultCaret.java:1242) ~[?:?]
	at javax.swing.text.DefaultCaret.setDot(DefaultCaret.java:1223) ~[?:?]
	at javax.swing.text.DefaultCaret$Handler.insertUpdate(DefaultCaret.java:1819) ~[?:?]
	at javax.swing.text.AbstractDocument.fireInsertUpdate(AbstractDocument.java:227) ~[?:?]
	at javax.swing.text.AbstractDocument.handleInsertString(AbstractDocument.java:781) ~[?:?]
	at javax.swing.text.AbstractDocument.insertString(AbstractDocument.java:740) ~[?:?]
	at javax.swing.text.PlainDocument.insertString(PlainDocument.java:131) ~[?:?]
	at javax.swing.text.AbstractDocument.replace(AbstractDocument.java:699) ~[?:?]
	at javax.swing.text.JTextComponent.setText(JTextComponent.java:1725) ~[?:?]
	at com.st.microxplorer.plugins.projectmanager.gui.ProjectChoiceTab.createHeapStackFields(ProjectChoiceTab.java:979) ~[filemanager.jar:?]
	at com.st.microxplorer.plugins.projectmanager.gui.ProjectChoiceTab.buildLinkSettingsPanel(ProjectChoiceTab.java:3766) ~[filemanager.jar:?]
	at com.st.microxplorer.plugins.projectmanager.gui.ProjectChoiceTab.defineWindowsFields(ProjectChoiceTab.java:1962) ~[filemanager.jar:?]
	at com.st.microxplorer.plugins.projectmanager.gui.ProjectChoiceTab.updateSettings(ProjectChoiceTab.java:555) ~[filemanager.jar:?]
	at com.st.microxplorer.plugins.projectmanager.gui.ProjectSettingsPanel.UpdateDialog(ProjectSettingsPanel.java:245) ~[filemanager.jar:?]
	at com.st.microxplorer.plugins.projectmanager.ProjectManagerView.propertyChange(ProjectManagerView.java:391) ~[filemanager.jar:?]
	at java.beans.PropertyChangeSupport.fire(PropertyChangeSupport.java:343) ~[?:?]
	at java.beans.PropertyChangeSupport.firePropertyChange(PropertyChangeSupport.java:335) ~[?:?]
	at java.beans.PropertyChangeSupport.firePropertyChange(PropertyChangeSupport.java:268) ~[?:?]
	at com.st.microxplorer.util.MXPropertyChangeSupport.firePropertyChange(MXPropertyChangeSupport.java:54) ~[STM32CubeMX.jar:?]
	at com.st.microxplorer.mxsystem.MxSystem.closeConfig(MxSystem.java:899) ~[STM32CubeMX.jar:?]
	at com.st.microxplorer.maingui.MainPanel.closeConfig(MainPanel.java:789) ~[STM32CubeMX.jar:?]
	at com.st.microxplorer.plugins.filemanager.engine.OpenFileManager.loadConfigurationFile(OpenFileManager.java:287) ~[filemanager.jar:?]
	at com.st.microxplorer.plugins.filemanager.engine.MainFileManager.userLoadConfig(MainFileManager.java:341) ~[filemanager.jar:?]
	at com.st.microxplorer.plugins.filemanager.engine.MainFileManager.userLoadConfig(MainFileManager.java:319) ~[filemanager.jar:?]
	at com.st.microxplorer.plugins.filemanager.FileManagerView.getSpecificTask(FileManagerView.java:246) ~[filemanager.jar:?]
	at com.st.stm32cube.common.mx.editor.CubeMxEditor.getMxTabbedPaneInstance(CubeMxEditor.java:1198) ~[com.st.stm32cube.common.mx_6.14.0.202502271554/:?]
	at com.st.stm32cube.common.mx.editor.CubeMxEditor$12$1.createSwingComponent(CubeMxEditor.java:1068) ~[com.st.stm32cube.common.mx_6.14.0.202502271554/:?]
	at com.st.stm32cube.common.mx.oss.core.awtswtbridge.EmbeddedSwingComposite.doComponentCreation(EmbeddedSwingComposite.java:492) ~[com.st.stm32cube.common.mx.oss_6.14.0.202502271554/:?]
	at com.st.stm32cube.common.mx.oss.core.awtswtbridge.EmbeddedSwingComposite$4.run(EmbeddedSwingComposite.java:291) ~[com.st.stm32cube.common.mx.oss_6.14.0.202502271554/:?]
	at com.st.stm32cube.common.mx.oss.core.awtswtbridge.AwtEnvironment$2.run(AwtEnvironment.java:166) ~[com.st.stm32cube.common.mx.oss_6.14.0.202502271554/:?]
	at java.awt.event.InvocationEvent.dispatch(InvocationEvent.java:318) ~[?:?]
	at java.awt.EventQueue.dispatchEventImpl(EventQueue.java:773) ~[?:?]
	at java.awt.EventQueue$4.run(EventQueue.java:720) ~[?:?]
	at java.awt.EventQueue$4.run(EventQueue.java:714) ~[?:?]
	at java.security.AccessController.doPrivileged(AccessController.java:400) ~[?:?]
	at java.security.ProtectionDomain$JavaSecurityAccessImpl.doIntersectionPrivilege(ProtectionDomain.java:87) ~[?:?]
	at java.awt.EventQueue.dispatchEvent(EventQueue.java:742) ~[?:?]
	at java.awt.EventDispatchThread.pumpOneEventForFilters(EventDispatchThread.java:203) ~[?:?]
	at java.awt.EventDispatchThread.pumpEventsForFilter(EventDispatchThread.java:124) ~[?:?]
	at java.awt.EventDispatchThread.pumpEventsForHierarchy(EventDispatchThread.java:113) ~[?:?]
	at java.awt.EventDispatchThread.pumpEvents(EventDispatchThread.java:109) ~[?:?]
	at java.awt.EventDispatchThread.pumpEvents(EventDispatchThread.java:101) ~[?:?]
	at java.awt.EventDispatchThread.run(EventDispatchThread.java:90) ~[?:?]
2026-02-05 10:28:12,627 [WARN] ThirdParty:871 - waiting for thirdparty lock release [close project]
2026-02-05 10:28:12,627 [INFO] ThirdParty:873 - entering critical section [close project]
2026-02-05 10:28:12,627 [INFO] ThirdParty:883 - exiting critical section [close project]
2026-02-05 10:28:12,629 [INFO] PinOutPanel:1589 - setPackage(No Configuration,No Configuration)
2026-02-05 10:28:12,639 [INFO] UtilMem:75 - Begin LoadConfig() Used Memory: 814605488 Bytes (1073741824)
2026-02-05 10:28:12,640 [INFO] MicroXplorer:468 - Change Database Path : 
2026-02-05 10:28:12,640 [INFO] MicroXplorer:498 - Change Database Version : DB.6.0.140
2026-02-05 10:28:12,640 [INFO] OpenFileManager:354 - Change cursor
2026-02-05 10:28:12,665 [INFO] RulesReader:64 - Compatibility file has been processed (301 Rules)
2026-02-05 10:28:12,668 [INFO] Mcu:2011 - Initializing MCU STM32L476R(C-E-G)Tx STM32L476RGTx STM32L476RGT3
2026-02-05 10:28:15,716 [INFO] Context:756 - Trying to add GPIOservice into a context  which must be forbidden
2026-02-05 10:28:16,730 [INFO] ImportTextPane:218 - (OptionalMessage_ERROR) Pin14 (VP_RIF_VS_RIF1) cannot be retrieved for this MCU
2026-02-05 10:28:17,163 [INFO] RtosManager:558 - Registered RTOS mode: class=CMSIS, group=RTOS, mode=CMSIS_V1, owner=FREERTOS
2026-02-05 10:28:17,164 [INFO] RtosManager:558 - Registered RTOS mode: class=CMSIS, group=RTOS2, mode=CMSIS_V2, owner=FREERTOS
2026-02-05 10:28:17,164 [INFO] RtosManager:558 - Registered RTOS mode: class=RTOS, group=Core, mode=CMSIS_V1, owner=FREERTOS
2026-02-05 10:28:17,164 [INFO] RtosManager:558 - Registered RTOS mode: class=RTOS, group=Core, mode=CMSIS_V2, owner=FREERTOS
2026-02-05 10:28:17,164 [WARN] ModelIntegratedComponent:184 - Missing modes for component STMicroelectronics:FreeRTOS:0.0.1:STMicroelectronics:RTOS:FreeRTOS:Core:::10.2.0:
2026-02-05 10:28:17,177 [WARN] ModelIntegratedComponent:63 - No mode defined for component null
2026-02-05 10:28:17,177 [WARN] ModelIntegratedComponent:63 - No mode defined for component null
2026-02-05 10:28:17,177 [WARN] ModelIntegratedComponent:63 - No mode defined for component null
2026-02-05 10:28:17,177 [WARN] ModelIntegratedComponent:63 - No mode defined for component null
2026-02-05 10:28:17,177 [WARN] ModelIntegratedComponent:63 - No mode defined for component null
2026-02-05 10:28:17,177 [WARN] ModelIntegratedComponent:63 - No mode defined for component null
2026-02-05 10:28:17,178 [WARN] ModelIntegratedComponent:63 - No mode defined for component null
2026-02-05 10:28:17,178 [WARN] ModelIntegratedComponent:63 - No mode defined for component null
2026-02-05 10:28:17,178 [WARN] ModelIntegratedComponent:63 - No mode defined for component null
2026-02-05 10:28:17,178 [WARN] ModelIntegratedComponent:63 - No mode defined for component null
2026-02-05 10:28:17,178 [WARN] ModelIntegratedComponent:63 - No mode defined for component null
2026-02-05 10:28:17,178 [WARN] ModelIntegratedComponent:63 - No mode defined for component null
2026-02-05 10:28:17,178 [WARN] ModelIntegratedComponent:63 - No mode defined for component null
2026-02-05 10:28:17,178 [WARN] ModelIntegratedComponent:63 - No mode defined for component null
2026-02-05 10:28:17,178 [WARN] ModelIntegratedComponent:63 - No mode defined for component null
2026-02-05 10:28:17,178 [WARN] ModelIntegratedComponent:63 - No mode defined for component null
2026-02-05 10:28:17,178 [WARN] ModelIntegratedComponent:63 - No mode defined for component null
2026-02-05 10:28:17,178 [WARN] ModelIntegratedComponent:63 - No mode defined for component null
2026-02-05 10:28:17,178 [WARN] ModelIntegratedComponent:63 - No mode defined for component null
2026-02-05 10:28:17,178 [WARN] ModelIntegratedComponent:63 - No mode defined for component null
2026-02-05 10:28:17,178 [WARN] ModelIntegratedComponent:63 - No mode defined for component null
2026-02-05 10:28:17,178 [WARN] ModelIntegratedComponent:63 - No mode defined for component null
2026-02-05 10:28:17,178 [WARN] ModelIntegratedComponent:63 - No mode defined for component null
2026-02-05 10:28:17,178 [WARN] ModelIntegratedComponent:63 - No mode defined for component null
2026-02-05 10:28:17,178 [WARN] ModelIntegratedComponent:63 - No mode defined for component null
2026-02-05 10:28:17,178 [WARN] ModelIntegratedComponent:63 - No mode defined for component null
2026-02-05 10:28:17,178 [WARN] ModelIntegratedComponent:63 - No mode defined for component null
2026-02-05 10:28:17,178 [WARN] ModelIntegratedComponent:63 - No mode defined for component null
2026-02-05 10:28:17,178 [WARN] ModelIntegratedComponent:63 - No mode defined for component null
2026-02-05 10:28:17,178 [WARN] ModelIntegratedComponent:63 - No mode defined for component null
2026-02-05 10:28:17,178 [WARN] ModelIntegratedComponent:63 - No mode defined for component null
2026-02-05 10:28:17,179 [WARN] ModelIntegratedComponent:63 - No mode defined for component null
2026-02-05 10:28:17,179 [WARN] ModelIntegratedComponent:63 - No mode defined for component null
2026-02-05 10:28:17,179 [WARN] ModelIntegratedComponent:63 - No mode defined for component null
2026-02-05 10:28:17,179 [WARN] ModelIntegratedComponent:63 - No mode defined for component null
2026-02-05 10:28:17,179 [WARN] ModelPack:524 - Component already loaded: STMicroelectronics:HAL Drivers:0.0.0:STMicroelectronics:Device:STMicro_Driver:XSPI:HAL::0.0.1:HAL_XSPI
2026-02-05 10:28:18,022 [INFO] ThirdPartyModel:298 - Start build external matchings
2026-02-05 10:28:26,808 [INFO] ThirdPartyModel:316 - End build external matchings
2026-02-05 10:28:26,977 [INFO] ImportTextPane:218 - (OptionalMessage_ERROR) IP (RCC) : Invalid parameter (FamilyName)
2026-02-05 10:28:26,978 [INFO] ImportTextPane:218 - (OptionalMessage_ERROR) IP (RCC) : Parameter (RNGFreq_Value) has invalid value (64000000)
2026-02-05 10:28:26,978 [INFO] ImportTextPane:218 - (OptionalMessage_ERROR) IP (RCC) : Parameter (SDMMCFreq_Value) has invalid value (64000000)
2026-02-05 10:28:26,978 [INFO] ImportTextPane:218 - (OptionalMessage_ERROR) IP (RCC) : Parameter (USBFreq_Value) has invalid value (64000000)
2026-02-05 10:28:27,581 [INFO] UtilMem:75 - End LoadConfig() Used Memory: 948029912 Bytes (1073741824)
2026-02-05 10:28:27,609 [WARN] ThirdParty:833 - waiting for thirdparty lock release [change project]
2026-02-05 10:28:27,609 [INFO] ThirdParty:835 - entering critical section [change project]
2026-02-05 10:28:27,610 [INFO] ThirdParty:1030 - CMSIS Pack Vendor :STMicroelectronics X-CUBE-PM33A1 1.0.0
2026-02-05 10:28:27,610 [INFO] ThirdParty:1030 - CMSIS Pack Vendor :STMicroelectronics USBPD 4.1
2026-02-05 10:28:27,610 [INFO] ThirdParty:1030 - CMSIS Pack Vendor :STMicroelectronics X-CUBE-GNSS1 6.0.0
2026-02-05 10:28:27,610 [INFO] ThirdParty:1030 - CMSIS Pack Vendor :STMicroelectronics USB_HOST 2.0.0
2026-02-05 10:28:27,610 [INFO] ThirdParty:1030 - CMSIS Pack Vendor :STMicroelectronics FP-SNS-MOTENVWB1 1.4.0
2026-02-05 10:28:27,610 [INFO] ThirdParty:1030 - CMSIS Pack Vendor :STMicroelectronics X-CUBE-AZRTOS-F4 1.1.0
2026-02-05 10:28:27,610 [INFO] ThirdParty:1030 - CMSIS Pack Vendor :STMicroelectronics LIBJPEG 8.0.0
2026-02-05 10:28:27,610 [INFO] ThirdParty:1030 - CMSIS Pack Vendor :STMicroelectronics FP-ATR-ASTRA1 2.0.2
2026-02-05 10:28:27,610 [INFO] ThirdParty:1030 - CMSIS Pack Vendor :STMicroelectronics FP-ATR-ASTRA1 2.0.1
2026-02-05 10:28:27,610 [INFO] ThirdParty:1030 - CMSIS Pack Vendor :STMicroelectronics X-CUBE-SMBUS 2.1.0
2026-02-05 10:28:27,610 [INFO] ThirdParty:1030 - CMSIS Pack Vendor :STMicroelectronics X-CUBE-WB05N 1.1.0
2026-02-05 10:28:27,610 [INFO] ThirdParty:1030 - CMSIS Pack Vendor :STMicroelectronics X-CUBE-ISPU 2.1.0
2026-02-05 10:28:27,610 [INFO] ThirdParty:1030 - CMSIS Pack Vendor :STMicroelectronics X-CUBE-TOUCHGFX 4.23.1
2026-02-05 10:28:27,610 [INFO] ThirdParty:1030 - CMSIS Pack Vendor :STMicroelectronics X-CUBE-TOUCHGFX 4.23.0
2026-02-05 10:28:27,610 [INFO] ThirdParty:1030 - CMSIS Pack Vendor :STMicroelectronics X-CUBE-MEMS1 9.2.0
2026-02-05 10:28:27,610 [INFO] ThirdParty:1030 - CMSIS Pack Vendor :STMicroelectronics X-CUBE-NFC12 1.0.0
2026-02-05 10:28:27,610 [INFO] ThirdParty:1030 - CMSIS Pack Vendor :STMicroelectronics X-CUBE-AZRTOS-F7 1.1.0
2026-02-05 10:28:27,610 [INFO] ThirdParty:1030 - CMSIS Pack Vendor :STMicroelectronics X-CUBE-AZRTOS-L5 2.0.0
2026-02-05 10:28:27,610 [INFO] ThirdParty:1030 - CMSIS Pack Vendor :STMicroelectronics USB_DEVICE 2.0.0
2026-02-05 10:28:27,610 [INFO] ThirdParty:1030 - CMSIS Pack Vendor :STMicroelectronics X-CUBE-NFC6 3.1.0
2026-02-05 10:28:27,610 [INFO] ThirdParty:1030 - CMSIS Pack Vendor :ITTIA_DB I-CUBE-ITTIADB 8.8.0
2026-02-05 10:28:27,610 [INFO] ThirdParty:1030 - CMSIS Pack Vendor :STMicroelectronics X-CUBE-AI 7.1.0
2026-02-05 10:28:27,610 [INFO] ThirdParty:1030 - CMSIS Pack Vendor :STMicroelectronics X-CUBE-TOUCHGFX 4.19.1
2026-02-05 10:28:27,610 [INFO] ThirdParty:1030 - CMSIS Pack Vendor :STMicroelectronics FP-SNS-MOTENV1 4.3.2
2026-02-05 10:28:27,610 [INFO] ThirdParty:1030 - CMSIS Pack Vendor :STMicroelectronics X-CUBE-BLE1 6.2.3
2026-02-05 10:28:27,610 [INFO] ThirdParty:1030 - CMSIS Pack Vendor :STMicroelectronics X-CUBE-BLE1 6.2.4
2026-02-05 10:28:27,611 [INFO] ThirdParty:1030 - CMSIS Pack Vendor :STMicroelectronics FreeRTOS 0.0.1
2026-02-05 10:28:27,611 [INFO] ThirdParty:1030 - CMSIS Pack Vendor :STMicroelectronics X-CUBE-BLEMGR 2.0.0
2026-02-05 10:28:27,611 [INFO] ThirdParty:1030 - CMSIS Pack Vendor :STMicroelectronics X-CUBE-DPower 1.2.0
2026-02-05 10:28:27,611 [INFO] ThirdParty:1030 - CMSIS Pack Vendor :STMicroelectronics X-CUBE-BLE1 6.2.2
2026-02-05 10:28:27,611 [INFO] ThirdParty:1030 - CMSIS Pack Vendor :STMicroelectronics FP-SNS-FLIGHT1 5.0.2
2026-02-05 10:28:27,611 [INFO] ThirdParty:1030 - CMSIS Pack Vendor :STMicroelectronics X-CUBE-BLE2 3.2.2
2026-02-05 10:28:27,611 [INFO] ThirdParty:1030 - CMSIS Pack Vendor :STMicroelectronics X-CUBE-NFC4 2.0.4
2026-02-05 10:28:27,611 [INFO] ThirdParty:1030 - CMSIS Pack Vendor :STMicroelectronics X-CUBE-NFC4 2.0.3
2026-02-05 10:28:27,611 [INFO] ThirdParty:1030 - CMSIS Pack Vendor :STMicroelectronics X-CUBE-AZRTOS-H7 3.1.0
2026-02-05 10:28:27,611 [INFO] ThirdParty:1030 - CMSIS Pack Vendor :STMicroelectronics PDM2PCM 3.3.0
2026-02-05 10:28:27,611 [INFO] ThirdParty:1030 - CMSIS Pack Vendor :STMicroelectronics X-CUBE-SFXS2LP1 3.1.0
2026-02-05 10:28:27,611 [INFO] ThirdParty:1030 - CMSIS Pack Vendor :wolfSSL I-CUBE-wolfSSL 5.1.1
2026-02-05 10:28:27,611 [INFO] ThirdParty:1030 - CMSIS Pack Vendor :STMicroelectronics X-CUBE-AZRTOS-H7 3.4.0
2026-02-05 10:28:27,611 [INFO] ThirdParty:1030 - CMSIS Pack Vendor :STMicroelectronics X-CUBE-DISPLAY 3.0.0
2026-02-05 10:28:27,611 [INFO] ThirdParty:1030 - CMSIS Pack Vendor :STMicroelectronics X-CUBE-AZRTOS-F4 1.0.0
2026-02-05 10:28:27,611 [INFO] ThirdParty:1030 - CMSIS Pack Vendor :STMicroelectronics X-CUBE-BLE1 7.0.0
2026-02-05 10:28:27,611 [INFO] ThirdParty:1030 - CMSIS Pack Vendor :STMicroelectronics X-CUBE-NFC10 1.0.0
2026-02-05 10:28:27,611 [INFO] ThirdParty:1030 - CMSIS Pack Vendor :STMicroelectronics X-CUBE-TOF1 2.0.0
2026-02-05 10:28:27,611 [INFO] ThirdParty:1030 - CMSIS Pack Vendor :STMicroelectronics X-CUBE-BLEMGR 4.0.0
2026-02-05 10:28:27,611 [INFO] ThirdParty:1030 - CMSIS Pack Vendor :STMicroelectronics HAL Drivers 0.0.0
2026-02-05 10:28:27,611 [INFO] ThirdParty:1030 - CMSIS Pack Vendor :STMicroelectronics X-CUBE-ST60 1.1.0
2026-02-05 10:28:27,611 [INFO] ThirdParty:1030 - CMSIS Pack Vendor :STMicroelectronics X-CUBE-FREERTOS 1.3.0
2026-02-05 10:28:27,611 [INFO] ThirdParty:1030 - CMSIS Pack Vendor :STMicroelectronics X-CUBE-NFC7 1.0.1
2026-02-05 10:28:27,611 [INFO] ThirdParty:1030 - CMSIS Pack Vendor :STMicroelectronics MBEDTLS 2.14.1
2026-02-05 10:28:27,611 [INFO] ThirdParty:1030 - CMSIS Pack Vendor :STMicroelectronics X-CUBE-GNSS1 7.1.0
2026-02-05 10:28:27,611 [INFO] ThirdParty:1030 - CMSIS Pack Vendor :STMicroelectronics X-CUBE-NFC7 1.0.0
2026-02-05 10:28:27,611 [INFO] ThirdParty:1030 - CMSIS Pack Vendor :STMicroelectronics X-CUBE-TOUCHGFX 4.26.0
2026-02-05 10:28:27,611 [INFO] ThirdParty:1030 - CMSIS Pack Vendor :STMicroelectronics X-CUBE-SUBG2 4.2.0
2026-02-05 10:28:27,611 [INFO] ThirdParty:1030 - CMSIS Pack Vendor :STMicroelectronics X-CUBE-NFC6 3.0.0
2026-02-05 10:28:27,611 [INFO] ThirdParty:1030 - CMSIS Pack Vendor :STMicroelectronics X-CUBE-EEPRMA1 4.1.0
2026-02-05 10:28:27,611 [INFO] ThirdParty:1030 - CMSIS Pack Vendor :STMicroelectronics X-CUBE-BLEMGR 3.1.0
2026-02-05 10:28:27,611 [INFO] ThirdParty:1030 - CMSIS Pack Vendor :STMicroelectronics X-CUBE-AI 10.0.0
2026-02-05 10:28:27,611 [INFO] ThirdParty:1030 - CMSIS Pack Vendor :STMicroelectronics FP-SNS-STAIOTCFT 1.0.0
2026-02-05 10:28:27,611 [INFO] ThirdParty:1030 - CMSIS Pack Vendor :STMicroelectronics FP-SNS-SMARTAG2 1.2.0
2026-02-05 10:28:27,611 [INFO] ThirdParty:1030 - CMSIS Pack Vendor :STMicroelectronics FP-SNS-FLIGHT1 5.1.0
2026-02-05 10:28:27,611 [INFO] ThirdParty:1030 - CMSIS Pack Vendor :STMicroelectronics X-CUBE-MEMS1 11.1.0
2026-02-05 10:28:27,611 [INFO] ThirdParty:1030 - CMSIS Pack Vendor :STMicroelectronics X-CUBE-AZRTOS-WL 2.0.0
2026-02-05 10:28:27,611 [INFO] ThirdParty:1030 - CMSIS Pack Vendor :STMicroelectronics X-CUBE-ALGOBUILD 1.2.1
2026-02-05 10:28:27,612 [INFO] ThirdParty:1030 - CMSIS Pack Vendor :STMicroelectronics X-CUBE-DPower 1.3.0
2026-02-05 10:28:27,612 [INFO] ThirdParty:1030 - CMSIS Pack Vendor :STMicroelectronics FP-SNS-MOTENV1 5.0.0
2026-02-05 10:28:27,612 [INFO] ThirdParty:1030 - CMSIS Pack Vendor :STMicroelectronics USB_DEVICE 1.0.0
2026-02-05 10:28:27,612 [INFO] ThirdParty:1030 - CMSIS Pack Vendor :STMicroelectronics X-CUBE-AZRTOS-H7RS 1.2.0
2026-02-05 10:28:27,612 [INFO] ThirdParty:1030 - CMSIS Pack Vendor :STMicroelectronics X-CUBE-AI 8.1.0
2026-02-05 10:28:27,612 [INFO] ThirdParty:1030 - CMSIS Pack Vendor :STMicroelectronics X-CUBE-AZRTOS-G0 1.0.0
2026-02-05 10:28:27,612 [INFO] ThirdParty:1030 - CMSIS Pack Vendor :wolfSSL I-CUBE-wolfMQTT 1.19.0
2026-02-05 10:28:27,612 [INFO] ThirdParty:1030 - CMSIS Pack Vendor :STMicroelectronics X-CUBE-AZRTOS-L4 2.0.0
2026-02-05 10:28:27,612 [INFO] ThirdParty:1030 - CMSIS Pack Vendor :STMicroelectronics ThreadX 0.0.2
2026-02-05 10:28:27,612 [INFO] ThirdParty:1030 - CMSIS Pack Vendor :WES I-CUBE-Cesium 1.3.0
2026-02-05 10:28:27,612 [INFO] ThirdParty:1030 - CMSIS Pack Vendor :STMicroelectronics lwIP 2.1.2
2026-02-05 10:28:27,612 [INFO] ThirdParty:1030 - CMSIS Pack Vendor :STMicroelectronics X-CUBE-SFXS2LP1 4.0.0
2026-02-05 10:28:27,612 [INFO] ThirdParty:1030 - CMSIS Pack Vendor :STMicroelectronics X-CUBE-BLE2 3.3.0
2026-02-05 10:28:27,612 [INFO] ThirdParty:1030 - CMSIS Pack Vendor :Avnet-IOTCONNECT X-CUBE-iotc-st67-sdk 1.0.0
2026-02-05 10:28:27,613 [INFO] ThirdParty:1030 - CMSIS Pack Vendor :STMicroelectronics X-CUBE-DISPLAY 2.2.0
2026-02-05 10:28:27,613 [INFO] ThirdParty:1030 - CMSIS Pack Vendor :STMicroelectronics X-CUBE-TOF1 3.2.0
2026-02-05 10:28:27,613 [INFO] ThirdParty:1030 - CMSIS Pack Vendor :STMicroelectronics PDM2PCM 3.2.0
2026-02-05 10:28:27,613 [INFO] ThirdParty:1030 - CMSIS Pack Vendor :STMicroelectronics X-CUBE-TOUCHGFX 4.18.1
2026-02-05 10:28:27,613 [INFO] ThirdParty:1030 - CMSIS Pack Vendor :STMicroelectronics X-CUBE-AZRTOS-H7 3.0.0
2026-02-05 10:28:27,613 [INFO] ThirdParty:1030 - CMSIS Pack Vendor :STMicroelectronics X-CUBE-ISPU 1.1.0
2026-02-05 10:28:27,613 [INFO] ThirdParty:1030 - CMSIS Pack Vendor :STMicroelectronics X-CUBE-AZRTOS-H7 3.3.0
2026-02-05 10:28:27,613 [INFO] ThirdParty:1030 - CMSIS Pack Vendor :RoweBots I-CUBE-UNISONRTOS 5.5.0-4
2026-02-05 10:28:27,613 [INFO] ThirdParty:1030 - CMSIS Pack Vendor :STMicroelectronics X-CUBE-NFC9 1.0.0
2026-02-05 10:28:27,613 [INFO] ThirdParty:1030 - CMSIS Pack Vendor :STMicroelectronics X-CUBE-AZRTOS-H7 2.1.0
2026-02-05 10:28:27,613 [INFO] ThirdParty:1030 - CMSIS Pack Vendor :STMicroelectronics X-CUBE-BLE1 7.1.0
2026-02-05 10:28:27,613 [INFO] ThirdParty:1030 - CMSIS Pack Vendor :STMicroelectronics USB_DEVICE 3.0.0
2026-02-05 10:28:27,613 [INFO] ThirdParty:1030 - CMSIS Pack Vendor :STMicroelectronics X-CUBE-EEPRMA1 5.2.0
2026-02-05 10:28:27,613 [INFO] ThirdParty:1030 - CMSIS Pack Vendor :STMicroelectronics X-CUBE-BLEMGR 4.1.0
2026-02-05 10:28:27,613 [INFO] ThirdParty:1030 - CMSIS Pack Vendor :STMicroelectronics X-CUBE-AI 8.0.0
2026-02-05 10:28:27,613 [INFO] ThirdParty:1030 - CMSIS Pack Vendor :STMicroelectronics X-CUBE-AZRTOS-WB 2.0.0
2026-02-05 10:28:27,613 [INFO] ThirdParty:1030 - CMSIS Pack Vendor :STMicroelectronics X-CUBE-FREERTOS 1.0.1
2026-02-05 10:28:27,613 [INFO] ThirdParty:1030 - CMSIS Pack Vendor :STMicroelectronics X-CUBE-TOUCHGFX 4.21.1
2026-02-05 10:28:27,613 [INFO] ThirdParty:1030 - CMSIS Pack Vendor :STMicroelectronics X-CUBE-GNSS1 7.0.1
2026-02-05 10:28:27,613 [INFO] ThirdParty:1030 - CMSIS Pack Vendor :STMicroelectronics X-CUBE-TOUCHGFX 4.21.3
2026-02-05 10:28:27,613 [INFO] ThirdParty:1030 - CMSIS Pack Vendor :STMicroelectronics X-CUBE-MEMS1 9.4.0
2026-02-05 10:28:27,613 [INFO] ThirdParty:1030 - CMSIS Pack Vendor :STMicroelectronics X-CUBE-AI 7.3.0
2026-02-05 10:28:27,613 [INFO] ThirdParty:1030 - CMSIS Pack Vendor :STMicroelectronics FP-SNS-STBOX1 2.0.0
2026-02-05 10:28:27,613 [INFO] ThirdParty:1030 - CMSIS Pack Vendor :STMicroelectronics X-CUBE-MEMS1 12.0.0
2026-02-05 10:28:27,613 [INFO] ThirdParty:1030 - CMSIS Pack Vendor :STMicroelectronics X-CUBE-ALGOBUILD 1.3.0
2026-02-05 10:28:27,613 [INFO] ThirdParty:1030 - CMSIS Pack Vendor :STMicroelectronics X-CUBE-STSE01 2.0.0
2026-02-05 10:28:27,613 [INFO] ThirdParty:1030 - CMSIS Pack Vendor :STMicroelectronics X-CUBE-AZRTOS-L5 1.1.0
2026-02-05 10:28:27,613 [INFO] ThirdParty:1030 - CMSIS Pack Vendor :STMicroelectronics X-CUBE-AZRTOS-G0 1.1.0
2026-02-05 10:28:27,613 [INFO] ThirdParty:1030 - CMSIS Pack Vendor :STMicroelectronics X-CUBE-SAFEA1 1.2.2
2026-02-05 10:28:27,613 [INFO] ThirdParty:1030 - CMSIS Pack Vendor :STMicroelectronics X-CUBE-NFC4 3.0.0
2026-02-05 10:28:27,613 [INFO] ThirdParty:1030 - CMSIS Pack Vendor :SEGGER I-CUBE-embOS 1.2.0
2026-02-05 10:28:27,613 [INFO] ThirdParty:1030 - CMSIS Pack Vendor :STMicroelectronics X-CUBE-SUBG2 5.0.0
2026-02-05 10:28:27,613 [INFO] ThirdParty:1030 - CMSIS Pack Vendor :STMicroelectronics STM32_WPAN 1.0.0
2026-02-05 10:28:27,613 [INFO] ThirdParty:1030 - CMSIS Pack Vendor :EmbeddedOffice I-CUBE-FS-RTOS 1.0.1
2026-02-05 10:28:27,613 [INFO] ThirdParty:1030 - CMSIS Pack Vendor :STMicroelectronics lwIP 2.0.3
2026-02-05 10:28:27,613 [INFO] ThirdParty:1030 - CMSIS Pack Vendor :Cesanta I-CUBE-Mongoose 7.13.0
2026-02-05 10:28:27,614 [INFO] ThirdParty:1030 - CMSIS Pack Vendor :STMicroelectronics USB_HOST 1.0.0
2026-02-05 10:28:27,614 [INFO] ThirdParty:1030 - CMSIS Pack Vendor :STMicroelectronics X-CUBE-DISPLAY 2.1.0
2026-02-05 10:28:27,614 [INFO] ThirdParty:1030 - CMSIS Pack Vendor :STMicroelectronics X-CUBE-AZRTOS-G4 2.0.0
2026-02-05 10:28:27,614 [INFO] ThirdParty:1030 - CMSIS Pack Vendor :STMicroelectronics X-CUBE-WB05N 2.0.0
2026-02-05 10:28:27,614 [INFO] ThirdParty:1030 - CMSIS Pack Vendor :STMicroelectronics PDM2PCM 3.1.0
2026-02-05 10:28:27,614 [INFO] ThirdParty:1030 - CMSIS Pack Vendor :STMicroelectronics X-CUBE-TOF1 3.3.0
2026-02-05 10:28:27,614 [INFO] ThirdParty:1030 - CMSIS Pack Vendor :STMicroelectronics FP-ATR-ASTRA1 1.1.1
2026-02-05 10:28:27,614 [INFO] ThirdParty:1030 - CMSIS Pack Vendor :Infineon AIROC-Wi-Fi-Bluetooth-STM32 1.5.1
2026-02-05 10:28:27,614 [INFO] ThirdParty:1030 - CMSIS Pack Vendor :STMicroelectronics X-CUBE-BLEMGR 3.0.0
2026-02-05 10:28:27,614 [INFO] ThirdParty:1030 - CMSIS Pack Vendor :STMicroelectronics X-CUBE-BLEMGR 1.3.0
2026-02-05 10:28:27,614 [INFO] ThirdParty:1030 - CMSIS Pack Vendor :STMicroelectronics X-CUBE-NFC7 2.0.0
2026-02-05 10:28:27,614 [INFO] ThirdParty:1030 - CMSIS Pack Vendor :STMicroelectronics X-CUBE-TCPP 4.2.0
2026-02-05 10:28:27,614 [INFO] ThirdParty:1030 - CMSIS Pack Vendor :RealThread X-CUBE-RT-Thread_Nano 4.1.1
2026-02-05 10:28:27,614 [INFO] ThirdParty:1030 - CMSIS Pack Vendor :STMicroelectronics X-CUBE-AZRTOS-H7 2.0.0
2026-02-05 10:28:27,614 [INFO] ThirdParty:1030 - CMSIS Pack Vendor :STMicroelectronics FP-SNS-MOTENVWB1 1.3.1
2026-02-05 10:28:27,614 [INFO] ThirdParty:1030 - CMSIS Pack Vendor :STMicroelectronics FP-ATR-SIGFOX1 3.2.0
2026-02-05 10:28:27,614 [INFO] ThirdParty:1030 - CMSIS Pack Vendor :STMicroelectronics X-CUBE-AZRTOS-G4 1.0.0
2026-02-05 10:28:27,614 [INFO] ThirdParty:1030 - CMSIS Pack Vendor :STMicroelectronics X-CUBE-AZRTOS-L4 1.0.0
2026-02-05 10:28:27,614 [INFO] ThirdParty:1030 - CMSIS Pack Vendor :quantropi X-CUBE-qispace-sdk-base 1.9.3
2026-02-05 10:28:27,614 [INFO] ThirdParty:1030 - CMSIS Pack Vendor :STMicroelectronics X-CUBE-ISPU 2.0.0
2026-02-05 10:28:27,614 [INFO] ThirdParty:1030 - CMSIS Pack Vendor :STMicroelectronics X-CUBE-EEPRMA1 5.1.0
2026-02-05 10:28:27,614 [INFO] ThirdParty:1030 - CMSIS Pack Vendor :STMicroelectronics MBEDTLS 2.16.2
2026-02-05 10:28:27,614 [INFO] ThirdParty:1030 - CMSIS Pack Vendor :STMicroelectronics X-CUBE-IPS 3.1.0
2026-02-05 10:28:27,614 [INFO] ThirdParty:1030 - CMSIS Pack Vendor :STMicroelectronics X-CUBE-ALS 1.0.2
2026-02-05 10:28:27,614 [INFO] ThirdParty:1030 - CMSIS Pack Vendor :emotas I-CUBE-CANOPEN 1.1.2
2026-02-05 10:28:27,614 [INFO] ThirdParty:1030 - CMSIS Pack Vendor :STMicroelectronics X-CUBE-MEMS1 10.0.0
2026-02-05 10:28:27,614 [INFO] ThirdParty:1030 - CMSIS Pack Vendor :STMicroelectronics X-CUBE-FREERTOS 1.1.0
2026-02-05 10:28:27,614 [INFO] ThirdParty:1030 - CMSIS Pack Vendor :STMicroelectronics X-CUBE-AZRTOS-F7 1.0.0
2026-02-05 10:28:27,614 [INFO] ThirdParty:1030 - CMSIS Pack Vendor :STMicroelectronics X-CUBE-TOUCHGFX 4.24.2
2026-02-05 10:28:27,614 [INFO] ThirdParty:1030 - CMSIS Pack Vendor :STMicroelectronics X-CUBE-AZRTOS-WL 1.0.0
2026-02-05 10:28:27,614 [INFO] ThirdParty:1030 - CMSIS Pack Vendor :STMicroelectronics X-CUBE-MEMS1 9.1.0
2026-02-05 10:28:27,614 [INFO] ThirdParty:1030 - CMSIS Pack Vendor :wolfSSL I-CUBE-wolfTPM 3.4.0
2026-02-05 10:28:27,614 [INFO] ThirdParty:1030 - CMSIS Pack Vendor :portGmbH I-Cube-SoM-uGOAL 1.1.0
2026-02-05 10:28:27,614 [INFO] ThirdParty:1030 - CMSIS Pack Vendor :STMicroelectronics X-CUBE-ALS 1.0.1
2026-02-05 10:28:27,614 [INFO] ThirdParty:1030 - CMSIS Pack Vendor :STMicroelectronics X-CUBE-NFC6 3.2.0
2026-02-05 10:28:27,614 [INFO] ThirdParty:1030 - CMSIS Pack Vendor :STMicroelectronics X-CUBE-MEMS1 9.5.0
2026-02-05 10:28:27,614 [INFO] ThirdParty:1030 - CMSIS Pack Vendor :STMicroelectronics X-CUBE-AI 10.2.0
2026-02-05 10:28:27,615 [INFO] ThirdParty:1030 - CMSIS Pack Vendor :STMicroelectronics ThreadX 1.0.0
2026-02-05 10:28:27,615 [INFO] ThirdParty:1030 - CMSIS Pack Vendor :STMicroelectronics X-CUBE-AZRTOS-WB 1.1.0
2026-02-05 10:28:27,615 [INFO] ThirdParty:1030 - CMSIS Pack Vendor :SEGGER I-CUBE-embOS 1.3.1
2026-02-05 10:28:27,615 [INFO] ThirdParty:1030 - CMSIS Pack Vendor :STMicroelectronics X-CUBE-ALGOBUILD 1.4.0
2026-02-05 10:28:27,615 [INFO] ThirdParty:1030 - CMSIS Pack Vendor :STMicroelectronics X-CUBE-AZRTOS-L5 1.0.0
2026-02-05 10:28:27,615 [INFO] ThirdParty:1030 - CMSIS Pack Vendor :STMicroelectronics X-CUBE-EEPRMA1 3.1.0
2026-02-05 10:28:27,615 [INFO] ThirdParty:1030 - CMSIS Pack Vendor :STMicroelectronics X-CUBE-EEPRMA1 3.1.1
2026-02-05 10:28:27,615 [INFO] ThirdParty:1030 - CMSIS Pack Vendor :STMicroelectronics X-CUBE-AZRTOS-H7RS 1.0.0
2026-02-05 10:28:27,615 [INFO] ThirdParty:1030 - CMSIS Pack Vendor :STMicroelectronics X-CUBE-GNSS1 5.2.0
2026-02-05 10:28:27,615 [INFO] ThirdParty:1030 - CMSIS Pack Vendor :STMicroelectronics FP-ATR-ASTRA1 2.0.0
2026-02-05 10:28:27,615 [INFO] ThirdParty:1030 - CMSIS Pack Vendor :STMicroelectronics X-CUBE-TOF1 3.4.2
2026-02-05 10:28:27,615 [INFO] ThirdParty:1030 - CMSIS Pack Vendor :STMicroelectronics X-CUBE-TOF1 3.4.3
2026-02-05 10:28:27,615 [INFO] ThirdParty:1030 - CMSIS Pack Vendor :STMicroelectronics X-CUBE-DISPLAY 2.0.1
2026-02-05 10:28:27,615 [INFO] ThirdParty:1030 - CMSIS Pack Vendor :STMicroelectronics X-CUBE-TOF1 3.4.0
2026-02-05 10:28:27,615 [INFO] ThirdParty:1030 - CMSIS Pack Vendor :STMicroelectronics X-CUBE-TOF1 3.4.1
2026-02-05 10:28:27,615 [INFO] ThirdParty:1030 - CMSIS Pack Vendor :STMicroelectronics X-CUBE-AZRTOS-H7 3.2.0
2026-02-05 10:28:27,615 [INFO] ThirdParty:1030 - CMSIS Pack Vendor :STMicroelectronics X-CUBE-TOF1 3.0.0
2026-02-05 10:28:27,615 [INFO] ThirdParty:1030 - CMSIS Pack Vendor :wolfSSL I-CUBE-wolfSSH 1.4.17
2026-02-05 10:28:27,615 [INFO] ThirdParty:841 - exiting critical section [change project]
2026-02-05 10:28:28,190 [INFO] PinOutPanel:1589 - setPackage(No Configuration,No Configuration)
2026-02-05 10:28:28,191 [INFO] PinOutPanel:1589 - setPackage(STM32L476RGTx,LQFP64)
2026-02-05 10:28:29,218 [INFO] UtilMem:75 - Before build in PCC Used Memory: 942740336 Bytes (1073741824)
2026-02-05 10:28:29,775 [INFO] UtilMem:75 - After build in PCC Used Memory: 820000680 Bytes (1073741824)
2026-02-05 10:28:29,804 [INFO] IPUIPlugin:80 - create IPUIPlugin
2026-02-05 10:28:29,804 [INFO] IPUIPlugin:80 - create IPUIPlugin
2026-02-05 10:28:29,804 [INFO] IPUIPlugin:80 - create IPUIPlugin
2026-02-05 10:28:29,804 [INFO] IPUIPlugin:80 - create IPUIPlugin
2026-02-05 10:28:29,804 [INFO] IPUIPlugin:80 - create IPUIPlugin
2026-02-05 10:28:29,804 [INFO] IPUIPlugin:80 - create IPUIPlugin
2026-02-05 10:28:29,805 [INFO] IPUIPlugin:80 - create IPUIPlugin
2026-02-05 10:28:29,805 [INFO] IPUIPlugin:80 - create IPUIPlugin
2026-02-05 10:28:29,805 [INFO] IPUIPlugin:80 - create IPUIPlugin
2026-02-05 10:28:29,805 [INFO] IPUIPlugin:80 - create IPUIPlugin
2026-02-05 10:28:29,805 [INFO] IPUIPlugin:80 - create IPUIPlugin
2026-02-05 10:28:29,805 [INFO] IPUIPlugin:80 - create IPUIPlugin
2026-02-05 10:28:29,805 [INFO] IPUIPlugin:80 - create IPUIPlugin
2026-02-05 10:28:29,805 [INFO] IPUIPlugin:80 - create IPUIPlugin
2026-02-05 10:28:29,805 [INFO] IPUIPlugin:80 - create IPUIPlugin
2026-02-05 10:28:29,806 [INFO] IPUIPlugin:80 - create IPUIPlugin
2026-02-05 10:28:29,806 [INFO] IPUIPlugin:80 - create IPUIPlugin
2026-02-05 10:28:29,806 [INFO] IPUIPlugin:80 - create IPUIPlugin
2026-02-05 10:28:29,806 [INFO] IPUIPlugin:80 - create IPUIPlugin
2026-02-05 10:28:29,806 [INFO] IPUIPlugin:80 - create IPUIPlugin
2026-02-05 10:28:29,806 [INFO] IPUIPlugin:80 - create IPUIPlugin
2026-02-05 10:28:29,807 [INFO] IPUIPlugin:80 - create IPUIPlugin
2026-02-05 10:28:29,807 [INFO] IPUIPlugin:80 - create IPUIPlugin
2026-02-05 10:28:29,807 [INFO] IPUIPlugin:80 - create IPUIPlugin
2026-02-05 10:28:29,807 [INFO] IPUIPlugin:80 - create IPUIPlugin
2026-02-05 10:28:29,807 [INFO] IPUIPlugin:80 - create IPUIPlugin
2026-02-05 10:28:29,808 [INFO] IPUIPlugin:80 - create IPUIPlugin
2026-02-05 10:28:29,808 [INFO] IPUIPlugin:80 - create IPUIPlugin
2026-02-05 10:28:29,808 [INFO] IPUIPlugin:80 - create IPUIPlugin
2026-02-05 10:28:29,808 [INFO] IPUIPlugin:80 - create IPUIPlugin
2026-02-05 10:28:29,808 [INFO] IPUIPlugin:80 - create IPUIPlugin
2026-02-05 10:28:29,809 [INFO] IPUIPlugin:80 - create IPUIPlugin
2026-02-05 10:28:29,809 [INFO] IPUIPlugin:80 - create IPUIPlugin
2026-02-05 10:28:29,809 [INFO] IPUIPlugin:80 - create IPUIPlugin
2026-02-05 10:28:29,809 [INFO] IPUIPlugin:80 - create IPUIPlugin
2026-02-05 10:28:29,809 [INFO] IPUIPlugin:80 - create IPUIPlugin
2026-02-05 10:28:29,809 [INFO] IPUIPlugin:80 - create IPUIPlugin
2026-02-05 10:28:29,810 [INFO] IPUIPlugin:80 - create IPUIPlugin
2026-02-05 10:28:29,810 [INFO] IPUIPlugin:80 - create IPUIPlugin
2026-02-05 10:28:29,810 [INFO] IPUIPlugin:80 - create IPUIPlugin
2026-02-05 10:28:29,810 [INFO] IPUIPlugin:80 - create IPUIPlugin
2026-02-05 10:28:29,810 [INFO] IPUIPlugin:80 - create IPUIPlugin
2026-02-05 10:28:29,811 [INFO] IPUIPlugin:80 - create IPUIPlugin
2026-02-05 10:28:29,811 [INFO] IPUIPlugin:80 - create IPUIPlugin
2026-02-05 10:28:29,811 [INFO] IPUIPlugin:80 - create IPUIPlugin
2026-02-05 10:28:29,811 [INFO] IPUIPlugin:80 - create IPUIPlugin
2026-02-05 10:28:29,811 [INFO] IPUIPlugin:80 - create IPUIPlugin
2026-02-05 10:28:29,812 [INFO] IPUIPlugin:80 - create IPUIPlugin
2026-02-05 10:28:29,812 [INFO] IPUIPlugin:80 - create IPUIPlugin
2026-02-05 10:28:29,812 [INFO] IPUIPlugin:80 - create IPUIPlugin
2026-02-05 10:28:29,812 [INFO] IPUIPlugin:80 - create IPUIPlugin
2026-02-05 10:28:29,813 [INFO] IPUIPlugin:80 - create IPUIPlugin
2026-02-05 10:28:29,813 [INFO] IPUIPlugin:80 - create IPUIPlugin
2026-02-05 10:28:29,813 [INFO] IPUIPlugin:80 - create IPUIPlugin
2026-02-05 10:28:29,814 [INFO] IPUIPlugin:80 - create IPUIPlugin
2026-02-05 10:28:29,814 [INFO] IPUIPlugin:80 - create IPUIPlugin
2026-02-05 10:28:29,815 [INFO] IPUIPlugin:80 - create IPUIPlugin
2026-02-05 10:28:29,815 [INFO] IPUIPlugin:80 - create IPUIPlugin
2026-02-05 10:28:29,816 [INFO] IPUIPlugin:80 - create IPUIPlugin
2026-02-05 10:28:29,923 [INFO] CADModel:165 - CPN selected for project levelSTM32L476RGT3
2026-02-05 10:28:29,923 [INFO] CADModel:114 - Register for checkConnection events
2026-02-05 10:28:29,979 [INFO] OpenFileManager:385 - Restore cursor
2026-02-05 10:28:52,179 [INFO] Gpio:277 - dependency for GPIO [RCC, SYS, USART2]
2026-02-05 10:31:22,961 [INFO] MainUpdater:2872 - connection check result : 10
2026-02-05 10:31:22,961 [INFO] MainUpdater:2872 - connection check result : 10
2026-02-05 10:31:22,978 [INFO] MicroXplorer:468 - Change Database Path : 
2026-02-05 10:31:22,979 [INFO] MicroXplorer:498 - Change Database Version : DB.6.0.140
2026-02-05 10:31:22,989 [ERROR] ProjectManagerView:394 - 
java.lang.NullPointerException: Cannot invoke "javax.swing.JTextField.getText()" because the return value of "java.util.List.get(int)" is null
	at com.st.microxplorer.plugins.projectmanager.gui.ProjectChoiceTab$9.caretUpdate(ProjectChoiceTab.java:2678) ~[filemanager.jar:?]
	at javax.swing.text.JTextComponent.fireCaretUpdate(JTextComponent.java:408) ~[?:?]
	at javax.swing.text.JTextComponent$MutableCaretEvent.fire(JTextComponent.java:4484) ~[?:?]
	at javax.swing.text.JTextComponent$MutableCaretEvent.stateChanged(JTextComponent.java:4506) ~[?:?]
	at javax.swing.text.DefaultCaret.fireStateChanged(DefaultCaret.java:857) ~[?:?]
	at javax.swing.text.DefaultCaret.changeCaretPosition(DefaultCaret.java:1343) ~[?:?]
	at javax.swing.text.DefaultCaret.handleSetDot(DefaultCaret.java:1242) ~[?:?]
	at javax.swing.text.DefaultCaret.setDot(DefaultCaret.java:1223) ~[?:?]
	at javax.swing.text.DefaultCaret$Handler.insertUpdate(DefaultCaret.java:1819) ~[?:?]
	at javax.swing.text.AbstractDocument.fireInsertUpdate(AbstractDocument.java:227) ~[?:?]
	at javax.swing.text.AbstractDocument.handleInsertString(AbstractDocument.java:781) ~[?:?]
	at javax.swing.text.AbstractDocument.insertString(AbstractDocument.java:740) ~[?:?]
	at javax.swing.text.PlainDocument.insertString(PlainDocument.java:131) ~[?:?]
	at javax.swing.text.AbstractDocument.replace(AbstractDocument.java:699) ~[?:?]
	at javax.swing.text.JTextComponent.setText(JTextComponent.java:1725) ~[?:?]
	at com.st.microxplorer.plugins.projectmanager.gui.ProjectChoiceTab.createHeapStackFields(ProjectChoiceTab.java:979) ~[filemanager.jar:?]
	at com.st.microxplorer.plugins.projectmanager.gui.ProjectChoiceTab.buildLinkSettingsPanel(ProjectChoiceTab.java:3766) ~[filemanager.jar:?]
	at com.st.microxplorer.plugins.projectmanager.gui.ProjectChoiceTab.defineWindowsFields(ProjectChoiceTab.java:1962) ~[filemanager.jar:?]
	at com.st.microxplorer.plugins.projectmanager.gui.ProjectChoiceTab.updateSettings(ProjectChoiceTab.java:555) ~[filemanager.jar:?]
	at com.st.microxplorer.plugins.projectmanager.gui.ProjectSettingsPanel.UpdateDialog(ProjectSettingsPanel.java:245) ~[filemanager.jar:?]
	at com.st.microxplorer.plugins.projectmanager.ProjectManagerView.propertyChange(ProjectManagerView.java:391) ~[filemanager.jar:?]
	at java.beans.PropertyChangeSupport.fire(PropertyChangeSupport.java:343) ~[?:?]
	at java.beans.PropertyChangeSupport.firePropertyChange(PropertyChangeSupport.java:335) ~[?:?]
	at java.beans.PropertyChangeSupport.firePropertyChange(PropertyChangeSupport.java:268) ~[?:?]
	at com.st.microxplorer.util.MXPropertyChangeSupport.firePropertyChange(MXPropertyChangeSupport.java:54) ~[STM32CubeMX.jar:?]
	at com.st.microxplorer.mxsystem.MxSystem.closeConfig(MxSystem.java:899) ~[STM32CubeMX.jar:?]
	at com.st.microxplorer.maingui.MainPanel.closeConfig(MainPanel.java:789) ~[STM32CubeMX.jar:?]
	at com.st.microxplorer.plugins.filemanager.engine.OpenFileManager.loadConfigurationFile(OpenFileManager.java:287) ~[filemanager.jar:?]
	at com.st.microxplorer.plugins.filemanager.engine.MainFileManager.userLoadConfig(MainFileManager.java:341) ~[filemanager.jar:?]
	at com.st.microxplorer.plugins.filemanager.engine.MainFileManager.userLoadConfig(MainFileManager.java:319) ~[filemanager.jar:?]
	at com.st.microxplorer.plugins.filemanager.FileManagerView.getSpecificTask(FileManagerView.java:246) ~[filemanager.jar:?]
	at com.st.stm32cube.common.mx.editor.CubeMxEditor.getMxTabbedPaneInstance(CubeMxEditor.java:1198) ~[com.st.stm32cube.common.mx_6.14.0.202502271554/:?]
	at com.st.stm32cube.common.mx.editor.CubeMxEditor$12$1.createSwingComponent(CubeMxEditor.java:1068) ~[com.st.stm32cube.common.mx_6.14.0.202502271554/:?]
	at com.st.stm32cube.common.mx.oss.core.awtswtbridge.EmbeddedSwingComposite.doComponentCreation(EmbeddedSwingComposite.java:492) ~[com.st.stm32cube.common.mx.oss_6.14.0.202502271554/:?]
	at com.st.stm32cube.common.mx.oss.core.awtswtbridge.EmbeddedSwingComposite$4.run(EmbeddedSwingComposite.java:291) ~[com.st.stm32cube.common.mx.oss_6.14.0.202502271554/:?]
	at com.st.stm32cube.common.mx.oss.core.awtswtbridge.AwtEnvironment$2.run(AwtEnvironment.java:166) ~[com.st.stm32cube.common.mx.oss_6.14.0.202502271554/:?]
	at java.awt.event.InvocationEvent.dispatch(InvocationEvent.java:318) ~[?:?]
	at java.awt.EventQueue.dispatchEventImpl(EventQueue.java:773) ~[?:?]
	at java.awt.EventQueue$4.run(EventQueue.java:720) ~[?:?]
	at java.awt.EventQueue$4.run(EventQueue.java:714) ~[?:?]
	at java.security.AccessController.doPrivileged(AccessController.java:400) ~[?:?]
	at java.security.ProtectionDomain$JavaSecurityAccessImpl.doIntersectionPrivilege(ProtectionDomain.java:87) ~[?:?]
	at java.awt.EventQueue.dispatchEvent(EventQueue.java:742) ~[?:?]
	at java.awt.EventDispatchThread.pumpOneEventForFilters(EventDispatchThread.java:203) ~[?:?]
	at java.awt.EventDispatchThread.pumpEventsForFilter(EventDispatchThread.java:124) ~[?:?]
	at java.awt.EventDispatchThread.pumpEventsForHierarchy(EventDispatchThread.java:113) ~[?:?]
	at java.awt.EventDispatchThread.pumpEvents(EventDispatchThread.java:109) ~[?:?]
	at java.awt.EventDispatchThread.pumpEvents(EventDispatchThread.java:101) ~[?:?]
	at java.awt.EventDispatchThread.run(EventDispatchThread.java:90) ~[?:?]
2026-02-05 10:31:22,990 [WARN] ThirdParty:871 - waiting for thirdparty lock release [close project]
2026-02-05 10:31:22,990 [INFO] ThirdParty:873 - entering critical section [close project]
2026-02-05 10:31:22,990 [INFO] ThirdParty:883 - exiting critical section [close project]
2026-02-05 10:31:22,992 [INFO] PinOutPanel:1589 - setPackage(No Configuration,No Configuration)
2026-02-05 10:31:22,998 [INFO] UtilMem:75 - Begin LoadConfig() Used Memory: 971016936 Bytes (1073741824)
2026-02-05 10:31:22,999 [INFO] MicroXplorer:468 - Change Database Path : 
2026-02-05 10:31:22,999 [INFO] MicroXplorer:498 - Change Database Version : DB.6.0.140
2026-02-05 10:31:22,999 [INFO] OpenFileManager:354 - Change cursor
2026-02-05 10:31:23,028 [INFO] Mcu:2011 - Initializing MCU STM32L476R(C-E-G)Tx STM32L476RGTx STM32L476RGT3
2026-02-05 10:31:25,690 [INFO] Context:756 - Trying to add GPIOservice into a context  which must be forbidden
2026-02-05 10:31:26,662 [INFO] ImportTextPane:218 - (OptionalMessage_ERROR) Pin12 (VP_RIF_VS_RIF1) cannot be retrieved for this MCU
2026-02-05 10:31:26,784 [INFO] RtosManager:558 - Registered RTOS mode: class=CMSIS, group=RTOS, mode=CMSIS_V1, owner=FREERTOS
2026-02-05 10:31:26,784 [INFO] RtosManager:558 - Registered RTOS mode: class=CMSIS, group=RTOS2, mode=CMSIS_V2, owner=FREERTOS
2026-02-05 10:31:26,785 [INFO] RtosManager:558 - Registered RTOS mode: class=RTOS, group=Core, mode=CMSIS_V1, owner=FREERTOS
2026-02-05 10:31:26,785 [INFO] RtosManager:558 - Registered RTOS mode: class=RTOS, group=Core, mode=CMSIS_V2, owner=FREERTOS
2026-02-05 10:31:26,785 [WARN] ModelIntegratedComponent:184 - Missing modes for component STMicroelectronics:FreeRTOS:0.0.1:STMicroelectronics:RTOS:FreeRTOS:Core:::10.2.0:
2026-02-05 10:31:26,789 [WARN] ModelIntegratedComponent:63 - No mode defined for component null
2026-02-05 10:31:26,789 [WARN] ModelIntegratedComponent:63 - No mode defined for component null
2026-02-05 10:31:26,789 [WARN] ModelIntegratedComponent:63 - No mode defined for component null
2026-02-05 10:31:26,789 [WARN] ModelIntegratedComponent:63 - No mode defined for component null
2026-02-05 10:31:26,789 [WARN] ModelIntegratedComponent:63 - No mode defined for component null
2026-02-05 10:31:26,789 [WARN] ModelIntegratedComponent:63 - No mode defined for component null
2026-02-05 10:31:26,789 [WARN] ModelIntegratedComponent:63 - No mode defined for component null
2026-02-05 10:31:26,789 [WARN] ModelIntegratedComponent:63 - No mode defined for component null
2026-02-05 10:31:26,789 [WARN] ModelIntegratedComponent:63 - No mode defined for component null
2026-02-05 10:31:26,789 [WARN] ModelIntegratedComponent:63 - No mode defined for component null
2026-02-05 10:31:26,789 [WARN] ModelIntegratedComponent:63 - No mode defined for component null
2026-02-05 10:31:26,789 [WARN] ModelIntegratedComponent:63 - No mode defined for component null
2026-02-05 10:31:26,789 [WARN] ModelIntegratedComponent:63 - No mode defined for component null
2026-02-05 10:31:26,789 [WARN] ModelIntegratedComponent:63 - No mode defined for component null
2026-02-05 10:31:26,789 [WARN] ModelIntegratedComponent:63 - No mode defined for component null
2026-02-05 10:31:26,789 [WARN] ModelIntegratedComponent:63 - No mode defined for component null
2026-02-05 10:31:26,790 [WARN] ModelIntegratedComponent:63 - No mode defined for component null
2026-02-05 10:31:26,790 [WARN] ModelIntegratedComponent:63 - No mode defined for component null
2026-02-05 10:31:26,790 [WARN] ModelIntegratedComponent:63 - No mode defined for component null
2026-02-05 10:31:26,790 [WARN] ModelIntegratedComponent:63 - No mode defined for component null
2026-02-05 10:31:26,790 [WARN] ModelIntegratedComponent:63 - No mode defined for component null
2026-02-05 10:31:26,790 [WARN] ModelIntegratedComponent:63 - No mode defined for component null
2026-02-05 10:31:26,790 [WARN] ModelIntegratedComponent:63 - No mode defined for component null
2026-02-05 10:31:26,790 [WARN] ModelIntegratedComponent:63 - No mode defined for component null
2026-02-05 10:31:26,790 [WARN] ModelIntegratedComponent:63 - No mode defined for component null
2026-02-05 10:31:26,790 [WARN] ModelIntegratedComponent:63 - No mode defined for component null
2026-02-05 10:31:26,790 [WARN] ModelIntegratedComponent:63 - No mode defined for component null
2026-02-05 10:31:26,790 [WARN] ModelIntegratedComponent:63 - No mode defined for component null
2026-02-05 10:31:26,790 [WARN] ModelIntegratedComponent:63 - No mode defined for component null
2026-02-05 10:31:26,790 [WARN] ModelIntegratedComponent:63 - No mode defined for component null
2026-02-05 10:31:26,790 [WARN] ModelIntegratedComponent:63 - No mode defined for component null
2026-02-05 10:31:26,790 [WARN] ModelIntegratedComponent:63 - No mode defined for component null
2026-02-05 10:31:26,790 [WARN] ModelIntegratedComponent:63 - No mode defined for component null
2026-02-05 10:31:26,790 [WARN] ModelIntegratedComponent:63 - No mode defined for component null
2026-02-05 10:31:26,790 [WARN] ModelIntegratedComponent:63 - No mode defined for component null
2026-02-05 10:31:26,790 [WARN] ModelPack:524 - Component already loaded: STMicroelectronics:HAL Drivers:0.0.0:STMicroelectronics:Device:STMicro_Driver:XSPI:HAL::0.0.1:HAL_XSPI
2026-02-05 10:31:27,356 [INFO] ThirdPartyModel:298 - Start build external matchings
2026-02-05 10:31:35,845 [INFO] ThirdPartyModel:316 - End build external matchings
2026-02-05 10:31:36,017 [INFO] ImportTextPane:218 - (OptionalMessage_ERROR) IP (RCC) : Invalid parameter (FamilyName)
2026-02-05 10:31:36,019 [INFO] ImportTextPane:218 - (OptionalMessage_ERROR) IP (RCC) : Parameter (RNGFreq_Value) has invalid value (64000000)
2026-02-05 10:31:36,019 [INFO] ImportTextPane:218 - (OptionalMessage_ERROR) IP (RCC) : Parameter (SDMMCFreq_Value) has invalid value (64000000)
2026-02-05 10:31:36,019 [INFO] ImportTextPane:218 - (OptionalMessage_ERROR) IP (RCC) : Parameter (USBFreq_Value) has invalid value (64000000)
2026-02-05 10:31:36,411 [INFO] UtilMem:75 - End LoadConfig() Used Memory: 926933904 Bytes (1073741824)
2026-02-05 10:31:36,438 [WARN] ThirdParty:833 - waiting for thirdparty lock release [change project]
2026-02-05 10:31:36,438 [INFO] ThirdParty:835 - entering critical section [change project]
2026-02-05 10:31:36,438 [INFO] ThirdParty:1030 - CMSIS Pack Vendor :STMicroelectronics X-CUBE-PM33A1 1.0.0
2026-02-05 10:31:36,438 [INFO] ThirdParty:1030 - CMSIS Pack Vendor :STMicroelectronics USBPD 4.1
2026-02-05 10:31:36,438 [INFO] ThirdParty:1030 - CMSIS Pack Vendor :STMicroelectronics X-CUBE-GNSS1 6.0.0
2026-02-05 10:31:36,438 [INFO] ThirdParty:1030 - CMSIS Pack Vendor :STMicroelectronics USB_HOST 2.0.0
2026-02-05 10:31:36,438 [INFO] ThirdParty:1030 - CMSIS Pack Vendor :STMicroelectronics FP-SNS-MOTENVWB1 1.4.0
2026-02-05 10:31:36,438 [INFO] ThirdParty:1030 - CMSIS Pack Vendor :STMicroelectronics X-CUBE-AZRTOS-F4 1.1.0
2026-02-05 10:31:36,438 [INFO] ThirdParty:1030 - CMSIS Pack Vendor :STMicroelectronics LIBJPEG 8.0.0
2026-02-05 10:31:36,438 [INFO] ThirdParty:1030 - CMSIS Pack Vendor :STMicroelectronics FP-ATR-ASTRA1 2.0.2
2026-02-05 10:31:36,438 [INFO] ThirdParty:1030 - CMSIS Pack Vendor :STMicroelectronics FP-ATR-ASTRA1 2.0.1
2026-02-05 10:31:36,438 [INFO] ThirdParty:1030 - CMSIS Pack Vendor :STMicroelectronics X-CUBE-SMBUS 2.1.0
2026-02-05 10:31:36,438 [INFO] ThirdParty:1030 - CMSIS Pack Vendor :STMicroelectronics X-CUBE-WB05N 1.1.0
2026-02-05 10:31:36,438 [INFO] ThirdParty:1030 - CMSIS Pack Vendor :STMicroelectronics X-CUBE-ISPU 2.1.0
2026-02-05 10:31:36,438 [INFO] ThirdParty:1030 - CMSIS Pack Vendor :STMicroelectronics X-CUBE-TOUCHGFX 4.23.1
2026-02-05 10:31:36,438 [INFO] ThirdParty:1030 - CMSIS Pack Vendor :STMicroelectronics X-CUBE-TOUCHGFX 4.23.0
2026-02-05 10:31:36,438 [INFO] ThirdParty:1030 - CMSIS Pack Vendor :STMicroelectronics X-CUBE-MEMS1 9.2.0
2026-02-05 10:31:36,438 [INFO] ThirdParty:1030 - CMSIS Pack Vendor :STMicroelectronics X-CUBE-NFC12 1.0.0
2026-02-05 10:31:36,439 [INFO] ThirdParty:1030 - CMSIS Pack Vendor :STMicroelectronics X-CUBE-AZRTOS-F7 1.1.0
2026-02-05 10:31:36,439 [INFO] ThirdParty:1030 - CMSIS Pack Vendor :STMicroelectronics X-CUBE-AZRTOS-L5 2.0.0
2026-02-05 10:31:36,439 [INFO] ThirdParty:1030 - CMSIS Pack Vendor :STMicroelectronics USB_DEVICE 2.0.0
2026-02-05 10:31:36,439 [INFO] ThirdParty:1030 - CMSIS Pack Vendor :STMicroelectronics X-CUBE-NFC6 3.1.0
2026-02-05 10:31:36,439 [INFO] ThirdParty:1030 - CMSIS Pack Vendor :ITTIA_DB I-CUBE-ITTIADB 8.8.0
2026-02-05 10:31:36,439 [INFO] ThirdParty:1030 - CMSIS Pack Vendor :STMicroelectronics X-CUBE-AI 7.1.0
2026-02-05 10:31:36,439 [INFO] ThirdParty:1030 - CMSIS Pack Vendor :STMicroelectronics X-CUBE-TOUCHGFX 4.19.1
2026-02-05 10:31:36,439 [INFO] ThirdParty:1030 - CMSIS Pack Vendor :STMicroelectronics FP-SNS-MOTENV1 4.3.2
2026-02-05 10:31:36,439 [INFO] ThirdParty:1030 - CMSIS Pack Vendor :STMicroelectronics X-CUBE-BLE1 6.2.3
2026-02-05 10:31:36,439 [INFO] ThirdParty:1030 - CMSIS Pack Vendor :STMicroelectronics X-CUBE-BLE1 6.2.4
2026-02-05 10:31:36,439 [INFO] ThirdParty:1030 - CMSIS Pack Vendor :STMicroelectronics FreeRTOS 0.0.1
2026-02-05 10:31:36,439 [INFO] ThirdParty:1030 - CMSIS Pack Vendor :STMicroelectronics X-CUBE-BLEMGR 2.0.0
2026-02-05 10:31:36,439 [INFO] ThirdParty:1030 - CMSIS Pack Vendor :STMicroelectronics X-CUBE-DPower 1.2.0
2026-02-05 10:31:36,439 [INFO] ThirdParty:1030 - CMSIS Pack Vendor :STMicroelectronics X-CUBE-BLE1 6.2.2
2026-02-05 10:31:36,439 [INFO] ThirdParty:1030 - CMSIS Pack Vendor :STMicroelectronics FP-SNS-FLIGHT1 5.0.2
2026-02-05 10:31:36,439 [INFO] ThirdParty:1030 - CMSIS Pack Vendor :STMicroelectronics X-CUBE-BLE2 3.2.2
2026-02-05 10:31:36,439 [INFO] ThirdParty:1030 - CMSIS Pack Vendor :STMicroelectronics X-CUBE-NFC4 2.0.4
2026-02-05 10:31:36,439 [INFO] ThirdParty:1030 - CMSIS Pack Vendor :STMicroelectronics X-CUBE-NFC4 2.0.3
2026-02-05 10:31:36,439 [INFO] ThirdParty:1030 - CMSIS Pack Vendor :STMicroelectronics X-CUBE-AZRTOS-H7 3.1.0
2026-02-05 10:31:36,439 [INFO] ThirdParty:1030 - CMSIS Pack Vendor :STMicroelectronics PDM2PCM 3.3.0
2026-02-05 10:31:36,439 [INFO] ThirdParty:1030 - CMSIS Pack Vendor :STMicroelectronics X-CUBE-SFXS2LP1 3.1.0
2026-02-05 10:31:36,439 [INFO] ThirdParty:1030 - CMSIS Pack Vendor :wolfSSL I-CUBE-wolfSSL 5.1.1
2026-02-05 10:31:36,439 [INFO] ThirdParty:1030 - CMSIS Pack Vendor :STMicroelectronics X-CUBE-AZRTOS-H7 3.4.0
2026-02-05 10:31:36,439 [INFO] ThirdParty:1030 - CMSIS Pack Vendor :STMicroelectronics X-CUBE-DISPLAY 3.0.0
2026-02-05 10:31:36,440 [INFO] ThirdParty:1030 - CMSIS Pack Vendor :STMicroelectronics X-CUBE-AZRTOS-F4 1.0.0
2026-02-05 10:31:36,440 [INFO] ThirdParty:1030 - CMSIS Pack Vendor :STMicroelectronics X-CUBE-BLE1 7.0.0
2026-02-05 10:31:36,440 [INFO] ThirdParty:1030 - CMSIS Pack Vendor :STMicroelectronics X-CUBE-NFC10 1.0.0
2026-02-05 10:31:36,440 [INFO] ThirdParty:1030 - CMSIS Pack Vendor :STMicroelectronics X-CUBE-TOF1 2.0.0
2026-02-05 10:31:36,440 [INFO] ThirdParty:1030 - CMSIS Pack Vendor :STMicroelectronics X-CUBE-BLEMGR 4.0.0
2026-02-05 10:31:36,440 [INFO] ThirdParty:1030 - CMSIS Pack Vendor :STMicroelectronics HAL Drivers 0.0.0
2026-02-05 10:31:36,440 [INFO] ThirdParty:1030 - CMSIS Pack Vendor :STMicroelectronics X-CUBE-ST60 1.1.0
2026-02-05 10:31:36,440 [INFO] ThirdParty:1030 - CMSIS Pack Vendor :STMicroelectronics X-CUBE-FREERTOS 1.3.0
2026-02-05 10:31:36,440 [INFO] ThirdParty:1030 - CMSIS Pack Vendor :STMicroelectronics X-CUBE-NFC7 1.0.1
2026-02-05 10:31:36,440 [INFO] ThirdParty:1030 - CMSIS Pack Vendor :STMicroelectronics MBEDTLS 2.14.1
2026-02-05 10:31:36,440 [INFO] ThirdParty:1030 - CMSIS Pack Vendor :STMicroelectronics X-CUBE-GNSS1 7.1.0
2026-02-05 10:31:36,440 [INFO] ThirdParty:1030 - CMSIS Pack Vendor :STMicroelectronics X-CUBE-NFC7 1.0.0
2026-02-05 10:31:36,440 [INFO] ThirdParty:1030 - CMSIS Pack Vendor :STMicroelectronics X-CUBE-TOUCHGFX 4.26.0
2026-02-05 10:31:36,440 [INFO] ThirdParty:1030 - CMSIS Pack Vendor :STMicroelectronics X-CUBE-SUBG2 4.2.0
2026-02-05 10:31:36,440 [INFO] ThirdParty:1030 - CMSIS Pack Vendor :STMicroelectronics X-CUBE-NFC6 3.0.0
2026-02-05 10:31:36,440 [INFO] ThirdParty:1030 - CMSIS Pack Vendor :STMicroelectronics X-CUBE-EEPRMA1 4.1.0
2026-02-05 10:31:36,440 [INFO] ThirdParty:1030 - CMSIS Pack Vendor :STMicroelectronics X-CUBE-BLEMGR 3.1.0
2026-02-05 10:31:36,440 [INFO] ThirdParty:1030 - CMSIS Pack Vendor :STMicroelectronics X-CUBE-AI 10.0.0
2026-02-05 10:31:36,440 [INFO] ThirdParty:1030 - CMSIS Pack Vendor :STMicroelectronics FP-SNS-STAIOTCFT 1.0.0
2026-02-05 10:31:36,440 [INFO] ThirdParty:1030 - CMSIS Pack Vendor :STMicroelectronics FP-SNS-SMARTAG2 1.2.0
2026-02-05 10:31:36,440 [INFO] ThirdParty:1030 - CMSIS Pack Vendor :STMicroelectronics FP-SNS-FLIGHT1 5.1.0
2026-02-05 10:31:36,440 [INFO] ThirdParty:1030 - CMSIS Pack Vendor :STMicroelectronics X-CUBE-MEMS1 11.1.0
2026-02-05 10:31:36,440 [INFO] ThirdParty:1030 - CMSIS Pack Vendor :STMicroelectronics X-CUBE-AZRTOS-WL 2.0.0
2026-02-05 10:31:36,440 [INFO] ThirdParty:1030 - CMSIS Pack Vendor :STMicroelectronics X-CUBE-ALGOBUILD 1.2.1
2026-02-05 10:31:36,440 [INFO] ThirdParty:1030 - CMSIS Pack Vendor :STMicroelectronics X-CUBE-DPower 1.3.0
2026-02-05 10:31:36,440 [INFO] ThirdParty:1030 - CMSIS Pack Vendor :STMicroelectronics FP-SNS-MOTENV1 5.0.0
2026-02-05 10:31:36,440 [INFO] ThirdParty:1030 - CMSIS Pack Vendor :STMicroelectronics USB_DEVICE 1.0.0
2026-02-05 10:31:36,440 [INFO] ThirdParty:1030 - CMSIS Pack Vendor :STMicroelectronics X-CUBE-AZRTOS-H7RS 1.2.0
2026-02-05 10:31:36,440 [INFO] ThirdParty:1030 - CMSIS Pack Vendor :STMicroelectronics X-CUBE-AI 8.1.0
2026-02-05 10:31:36,440 [INFO] ThirdParty:1030 - CMSIS Pack Vendor :STMicroelectronics X-CUBE-AZRTOS-G0 1.0.0
2026-02-05 10:31:36,440 [INFO] ThirdParty:1030 - CMSIS Pack Vendor :wolfSSL I-CUBE-wolfMQTT 1.19.0
2026-02-05 10:31:36,440 [INFO] ThirdParty:1030 - CMSIS Pack Vendor :STMicroelectronics X-CUBE-AZRTOS-L4 2.0.0
2026-02-05 10:31:36,440 [INFO] ThirdParty:1030 - CMSIS Pack Vendor :STMicroelectronics ThreadX 0.0.2
2026-02-05 10:31:36,440 [INFO] ThirdParty:1030 - CMSIS Pack Vendor :WES I-CUBE-Cesium 1.3.0
2026-02-05 10:31:36,440 [INFO] ThirdParty:1030 - CMSIS Pack Vendor :STMicroelectronics lwIP 2.1.2
2026-02-05 10:31:36,440 [INFO] ThirdParty:1030 - CMSIS Pack Vendor :STMicroelectronics X-CUBE-SFXS2LP1 4.0.0
2026-02-05 10:31:36,440 [INFO] ThirdParty:1030 - CMSIS Pack Vendor :STMicroelectronics X-CUBE-BLE2 3.3.0
2026-02-05 10:31:36,440 [INFO] ThirdParty:1030 - CMSIS Pack Vendor :Avnet-IOTCONNECT X-CUBE-iotc-st67-sdk 1.0.0
2026-02-05 10:31:36,441 [INFO] ThirdParty:1030 - CMSIS Pack Vendor :STMicroelectronics X-CUBE-DISPLAY 2.2.0
2026-02-05 10:31:36,441 [INFO] ThirdParty:1030 - CMSIS Pack Vendor :STMicroelectronics X-CUBE-TOF1 3.2.0
2026-02-05 10:31:36,441 [INFO] ThirdParty:1030 - CMSIS Pack Vendor :STMicroelectronics PDM2PCM 3.2.0
2026-02-05 10:31:36,441 [INFO] ThirdParty:1030 - CMSIS Pack Vendor :STMicroelectronics X-CUBE-TOUCHGFX 4.18.1
2026-02-05 10:31:36,441 [INFO] ThirdParty:1030 - CMSIS Pack Vendor :STMicroelectronics X-CUBE-AZRTOS-H7 3.0.0
2026-02-05 10:31:36,441 [INFO] ThirdParty:1030 - CMSIS Pack Vendor :STMicroelectronics X-CUBE-ISPU 1.1.0
2026-02-05 10:31:36,441 [INFO] ThirdParty:1030 - CMSIS Pack Vendor :STMicroelectronics X-CUBE-AZRTOS-H7 3.3.0
2026-02-05 10:31:36,441 [INFO] ThirdParty:1030 - CMSIS Pack Vendor :RoweBots I-CUBE-UNISONRTOS 5.5.0-4
2026-02-05 10:31:36,441 [INFO] ThirdParty:1030 - CMSIS Pack Vendor :STMicroelectronics X-CUBE-NFC9 1.0.0
2026-02-05 10:31:36,441 [INFO] ThirdParty:1030 - CMSIS Pack Vendor :STMicroelectronics X-CUBE-AZRTOS-H7 2.1.0
2026-02-05 10:31:36,441 [INFO] ThirdParty:1030 - CMSIS Pack Vendor :STMicroelectronics X-CUBE-BLE1 7.1.0
2026-02-05 10:31:36,441 [INFO] ThirdParty:1030 - CMSIS Pack Vendor :STMicroelectronics USB_DEVICE 3.0.0
2026-02-05 10:31:36,441 [INFO] ThirdParty:1030 - CMSIS Pack Vendor :STMicroelectronics X-CUBE-EEPRMA1 5.2.0
2026-02-05 10:31:36,441 [INFO] ThirdParty:1030 - CMSIS Pack Vendor :STMicroelectronics X-CUBE-BLEMGR 4.1.0
2026-02-05 10:31:36,441 [INFO] ThirdParty:1030 - CMSIS Pack Vendor :STMicroelectronics X-CUBE-AI 8.0.0
2026-02-05 10:31:36,441 [INFO] ThirdParty:1030 - CMSIS Pack Vendor :STMicroelectronics X-CUBE-AZRTOS-WB 2.0.0
2026-02-05 10:31:36,441 [INFO] ThirdParty:1030 - CMSIS Pack Vendor :STMicroelectronics X-CUBE-FREERTOS 1.0.1
2026-02-05 10:31:36,441 [INFO] ThirdParty:1030 - CMSIS Pack Vendor :STMicroelectronics X-CUBE-TOUCHGFX 4.21.1
2026-02-05 10:31:36,441 [INFO] ThirdParty:1030 - CMSIS Pack Vendor :STMicroelectronics X-CUBE-GNSS1 7.0.1
2026-02-05 10:31:36,441 [INFO] ThirdParty:1030 - CMSIS Pack Vendor :STMicroelectronics X-CUBE-TOUCHGFX 4.21.3
2026-02-05 10:31:36,441 [INFO] ThirdParty:1030 - CMSIS Pack Vendor :STMicroelectronics X-CUBE-MEMS1 9.4.0
2026-02-05 10:31:36,441 [INFO] ThirdParty:1030 - CMSIS Pack Vendor :STMicroelectronics X-CUBE-AI 7.3.0
2026-02-05 10:31:36,441 [INFO] ThirdParty:1030 - CMSIS Pack Vendor :STMicroelectronics FP-SNS-STBOX1 2.0.0
2026-02-05 10:31:36,441 [INFO] ThirdParty:1030 - CMSIS Pack Vendor :STMicroelectronics X-CUBE-MEMS1 12.0.0
2026-02-05 10:31:36,441 [INFO] ThirdParty:1030 - CMSIS Pack Vendor :STMicroelectronics X-CUBE-ALGOBUILD 1.3.0
2026-02-05 10:31:36,441 [INFO] ThirdParty:1030 - CMSIS Pack Vendor :STMicroelectronics X-CUBE-STSE01 2.0.0
2026-02-05 10:31:36,441 [INFO] ThirdParty:1030 - CMSIS Pack Vendor :STMicroelectronics X-CUBE-AZRTOS-L5 1.1.0
2026-02-05 10:31:36,441 [INFO] ThirdParty:1030 - CMSIS Pack Vendor :STMicroelectronics X-CUBE-AZRTOS-G0 1.1.0
2026-02-05 10:31:36,441 [INFO] ThirdParty:1030 - CMSIS Pack Vendor :STMicroelectronics X-CUBE-SAFEA1 1.2.2
2026-02-05 10:31:36,441 [INFO] ThirdParty:1030 - CMSIS Pack Vendor :STMicroelectronics X-CUBE-NFC4 3.0.0
2026-02-05 10:31:36,441 [INFO] ThirdParty:1030 - CMSIS Pack Vendor :SEGGER I-CUBE-embOS 1.2.0
2026-02-05 10:31:36,441 [INFO] ThirdParty:1030 - CMSIS Pack Vendor :STMicroelectronics X-CUBE-SUBG2 5.0.0
2026-02-05 10:31:36,442 [INFO] ThirdParty:1030 - CMSIS Pack Vendor :STMicroelectronics STM32_WPAN 1.0.0
2026-02-05 10:31:36,442 [INFO] ThirdParty:1030 - CMSIS Pack Vendor :EmbeddedOffice I-CUBE-FS-RTOS 1.0.1
2026-02-05 10:31:36,442 [INFO] ThirdParty:1030 - CMSIS Pack Vendor :STMicroelectronics lwIP 2.0.3
2026-02-05 10:31:36,442 [INFO] ThirdParty:1030 - CMSIS Pack Vendor :Cesanta I-CUBE-Mongoose 7.13.0
2026-02-05 10:31:36,442 [INFO] ThirdParty:1030 - CMSIS Pack Vendor :STMicroelectronics USB_HOST 1.0.0
2026-02-05 10:31:36,442 [INFO] ThirdParty:1030 - CMSIS Pack Vendor :STMicroelectronics X-CUBE-DISPLAY 2.1.0
2026-02-05 10:31:36,442 [INFO] ThirdParty:1030 - CMSIS Pack Vendor :STMicroelectronics X-CUBE-AZRTOS-G4 2.0.0
2026-02-05 10:31:36,442 [INFO] ThirdParty:1030 - CMSIS Pack Vendor :STMicroelectronics X-CUBE-WB05N 2.0.0
2026-02-05 10:31:36,442 [INFO] ThirdParty:1030 - CMSIS Pack Vendor :STMicroelectronics PDM2PCM 3.1.0
2026-02-05 10:31:36,442 [INFO] ThirdParty:1030 - CMSIS Pack Vendor :STMicroelectronics X-CUBE-TOF1 3.3.0
2026-02-05 10:31:36,442 [INFO] ThirdParty:1030 - CMSIS Pack Vendor :STMicroelectronics FP-ATR-ASTRA1 1.1.1
2026-02-05 10:31:36,442 [INFO] ThirdParty:1030 - CMSIS Pack Vendor :Infineon AIROC-Wi-Fi-Bluetooth-STM32 1.5.1
2026-02-05 10:31:36,442 [INFO] ThirdParty:1030 - CMSIS Pack Vendor :STMicroelectronics X-CUBE-BLEMGR 3.0.0
2026-02-05 10:31:36,442 [INFO] ThirdParty:1030 - CMSIS Pack Vendor :STMicroelectronics X-CUBE-BLEMGR 1.3.0
2026-02-05 10:31:36,442 [INFO] ThirdParty:1030 - CMSIS Pack Vendor :STMicroelectronics X-CUBE-NFC7 2.0.0
2026-02-05 10:31:36,442 [INFO] ThirdParty:1030 - CMSIS Pack Vendor :STMicroelectronics X-CUBE-TCPP 4.2.0
2026-02-05 10:31:36,442 [INFO] ThirdParty:1030 - CMSIS Pack Vendor :RealThread X-CUBE-RT-Thread_Nano 4.1.1
2026-02-05 10:31:36,442 [INFO] ThirdParty:1030 - CMSIS Pack Vendor :STMicroelectronics X-CUBE-AZRTOS-H7 2.0.0
2026-02-05 10:31:36,442 [INFO] ThirdParty:1030 - CMSIS Pack Vendor :STMicroelectronics FP-SNS-MOTENVWB1 1.3.1
2026-02-05 10:31:36,442 [INFO] ThirdParty:1030 - CMSIS Pack Vendor :STMicroelectronics FP-ATR-SIGFOX1 3.2.0
2026-02-05 10:31:36,442 [INFO] ThirdParty:1030 - CMSIS Pack Vendor :STMicroelectronics X-CUBE-AZRTOS-G4 1.0.0
2026-02-05 10:31:36,442 [INFO] ThirdParty:1030 - CMSIS Pack Vendor :STMicroelectronics X-CUBE-AZRTOS-L4 1.0.0
2026-02-05 10:31:36,442 [INFO] ThirdParty:1030 - CMSIS Pack Vendor :quantropi X-CUBE-qispace-sdk-base 1.9.3
2026-02-05 10:31:36,442 [INFO] ThirdParty:1030 - CMSIS Pack Vendor :STMicroelectronics X-CUBE-ISPU 2.0.0
2026-02-05 10:31:36,442 [INFO] ThirdParty:1030 - CMSIS Pack Vendor :STMicroelectronics X-CUBE-EEPRMA1 5.1.0
2026-02-05 10:31:36,442 [INFO] ThirdParty:1030 - CMSIS Pack Vendor :STMicroelectronics MBEDTLS 2.16.2
2026-02-05 10:31:36,442 [INFO] ThirdParty:1030 - CMSIS Pack Vendor :STMicroelectronics X-CUBE-IPS 3.1.0
2026-02-05 10:31:36,442 [INFO] ThirdParty:1030 - CMSIS Pack Vendor :STMicroelectronics X-CUBE-ALS 1.0.2
2026-02-05 10:31:36,442 [INFO] ThirdParty:1030 - CMSIS Pack Vendor :emotas I-CUBE-CANOPEN 1.1.2
2026-02-05 10:31:36,442 [INFO] ThirdParty:1030 - CMSIS Pack Vendor :STMicroelectronics X-CUBE-MEMS1 10.0.0
2026-02-05 10:31:36,442 [INFO] ThirdParty:1030 - CMSIS Pack Vendor :STMicroelectronics X-CUBE-FREERTOS 1.1.0
2026-02-05 10:31:36,442 [INFO] ThirdParty:1030 - CMSIS Pack Vendor :STMicroelectronics X-CUBE-AZRTOS-F7 1.0.0
2026-02-05 10:31:36,442 [INFO] ThirdParty:1030 - CMSIS Pack Vendor :STMicroelectronics X-CUBE-TOUCHGFX 4.24.2
2026-02-05 10:31:36,442 [INFO] ThirdParty:1030 - CMSIS Pack Vendor :STMicroelectronics X-CUBE-AZRTOS-WL 1.0.0
2026-02-05 10:31:36,442 [INFO] ThirdParty:1030 - CMSIS Pack Vendor :STMicroelectronics X-CUBE-MEMS1 9.1.0
2026-02-05 10:31:36,442 [INFO] ThirdParty:1030 - CMSIS Pack Vendor :wolfSSL I-CUBE-wolfTPM 3.4.0
2026-02-05 10:31:36,442 [INFO] ThirdParty:1030 - CMSIS Pack Vendor :portGmbH I-Cube-SoM-uGOAL 1.1.0
2026-02-05 10:31:36,442 [INFO] ThirdParty:1030 - CMSIS Pack Vendor :STMicroelectronics X-CUBE-ALS 1.0.1
2026-02-05 10:31:36,442 [INFO] ThirdParty:1030 - CMSIS Pack Vendor :STMicroelectronics X-CUBE-NFC6 3.2.0
2026-02-05 10:31:36,442 [INFO] ThirdParty:1030 - CMSIS Pack Vendor :STMicroelectronics X-CUBE-MEMS1 9.5.0
2026-02-05 10:31:36,442 [INFO] ThirdParty:1030 - CMSIS Pack Vendor :STMicroelectronics X-CUBE-AI 10.2.0
2026-02-05 10:31:36,442 [INFO] ThirdParty:1030 - CMSIS Pack Vendor :STMicroelectronics ThreadX 1.0.0
2026-02-05 10:31:36,443 [INFO] ThirdParty:1030 - CMSIS Pack Vendor :STMicroelectronics X-CUBE-AZRTOS-WB 1.1.0
2026-02-05 10:31:36,443 [INFO] ThirdParty:1030 - CMSIS Pack Vendor :SEGGER I-CUBE-embOS 1.3.1
2026-02-05 10:31:36,443 [INFO] ThirdParty:1030 - CMSIS Pack Vendor :STMicroelectronics X-CUBE-ALGOBUILD 1.4.0
2026-02-05 10:31:36,443 [INFO] ThirdParty:1030 - CMSIS Pack Vendor :STMicroelectronics X-CUBE-AZRTOS-L5 1.0.0
2026-02-05 10:31:36,443 [INFO] ThirdParty:1030 - CMSIS Pack Vendor :STMicroelectronics X-CUBE-EEPRMA1 3.1.0
2026-02-05 10:31:36,443 [INFO] ThirdParty:1030 - CMSIS Pack Vendor :STMicroelectronics X-CUBE-EEPRMA1 3.1.1
2026-02-05 10:31:36,443 [INFO] ThirdParty:1030 - CMSIS Pack Vendor :STMicroelectronics X-CUBE-AZRTOS-H7RS 1.0.0
2026-02-05 10:31:36,443 [INFO] ThirdParty:1030 - CMSIS Pack Vendor :STMicroelectronics X-CUBE-GNSS1 5.2.0
2026-02-05 10:31:36,443 [INFO] ThirdParty:1030 - CMSIS Pack Vendor :STMicroelectronics FP-ATR-ASTRA1 2.0.0
2026-02-05 10:31:36,443 [INFO] ThirdParty:1030 - CMSIS Pack Vendor :STMicroelectronics X-CUBE-TOF1 3.4.2
2026-02-05 10:31:36,443 [INFO] ThirdParty:1030 - CMSIS Pack Vendor :STMicroelectronics X-CUBE-TOF1 3.4.3
2026-02-05 10:31:36,443 [INFO] ThirdParty:1030 - CMSIS Pack Vendor :STMicroelectronics X-CUBE-DISPLAY 2.0.1
2026-02-05 10:31:36,443 [INFO] ThirdParty:1030 - CMSIS Pack Vendor :STMicroelectronics X-CUBE-TOF1 3.4.0
2026-02-05 10:31:36,443 [INFO] ThirdParty:1030 - CMSIS Pack Vendor :STMicroelectronics X-CUBE-TOF1 3.4.1
2026-02-05 10:31:36,443 [INFO] ThirdParty:1030 - CMSIS Pack Vendor :STMicroelectronics X-CUBE-AZRTOS-H7 3.2.0
2026-02-05 10:31:36,443 [INFO] ThirdParty:1030 - CMSIS Pack Vendor :STMicroelectronics X-CUBE-TOF1 3.0.0
2026-02-05 10:31:36,443 [INFO] ThirdParty:1030 - CMSIS Pack Vendor :wolfSSL I-CUBE-wolfSSH 1.4.17
2026-02-05 10:31:36,444 [INFO] ThirdParty:841 - exiting critical section [change project]
2026-02-05 10:31:36,778 [INFO] PinOutPanel:1589 - setPackage(No Configuration,No Configuration)
2026-02-05 10:31:36,779 [INFO] PinOutPanel:1589 - setPackage(STM32L476RGTx,LQFP64)
2026-02-05 10:31:37,674 [INFO] UtilMem:75 - Before build in PCC Used Memory: 930702776 Bytes (1073741824)
2026-02-05 10:31:38,262 [INFO] UtilMem:75 - After build in PCC Used Memory: 808561344 Bytes (1073741824)
2026-02-05 10:31:38,293 [INFO] IPUIPlugin:80 - create IPUIPlugin
2026-02-05 10:31:38,293 [INFO] IPUIPlugin:80 - create IPUIPlugin
2026-02-05 10:31:38,293 [INFO] IPUIPlugin:80 - create IPUIPlugin
2026-02-05 10:31:38,293 [INFO] IPUIPlugin:80 - create IPUIPlugin
2026-02-05 10:31:38,293 [INFO] IPUIPlugin:80 - create IPUIPlugin
2026-02-05 10:31:38,293 [INFO] IPUIPlugin:80 - create IPUIPlugin
2026-02-05 10:31:38,294 [INFO] IPUIPlugin:80 - create IPUIPlugin
2026-02-05 10:31:38,295 [INFO] IPUIPlugin:80 - create IPUIPlugin
2026-02-05 10:31:38,295 [INFO] IPUIPlugin:80 - create IPUIPlugin
2026-02-05 10:31:38,295 [INFO] IPUIPlugin:80 - create IPUIPlugin
2026-02-05 10:31:38,296 [INFO] IPUIPlugin:80 - create IPUIPlugin
2026-02-05 10:31:38,296 [INFO] IPUIPlugin:80 - create IPUIPlugin
2026-02-05 10:31:38,296 [INFO] IPUIPlugin:80 - create IPUIPlugin
2026-02-05 10:31:38,296 [INFO] IPUIPlugin:80 - create IPUIPlugin
2026-02-05 10:31:38,296 [INFO] IPUIPlugin:80 - create IPUIPlugin
2026-02-05 10:31:38,296 [INFO] IPUIPlugin:80 - create IPUIPlugin
2026-02-05 10:31:38,296 [INFO] IPUIPlugin:80 - create IPUIPlugin
2026-02-05 10:31:38,296 [INFO] IPUIPlugin:80 - create IPUIPlugin
2026-02-05 10:31:38,296 [INFO] IPUIPlugin:80 - create IPUIPlugin
2026-02-05 10:31:38,297 [INFO] IPUIPlugin:80 - create IPUIPlugin
2026-02-05 10:31:38,297 [INFO] IPUIPlugin:80 - create IPUIPlugin
2026-02-05 10:31:38,297 [INFO] IPUIPlugin:80 - create IPUIPlugin
2026-02-05 10:31:38,297 [INFO] IPUIPlugin:80 - create IPUIPlugin
2026-02-05 10:31:38,297 [INFO] IPUIPlugin:80 - create IPUIPlugin
2026-02-05 10:31:38,297 [INFO] IPUIPlugin:80 - create IPUIPlugin
2026-02-05 10:31:38,297 [INFO] IPUIPlugin:80 - create IPUIPlugin
2026-02-05 10:31:38,298 [INFO] IPUIPlugin:80 - create IPUIPlugin
2026-02-05 10:31:38,298 [INFO] IPUIPlugin:80 - create IPUIPlugin
2026-02-05 10:31:38,298 [INFO] IPUIPlugin:80 - create IPUIPlugin
2026-02-05 10:31:38,298 [INFO] IPUIPlugin:80 - create IPUIPlugin
2026-02-05 10:31:38,299 [INFO] IPUIPlugin:80 - create IPUIPlugin
2026-02-05 10:31:38,300 [INFO] IPUIPlugin:80 - create IPUIPlugin
2026-02-05 10:31:38,300 [INFO] IPUIPlugin:80 - create IPUIPlugin
2026-02-05 10:31:38,300 [INFO] IPUIPlugin:80 - create IPUIPlugin
2026-02-05 10:31:38,300 [INFO] IPUIPlugin:80 - create IPUIPlugin
2026-02-05 10:31:38,301 [INFO] IPUIPlugin:80 - create IPUIPlugin
2026-02-05 10:31:38,301 [INFO] IPUIPlugin:80 - create IPUIPlugin
2026-02-05 10:31:38,301 [INFO] IPUIPlugin:80 - create IPUIPlugin
2026-02-05 10:31:38,301 [INFO] IPUIPlugin:80 - create IPUIPlugin
2026-02-05 10:31:38,301 [INFO] IPUIPlugin:80 - create IPUIPlugin
2026-02-05 10:31:38,301 [INFO] IPUIPlugin:80 - create IPUIPlugin
2026-02-05 10:31:38,302 [INFO] IPUIPlugin:80 - create IPUIPlugin
2026-02-05 10:31:38,302 [INFO] IPUIPlugin:80 - create IPUIPlugin
2026-02-05 10:31:38,302 [INFO] IPUIPlugin:80 - create IPUIPlugin
2026-02-05 10:31:38,302 [INFO] IPUIPlugin:80 - create IPUIPlugin
2026-02-05 10:31:38,302 [INFO] IPUIPlugin:80 - create IPUIPlugin
2026-02-05 10:31:38,303 [INFO] IPUIPlugin:80 - create IPUIPlugin
2026-02-05 10:31:38,303 [INFO] IPUIPlugin:80 - create IPUIPlugin
2026-02-05 10:31:38,303 [INFO] IPUIPlugin:80 - create IPUIPlugin
2026-02-05 10:31:38,303 [INFO] IPUIPlugin:80 - create IPUIPlugin
2026-02-05 10:31:38,304 [INFO] IPUIPlugin:80 - create IPUIPlugin
2026-02-05 10:31:38,304 [INFO] IPUIPlugin:80 - create IPUIPlugin
2026-02-05 10:31:38,304 [INFO] IPUIPlugin:80 - create IPUIPlugin
2026-02-05 10:31:38,305 [INFO] IPUIPlugin:80 - create IPUIPlugin
2026-02-05 10:31:38,305 [INFO] IPUIPlugin:80 - create IPUIPlugin
2026-02-05 10:31:38,305 [INFO] IPUIPlugin:80 - create IPUIPlugin
2026-02-05 10:31:38,306 [INFO] IPUIPlugin:80 - create IPUIPlugin
2026-02-05 10:31:38,306 [INFO] IPUIPlugin:80 - create IPUIPlugin
2026-02-05 10:31:38,306 [INFO] IPUIPlugin:80 - create IPUIPlugin
2026-02-05 10:31:38,468 [INFO] CADModel:165 - CPN selected for project levelSTM32L476RGT3
2026-02-05 10:31:38,468 [INFO] CADModel:114 - Register for checkConnection events
2026-02-05 10:31:38,532 [INFO] OpenFileManager:385 - Restore cursor
2026-02-05 10:36:28,807 [INFO] I2cTimingTraitement:330 - 0x10D19CE4
2026-02-05 10:36:56,304 [INFO] I2cTimingTraitement:330 - 0x10D19CE4
2026-02-05 10:38:45,587 [INFO] UtilMem:75 - End SaveConfig() Used Memory: 890104552 Bytes (1073741824)
2026-02-05 10:38:48,586 [INFO] UtilMem:75 - End SaveConfig() Used Memory: 968718840 Bytes (1073741824)
2026-02-05 10:38:49,039 [INFO] BlockDiagram:2775 - set Specific Code input for plugin: SYS
2026-02-05 10:38:49,039 [INFO] BlockDiagram:2775 - set Specific Code input for plugin: RCC
2026-02-05 10:38:49,039 [INFO] BlockDiagram:2775 - set Specific Code input for plugin: I2C
2026-02-05 10:38:49,039 [INFO] BlockDiagram:2775 - set Specific Code input for plugin: NVIC
2026-02-05 10:38:49,040 [INFO] BlockDiagram:2775 - set Specific Code input for plugin: USART
2026-02-05 10:38:49,040 [INFO] BlockDiagram:2775 - set Specific Code input for plugin: GPIO
2026-02-05 10:38:49,041 [INFO] CodeGenerator:882 - code generatio: config db path: C:\ST\STM32CubeIDE_1.17.0\STM32CubeIDE\plugins\com.st.stm32cube.common.mx_6.14.0.202502271554\\db\
2026-02-05 10:38:49,342 [INFO] CodeEngine:263 - oldGeneratedFile, C:\Users\G45\Documents\DUBOSCLARD_LOZANO\BE-AffichageLCD\MXTmpFiles\license.tmp_save
2026-02-05 10:38:49,882 [INFO] CodeEngine:287 - Generated code: C:\Users\G45\Documents\DUBOSCLARD_LOZANO\BE-AffichageLCD\MXTmpFiles\license.tmp
2026-02-05 10:38:50,018 [INFO] CodeEngine:263 - oldGeneratedFile, C:\Users\G45\Documents\DUBOSCLARD_LOZANO\BE-AffichageLCD\MXTmpFiles\gpio.tmp_save
2026-02-05 10:38:50,374 [INFO] CodeEngine:287 - Generated code: C:\Users\G45\Documents\DUBOSCLARD_LOZANO\BE-AffichageLCD\MXTmpFiles\gpio.tmp
2026-02-05 10:38:50,797 [INFO] CodeEngine:263 - oldGeneratedFile, C:\Users\G45\Documents\DUBOSCLARD_LOZANO\BE-AffichageLCD\Core\Src\stm32l4xx_it.c_save
2026-02-05 10:38:51,276 [INFO] CodeEngine:287 - Generated code: C:\Users\G45\Documents\DUBOSCLARD_LOZANO\BE-AffichageLCD\Core\Src\stm32l4xx_it.c
2026-02-05 10:38:51,286 [INFO] CodeEngine:263 - oldGeneratedFile, C:\Users\G45\Documents\DUBOSCLARD_LOZANO\BE-AffichageLCD\Core\Inc\stm32l4xx_it.h_save
2026-02-05 10:38:51,426 [INFO] CodeEngine:287 - Generated code: C:\Users\G45\Documents\DUBOSCLARD_LOZANO\BE-AffichageLCD\Core\Inc\stm32l4xx_it.h
2026-02-05 10:38:51,461 [INFO] CodeEngine:263 - oldGeneratedFile, C:\Users\G45\Documents\DUBOSCLARD_LOZANO\BE-AffichageLCD\Core\Src\stm32l4xx_hal_msp.c_save
2026-02-05 10:38:51,781 [INFO] CodeEngine:287 - Generated code: C:\Users\G45\Documents\DUBOSCLARD_LOZANO\BE-AffichageLCD\Core\Src\stm32l4xx_hal_msp.c
2026-02-05 10:38:51,810 [INFO] CodeEngine:263 - oldGeneratedFile, C:\Users\G45\Documents\DUBOSCLARD_LOZANO\BE-AffichageLCD\MXTmpFiles\system.tmp_save
2026-02-05 10:38:51,913 [INFO] CodeEngine:287 - Generated code: C:\Users\G45\Documents\DUBOSCLARD_LOZANO\BE-AffichageLCD\MXTmpFiles\system.tmp
2026-02-05 10:38:51,943 [INFO] CodeEngine:319 - oldGeneratedFile, C:\Users\G45\Documents\DUBOSCLARD_LOZANO\BE-AffichageLCD\Core\Inc\stm32l4xx_hal_conf.h_save
2026-02-05 10:38:52,137 [INFO] CodeEngine:343 - Generated code: C:\Users\G45\Documents\DUBOSCLARD_LOZANO\BE-AffichageLCD\Core\Inc\stm32l4xx_hal_conf.h
2026-02-05 10:38:52,200 [INFO] ApiDbMcu:508 - Load IP Config File for I2C1
2026-02-05 10:38:52,223 [INFO] ApiDbMcu:508 - Load IP Config File for USART2
2026-02-05 10:38:52,232 [INFO] ApiDbMcu:508 - Load IP Config File for RCC
2026-02-05 10:38:52,277 [INFO] CodeEngine:263 - oldGeneratedFile, C:\Users\G45\Documents\DUBOSCLARD_LOZANO\BE-AffichageLCD\Core\Inc\main.h_save
2026-02-05 10:38:52,483 [INFO] CodeEngine:287 - Generated code: C:\Users\G45\Documents\DUBOSCLARD_LOZANO\BE-AffichageLCD\Core\Inc\main.h
2026-02-05 10:38:52,507 [INFO] CodeEngine:263 - oldGeneratedFile, C:\Users\G45\Documents\DUBOSCLARD_LOZANO\BE-AffichageLCD\Core\Src\main.c_save
2026-02-05 10:38:52,738 [INFO] CodeEngine:287 - Generated code: C:\Users\G45\Documents\DUBOSCLARD_LOZANO\BE-AffichageLCD\Core\Src\main.c
2026-02-05 10:38:53,378 [INFO] ProjectBuilder:3324 - Time for Copy HAL[1] : 232mS.
2026-02-05 10:38:53,385 [INFO] ProjectBuilder:4912 - Project Generator version: 4.6.0-B36
2026-02-05 10:38:53,610 [INFO] ConfigFileManager:1590 - The Die is : DIE415
2026-02-05 10:38:53,615 [INFO] ApiDbMcu:508 - Load IP Config File for FATFS
2026-02-05 10:38:53,620 [INFO] ApiDbMcu:508 - Load IP Config File for FREERTOS
2026-02-05 10:38:53,638 [INFO] ApiDbMcu:508 - Load IP Config File for TOUCHSENSING
2026-02-05 10:38:53,657 [INFO] ApiDbMcu:508 - Load IP Config File for USB_DEVICE
2026-02-05 10:38:53,661 [INFO] ApiDbMcu:508 - Load IP Config File for USB_HOST
2026-02-05 10:38:56,018 [INFO] ProjectBuilder:5191 - Time for Generating toolchain IDE Files: 2633mS.
2026-02-05 10:38:56,019 [INFO] ProjectBuilder:3181 - Time for Copy CMSIS : 1mS.
2026-02-05 10:38:56,022 [INFO] ProjectBuilder:3181 - Time for Copy CMSIS : 0mS.
2026-02-05 10:43:09,362 [INFO] NvicIntPanel:101 - NVIC parent = com.st.microxplorer.plugins.ip.nvic.MultiNvicIntPanel[,0,0,468x274,layout=javax.swing.BoxLayout,alignmentX=0.0,alignmentY=0.0,border=,flags=9,maximumSize=,minimumSize=,preferredSize=]
2026-02-05 10:44:29,336 [INFO] I2cTimingTraitement:330 - 0x10D19CE4
2026-02-05 10:44:35,570 [INFO] UtilMem:75 - End SaveConfig() Used Memory: 994312088 Bytes (1073741824)
2026-02-05 10:44:36,838 [INFO] UtilMem:75 - End SaveConfig() Used Memory: 793277736 Bytes (1073741824)
2026-02-05 10:44:39,688 [INFO] UtilMem:75 - End SaveConfig() Used Memory: 898135336 Bytes (1073741824)
2026-02-05 10:44:40,351 [INFO] BlockDiagram:2775 - set Specific Code input for plugin: SYS
2026-02-05 10:44:40,351 [INFO] BlockDiagram:2775 - set Specific Code input for plugin: RCC
2026-02-05 10:44:40,351 [INFO] BlockDiagram:2775 - set Specific Code input for plugin: I2C
2026-02-05 10:44:40,352 [INFO] BlockDiagram:2775 - set Specific Code input for plugin: NVIC
2026-02-05 10:44:40,352 [INFO] BlockDiagram:2775 - set Specific Code input for plugin: USART
2026-02-05 10:44:40,352 [INFO] BlockDiagram:2775 - set Specific Code input for plugin: GPIO
2026-02-05 10:44:40,353 [INFO] CodeGenerator:882 - code generatio: config db path: C:\ST\STM32CubeIDE_1.17.0\STM32CubeIDE\plugins\com.st.stm32cube.common.mx_6.14.0.202502271554\\db\
2026-02-05 10:44:40,515 [INFO] CodeEngine:263 - oldGeneratedFile, C:\Users\G45\Documents\DUBOSCLARD_LOZANO\BE-AffichageLCD\MXTmpFiles\license.tmp_save
2026-02-05 10:44:40,989 [INFO] CodeEngine:287 - Generated code: C:\Users\G45\Documents\DUBOSCLARD_LOZANO\BE-AffichageLCD\MXTmpFiles\license.tmp
2026-02-05 10:44:41,078 [INFO] CodeEngine:263 - oldGeneratedFile, C:\Users\G45\Documents\DUBOSCLARD_LOZANO\BE-AffichageLCD\MXTmpFiles\gpio.tmp_save
2026-02-05 10:44:41,428 [INFO] CodeEngine:287 - Generated code: C:\Users\G45\Documents\DUBOSCLARD_LOZANO\BE-AffichageLCD\MXTmpFiles\gpio.tmp
2026-02-05 10:44:41,921 [INFO] CodeEngine:263 - oldGeneratedFile, C:\Users\G45\Documents\DUBOSCLARD_LOZANO\BE-AffichageLCD\Core\Src\stm32l4xx_it.c_save
2026-02-05 10:44:42,378 [INFO] CodeEngine:287 - Generated code: C:\Users\G45\Documents\DUBOSCLARD_LOZANO\BE-AffichageLCD\Core\Src\stm32l4xx_it.c
2026-02-05 10:44:42,388 [INFO] CodeEngine:263 - oldGeneratedFile, C:\Users\G45\Documents\DUBOSCLARD_LOZANO\BE-AffichageLCD\Core\Inc\stm32l4xx_it.h_save
2026-02-05 10:44:42,508 [INFO] CodeEngine:287 - Generated code: C:\Users\G45\Documents\DUBOSCLARD_LOZANO\BE-AffichageLCD\Core\Inc\stm32l4xx_it.h
2026-02-05 10:44:42,541 [INFO] CodeEngine:263 - oldGeneratedFile, C:\Users\G45\Documents\DUBOSCLARD_LOZANO\BE-AffichageLCD\Core\Src\stm32l4xx_hal_msp.c_save
2026-02-05 10:44:42,807 [INFO] CodeEngine:287 - Generated code: C:\Users\G45\Documents\DUBOSCLARD_LOZANO\BE-AffichageLCD\Core\Src\stm32l4xx_hal_msp.c
2026-02-05 10:44:42,812 [INFO] CodeEngine:263 - oldGeneratedFile, C:\Users\G45\Documents\DUBOSCLARD_LOZANO\BE-AffichageLCD\MXTmpFiles\system.tmp_save
2026-02-05 10:44:42,948 [INFO] CodeEngine:287 - Generated code: C:\Users\G45\Documents\DUBOSCLARD_LOZANO\BE-AffichageLCD\MXTmpFiles\system.tmp
2026-02-05 10:44:42,977 [INFO] CodeEngine:319 - oldGeneratedFile, C:\Users\G45\Documents\DUBOSCLARD_LOZANO\BE-AffichageLCD\Core\Inc\stm32l4xx_hal_conf.h_save
2026-02-05 10:44:43,194 [INFO] CodeEngine:343 - Generated code: C:\Users\G45\Documents\DUBOSCLARD_LOZANO\BE-AffichageLCD\Core\Inc\stm32l4xx_hal_conf.h
2026-02-05 10:44:43,297 [INFO] CodeEngine:263 - oldGeneratedFile, C:\Users\G45\Documents\DUBOSCLARD_LOZANO\BE-AffichageLCD\Core\Inc\main.h_save
2026-02-05 10:44:43,494 [INFO] CodeEngine:287 - Generated code: C:\Users\G45\Documents\DUBOSCLARD_LOZANO\BE-AffichageLCD\Core\Inc\main.h
2026-02-05 10:44:43,517 [INFO] CodeEngine:263 - oldGeneratedFile, C:\Users\G45\Documents\DUBOSCLARD_LOZANO\BE-AffichageLCD\Core\Src\main.c_save
2026-02-05 10:44:43,753 [INFO] CodeEngine:287 - Generated code: C:\Users\G45\Documents\DUBOSCLARD_LOZANO\BE-AffichageLCD\Core\Src\main.c
2026-02-05 10:44:44,151 [INFO] ProjectBuilder:3324 - Time for Copy HAL[1] : 173mS.
2026-02-05 10:44:44,157 [INFO] ProjectBuilder:4912 - Project Generator version: 4.6.0-B36
2026-02-05 10:44:44,346 [INFO] ConfigFileManager:1590 - The Die is : DIE415
2026-02-05 10:44:47,044 [INFO] ProjectBuilder:5191 - Time for Generating toolchain IDE Files: 2887mS.
2026-02-05 10:44:47,045 [INFO] ProjectBuilder:3181 - Time for Copy CMSIS : 0mS.
2026-02-05 10:44:47,126 [INFO] ProjectBuilder:3181 - Time for Copy CMSIS : 0mS.
2026-02-05 10:45:41,199 [INFO] UtilMem:75 - End SaveConfig() Used Memory: 803561096 Bytes (1073741824)
2026-02-05 10:45:42,423 [INFO] UtilMem:75 - End SaveConfig() Used Memory: 834753840 Bytes (1073741824)
2026-02-05 10:45:45,271 [INFO] UtilMem:75 - End SaveConfig() Used Memory: 900030088 Bytes (1073741824)
2026-02-05 10:45:45,506 [INFO] BlockDiagram:2775 - set Specific Code input for plugin: SYS
2026-02-05 10:45:45,506 [INFO] BlockDiagram:2775 - set Specific Code input for plugin: RCC
2026-02-05 10:45:45,506 [INFO] BlockDiagram:2775 - set Specific Code input for plugin: I2C
2026-02-05 10:45:45,506 [INFO] BlockDiagram:2775 - set Specific Code input for plugin: NVIC
2026-02-05 10:45:45,506 [INFO] BlockDiagram:2775 - set Specific Code input for plugin: USART
2026-02-05 10:45:45,506 [INFO] BlockDiagram:2775 - set Specific Code input for plugin: GPIO
2026-02-05 10:45:45,507 [INFO] CodeGenerator:882 - code generatio: config db path: C:\ST\STM32CubeIDE_1.17.0\STM32CubeIDE\plugins\com.st.stm32cube.common.mx_6.14.0.202502271554\\db\
2026-02-05 10:45:45,710 [INFO] CodeEngine:263 - oldGeneratedFile, C:\Users\G45\Documents\DUBOSCLARD_LOZANO\BE-AffichageLCD\MXTmpFiles\license.tmp_save
2026-02-05 10:45:45,875 [INFO] CodeEngine:287 - Generated code: C:\Users\G45\Documents\DUBOSCLARD_LOZANO\BE-AffichageLCD\MXTmpFiles\license.tmp
2026-02-05 10:45:45,916 [INFO] CodeEngine:263 - oldGeneratedFile, C:\Users\G45\Documents\DUBOSCLARD_LOZANO\BE-AffichageLCD\Core\Src\gpio.c_save
2026-02-05 10:45:46,113 [INFO] CodeEngine:287 - Generated code: C:\Users\G45\Documents\DUBOSCLARD_LOZANO\BE-AffichageLCD\Core\Src\gpio.c
2026-02-05 10:45:46,119 [INFO] CodeEngine:263 - oldGeneratedFile, C:\Users\G45\Documents\DUBOSCLARD_LOZANO\BE-AffichageLCD\Core\Inc\gpio.h_save
2026-02-05 10:45:46,193 [INFO] CodeEngine:287 - Generated code: C:\Users\G45\Documents\DUBOSCLARD_LOZANO\BE-AffichageLCD\Core\Inc\gpio.h
2026-02-05 10:45:46,344 [INFO] CodeEngine:263 - oldGeneratedFile, C:\Users\G45\Documents\DUBOSCLARD_LOZANO\BE-AffichageLCD\Core\Src\i2c.c_save
2026-02-05 10:45:46,535 [INFO] CodeEngine:287 - Generated code: C:\Users\G45\Documents\DUBOSCLARD_LOZANO\BE-AffichageLCD\Core\Src\i2c.c
2026-02-05 10:45:46,540 [INFO] CodeEngine:263 - oldGeneratedFile, C:\Users\G45\Documents\DUBOSCLARD_LOZANO\BE-AffichageLCD\Core\Inc\i2c.h_save
2026-02-05 10:45:46,647 [INFO] CodeEngine:287 - Generated code: C:\Users\G45\Documents\DUBOSCLARD_LOZANO\BE-AffichageLCD\Core\Inc\i2c.h
2026-02-05 10:45:46,660 [INFO] CodeEngine:263 - oldGeneratedFile, C:\Users\G45\Documents\DUBOSCLARD_LOZANO\BE-AffichageLCD\Core\Src\usart.c_save
2026-02-05 10:45:46,773 [INFO] CodeEngine:287 - Generated code: C:\Users\G45\Documents\DUBOSCLARD_LOZANO\BE-AffichageLCD\Core\Src\usart.c
2026-02-05 10:45:46,777 [INFO] CodeEngine:263 - oldGeneratedFile, C:\Users\G45\Documents\DUBOSCLARD_LOZANO\BE-AffichageLCD\Core\Inc\usart.h_save
2026-02-05 10:45:46,846 [INFO] CodeEngine:287 - Generated code: C:\Users\G45\Documents\DUBOSCLARD_LOZANO\BE-AffichageLCD\Core\Inc\usart.h
2026-02-05 10:45:46,871 [INFO] CodeEngine:263 - oldGeneratedFile, C:\Users\G45\Documents\DUBOSCLARD_LOZANO\BE-AffichageLCD\Core\Src\stm32l4xx_it.c_save
2026-02-05 10:45:46,987 [INFO] CodeEngine:287 - Generated code: C:\Users\G45\Documents\DUBOSCLARD_LOZANO\BE-AffichageLCD\Core\Src\stm32l4xx_it.c
2026-02-05 10:45:46,993 [INFO] CodeEngine:263 - oldGeneratedFile, C:\Users\G45\Documents\DUBOSCLARD_LOZANO\BE-AffichageLCD\Core\Inc\stm32l4xx_it.h_save
2026-02-05 10:45:47,062 [INFO] CodeEngine:287 - Generated code: C:\Users\G45\Documents\DUBOSCLARD_LOZANO\BE-AffichageLCD\Core\Inc\stm32l4xx_it.h
2026-02-05 10:45:47,088 [INFO] CodeEngine:263 - oldGeneratedFile, C:\Users\G45\Documents\DUBOSCLARD_LOZANO\BE-AffichageLCD\Core\Src\stm32l4xx_hal_msp.c_save
2026-02-05 10:45:47,197 [INFO] CodeEngine:287 - Generated code: C:\Users\G45\Documents\DUBOSCLARD_LOZANO\BE-AffichageLCD\Core\Src\stm32l4xx_hal_msp.c
2026-02-05 10:45:47,204 [INFO] CodeEngine:263 - oldGeneratedFile, C:\Users\G45\Documents\DUBOSCLARD_LOZANO\BE-AffichageLCD\MXTmpFiles\system.tmp_save
2026-02-05 10:45:47,267 [INFO] CodeEngine:287 - Generated code: C:\Users\G45\Documents\DUBOSCLARD_LOZANO\BE-AffichageLCD\MXTmpFiles\system.tmp
2026-02-05 10:45:47,294 [INFO] CodeEngine:319 - oldGeneratedFile, C:\Users\G45\Documents\DUBOSCLARD_LOZANO\BE-AffichageLCD\Core\Inc\stm32l4xx_hal_conf.h_save
2026-02-05 10:45:47,411 [INFO] CodeEngine:343 - Generated code: C:\Users\G45\Documents\DUBOSCLARD_LOZANO\BE-AffichageLCD\Core\Inc\stm32l4xx_hal_conf.h
2026-02-05 10:45:47,471 [INFO] CodeEngine:263 - oldGeneratedFile, C:\Users\G45\Documents\DUBOSCLARD_LOZANO\BE-AffichageLCD\Core\Inc\main.h_save
2026-02-05 10:45:47,577 [INFO] CodeEngine:287 - Generated code: C:\Users\G45\Documents\DUBOSCLARD_LOZANO\BE-AffichageLCD\Core\Inc\main.h
2026-02-05 10:45:47,595 [INFO] CodeEngine:263 - oldGeneratedFile, C:\Users\G45\Documents\DUBOSCLARD_LOZANO\BE-AffichageLCD\Core\Src\main.c_save
2026-02-05 10:45:47,742 [INFO] CodeEngine:287 - Generated code: C:\Users\G45\Documents\DUBOSCLARD_LOZANO\BE-AffichageLCD\Core\Src\main.c
2026-02-05 10:45:48,068 [INFO] ProjectBuilder:3324 - Time for Copy HAL[1] : 145mS.
2026-02-05 10:45:48,071 [INFO] ProjectBuilder:4912 - Project Generator version: 4.6.0-B36
2026-02-05 10:45:48,186 [INFO] ConfigFileManager:1590 - The Die is : DIE415
2026-02-05 10:45:50,980 [INFO] ProjectBuilder:5191 - Time for Generating toolchain IDE Files: 2909mS.
2026-02-05 10:45:50,981 [INFO] ProjectBuilder:3181 - Time for Copy CMSIS : 0mS.
2026-02-05 10:45:51,033 [INFO] ProjectBuilder:3181 - Time for Copy CMSIS : 0mS.
2026-02-05 10:56:38,072 [INFO] I2cTimingTraitement:330 - 0x10D19CE4
2026-02-05 10:56:38,693 [INFO] I2cTimingTraitement:330 - 0x10D19CE4
2026-02-05 10:56:43,497 [INFO] I2cTimingTraitement:330 - 0x10D19CE4
2026-02-05 10:56:43,915 [INFO] I2cTimingTraitement:330 - 0x10D19CE4
2026-02-05 10:56:48,037 [INFO] UtilMem:75 - End SaveConfig() Used Memory: 784171624 Bytes (1073741824)
2026-02-05 10:56:49,058 [INFO] UtilMem:75 - End SaveConfig() Used Memory: 822385064 Bytes (1073741824)
2026-02-05 10:56:51,652 [INFO] UtilMem:75 - End SaveConfig() Used Memory: 935631272 Bytes (1073741824)
2026-02-05 10:56:52,788 [INFO] BlockDiagram:2775 - set Specific Code input for plugin: SYS
2026-02-05 10:56:52,789 [INFO] BlockDiagram:2775 - set Specific Code input for plugin: RCC
2026-02-05 10:56:52,790 [INFO] BlockDiagram:2775 - set Specific Code input for plugin: I2C
2026-02-05 10:56:52,790 [INFO] BlockDiagram:2775 - set Specific Code input for plugin: NVIC
2026-02-05 10:56:52,791 [INFO] BlockDiagram:2775 - set Specific Code input for plugin: USART
2026-02-05 10:56:52,793 [INFO] BlockDiagram:2775 - set Specific Code input for plugin: GPIO
2026-02-05 10:56:52,795 [INFO] CodeGenerator:882 - code generatio: config db path: C:\ST\STM32CubeIDE_1.17.0\STM32CubeIDE\plugins\com.st.stm32cube.common.mx_6.14.0.202502271554\\db\
2026-02-05 10:56:52,928 [INFO] CodeEngine:263 - oldGeneratedFile, C:\Users\G45\Documents\DUBOSCLARD_LOZANO\BE-AffichageLCD\MXTmpFiles\license.tmp_save
2026-02-05 10:56:53,402 [INFO] CodeEngine:287 - Generated code: C:\Users\G45\Documents\DUBOSCLARD_LOZANO\BE-AffichageLCD\MXTmpFiles\license.tmp
2026-02-05 10:56:53,551 [INFO] CodeEngine:263 - oldGeneratedFile, C:\Users\G45\Documents\DUBOSCLARD_LOZANO\BE-AffichageLCD\Core\Src\gpio.c_save
2026-02-05 10:56:53,915 [INFO] CodeEngine:287 - Generated code: C:\Users\G45\Documents\DUBOSCLARD_LOZANO\BE-AffichageLCD\Core\Src\gpio.c
2026-02-05 10:56:53,924 [INFO] CodeEngine:263 - oldGeneratedFile, C:\Users\G45\Documents\DUBOSCLARD_LOZANO\BE-AffichageLCD\Core\Inc\gpio.h_save
2026-02-05 10:56:54,054 [INFO] CodeEngine:287 - Generated code: C:\Users\G45\Documents\DUBOSCLARD_LOZANO\BE-AffichageLCD\Core\Inc\gpio.h
2026-02-05 10:56:54,386 [INFO] CodeEngine:263 - oldGeneratedFile, C:\Users\G45\Documents\DUBOSCLARD_LOZANO\BE-AffichageLCD\Core\Src\i2c.c_save
2026-02-05 10:56:54,652 [INFO] CodeEngine:287 - Generated code: C:\Users\G45\Documents\DUBOSCLARD_LOZANO\BE-AffichageLCD\Core\Src\i2c.c
2026-02-05 10:56:54,676 [INFO] CodeEngine:263 - oldGeneratedFile, C:\Users\G45\Documents\DUBOSCLARD_LOZANO\BE-AffichageLCD\Core\Inc\i2c.h_save
2026-02-05 10:56:54,852 [INFO] CodeEngine:287 - Generated code: C:\Users\G45\Documents\DUBOSCLARD_LOZANO\BE-AffichageLCD\Core\Inc\i2c.h
2026-02-05 10:56:54,879 [INFO] CodeEngine:263 - oldGeneratedFile, C:\Users\G45\Documents\DUBOSCLARD_LOZANO\BE-AffichageLCD\Core\Src\usart.c_save
2026-02-05 10:56:55,082 [INFO] CodeEngine:287 - Generated code: C:\Users\G45\Documents\DUBOSCLARD_LOZANO\BE-AffichageLCD\Core\Src\usart.c
2026-02-05 10:56:55,090 [INFO] CodeEngine:263 - oldGeneratedFile, C:\Users\G45\Documents\DUBOSCLARD_LOZANO\BE-AffichageLCD\Core\Inc\usart.h_save
2026-02-05 10:56:55,211 [INFO] CodeEngine:287 - Generated code: C:\Users\G45\Documents\DUBOSCLARD_LOZANO\BE-AffichageLCD\Core\Inc\usart.h
2026-02-05 10:56:55,241 [INFO] CodeEngine:263 - oldGeneratedFile, C:\Users\G45\Documents\DUBOSCLARD_LOZANO\BE-AffichageLCD\Core\Src\stm32l4xx_it.c_save
2026-02-05 10:56:55,591 [INFO] CodeEngine:287 - Generated code: C:\Users\G45\Documents\DUBOSCLARD_LOZANO\BE-AffichageLCD\Core\Src\stm32l4xx_it.c
2026-02-05 10:56:55,601 [INFO] CodeEngine:263 - oldGeneratedFile, C:\Users\G45\Documents\DUBOSCLARD_LOZANO\BE-AffichageLCD\Core\Inc\stm32l4xx_it.h_save
2026-02-05 10:56:55,708 [INFO] CodeEngine:287 - Generated code: C:\Users\G45\Documents\DUBOSCLARD_LOZANO\BE-AffichageLCD\Core\Inc\stm32l4xx_it.h
2026-02-05 10:56:55,739 [INFO] CodeEngine:263 - oldGeneratedFile, C:\Users\G45\Documents\DUBOSCLARD_LOZANO\BE-AffichageLCD\Core\Src\stm32l4xx_hal_msp.c_save
2026-02-05 10:56:55,913 [INFO] CodeEngine:287 - Generated code: C:\Users\G45\Documents\DUBOSCLARD_LOZANO\BE-AffichageLCD\Core\Src\stm32l4xx_hal_msp.c
2026-02-05 10:56:55,919 [INFO] CodeEngine:263 - oldGeneratedFile, C:\Users\G45\Documents\DUBOSCLARD_LOZANO\BE-AffichageLCD\MXTmpFiles\system.tmp_save
2026-02-05 10:56:56,002 [INFO] CodeEngine:287 - Generated code: C:\Users\G45\Documents\DUBOSCLARD_LOZANO\BE-AffichageLCD\MXTmpFiles\system.tmp
2026-02-05 10:56:56,031 [INFO] CodeEngine:319 - oldGeneratedFile, C:\Users\G45\Documents\DUBOSCLARD_LOZANO\BE-AffichageLCD\Core\Inc\stm32l4xx_hal_conf.h_save
2026-02-05 10:56:56,203 [INFO] CodeEngine:343 - Generated code: C:\Users\G45\Documents\DUBOSCLARD_LOZANO\BE-AffichageLCD\Core\Inc\stm32l4xx_hal_conf.h
2026-02-05 10:56:56,275 [INFO] CodeEngine:263 - oldGeneratedFile, C:\Users\G45\Documents\DUBOSCLARD_LOZANO\BE-AffichageLCD\Core\Inc\main.h_save
2026-02-05 10:56:56,431 [INFO] CodeEngine:287 - Generated code: C:\Users\G45\Documents\DUBOSCLARD_LOZANO\BE-AffichageLCD\Core\Inc\main.h
2026-02-05 10:56:56,455 [INFO] CodeEngine:263 - oldGeneratedFile, C:\Users\G45\Documents\DUBOSCLARD_LOZANO\BE-AffichageLCD\Core\Src\main.c_save
2026-02-05 10:56:56,621 [INFO] CodeEngine:287 - Generated code: C:\Users\G45\Documents\DUBOSCLARD_LOZANO\BE-AffichageLCD\Core\Src\main.c
2026-02-05 10:56:57,126 [INFO] ProjectBuilder:3324 - Time for Copy HAL[1] : 195mS.
2026-02-05 10:56:57,130 [INFO] ProjectBuilder:4912 - Project Generator version: 4.6.0-B36
2026-02-05 10:56:57,338 [INFO] ConfigFileManager:1590 - The Die is : DIE415
2026-02-05 10:56:59,788 [INFO] ProjectBuilder:5191 - Time for Generating toolchain IDE Files: 2658mS.
2026-02-05 10:56:59,789 [INFO] ProjectBuilder:3181 - Time for Copy CMSIS : 1mS.
2026-02-05 10:56:59,792 [INFO] ProjectBuilder:3181 - Time for Copy CMSIS : 1mS.
2026-02-05 11:29:47,570 [INFO] I2cTimingTraitement:330 - 0x10D19CE4
2026-02-05 11:31:15,654 [INFO] UtilMem:75 - End SaveConfig() Used Memory: 807827504 Bytes (1073741824)
2026-02-05 11:31:17,163 [INFO] UtilMem:75 - End SaveConfig() Used Memory: 839343048 Bytes (1073741824)
2026-02-05 11:31:18,789 [INFO] UtilMem:75 - End SaveConfig() Used Memory: 946239536 Bytes (1073741824)
2026-02-05 11:31:19,590 [INFO] BlockDiagram:2775 - set Specific Code input for plugin: SYS
2026-02-05 11:31:19,590 [INFO] BlockDiagram:2775 - set Specific Code input for plugin: RCC
2026-02-05 11:31:19,590 [INFO] BlockDiagram:2775 - set Specific Code input for plugin: I2C
2026-02-05 11:31:19,591 [INFO] BlockDiagram:2775 - set Specific Code input for plugin: NVIC
2026-02-05 11:31:19,591 [INFO] BlockDiagram:2775 - set Specific Code input for plugin: USART
2026-02-05 11:31:19,591 [INFO] BlockDiagram:2775 - set Specific Code input for plugin: GPIO
2026-02-05 11:31:19,593 [INFO] CodeGenerator:882 - code generatio: config db path: C:\ST\STM32CubeIDE_1.17.0\STM32CubeIDE\plugins\com.st.stm32cube.common.mx_6.14.0.202502271554\\db\
2026-02-05 11:31:19,814 [INFO] CodeEngine:263 - oldGeneratedFile, C:\Users\G45\Documents\DUBOSCLARD_LOZANO\BE-AffichageLCD\MXTmpFiles\license.tmp_save
2026-02-05 11:31:20,316 [INFO] CodeEngine:287 - Generated code: C:\Users\G45\Documents\DUBOSCLARD_LOZANO\BE-AffichageLCD\MXTmpFiles\license.tmp
2026-02-05 11:31:20,492 [INFO] CodeEngine:263 - oldGeneratedFile, C:\Users\G45\Documents\DUBOSCLARD_LOZANO\BE-AffichageLCD\Core\Src\gpio.c_save
2026-02-05 11:31:20,832 [INFO] CodeEngine:287 - Generated code: C:\Users\G45\Documents\DUBOSCLARD_LOZANO\BE-AffichageLCD\Core\Src\gpio.c
2026-02-05 11:31:20,849 [INFO] CodeEngine:263 - oldGeneratedFile, C:\Users\G45\Documents\DUBOSCLARD_LOZANO\BE-AffichageLCD\Core\Inc\gpio.h_save
2026-02-05 11:31:21,010 [INFO] CodeEngine:287 - Generated code: C:\Users\G45\Documents\DUBOSCLARD_LOZANO\BE-AffichageLCD\Core\Inc\gpio.h
2026-02-05 11:31:21,400 [INFO] CodeEngine:263 - oldGeneratedFile, C:\Users\G45\Documents\DUBOSCLARD_LOZANO\BE-AffichageLCD\Core\Src\i2c.c_save
2026-02-05 11:31:21,689 [INFO] CodeEngine:287 - Generated code: C:\Users\G45\Documents\DUBOSCLARD_LOZANO\BE-AffichageLCD\Core\Src\i2c.c
2026-02-05 11:31:21,699 [INFO] CodeEngine:263 - oldGeneratedFile, C:\Users\G45\Documents\DUBOSCLARD_LOZANO\BE-AffichageLCD\Core\Inc\i2c.h_save
2026-02-05 11:31:21,833 [INFO] CodeEngine:287 - Generated code: C:\Users\G45\Documents\DUBOSCLARD_LOZANO\BE-AffichageLCD\Core\Inc\i2c.h
2026-02-05 11:31:21,860 [INFO] CodeEngine:263 - oldGeneratedFile, C:\Users\G45\Documents\DUBOSCLARD_LOZANO\BE-AffichageLCD\Core\Src\usart.c_save
2026-02-05 11:31:22,070 [INFO] CodeEngine:287 - Generated code: C:\Users\G45\Documents\DUBOSCLARD_LOZANO\BE-AffichageLCD\Core\Src\usart.c
2026-02-05 11:31:22,078 [INFO] CodeEngine:263 - oldGeneratedFile, C:\Users\G45\Documents\DUBOSCLARD_LOZANO\BE-AffichageLCD\Core\Inc\usart.h_save
2026-02-05 11:31:22,181 [INFO] CodeEngine:287 - Generated code: C:\Users\G45\Documents\DUBOSCLARD_LOZANO\BE-AffichageLCD\Core\Inc\usart.h
2026-02-05 11:31:22,244 [INFO] CodeEngine:263 - oldGeneratedFile, C:\Users\G45\Documents\DUBOSCLARD_LOZANO\BE-AffichageLCD\Core\Src\stm32l4xx_it.c_save
2026-02-05 11:31:22,526 [INFO] CodeEngine:287 - Generated code: C:\Users\G45\Documents\DUBOSCLARD_LOZANO\BE-AffichageLCD\Core\Src\stm32l4xx_it.c
2026-02-05 11:31:22,536 [INFO] CodeEngine:263 - oldGeneratedFile, C:\Users\G45\Documents\DUBOSCLARD_LOZANO\BE-AffichageLCD\Core\Inc\stm32l4xx_it.h_save
2026-02-05 11:31:22,666 [INFO] CodeEngine:287 - Generated code: C:\Users\G45\Documents\DUBOSCLARD_LOZANO\BE-AffichageLCD\Core\Inc\stm32l4xx_it.h
2026-02-05 11:31:22,726 [INFO] CodeEngine:263 - oldGeneratedFile, C:\Users\G45\Documents\DUBOSCLARD_LOZANO\BE-AffichageLCD\Core\Src\stm32l4xx_hal_msp.c_save
2026-02-05 11:31:22,859 [INFO] CodeEngine:287 - Generated code: C:\Users\G45\Documents\DUBOSCLARD_LOZANO\BE-AffichageLCD\Core\Src\stm32l4xx_hal_msp.c
2026-02-05 11:31:22,866 [INFO] CodeEngine:263 - oldGeneratedFile, C:\Users\G45\Documents\DUBOSCLARD_LOZANO\BE-AffichageLCD\MXTmpFiles\system.tmp_save
2026-02-05 11:31:22,943 [INFO] CodeEngine:287 - Generated code: C:\Users\G45\Documents\DUBOSCLARD_LOZANO\BE-AffichageLCD\MXTmpFiles\system.tmp
2026-02-05 11:31:22,993 [INFO] CodeEngine:319 - oldGeneratedFile, C:\Users\G45\Documents\DUBOSCLARD_LOZANO\BE-AffichageLCD\Core\Inc\stm32l4xx_hal_conf.h_save
2026-02-05 11:31:23,160 [INFO] CodeEngine:343 - Generated code: C:\Users\G45\Documents\DUBOSCLARD_LOZANO\BE-AffichageLCD\Core\Inc\stm32l4xx_hal_conf.h
2026-02-05 11:31:23,251 [INFO] CodeEngine:263 - oldGeneratedFile, C:\Users\G45\Documents\DUBOSCLARD_LOZANO\BE-AffichageLCD\Core\Inc\main.h_save
2026-02-05 11:31:23,425 [INFO] CodeEngine:287 - Generated code: C:\Users\G45\Documents\DUBOSCLARD_LOZANO\BE-AffichageLCD\Core\Inc\main.h
2026-02-05 11:31:23,469 [INFO] CodeEngine:263 - oldGeneratedFile, C:\Users\G45\Documents\DUBOSCLARD_LOZANO\BE-AffichageLCD\Core\Src\main.c_save
2026-02-05 11:31:23,596 [INFO] CodeEngine:287 - Generated code: C:\Users\G45\Documents\DUBOSCLARD_LOZANO\BE-AffichageLCD\Core\Src\main.c
2026-02-05 11:31:24,230 [INFO] ProjectBuilder:3324 - Time for Copy HAL[1] : 327mS.
2026-02-05 11:31:24,244 [INFO] ProjectBuilder:4912 - Project Generator version: 4.6.0-B36
2026-02-05 11:31:24,452 [INFO] ConfigFileManager:1590 - The Die is : DIE415
2026-02-05 11:31:26,657 [INFO] ProjectBuilder:5191 - Time for Generating toolchain IDE Files: 2413mS.
2026-02-05 11:31:26,664 [INFO] ProjectBuilder:3181 - Time for Copy CMSIS : 1mS.
2026-02-05 11:31:26,667 [INFO] ProjectBuilder:3181 - Time for Copy CMSIS : 1mS.
